# Written by surface_nvp_param
mtllib Balls.mtl
v -2.4494900703430176 -2.9999999584376513 0.55051021575533099
v -3 -2.9999999042724319 1.2679502844771022
v -3.3460700511932373 -2.9999998411954469 2.1034302592238063
v -3.4640998840332031 -2.9999997735062962 3.0000002264937038
v -3.3460700511932373 -2.9999997058171455 3.8965701937636013
v -3 -2.9999996427401605 4.7320501685103054
v -2.4494900703430176 -2.9999995885749366 5.4494902968367214
v -1.7320499420166016 -2.9999995470125924 6.0000002264937038
v -0.89657497406005859 -2.9999995208850478 6.346070039268362
v 0 -2.9999995119740253 6.4641001105269069
v 0.89657497406005859 -2.9999995208850478 6.346070039268362
v 1.7320499420166016 -2.9999995470125924 6.0000002264937038
v 2.4494900703430176 -2.9999995885749366 5.4494902968367214
v 3 -2.9999996427401605 4.7320501685103054
v 3.3460700511932373 -2.9999997058171455 3.8965701937636013
v 3.4640998840332031 -2.9999997735062962 3.0000002264937038
v 3.3460700511932373 -2.9999998411954469 2.1034302592238063
v 3 -2.9999999042724319 1.2679502844771022
v 2.4494900703430176 -2.9999999584376513 0.55051021575533099
v -1.7320499420166016 -3 2.264937037921306e-07
v 1.7320499420166016 -3 2.264937037921306e-07
v -2.180340051651001 -2.9318499369721587 0.25881923518251815
v -2.5980799198150635 -2.7320499042676509 0.50000020626403674
v -2.9567999839782715 -2.4142100277153689 0.70710718977130382
v -3.2320499420166016 -1.9999999346169322 0.86602512200410331
v -3.4050800800323486 -1.5176399216958918 0.96592610611382124
v -3.4640998840332031 -0.99999992450209874 1.0000000754979013
v -3.4050800800323486 -0.482361929208938 0.96592602795250559
v -3.2320499420166016 6.5383067753380857e-08 0.86602497100830078
v -2.9567999839782715 0.41421403858979167 0.70710697623122298
v -2.5980799198150635 0.73205105264915815 0.49999994473168474
v -2.180340051651001 0.93185200261066592 0.2588189434811306
v -1.7320499420166016 1 -7.5497901264043533e-08
v -1.2837599515914917 0.93185196353008115 -0.25881908418686866
v -0.86602497100830078 0.73205097715125689 -0.50000005526831526
v -0.50730597972869873 0.41421393181960164 -0.70710703877579606
v -0.23205099999904633 -6.5383067753380857e-08 -0.86602497100830078
v -0.059018000960350037 -0.48236207505970824 -0.96592595511786794
v 0 -1.0000000754979013 -0.99999992450209874
v 2.180340051651001 -2.9318499369721587 0.25881923518251815
v 2.5980799198150635 -2.7320499042676509 0.50000020626403674
v 2.9567999839782715 -2.4142100277153689 0.70710718977130382
v 3.2320499420166016 -1.9999999346169322 0.86602512200410331
v 3.4050800800323486 -1.5176399216958918 0.96592610611382124
v 3.4640998840332031 -0.99999992450209874 1.0000000754979013
v 3.4050800800323486 -0.482361929208938 0.96592602795250559
v 3.2320499420166016 6.5383067753380857e-08 0.86602497100830078
v 2.9567999839782715 0.41421403858979167 0.70710697623122298
v 2.5980799198150635 0.73205105264915815 0.49999994473168474
v 2.180340051651001 0.93185200261066592 0.2588189434811306
v 1.7320499420166016 1 -7.5497901264043533e-08
v 1.2837599515914917 0.93185196353008115 -0.25881908418686866
v 0.86602497100830078 0.73205097715125689 -0.50000005526831526
v 0.50730597972869873 0.41421393181960164 -0.70710703877579606
v 0.23205099999904633 -6.5383067753380857e-08 -0.86602497100830078
v 0.059018000960350037 -0.48236207505970824 -0.96592595511786794
v 0 3.0000002264937038 2.9999997735062962
v -3.8636999130249023 -2.0352797627488499 3.0000001536593675
v -4 -0.99999977350629621 3.0000000754979013
v -3.8636999130249023 0.03527622595034785 2.9999999973367362
v -3.4640998840332031 1.0000002264937038 2.9999999245020987
v -2.8284299373626709 1.8284302830656642 2.999999861957368
v -2 2.4641001105269069 2.9999998139656303
v -1.0352799892425537 2.8637001395186061 2.9999997837966665
v -3.3460700511932373 -2.0352799085994673 1.0681501971469165
v -3.7320499420166016 -2.0352798382467512 2.0000001536593675
v -3.8636999130249023 -0.99999985166776262 1.9647200862553476
v -3.7320499420166016 0.035276150452446586 1.9999999973367362
v -3.3460700511932373 1.0000001588045528 2.1034299572322013
v -2.7320499420166016 1.82843022779743 2.2679499199407664
v -1.9318499565124512 2.4641000714461647 2.4823597001350639
v -1 2.8637001192889393 2.7320497258132681
v -0.89657497406005859 2.8637001004378639 2.4823596699661001
v -1.7320499420166016 2.4641000350290057 1.9999998139656303
v -2.4494900703430176 1.8284301762957802 1.5857899000661939
v -3 1.0000000957275683 1.2679499824854972
v -3.3460700511932373 0.035276080099730579 1.068150040824285
v -3.7320499420166016 -2.0352796872509487 4.0000001536593679
v -3.8636999130249023 -0.99999969534481181 4.0352803031590341
v -3.7320499420166016 0.035276301448249114 3.9999999973367362
v -3.3460700511932373 1.0000002941828547 3.8965698917719962
v -2.7320499420166016 1.8284303383338985 3.7320498039739696
v -1.9318499565124512 2.4641001496076491 3.5176399277961967
v -1 2.863700159748273 3.267949841780065
v -3.3460700511932373 -2.0352796168982326 4.9318501101718191
v -3.4640998840332031 -0.99999962251049368 5.0000000754979013
v -3.3460700511932373 0.035276371800965121 4.9318499538491869
v -3 1.0000003572598393 4.7320498665187003
v -2.4494900703430176 1.8284303898355394 4.4142097046392532
v -1.7320499420166016 2.4641001860248082 3.9999998139656303
v -0.89657497406005859 2.8637001785993483 3.5176398976272329
v -2.7320499420166016 -2.035279556484813 5.7320500956759695
v -2.8284299373626709 -0.99999955996575407 5.8284302512791513
v -2.7320499420166016 0.035276432214384625 5.7320499393533373
v -2.4494900703430176 1.0000004114250634 5.4494899948451163
v -2 1.8284304340614668 4.9999998619573685
v -1.4142099618911743 2.4641002172967821 4.4142096566475146
v -0.73205101490020752 2.8637001947868406 3.7320497258132681
v -1.9318499565124512 -2.0352795101276016 6.3460699664340261
v -2 -0.99999951197402515 6.4640999595311044
v -1.9318499565124512 0.035276478571596201 6.3460698101113939
v -1.7320499420166016 1.0000004529874076 5.9999999245020987
v -1.4142099618911743 1.8284304679970238 5.449489932300386
v -1 2.4641002412930426 4.7320497559822314
v -0.51763802766799927 2.8637002072077569 3.896569751066564
v -1 -2.0352794809869117 6.7320500956759695
v -1.0352799892425537 -0.99999948180506171 6.8636999885228036
v -1 0.035276507712285889 6.7320499393533373
v -0.89657497406005859 1.0000004791149522 6.3460697372767569
v -0.73205101490020752 1.828430489329701 5.73204980397397
v -0.51763802766799927 2.4641002563775243 4.931849770478081
v -0.26794898509979248 2.8637002150165074 3.9999997837966665
v 0 -2.0352794710476152 6.8637000666842702
v 0 -0.99999947151469115 7.0000000754979013
v 0 0.035276517651582399 6.8636999103616381
v 0 1.0000004880259747 6.4640998085353019
v 0 1.8284304966062064 5.8284300377386185
v 0 2.4641002615227094 4.9999998139656299
v 0 2.8637002176800905 4.0352800114577994
v 1 -2.0352794809869117 6.7320500956759695
v 1.0352799892425537 -0.99999948180506171 6.8636999885228036
v 1 0.035276507712285889 6.7320499393533373
v 0.89657497406005859 1.0000004791149522 6.3460697372767569
v 0.73205101490020752 1.828430489329701 5.73204980397397
v 0.51763802766799927 2.4641002563775243 4.931849770478081
v 0.26794898509979248 2.8637002150165074 3.9999997837966665
v 1.9318499565124512 -2.0352795101276016 6.3460699664340261
v 2 -0.99999951197402515 6.4640999595311044
v 1.9318499565124512 0.035276478571596201 6.3460698101113939
v 1.7320499420166016 1.0000004529874076 5.9999999245020987
v 1.4142099618911743 1.8284304679970238 5.449489932300386
v 1 2.4641002412930426 4.7320497559822314
v 0.51763802766799927 2.8637002072077569 3.896569751066564
v 2.7320499420166016 -2.035279556484813 5.7320500956759695
v 2.8284299373626709 -0.99999955996575407 5.8284302512791513
v 2.7320499420166016 0.035276432214384625 5.7320499393533373
v 2.4494900703430176 1.0000004114250634 5.4494899948451163
v 2 1.8284304340614668 4.9999998619573685
v 1.4142099618911743 2.4641002172967821 4.4142096566475146
v 0.73205101490020752 2.8637001947868406 3.7320497258132681
v 3.3460700511932373 -2.0352796168982326 4.9318501101718191
v 3.4640998840332031 -0.99999962251049368 5.0000000754979013
v 3.3460700511932373 0.035276371800965121 4.9318499538491869
v 3 1.0000003572598393 4.7320498665187003
v 2.4494900703430176 1.8284303898355394 4.4142097046392532
v 1.7320499420166016 2.4641001860248082 3.9999998139656303
v 0.89657497406005859 2.8637001785993483 3.5176398976272329
v 3.7320499420166016 -2.0352796872509487 4.0000001536593679
v 3.8636999130249023 -0.99999969534481181 4.0352803031590341
v 3.7320499420166016 0.035276301448249114 3.9999999973367362
v 3.3460700511932373 1.0000002941828547 3.8965698917719962
v 2.7320499420166016 1.8284303383338985 3.7320498039739696
v 1.9318499565124512 2.4641001496076491 3.5176399277961967
v 1 2.863700159748273 3.267949841780065
v 3.8636999130249023 -2.0352797627488499 3.0000001536593675
v 4 -0.99999977350629621 3.0000000754979013
v 3.8636999130249023 0.03527622595034785 2.9999999973367362
v 3.4640998840332031 1.0000002264937038 2.9999999245020987
v 2.8284299373626709 1.8284302830656642 2.999999861957368
v 2 2.4641001105269069 2.9999998139656303
v 1.0352799892425537 2.8637001395186061 2.9999997837966665
v 3.7320499420166016 -2.0352798382467512 2.0000001536593675
v 3.8636999130249023 -0.99999985166776262 1.9647200862553476
v 3.7320499420166016 0.035276150452446586 1.9999999973367362
v 3.3460700511932373 1.0000001588045528 2.1034299572322013
v 2.7320499420166016 1.82843022779743 2.2679499199407664
v 1.9318499565124512 2.4641000714461647 2.4823597001350639
v 1 2.8637001192889393 2.7320497258132681
v 3.3460700511932373 -2.0352799085994673 1.0681501971469165
v 3.3460700511932373 0.035276080099730579 1.068150040824285
v 3 1.0000000957275683 1.2679499824854972
v 2.4494900703430176 1.8284301762957802 1.5857899000661939
v 1.7320499420166016 2.4641000350290057 1.9999998139656303
v 0.89657497406005859 2.8637001004378639 2.4823596699661001
v 2.4494900703430176 1.0000000415623489 0.55050991376372593
v 2 1.8284301320698617 0.99999986195736812
v 1.4142099618911743 2.4641000037570229 1.585789852074456
v 0.73205101490020752 2.8637000842503717 2.267949841780065
v 1.4142099618911743 1.8284300981343093 0.55050985121899532
v 1 2.4640999797607712 1.2679498719490288
v 0.51763802766799927 2.8637000718294554 2.1034298165267691
v 0.89657497406005859 0.99999997387281769 -0.34606509009865505
v 0.73205101490020752 1.8284300768015465 0.2679488470571606
v 0.51763802766799927 2.4640999646762896 1.0681498574531791
v 0.26794898509979248 2.8637000640207049 1.9999997837966668
v 0 0.035275934248879301 -0.86370301512969461
v 0 0.99999996496127308 -0.46410207549599392
v 0 1.8284300695253617 0.17157286012345241
v 0 2.4640999595311044 0.9999998139656302
v 0 2.8637000613571399 1.9647197945541131
v -0.89657497406005859 0.99999997387281769 -0.34606509009865505
v -0.73205101490020752 1.8284300768015465 0.2679488470571606
v -0.51763802766799927 2.4640999646762896 1.0681498574531791
v -0.26794898509979248 2.8637000640207049 1.9999997837966668
v -1.4142099618911743 1.8284300981343093 0.55050985121899532
v -1 2.4640999797607712 1.2679498719490288
v -0.51763802766799927 2.8637000718294554 2.1034298165267691
v -2.4494900703430176 1.0000000415623489 0.55050991376372593
v -2 1.8284301320698617 0.99999986195736812
v -1.4142099618911743 2.4641000037570229 1.585789852074456
v -0.73205101490020752 2.8637000842503717 2.267949841780065
v 0 -0.48236208277740966 -1.0681500070702301
v 0 -9.5727568285368884e-08 -1.2679500579833984
v 0 0.41421386548087691 -1.5857900693811122
v 0 0.73205086390440499 -2.0000000552683153
v 0 0.93185179565741194 -2.4823599565223025
v 0 0.99999977350629621 -3.0000000754979013
v 0 0.93185171749592755 -3.5176401841834353
v 0 0.73205071290860246 -4.0000000552683153
v 0 0.41421365194111781 -4.4142098739541717
v 0 -3.5725983929889231e-07 -4.7320499420166016
v 0 -0.48236237447864416 -4.9318499200951322
v 0 -1.0000003774895063 -4.9999999245020987
v 0 -1.517640366965598 -4.9318498419338166
v 0 -2.0000003572598395 -4.732049791020799
v 0 -2.4142104143640428 -4.4142096604140901
v 0 -2.7320502440082066 -3.999999793735963
v 0 -2.9318502220868972 -3.5176398924820478
v 0 -3.0000002264937038 -2.9999997735062962
v -0.11803600192070007 -3.0000002941828545 -3.8965697407761937
v -0.46410199999809265 -3.0000003572598395 -4.7320497155228978
v -1.0146100521087646 -3.0000004114250634 -5.4494898438493138
v -1.7320499420166016 -3.0000004529874076 -5.9999997735062962
v -2.5675299167633057 -3.0000004791149522 -6.3460695862809544
v -3.4640998840332031 -3.0000004880259747 -6.4640996575394993
v -4.360680103302002 -3.0000004791149522 -6.3460695862809544
v -5.1961498260498047 -3.0000004529874076 -5.9999997735062962
v -5.9135899543762207 -3.0000004114250634 -5.4494898438493138
v -6.4640998840332031 -3.0000003572598395 -4.7320497155228978
v -6.8101701736450195 -3.0000002941828545 -3.8965697407761937
v -6.9281997680664062 -3.0000002264937038 -2.9999997735062962
v -6.8101701736450195 -3.0000001588045531 -2.1034298062363987
v -6.4640998840332031 -3.0000000957275681 -1.2679498314896946
v -5.9135899543762207 -3.0000000415623487 -0.55050976276792341
v -5.1961498260498047 -3 2.264937037921306e-07
v -4.360680103302002 -2.9999999738728178 0.34606524109445758
v -3.4640998840332031 -2.999999964961273 0.46410222649179644
v -2.5675299167633057 -2.9999999738728178 0.34606524109445758
v -3.4640998840332031 2.9999997735062962 -3.0000002264937038
v -1.5322500467300415 -2.0352804683575059 -6.3460696591152903
v -1.4641000032424927 -1.0000004880259747 -6.4640998085353019
v -1.5322500467300415 0.035275520341691916 -6.3460698154379225
v -1.7320499420166016 0.99999954701259242 -6.0000000754979013
v -2.0498900413513184 1.8284296451468971 -5.4494902083856491
v -2.4640998840332031 2.4640995267733636 -4.7320501280509717
v -2.9464600086212158 2.8636996188420478 -3.8965701834732309
v -0.11803600192070007 -2.0352803615868749 -4.9318498028530833
v -0.73205101490020752 -2.0352804220002945 -5.7320497883572337
v -0.63567399978637695 -1.0000004400342459 -5.8284301002833487
v -0.73205101490020752 0.035275566698903492 -5.7320499446798658
v -1.0146100521087646 0.99999958857493676 -5.4494901458409188
v -1.4641000032424927 1.8284296790824541 -5.0000001380426315
v -2.0498900413513184 2.4640995507696242 -4.4142100287162549
v -2.7320499420166016 2.8636996312629641 -3.732050158219935
v -2.5675299167633057 2.8636996474504564 -3.5176403300338999
v -1.7320499420166016 2.4640995820415981 -4.0000001860343701
v -1.0146100521087646 1.8284297233083815 -4.4142099807245163
v -0.46410199999809265 0.99999964274016073 -4.7320500175145028
v -0.11803600192070007 0.035275627112322995 -4.9318499591757154
v -2.4640998840332031 -2.0352804974981957 -6.7320497883572337
v -2.4288198947906494 -1.0000005181949383 -6.8636998375270011
v -2.4640998840332031 0.035275491201002228 -6.7320499446798658
v -2.5675299167633057 0.99999952088504784 -6.3460698882725595
v -2.7320499420166016 1.8284296238142199 -5.7320500800592331
v -2.9464600086212158 2.464099511688882 -4.9318501425468213
v -3.1961500644683838 2.8636996110332973 -4.0000002162033335
v -3.4640998840332031 -2.0352805074374922 -6.8636997593655344
v -3.4640998840332031 -1.0000005284853088 -6.9999999245020987
v -3.4640998840332031 0.035275481261705717 -6.8636999156881666
v -3.4640998840332031 0.99999951197402515 -6.4640999595311044
v -3.4640998840332031 1.8284296165377145 -5.8284303138238815
v -3.4640998840332031 2.4640995065436968 -5.0000001860343701
v -3.4640998840332031 2.8636996083697142 -4.0352804438644663
v -4.4640998840332031 -2.0352804974981957 -6.7320497883572337
v -4.4993801116943359 -1.0000005181949383 -6.8636998375270011
v -4.4640998840332031 0.035275491201002228 -6.7320499446798658
v -4.360680103302002 0.99999952088504784 -6.3460698882725595
v -4.1961498260498047 1.8284296238142199 -5.7320500800592331
v -3.9817399978637695 2.464099511688882 -4.9318501425468213
v -3.7320499420166016 2.8636996110332973 -4.0000002162033335
v -5.3959498405456543 -2.0352804683575059 -6.3460696591152903
v -5.4640998840332031 -1.0000004880259747 -6.4640998085353019
v -5.3959498405456543 0.035275520341691916 -6.3460698154379225
v -5.1961498260498047 0.99999954701259242 -6.0000000754979013
v -4.8783102035522461 1.8284296451468971 -5.4494902083856491
v -4.4640998840332031 2.4640995267733636 -4.7320501280509717
v -3.9817399978637695 2.8636996188420478 -3.8965701834732309
v -6.1961498260498047 -2.0352804220002945 -5.7320497883572337
v -6.2925300598144531 -1.0000004400342459 -5.8284301002833487
v -6.1961498260498047 0.035275566698903492 -5.7320499446798658
v -5.9135899543762207 0.99999958857493676 -5.4494901458409188
v -5.4640998840332031 1.8284296790824541 -5.0000001380426315
v -4.8783102035522461 2.4640995507696242 -4.4142100287162549
v -4.1961498260498047 2.8636996312629641 -3.732050158219935
v -6.8101701736450195 -2.0352803615868749 -4.9318498028530833
v -6.9281997680664062 -1.0000003774895063 -4.9999999245020987
v -6.8101701736450195 0.035275627112322995 -4.9318499591757154
v -6.4640998840332031 0.99999964274016073 -4.7320500175145028
v -5.9135899543762207 1.8284297233083815 -4.4142099807245163
v -5.1961498260498047 2.4640995820415981 -4.0000001860343701
v -4.360680103302002 2.8636996474504564 -3.5176403300338999
v -7.1961498260498047 -2.0352802912341588 -3.9999998463406325
v -7.3278098106384277 -1.0000003046551882 -4.0352801521632315
v -7.1961498260498047 0.035275697465039002 -4.0000000026632643
v -6.8101701736450195 0.99999970581714537 -3.8965700427677987
v -6.1961498260498047 1.8284297748100224 -3.7320500800592336
v -5.3959498405456543 2.4640996184587571 -3.5176402998649361
v -4.4640998840332031 2.8636996663015317 -3.2679502741867319
v -7.3278098106384277 -2.0352802157362575 -2.9999998463406325
v -7.4640998840332031 -1.0000002264937038 -2.9999999245020987
v -7.3278098106384277 0.035275772962940266 -3.0000000026632638
v -6.9281997680664062 0.99999977350629621 -3.0000000754979013
v -6.2925300598144531 1.8284298300782567 -3.000000138042632
v -5.4640998840332031 2.4640996575394993 -3.0000001860343697
v -4.4993801116943359 2.8636996865311986 -3.0000002162033335
v -7.1961498260498047 -2.0352801402383562 -1.9999998463406323
v -7.3278098106384277 -1.0000001483322374 -1.964719935259545
v -7.1961498260498047 0.03527584846084153 -2.0000000026632638
v -6.8101701736450195 0.99999984119544705 -2.1034301082280038
v -6.1961498260498047 1.8284298853464909 -2.2679501960260304
v -5.3959498405456543 2.4640996966202415 -2.4823600722038033
v -4.4640998840332031 2.8636997067608654 -2.732050158219935
v -6.8101701736450195 -2.0352800698856401 -1.0681498898281812
v -6.9281997680664062 -1.0000000754979013 -0.99999992450209874
v -6.8101701736450195 0.035275918813557537 -1.0681500461508127
v -6.4640998840332031 0.99999990427243168 -1.2679501334812997
v -5.9135899543762207 1.8284299368481407 -1.5857901761514575
v -5.1961498260498047 2.4640997330374006 -2.0000001860343697
v -4.360680103302002 2.8636997256119407 -2.4823601023727671
v -6.1961498260498047 -2.0352800094721397 -0.26794883144042481
v -6.2925300598144531 -1.0000000129534012 -0.17157292266818303
v -6.1961498260498047 0.035275979227058038 -0.26794898776305642
v -5.9135899543762207 0.99999995843765122 -0.55051006475952846
v -5.4640998840332031 1.8284299810740592 -1.0000001380426318
v -4.8783102035522461 2.4640997643093834 -1.5857902241431954
v -4.1961498260498047 2.863699741799433 -2.2679502741867319
v -5.3959498405456543 -2.0352799631153715 0.34606516826012146
v -5.4640998840332031 -0.99999996496127308 0.46410207549599392
v -5.3959498405456543 0.035276025583826365 0.34606501193748984
v -5.1961498260498047 1 -7.5497901264043533e-08
v -4.8783102035522461 1.8284300150096116 -0.55051012730425908
v -4.4640998840332031 2.464099788305635 -1.2679502440177681
v -3.9817399978637695 2.8636997542203493 -2.103430248933436
v -4.4640998840332031 -2.0352799339742385 0.73205116855957519
v -4.4993801116943359 -0.99999993479223526 0.86370308796433193
v -4.4640998840332031 0.035276054724959302 0.73205101223694358
v -4.360680103302002 1.0000000261271822 0.34606493910285252
v -4.1961498260498047 1.8284300363423744 -0.26794912314242436
v -3.9817399978637695 2.4640998033901167 -1.0681502295219185
v -3.7320499420166016 2.8636997620290998 -2.0000002162033335
v -3.4640998840332031 -2.0352799240347887 0.86370316612579834
v -3.4640998840332031 0.035276064664408815 0.86370300980316672
v -3.4640998840332031 1.000000035038727 0.46410192450019139
v -3.4640998840332031 1.8284300436185592 -0.17157313620871617
v -3.4640998840332031 2.4640998085353019 -1.0000001860343697
v -3.4640998840332031 2.8636997646926647 -1.9647202269607795
v -2.5675299167633057 1.0000000261271822 0.34606493910285252
v -2.7320499420166016 1.8284300363423744 -0.26794912314242436
v -2.9464600086212158 2.4640998033901167 -1.0681502295219185
v -3.1961500644683838 2.8636997620290998 -2.0000002162033335
v -2.0498900413513184 1.8284300150096116 -0.55051012730425908
v -2.4640998840332031 2.464099788305635 -1.2679502440177681
v -2.9464600086212158 2.8636997542203493 -2.103430248933436
v -1.0146100521087646 0.99999995843765122 -0.55051006475952846
v -1.4641000032424927 1.8284299810740592 -1.0000001380426318
v -2.0498900413513184 2.4640997643093834 -1.5857902241431954
v -2.7320499420166016 2.863699741799433 -2.2679502741867319
v -0.11803600192070007 0.035275918813557537 -1.0681500461508127
v -0.46410199999809265 0.99999990427243168 -1.2679501334812997
v -1.0146100521087646 1.8284299368481407 -1.5857901761514575
v -1.7320499420166016 2.4640997330374006 -2.0000001860343697
v -2.5675299167633057 2.8636997256119407 -2.4823601023727671
v -0.11803600192070007 0.99999984119544705 -2.1034301082280038
v -0.73205101490020752 1.8284298853464909 -2.2679501960260304
v -1.5322500467300415 2.4640996966202415 -2.4823600722038033
v -2.4640998840332031 2.8636997067608654 -2.732050158219935
v -0.63567399978637695 1.8284298300782567 -3.000000138042632
v -1.4641000032424927 2.4640996575394993 -3.0000001860343697
v -2.4288198947906494 2.8636996865311986 -3.0000002162033335
v -0.11803600192070007 0.99999970581714537 -3.8965700427677987
v -0.73205101490020752 1.8284297748100224 -3.7320500800592336
v -1.5322500467300415 2.4640996184587571 -3.5176402998649361
v -2.4640998840332031 2.8636996663015317 -3.2679502741867319
v 2.5675299167633057 -2.9999999738728178 0.34606524109445758
v 3.4640998840332031 -2.999999964961273 0.46410222649179644
v 4.360680103302002 -2.9999999738728178 0.34606524109445758
v 5.1961498260498047 -3 2.264937037921306e-07
v 5.9135899543762207 -3.0000000415623487 -0.55050976276792341
v 6.4640998840332031 -3.0000000957275681 -1.2679498314896946
v 6.8101701736450195 -3.0000001588045531 -2.1034298062363987
v 6.9281997680664062 -3.0000002264937038 -2.9999997735062962
v 6.8101701736450195 -3.0000002941828545 -3.8965697407761937
v 6.4640998840332031 -3.0000003572598395 -4.7320497155228978
v 5.9135899543762207 -3.0000004114250634 -5.4494898438493138
v 5.1961498260498047 -3.0000004529874076 -5.9999997735062962
v 4.360680103302002 -3.0000004791149522 -6.3460695862809544
v 3.4640998840332031 -3.0000004880259747 -6.4640996575394993
v 2.5675299167633057 -3.0000004791149522 -6.3460695862809544
v 1.7320499420166016 -3.0000004529874076 -5.9999997735062962
v 1.0146100521087646 -3.0000004114250634 -5.4494898438493138
v 0.46410199999809265 -3.0000003572598395 -4.7320497155228978
v 0.11803600192070007 -3.0000002941828545 -3.8965697407761937
v 3.4640998840332031 2.9999997735062962 -3.0000002264937038
v 5.3959498405456543 -2.0352799631153715 0.34606516826012146
v 5.4640998840332031 -0.99999996496127308 0.46410207549599392
v 5.3959498405456543 0.035276025583826365 0.34606501193748984
v 5.1961498260498047 1 -7.5497901264043533e-08
v 4.8783102035522461 1.8284300150096116 -0.55051012730425908
v 4.4640998840332031 2.464099788305635 -1.2679502440177681
v 3.9817399978637695 2.8636997542203493 -2.103430248933436
v 3.4640998840332031 -2.0352799240347887 0.86370316612579834
v 4.4640998840332031 -2.0352799339742385 0.73205116855957519
v 4.4993801116943359 -0.99999993479223526 0.86370308796433193
v 4.4640998840332031 0.035276054724959302 0.73205101223694358
v 4.360680103302002 1.0000000261271822 0.34606493910285252
v 4.1961498260498047 1.8284300363423744 -0.26794912314242436
v 3.9817399978637695 2.4640998033901167 -1.0681502295219185
v 3.7320499420166016 2.8636997620290998 -2.0000002162033335
v 3.4640998840332031 2.8636997646926647 -1.9647202269607795
v 3.4640998840332031 2.4640998085353019 -1.0000001860343697
v 3.4640998840332031 1.8284300436185592 -0.17157313620871617
v 3.4640998840332031 1.000000035038727 0.46410192450019139
v 3.4640998840332031 0.035276064664408815 0.86370300980316672
v 6.1961498260498047 -2.0352800094721397 -0.26794883144042481
v 6.2925300598144531 -1.0000000129534012 -0.17157292266818303
v 6.1961498260498047 0.035275979227058038 -0.26794898776305642
v 5.9135899543762207 0.99999995843765122 -0.55051006475952846
v 5.4640998840332031 1.8284299810740592 -1.0000001380426318
v 4.8783102035522461 2.4640997643093834 -1.5857902241431954
v 4.1961498260498047 2.863699741799433 -2.2679502741867319
v 6.8101701736450195 -2.0352800698856401 -1.0681498898281812
v 6.9281997680664062 -1.0000000754979013 -0.99999992450209874
v 6.8101701736450195 0.035275918813557537 -1.0681500461508127
v 6.4640998840332031 0.99999990427243168 -1.2679501334812997
v 5.9135899543762207 1.8284299368481407 -1.5857901761514575
v 5.1961498260498047 2.4640997330374006 -2.0000001860343697
v 4.360680103302002 2.8636997256119407 -2.4823601023727671
v 7.1961498260498047 -2.0352801402383562 -1.9999998463406323
v 7.3278098106384277 -1.0000001483322374 -1.964719935259545
v 7.1961498260498047 0.03527584846084153 -2.0000000026632638
v 6.8101701736450195 0.99999984119544705 -2.1034301082280038
v 6.1961498260498047 1.8284298853464909 -2.2679501960260304
v 5.3959498405456543 2.4640996966202415 -2.4823600722038033
v 4.4640998840332031 2.8636997067608654 -2.732050158219935
v 7.3278098106384277 -2.0352802157362575 -2.9999998463406325
v 7.4640998840332031 -1.0000002264937038 -2.9999999245020987
v 7.3278098106384277 0.035275772962940266 -3.0000000026632638
v 6.9281997680664062 0.99999977350629621 -3.0000000754979013
v 6.2925300598144531 1.8284298300782567 -3.000000138042632
v 5.4640998840332031 2.4640996575394993 -3.0000001860343697
v 4.4993801116943359 2.8636996865311986 -3.0000002162033335
v 7.1961498260498047 -2.0352802912341588 -3.9999998463406325
v 7.3278098106384277 -1.0000003046551882 -4.0352801521632315
v 7.1961498260498047 0.035275697465039002 -4.0000000026632643
v 6.8101701736450195 0.99999970581714537 -3.8965700427677987
v 6.1961498260498047 1.8284297748100224 -3.7320500800592336
v 5.3959498405456543 2.4640996184587571 -3.5176402998649361
v 4.4640998840332031 2.8636996663015317 -3.2679502741867319
v 6.8101701736450195 -2.0352803615868749 -4.9318498028530833
v 6.9281997680664062 -1.0000003774895063 -4.9999999245020987
v 6.8101701736450195 0.035275627112322995 -4.9318499591757154
v 6.4640998840332031 0.99999964274016073 -4.7320500175145028
v 5.9135899543762207 1.8284297233083815 -4.4142099807245163
v 5.1961498260498047 2.4640995820415981 -4.0000001860343701
v 4.360680103302002 2.8636996474504564 -3.5176403300338999
v 6.1961498260498047 -2.0352804220002945 -5.7320497883572337
v 6.2925300598144531 -1.0000004400342459 -5.8284301002833487
v 6.1961498260498047 0.035275566698903492 -5.7320499446798658
v 5.9135899543762207 0.99999958857493676 -5.4494901458409188
v 5.4640998840332031 1.8284296790824541 -5.0000001380426315
v 4.8783102035522461 2.4640995507696242 -4.4142100287162549
v 4.1961498260498047 2.8636996312629641 -3.732050158219935
v 5.3959498405456543 -2.0352804683575059 -6.3460696591152903
v 5.4640998840332031 -1.0000004880259747 -6.4640998085353019
v 5.3959498405456543 0.035275520341691916 -6.3460698154379225
v 5.1961498260498047 0.99999954701259242 -6.0000000754979013
v 4.8783102035522461 1.8284296451468971 -5.4494902083856491
v 4.4640998840332031 2.4640995267733636 -4.7320501280509717
v 3.9817399978637695 2.8636996188420478 -3.8965701834732309
v 4.4640998840332031 -2.0352804974981957 -6.7320497883572337
v 4.4993801116943359 -1.0000005181949383 -6.8636998375270011
v 4.4640998840332031 0.035275491201002228 -6.7320499446798658
v 4.360680103302002 0.99999952088504784 -6.3460698882725595
v 4.1961498260498047 1.8284296238142199 -5.7320500800592331
v 3.9817399978637695 2.464099511688882 -4.9318501425468213
v 3.7320499420166016 2.8636996110332973 -4.0000002162033335
v 3.4640998840332031 -2.0352805074374922 -6.8636997593655344
v 3.4640998840332031 -1.0000005284853088 -6.9999999245020987
v 3.4640998840332031 0.035275481261705717 -6.8636999156881666
v 3.4640998840332031 0.99999951197402515 -6.4640999595311044
v 3.4640998840332031 1.8284296165377145 -5.8284303138238815
v 3.4640998840332031 2.4640995065436968 -5.0000001860343701
v 3.4640998840332031 2.8636996083697142 -4.0352804438644663
v 2.4640998840332031 -2.0352804974981957 -6.7320497883572337
v 2.4288198947906494 -1.0000005181949383 -6.8636998375270011
v 2.4640998840332031 0.035275491201002228 -6.7320499446798658
v 2.5675299167633057 0.99999952088504784 -6.3460698882725595
v 2.7320499420166016 1.8284296238142199 -5.7320500800592331
v 2.9464600086212158 2.464099511688882 -4.9318501425468213
v 3.1961500644683838 2.8636996110332973 -4.0000002162033335
v 1.5322500467300415 -2.0352804683575059 -6.3460696591152903
v 1.4641000032424927 -1.0000004880259747 -6.4640998085353019
v 1.5322500467300415 0.035275520341691916 -6.3460698154379225
v 1.7320499420166016 0.99999954701259242 -6.0000000754979013
v 2.0498900413513184 1.8284296451468971 -5.4494902083856491
v 2.4640998840332031 2.4640995267733636 -4.7320501280509717
v 2.9464600086212158 2.8636996188420478 -3.8965701834732309
v 0.73205101490020752 -2.0352804220002945 -5.7320497883572337
v 0.63567399978637695 -1.0000004400342459 -5.8284301002833487
v 0.73205101490020752 0.035275566698903492 -5.7320499446798658
v 1.0146100521087646 0.99999958857493676 -5.4494901458409188
v 1.4641000032424927 1.8284296790824541 -5.0000001380426315
v 2.0498900413513184 2.4640995507696242 -4.4142100287162549
v 2.7320499420166016 2.8636996312629641 -3.732050158219935
v 0.11803600192070007 -2.0352803615868749 -4.9318498028530833
v 0.11803600192070007 0.035275627112322995 -4.9318499591757154
v 0.46410199999809265 0.99999964274016073 -4.7320500175145028
v 1.0146100521087646 1.8284297233083815 -4.4142099807245163
v 1.7320499420166016 2.4640995820415981 -4.0000001860343701
v 2.5675299167633057 2.8636996474504564 -3.5176403300338999
v 0.11803600192070007 0.99999970581714537 -3.8965700427677987
v 0.73205101490020752 1.8284297748100224 -3.7320500800592336
v 1.5322500467300415 2.4640996184587571 -3.5176402998649361
v 2.4640998840332031 2.8636996663015317 -3.2679502741867319
v 0.63567399978637695 1.8284298300782567 -3.000000138042632
v 1.4641000032424927 2.4640996575394993 -3.0000001860343697
v 2.4288198947906494 2.8636996865311986 -3.0000002162033335
v 0.11803600192070007 0.99999984119544705 -2.1034301082280038
v 0.73205101490020752 1.8284298853464909 -2.2679501960260304
v 1.5322500467300415 2.4640996966202415 -2.4823600722038033
v 2.4640998840332031 2.8636997067608654 -2.732050158219935
v 0.11803600192070007 0.035275918813557537 -1.0681500461508127
v 0.46410199999809265 0.99999990427243168 -1.2679501334812997
v 1.0146100521087646 1.8284299368481407 -1.5857901761514575
v 1.7320499420166016 2.4640997330374006 -2.0000001860343697
v 2.5675299167633057 2.8636997256119407 -2.4823601023727671
v 1.0146100521087646 0.99999995843765122 -0.55051006475952846
v 1.4641000032424927 1.8284299810740592 -1.0000001380426318
v 2.0498900413513184 2.4640997643093834 -1.5857902241431954
v 2.7320499420166016 2.863699741799433 -2.2679502741867319
v 2.0498900413513184 1.8284300150096116 -0.55051012730425908
v 2.4640998840332031 2.464099788305635 -1.2679502440177681
v 2.9464600086212158 2.8636997542203493 -2.103430248933436
v 2.5675299167633057 1.0000000261271822 0.34606493910285252
v 2.7320499420166016 1.8284300363423744 -0.26794912314242436
v 2.9464600086212158 2.4640998033901167 -1.0681502295219185
v 3.1961500644683838 2.8636997620290998 -2.0000002162033335
vt 10.26564884185791 -0.9834061861038208
vt 9.9343080520629883 -0.36136138439178467
vt 9.879755973815918 0.61345791816711426
vt 10.120529174804688 1.769871711730957
vt 10.129456520080566 2.9638285636901855
vt 10.068262100219727 4.5710458755493164
vt 9.7353487014770508 5.982184886932373
vt 9.0380239486694336 7.2720508575439453
vt 8.085627555847168 8.4518537521362305
vt 6.9823770523071289 9.5529451370239258
vt 5.5868949890136719 10.343012809753418
vt 4.0361742973327637 10.820391654968262
vt 2.4934947490692139 10.971034049987793
vt 1.0595332384109497 10.966358184814453
vt -0.33694925904273987 10.51453685760498
vt -1.5026578903198242 10.004406929016113
vt -2.4460430145263672 9.5733928680419922
vt -3.3295609951019287 9.2251777648925781
vt -4.0182833671569824 9.4750270843505859
vt 10.731976509094238 -1.2820013761520386
vt -4.357879638671875 10.148938179016113
vt 10.46134090423584 -1.2400293350219727
vt 10.06301212310791 -1.1814315319061279
vt 9.425084114074707 -1.1181765794754028
vt 8.8174600601196289 -1.0777750015258789
vt 8.2788753509521484 -1.0198540687561035
vt 7.5829071998596191 -0.85365873575210571
vt 6.7034134864807129 -0.7260211706161499
vt 5.9967594146728516 -0.65787822008132935
vt 5.2769417762756348 -0.5844377875328064
vt 4.2146368026733398 -0.47867631912231445
vt 3.4258344173431396 -0.40217834711074829
vt 2.5322964191436768 -0.31461519002914429
vt 1.7357573509216309 -0.21333611011505127
vt 1.2482641935348511 -0.13764071464538574
vt 0.66518521308898926 -0.077953040599822998
vt 0.30987855792045593 -0.066547125577926636
vt 0.1473652571439743 -0.069895386695861816
vt -0.026712959632277489 -0.072631627321243286
vt -4.2583093643188477 9.7325935363769531
vt -4.1118755340576172 9.1765680313110352
vt -3.8261137008666992 8.638239860534668
vt -3.4684150218963623 7.9510612487792969
vt -3.2981491088867188 7.5990724563598633
vt -3.0487580299377441 6.9646182060241699
vt -2.8301584720611572 6.1968564987182617
vt -2.601391077041626 5.4789671897888184
vt -2.2147514820098877 4.7436022758483887
vt -1.6869903802871704 3.7502999305725098
vt -1.3542449474334717 2.9567117691040039
vt -0.99556481838226318 2.1235294342041016
vt -0.80371922254562378 1.5752468109130859
vt -0.6716153621673584 1.0439109802246094
vt -0.38554513454437256 0.46148693561553955
vt -0.18814310431480408 0.17814159393310547
vt -0.1143999770283699 0.065892159938812256
vt 2.6678466796875 3.4808940887451172
vt 9.06011962890625 1.6886909008026123
vt 8.0355491638183594 1.5112571716308594
vt 7.0260748863220215 1.638521671295166
vt 5.972498893737793 1.7691569328308105
vt 5.0534796714782715 2.125807523727417
vt 4.3029732704162598 2.4618182182312012
vt 3.6138322353363037 2.9440193176269531
vt 8.6562023162841797 -0.78073287010192871
vt 8.9282140731811523 0.50338602066040039
vt 7.7975320816040039 0.46869361400604248
vt 6.7493829727172852 0.53208231925964355
vt 5.4889678955078125 0.93494212627410889
vt 4.5048689842224121 1.8114848136901855
vt 3.7517738342285156 2.4364397525787354
vt 3.2151312828063965 2.8856737613677979
vt 3.1254754066467285 2.5926566123962402
vt 3.5704421997070312 1.9520518779754639
vt 4.3089113235473633 1.0663580894470215
vt 4.8687057495117188 0.0387839674949646
vt 6.1469612121582031 -0.39689809083938599
vt 9.1156072616577148 2.8924269676208496
vt 8.1336908340454102 2.8033490180969238
vt 7.0730667114257812 2.7012162208557129
vt 6.1724100112915039 2.7125539779663086
vt 5.2637758255004883 2.8080503940582275
vt 4.3191266059875488 2.9992704391479492
vt 3.4974184036254883 3.2834322452545166
vt 9.0582513809204102 4.2374906539916992
vt 8.1291427612304688 3.9815187454223633
vt 7.0921468734741211 3.7624893188476562
vt 6.2063841819763184 3.602074146270752
vt 5.3747749328613281 3.4351847171783447
vt 4.4706130027770996 3.533318042755127
vt 3.6710774898529053 3.4429523944854736
vt 8.7636432647705078 5.6516304016113281
vt 7.8707141876220703 5.2311615943908691
vt 7.1615352630615234 4.6861019134521484
vt 6.2854447364807129 4.4933762550354004
vt 5.2516665458679199 4.0816755294799805
vt 4.3693013191223145 4.0459370613098145
vt 3.6887781620025635 3.7542080879211426
vt 8.1644077301025391 6.7027864456176758
vt 7.3679862022399902 6.1840128898620605
vt 6.5058302879333496 5.5414977073669434
vt 5.657597541809082 4.9805431365966797
vt 4.7526493072509766 4.7833809852600098
vt 3.8753845691680908 4.2426877021789551
vt 3.3728454113006592 3.9087252616882324
vt 7.3378043174743652 7.9008636474609375
vt 6.6679825782775879 7.24261474609375
vt 5.9766030311584473 6.4673395156860352
vt 5.4011592864990234 5.7117352485656738
vt 4.6868557929992676 5.6098499298095703
vt 3.9351775646209717 4.9137396812438965
vt 3.3636281490325928 4.2077603340148926
vt 6.3806371688842773 8.8923883438110352
vt 5.7458968162536621 8.0852251052856445
vt 5.3304257392883301 7.2910284996032715
vt 4.7794942855834961 6.5618777275085449
vt 4.1572785377502441 5.9643259048461914
vt 3.5841300487518311 5.3482503890991211
vt 3.2096173763275146 4.6062240600585938
vt 4.9998369216918945 9.3352994918823242
vt 4.6702256202697754 8.5504817962646484
vt 4.3846950531005859 7.6298313140869141
vt 3.9014246463775635 7.0288114547729492
vt 3.5200071334838867 6.1843595504760742
vt 3.1128909587860107 5.3267827033996582
vt 2.8880918025970459 4.6071157455444336
vt 3.9056425094604492 9.8936872482299805
vt 3.6095602512359619 9.0791177749633789
vt 3.389458179473877 8.0893564224243164
vt 3.2193126678466797 7.0690035820007324
vt 2.9185791015625 6.2621679306030273
vt 2.6855859756469727 5.2954373359680176
vt 2.6662447452545166 4.4628763198852539
vt 2.3732445240020752 10.011008262634277
vt 2.4608585834503174 8.9543218612670898
vt 2.281825065612793 8.0906600952148438
vt 2.5663745403289795 7.2779431343078613
vt 2.3451151847839355 6.2988591194152832
vt 2.1607675552368164 5.5107440948486328
vt 2.3857977390289307 4.6812543869018555
vt 1.1331775188446045 9.9025259017944336
vt 1.1960605382919312 8.9177732467651367
vt 1.4795781373977661 8.041752815246582
vt 1.4923787117004395 7.0743370056152344
vt 1.5593869686126709 6.2437272071838379
vt 1.8286565542221069 5.3259611129760742
vt 2.1799843311309814 4.5445494651794434
vt -0.063767783343791962 9.5516490936279297
vt 0.11878929287195206 8.5856990814208984
vt 0.57509928941726685 7.7104463577270508
vt 0.56731283664703369 6.6743197441101074
vt 1.1567651033401489 5.8786206245422363
vt 1.4473483562469482 4.9979214668273926
vt 2.0885088443756104 4.3620843887329102
vt -1.11692214012146 9.0576705932617188
vt -0.90350890159606934 8.0473423004150391
vt -0.45674848556518555 7.2501468658447266
vt -0.14736294746398926 6.1236391067504883
vt 0.55596518516540527 5.582949161529541
vt 0.80794507265090942 4.849888801574707
vt 1.6262481212615967 4.3908400535583496
vt -2.2206242084503174 8.494471549987793
vt -1.9270846843719482 7.4914932250976562
vt -1.4623810052871704 6.5313544273376465
vt -0.87542814016342163 5.7662339210510254
vt -0.16780629754066467 4.9861373901367188
vt 0.74300926923751831 4.3806328773498535
vt 1.6017717123031616 4.0167670249938965
vt -3.2368450164794922 8.1855707168579102
vt -2.2954318523406982 5.6676931381225586
vt -1.4235570430755615 4.6113390922546387
vt -0.14263886213302612 4.282261848449707
vt 0.85963106155395508 3.8357105255126953
vt 1.7400460243225098 3.7499852180480957
vt -1.2821482419967651 3.4104187488555908
vt -0.33097538352012634 3.7121133804321289
vt 0.65420818328857422 3.4213292598724365
vt 1.5104730129241943 3.4746212959289551
vt -0.11930064111948013 2.8178951740264893
vt 0.88550335168838501 2.9373147487640381
vt 1.7071355581283569 3.2236006259918213
vt -0.59134119749069214 1.5982675552368164
vt 0.22242571413516998 2.1466803550720215
vt 1.2232366800308228 2.5677640438079834
vt 1.9389811754226685 3.0376219749450684
vt 0.16823975741863251 0.20270133018493652
vt 0.58764749765396118 0.81951296329498291
vt 1.06919264793396 1.4139473438262939
vt 1.4847571849822998 1.9320456981658936
vt 1.9609140157699585 2.6453380584716797
vt 1.5631513595581055 0.32656949758529663
vt 1.8713375329971313 0.84267282485961914
vt 2.0780205726623535 1.7474544048309326
vt 2.36305832862854 2.4734611511230469
vt 2.5375237464904785 0.7782217264175415
vt 2.5921998023986816 1.6718947887420654
vt 2.5432085990905762 2.4828522205352783
vt 3.7105567455291748 -0.20438748598098755
vt 3.2837817668914795 0.5655205249786377
vt 3.1699652671813965 1.4560985565185547
vt 2.7857439517974854 2.2962441444396973
vt -0.1002093032002449 -0.21977496147155762
vt -0.15329927206039429 -0.35607677698135376
vt -0.29339352250099182 -0.70287895202636719
vt -0.76577377319335938 -1.1912089586257935
vt -1.0470969676971436 -1.5270853042602539
vt -1.7077066898345947 -2.2588701248168945
vt -2.1627500057220459 -3.0753200054168701
vt -2.6131062507629395 -3.6850423812866211
vt -3.278714656829834 -4.4305210113525391
vt -3.6122937202453613 -5.0617756843566895
vt -3.8766746520996094 -5.4017291069030762
vt -4.438875675201416 -5.980562686920166
vt -4.8313369750976562 -6.6665706634521484
vt -5.0844969749450684 -7.0283288955688477
vt -5.4762444496154785 -7.6252951622009277
vt -5.8287835121154785 -8.2976675033569336
vt -5.9986891746520996 -8.5828771591186523
vt -6.1166563034057617 -8.7757654190063477
vt -5.7457680702209473 -8.5362339019775391
vt -5.1603469848632812 -8.3185234069824219
vt -4.4674210548400879 -8.7108869552612305
vt -3.7114086151123047 -9.593785285949707
vt -2.5961828231811523 -10.323959350585938
vt -1.2764465808868408 -10.91295337677002
vt 0.20730693638324738 -11.399007797241211
vt 1.8363797664642334 -11.48651123046875
vt 3.1937098503112793 -11.25881290435791
vt 4.6517014503479004 -10.804378509521484
vt 5.9610309600830078 -10.08512020111084
vt 7.0994582176208496 -9.0761928558349609
vt 8.2277069091796875 -7.7716245651245117
vt 8.8817548751831055 -6.3971209526062012
vt 9.0978841781616211 -5.0612211227416992
vt 9.2043781280517578 -3.8178670406341553
vt 9.3825492858886719 -2.7774014472961426
vt 9.6123008728027344 -1.9532843828201294
vt 10.273018836975098 -1.3844363689422607
vt 1.6832823753356934 -4.1130027770996094
vt -3.0573010444641113 -8.5688610076904297
vt -2.5706498622894287 -7.7726621627807617
vt -2.0272858142852783 -6.8191676139831543
vt -1.4693230390548706 -6.1092839241027832
vt -0.80727839469909668 -5.4740405082702637
vt -0.0056852828711271286 -4.9728245735168457
vt 0.81219333410263062 -4.5862817764282227
vt -4.7673006057739258 -7.1095719337463379
vt -3.88155198097229 -7.9024829864501953
vt -3.5250582695007324 -6.8885998725891113
vt -2.8046324253082275 -6.1332387924194336
vt -1.9849839210510254 -5.2573404312133789
vt -0.94626414775848389 -4.8728322982788086
vt 0.085625447332859039 -4.4795856475830078
vt 1.0040229558944702 -4.238823413848877
vt 0.87926757335662842 -4.0492258071899414
vt -0.021169761195778847 -4.0364599227905273
vt -1.1579705476760864 -4.178013801574707
vt -2.2413632869720459 -4.1947202682495117
vt -3.2239387035369873 -5.3209986686706543
vt -2.1203117370605469 -9.3624477386474609
vt -1.6372231245040894 -8.5457191467285156
vt -1.1980698108673096 -7.6821236610412598
vt -0.84767282009124756 -6.7976889610290527
vt -0.21177759766578674 -6.0962052345275879
vt 0.29338690638542175 -5.3098654747009277
vt 1.0432419776916504 -4.7981243133544922
vt -1.0230722427368164 -9.9387531280517578
vt -0.63009512424468994 -8.9895877838134766
vt -0.26642772555351257 -8.1714420318603516
vt -0.17715638875961304 -7.2751975059509277
vt 0.23220156133174896 -6.5059161186218262
vt 0.65290570259094238 -5.5814852714538574
vt 1.2373745441436768 -4.9492940902709961
vt 0.25144213438034058 -10.381669998168945
vt 0.40415275096893311 -9.4939451217651367
vt 0.55966371297836304 -8.5466604232788086
vt 0.67934727668762207 -7.5396728515625
vt 0.84739565849304199 -6.6756372451782227
vt 1.0649764537811279 -5.7074360847473145
vt 1.4362133741378784 -5.0558409690856934
vt 1.6327568292617798 -10.498154640197754
vt 1.617577075958252 -9.5355329513549805
vt 1.5656548738479614 -8.6274385452270508
vt 1.5124598741531372 -7.6742768287658691
vt 1.5060746669769287 -6.7444067001342773
vt 1.447526216506958 -5.8367776870727539
vt 1.6582415103912354 -5.1224708557128906
vt 2.9456033706665039 -10.330615043640137
vt 2.7485716342926025 -9.3809099197387695
vt 2.5345735549926758 -8.5039577484130859
vt 2.3262233734130859 -7.6029834747314453
vt 2.0868649482727051 -6.8620920181274414
vt 1.9815744161605835 -5.993584156036377
vt 1.8940708637237549 -5.0952005386352539
vt 4.2690186500549316 -9.869725227355957
vt 3.8618848323822021 -9.0283527374267578
vt 3.4682462215423584 -8.2111196517944336
vt 3.1076896190643311 -7.3296689987182617
vt 2.7045924663543701 -6.5594954490661621
vt 2.4575386047363281 -5.6861367225646973
vt 2.1067969799041748 -4.9807300567626953
vt 5.453819751739502 -9.225255012512207
vt 4.9080033302307129 -8.4658298492431641
vt 4.3479890823364258 -7.7194280624389648
vt 3.8184370994567871 -6.933967113494873
vt 3.3086996078491211 -6.2407894134521484
vt 2.8395869731903076 -5.395240306854248
vt 2.2917299270629883 -4.8373980522155762
vt 6.5816473960876465 -8.3271217346191406
vt 5.7672848701477051 -7.6845722198486328
vt 5.1235699653625488 -6.9988150596618652
vt 4.4799680709838867 -6.3596773147583008
vt 3.7819116115570068 -5.8352651596069336
vt 3.1371803283691406 -5.0606837272644043
vt 2.4525258541107178 -4.666466236114502
vt 7.3658900260925293 -7.2131319046020508
vt 6.4935994148254395 -6.7208771705627441
vt 5.7206945419311523 -6.1023135185241699
vt 4.961604118347168 -5.6437273025512695
vt 4.1478004455566406 -5.3238554000854492
vt 3.3569040298461914 -4.6945838928222656
vt 2.5800762176513672 -4.4697980880737305
vt 7.8644757270812988 -6.0865340232849121
vt 6.9916672706604004 -5.6496286392211914
vt 6.0907707214355469 -5.1615257263183594
vt 5.1755595207214355 -4.8824095726013184
vt 4.3334956169128418 -4.7095427513122559
vt 3.5688610076904297 -4.2902183532714844
vt 2.6324226856231689 -4.2441415786743164
vt 8.1276111602783203 -4.8789658546447754
vt 7.3310995101928711 -4.4916543960571289
vt 6.3597216606140137 -4.2121672630310059
vt 5.4348087310791016 -3.9598076343536377
vt 4.5541706085205078 -3.9218254089355469
vt 3.5896039009094238 -3.8447492122650146
vt 2.5773272514343262 -4.0117511749267578
vt 8.2141389846801758 -3.5594782829284668
vt 7.1628241539001465 -3.3552908897399902
vt 6.2898721694946289 -3.1259067058563232
vt 5.3041458129882812 -3.077207088470459
vt 4.3389725685119629 -3.1061453819274902
vt 3.2989020347595215 -3.5835058689117432
vt 2.5048377513885498 -3.7736306190490723
vt 8.4568500518798828 -2.3951780796051025
vt 7.4371790885925293 -2.1154384613037109
vt 6.3018646240234375 -1.8508061170578003
vt 5.1045956611633301 -2.281834602355957
vt 4.2798118591308594 -2.3732132911682129
vt 3.3460671901702881 -3.1478936672210693
vt 2.425609827041626 -3.5029969215393066
vt 8.6492681503295898 -1.3701450824737549
vt 6.0721964836120605 -0.85353827476501465
vt 4.7630505561828613 -1.3594299554824829
vt 3.7932021617889404 -1.8793987035751343
vt 3.1411187648773193 -2.8569355010986328
vt 2.3076260089874268 -3.3004074096679688
vt 3.7446944713592529 -0.81406891345977783
vt 3.0167655944824219 -1.4345104694366455
vt 2.7897047996520996 -2.5941770076751709
vt 2.1161625385284424 -3.1739399433135986
vt 2.2918894290924072 -1.2500166893005371
vt 2.1116580963134766 -2.2942862510681152
vt 1.8120118379592896 -3.1209254264831543
vt 1.5570157766342163 -0.43346664309501648
vt 1.6424769163131714 -1.2724449634552002
vt 1.4788825511932373 -2.4176919460296631
vt 1.5291911363601685 -3.1623399257659912
vt 0.15394671261310577 -0.37527203559875488
vt 0.45710074901580811 -0.90448755025863647
vt 0.80810564756393433 -1.8895212411880493
vt 1.1038299798965454 -2.6254127025604248
vt 1.2724841833114624 -3.1983072757720947
vt -0.75536316633224487 -1.6185508966445923
vt -0.26209262013435364 -2.0973334312438965
vt 0.3929726779460907 -2.6747486591339111
vt 0.95267051458358765 -3.2722082138061523
vt -0.74960172176361084 -2.6228160858154297
vt -0.095340728759765625 -3.0052435398101807
vt 0.72602027654647827 -3.4836270809173584
vt -2.0654411315917969 -3.4224882125854492
vt -1.0589464902877808 -3.3911492824554443
vt -0.23867200314998627 -3.66098952293396
vt 0.77469390630722046 -3.7493197917938232
vt -4.3533344268798828 9.3746967315673828
vt -4.6428446769714355 8.6009941101074219
vt -5.3905587196350098 8.232940673828125
vt -6.5356540679931641 7.8662395477294922
vt -7.7240867614746094 7.3434329032897949
vt -8.8190193176269531 6.437100887298584
vt -9.8769474029541016 5.6115779876708984
vt -10.874197006225586 4.1509308815002441
vt -11.435681343078613 3.2264316082000732
vt -12.030974388122559 1.1728935241699219
vt -11.823108673095703 -0.59698575735092163
vt -11.444595336914062 -1.919921875
vt -10.78453540802002 -3.3076260089874268
vt -9.9101419448852539 -4.5615139007568359
vt -9.0532865524291992 -5.6249213218688965
vt -7.960228443145752 -6.3259882926940918
vt -6.9606423377990723 -6.8593292236328125
vt -6.453730583190918 -7.6123919486999512
vt -6.2375011444091797 -8.3072967529296875
vt -4.5092043876647949 0.3901371955871582
vt -5.9913434982299805 6.9929986000061035
vt -5.4603824615478516 6.0108194351196289
vt -4.9966573715209961 5.1712841987609863
vt -4.4961647987365723 4.3903117179870605
vt -4.4664382934570312 3.3797030448913574
vt -4.2983675003051758 2.4843409061431885
vt -4.4225964546203613 1.7340004444122314
vt -3.7565016746520996 7.8876247406005859
vt -4.902101993560791 7.3055405616760254
vt -4.3764848709106445 6.4985313415527344
vt -3.8528213500976562 5.491302490234375
vt -3.552701473236084 4.1191697120666504
vt -3.7355668544769287 3.0540585517883301
vt -3.9858145713806152 2.0527510643005371
vt -4.1674075126647949 1.3473440408706665
vt -3.8842782974243164 1.4230632781982422
vt -3.5049591064453125 2.1775107383728027
vt -3.0892233848571777 3.1607365608215332
vt -2.6272344589233398 3.9702644348144531
vt -2.8314030170440674 5.3794159889221191
vt -7.2911386489868164 6.4523739814758301
vt -6.4605746269226074 5.8267369270324707
vt -6.0885648727416992 4.9418807029724121
vt -5.2572989463806152 4.1726140975952148
vt -5.2663321495056152 3.3057167530059814
vt -4.814842700958252 2.5228941440582275
vt -4.7706480026245117 1.5751938819885254
vt -8.1842508316040039 5.5934906005859375
vt -7.3179736137390137 5.0559992790222168
vt -6.8790373802185059 4.174095630645752
vt -6.1238317489624023 3.8147258758544922
vt -5.7518048286437988 2.9230129718780518
vt -5.2543020248413086 2.1092908382415771
vt -4.9531240463256836 1.2954446077346802
vt -9.2002105712890625 4.8473186492919922
vt -8.4830770492553711 4.294651985168457
vt -7.8534793853759766 3.678107738494873
vt -6.8661627769470215 3.2292141914367676
vt -6.2983336448669434 2.4922878742218018
vt -5.7925715446472168 1.9380090236663818
vt -5.2584185600280762 1.3126181364059448
vt -9.9473953247070312 3.670161247253418
vt -9.0117979049682617 3.2624950408935547
vt -8.2963294982910156 2.6503250598907471
vt -7.415830135345459 2.5146992206573486
vt -6.7056484222412109 1.9906880855560303
vt -5.9405417442321777 1.4492027759552002
vt -5.3969693183898926 0.99812304973602295
vt -10.591940879821777 2.5183017253875732
vt -9.7466306686401367 2.282271146774292
vt -8.8511857986450195 2.0504522323608398
vt -7.804072380065918 1.6234688758850098
vt -6.8375411033630371 1.408747673034668
vt -6.0893888473510742 1.0336264371871948
vt -5.361112117767334 0.7565687894821167
vt -10.938613891601562 0.95212006568908691
vt -10.018166542053223 1.0164724588394165
vt -9.0446901321411133 1.1779367923736572
vt -8.0967044830322266 0.81124675273895264
vt -7.2242550849914551 0.98752510547637939
vt -6.4187169075012207 0.62660610675811768
vt -5.5579547882080078 0.56699025630950928
vt -10.929525375366211 -0.11142060160636902
vt -10.01417350769043 -0.1729418933391571
vt -9.0008563995361328 0.1901085376739502
vt -8.0985183715820312 -0.005173027515411377
vt -7.1694936752319336 0.13282322883605957
vt -5.9622812271118164 0.22121745347976685
vt -5.3759675025939941 0.28233063220977783
vt -10.450568199157715 -1.458203911781311
vt -9.3526744842529297 -1.2469792366027832
vt -8.5646047592163086 -0.85050636529922485
vt -7.7892489433288574 -0.67954987287521362
vt -6.9723591804504395 -0.54454147815704346
vt -6.1297245025634766 -0.064006537199020386
vt -5.479945182800293 0.013685405254364014
vt -9.9081106185913086 -2.8540821075439453
vt -9.3462438583374023 -2.2559719085693359
vt -8.4219532012939453 -1.9926937818527222
vt -7.470365047454834 -1.6595432758331299
vt -6.6985483169555664 -1.3561875820159912
vt -6.1211051940917969 -0.67959290742874146
vt -5.4824209213256836 -0.24216350913047791
vt -9.2521686553955078 -4.0135970115661621
vt -8.5776205062866211 -3.3597354888916016
vt -7.6808886528015137 -2.8523385524749756
vt -6.843043327331543 -2.2733073234558105
vt -6.1641368865966797 -1.6607949733734131
vt -5.605837345123291 -0.97297155857086182
vt -5.1445965766906738 -0.43061551451683044
vt -8.0882501602172852 -4.7775564193725586
vt -7.4622554779052734 -4.074918270111084
vt -6.8235812187194824 -3.285466194152832
vt -6.1546177864074707 -2.775738000869751
vt -5.6277632713317871 -2.0300405025482178
vt -5.1389784812927246 -1.1945366859436035
vt -4.8662939071655273 -0.45508214831352234
vt -7.2681870460510254 -5.5201554298400879
vt -6.593052864074707 -4.7892088890075684
vt -6.0086355209350586 -4.074864387512207
vt -5.4357204437255859 -3.3156487941741943
vt -5.069084644317627 -2.3565502166748047
vt -4.6903514862060547 -1.6403261423110962
vt -4.6232953071594238 -0.73518073558807373
vt -6.2085862159729004 -6.2262592315673828
vt -5.5886983871459961 -5.4379444122314453
vt -4.8925189971923828 -4.567039966583252
vt -4.7018256187438965 -3.4103789329528809
vt -4.3140711784362793 -2.4709534645080566
vt -4.2535791397094727 -1.4152376651763916
vt -4.2946925163269043 -0.5897374153137207
vt -5.2442970275878906 -6.7619242668151855
vt -4.0021514892578125 -4.9462199211120605
vt -3.6282739639282227 -3.6053407192230225
vt -3.7038769721984863 -2.0512604713439941
vt -3.9257662296295166 -1.0248130559921265
vt -4.1340322494506836 -0.44821363687515259
vt -2.4931299686431885 -2.9636995792388916
vt -2.8337616920471191 -2.2607803344726562
vt -3.3155536651611328 -1.3042163848876953
vt -3.7899248600006104 -0.51712286472320557
vt -2.3989222049713135 -1.3526012897491455
vt -3.0374546051025391 -0.64566367864608765
vt -3.6049816608428955 -0.27177765965461731
vt -1.1664413213729858 -1.1886863708496094
vt -1.8903639316558838 -0.67212730646133423
vt -2.8935339450836182 -0.13751626014709473
vt -3.6376163959503174 0.045691370964050293
vt -0.36230704188346863 -0.075727164745330811
vt -0.96505516767501831 -0.1219731867313385
vt -1.7814984321594238 0.23685538768768311
vt -2.63132643699646 0.50507962703704834
vt -3.4051430225372314 0.42100077867507935
vt -0.93892920017242432 1.135170578956604
vt -1.9574044942855835 0.93496286869049072
vt -2.7557499408721924 0.95345449447631836
vt -3.4654321670532227 0.82965183258056641
vt -1.8659452199935913 1.5383965969085693
vt -2.8383135795593262 1.4629595279693604
vt -3.5922684669494629 0.98956763744354248
vt -1.7359706163406372 3.354022741317749
vt -2.2132556438446045 2.4880049228668213
vt -2.9898297786712646 2.1559398174285889
vt -3.5078933238983154 1.3814696073532104
vn -0.62931292619562396 -0.52178648960182239 -0.57593758359053848
vn -0.81767362717379721 -0.40161177827093403 -0.41245341431306443
vn -0.9028148979952979 -0.3823198367945036 -0.19686747408133157
vn -0.92300530482085175 -0.38231999773772324 0.043504328547788199
vn -0.88029481217099903 -0.38232134580501398 0.28091178723340948
vn -0.77759125612342384 -0.38232392692729239 0.4991795802106595
vn -0.62190079484469274 -0.3823223181513557 0.6834244994254397
vn -0.42382547663123454 -0.3823229116221879 0.82109753172631039
vn -0.19686754167416362 -0.38231923552775121 0.90281513787743251
vn 0 -0.38268331643461889 0.92387958053125141
vn 0.2391155886326736 -0.38268310289572649 0.89239978598773151
vn 0.49918022832454401 -0.38232380303332253 0.77759090097813865
vn 0.68342439010143485 -0.38232240053658428 0.62190086433645164
vn 0.82109765433722293 -0.38232352288349614 0.4238246876856786
vn 0.9028148979952979 -0.38231980706833696 0.1968675318100199
vn 0.92300530482085175 -0.38232000430668989 -0.043504270819072821
vn 0.88029481217099903 -0.38232138822151035 -0.28091172950448784
vn 0.79810069380111959 -0.41144123185693243 -0.44017200647272114
vn 0.62931294576781927 -0.5217864462252032 -0.57593760150271744
vn -0.11304048220743589 -0.99144450317318911 0.065265967471406977
vn 0.11304048220743589 -0.99144450317318911 0.065265967471406977
vn -0.22414208849993847 -0.96592585830564026 0.12941236579012802
vn -0.49076561297969995 -0.82393342062034169 0.28334225152899889
vn -0.61860424913207979 -0.69984064506169885 0.35714402483502528
vn -0.75001354327279834 -0.49999738318669962 0.43299226518938527
vn -0.83653010316051379 -0.25881850480007329 0.48293930061583801
vn -0.86415996378996129 0.065572763092432956 0.49892661757312196
vn -0.83653009670802725 0.25881860552783054 0.48293925781022151
vn -0.75001478619189199 0.49999496912182334 0.43299289987989126
vn -0.61860587082313068 0.69983880562978651 0.35714482037099454
vn -0.49076370266239566 0.82393501771057787 0.28334091610525541
vn -0.22414125773857485 0.96592613222564194 0.12941176014173414
vn 0 0.99999999999934142 1.14771574288766e-06
vn 0.22414439452089632 0.96592584253779767 -0.12940848937572202
vn 0.4907657056092713 0.82393277037943957 -0.28334398192426064
vn 0.61860360577957452 0.69983827478908756 -0.35714978378369816
vn 0.75000250563735604 0.49999987939664481 -0.43300850123413093
vn 0.83651896035378803 0.25881937007528871 -0.48295813756727241
vn 1.5437025524533827e-07 0.99999999999998535 -7.5497901264042421e-08
vn 0.22414208893217261 -0.96592586016832649 0.12941235113852481
vn 0.49076561297969995 -0.82393342062034169 0.28334225152899889
vn 0.61860422332777409 -0.69984067547336104 0.35714400993721163
vn 0.75001353209678312 -0.49999740553851879 0.43299225873733316
vn 0.83653010316051379 -0.25881850480007329 0.48293930061583801
vn 0.86602419853785584 3.5745866572592158e-07 0.50000208754237874
vn 0.83653009670802725 0.25881860552783054 0.48293925781022151
vn 0.75001479736786991 0.49999494676993045 0.43299290633192505
vn 0.61860589445010383 0.69983876492767227 0.35714485920435329
vn 0.49076370266239566 0.82393501771057787 0.28334091610525541
vn 0.22414124358603738 0.96592613545180128 0.12941176057396486
vn 1.0243745407467691e-08 0.99999999999901612 1.4028363963787432e-06
vn -0.22414439452089632 0.96592584253779767 -0.12940848937572202
vn -0.4907657056092713 0.82393277037943957 -0.28334398192426064
vn -0.61860362282223313 0.69983822663788164 -0.35714984861756982
vn -0.75000250563735604 0.49999987939664481 -0.43300850123413093
vn -0.8365189547659625 0.25881933854408773 -0.48295816414350257
vn 0 0.99999999999999734 -7.5497901264043334e-08
vn -0.96670866775302422 -0.25584110786003389 0.0044361267028433897
vn -0.99999999999999689 4.687539890691764e-09 -7.9688277664096175e-08
vn -0.96670866454737214 0.25584112278613741 -0.0044359644458525534
vn -0.8692921537927617 0.49422443223650081 -0.0085651581917753541
vn -0.71513017049425598 0.69888635369946706 -0.012112136951014102
vn -0.52934756410835615 0.84814268632960943 -0.021098341123026599
vn -0.3206299913604333 0.94720452313119974 -7.0872884811344211e-08
vn -0.89016469384251251 -0.23810394609690438 -0.38847564748558966
vn -0.93491694915592038 -0.25584132680273791 -0.2459176969654697
vn -0.96592598274262875 1.4687600271878141e-06 -0.25881846120500984
vn -0.93262255047967824 0.25583911961560546 -0.25448285445407126
vn -0.82617975228229423 0.50861452763187964 -0.2423598135016759
vn -0.65913331533248809 0.73099260216177575 -0.17661565107192223
vn -0.46014939075400468 0.87923844254056427 -0.1232976047924742
vn -0.2500004476229703 0.96592557151749414 -0.066989301212334734
vn -0.26800205717758913 0.95382186641601407 -0.13564197173165804
vn -0.45521302290636578 0.85581357157567772 -0.24569133986229694
vn -0.62537711600706047 0.69888660383213719 -0.34707488782490875
vn -0.73354216189754151 0.5234187639686505 -0.43353049978543756
vn -0.87290976747010363 0.30341362463376831 -0.38205851677706165
vn -0.93262252929783895 -0.25583908400262489 0.25448296788350949
vn -0.96592602398818583 -1.4640723609842902e-06 0.25881830727410116
vn -0.93491689275575962 0.25584137379287974 0.24591786249820816
vn -0.84188814570206449 0.49422606420479587 0.21671397644585952
vn -0.69389780146683244 0.69888642542910984 0.17338859671390566
vn -0.4939263843972353 0.86199792547289655 0.11400133015319229
vn -0.25000041968329934 0.96592558882930524 0.066989155860736088
vn -0.83497706196996313 -0.25584194322631559 0.48719421801802087
vn -0.86602621503793564 1.1768269427425946e-06 0.49999859486370818
vn -0.83941133529234635 0.25584129656868326 0.47951417200409763
vn -0.75711107033296099 0.49422714215336605 0.42722635585623098
vn -0.64311596020350925 0.68475042796321595 0.34281002484716055
vn -0.46188054516414234 0.84459112548767612 0.27079917419803085
vn -0.26800205717758913 0.95382188689737157 0.13564182770855829
vn -0.68042970985115936 -0.25584281748706988 0.68670216447317622
vn -0.70710681098886941 6.9791515938933913e-08 0.70710675138422086
vn -0.70658979833277225 0.23250344323909375 0.6683359976643618
vn -0.62833928185981047 0.45867149165931709 0.62833924723107537
vn -0.52138870543100202 0.68406984541151428 0.51010024940951626
vn -0.35938687555164534 0.84814255692579787 0.38922394172583491
vn -0.22671923249911341 0.94720431500064917 0.22672091932409702
vn -0.47951398634448916 -0.25584116913296245 0.83941148019114897
vn -0.49999873588996241 -1.0877577136246614e-06 0.8660261336167957
vn -0.49820546146964928 0.27284923904153902 0.82300948409861419
vn -0.44271921126941882 0.51911648026984092 0.73110722871904055
vn -0.33532877558951096 0.70962580202277659 0.61966590463343241
vn -0.23819196815703739 0.87923872268482606 0.41255769879743154
vn -0.12941018043260266 0.96592561334372673 0.22414440587921566
vn -0.24591801040663644 -0.25584080206499898 0.93491701030432617
vn -0.25881851681682511 1.5213813559610846e-06 0.9659259678414408
vn -0.25448275095786604 0.25583900587724928 0.93262260992142887
vn -0.26109915866719402 0.49389645559862194 0.82939346542542869
vn -0.16467837126698459 0.68475087505391607 0.70992765346178022
vn -0.13511709654066664 0.8445912260365066 0.51808206987365502
vn -0.093595515313905212 0.9538220102779098 0.28541803065421628
vn 0.019954660590403569 -0.27284826093679715 0.96185011203642712
vn -7.9688277310196996e-08 7.5497901264043083e-08 0.999999999999994
vn -0.027049197808290036 0.23250297284910804 0.97221947548599086
vn -0.012201133801065613 0.47691536055698364 0.87886453518091789
vn 0.012112083231921041 0.69888628804998854 0.71513023556237043
vn 0.021098373109235308 0.84814270945896097 0.5293475257746616
vn 4.2604755202148992e-10 0.94720453828706341 0.32062994658701305
vn 0.27775340725666131 -0.23249916688169542 0.93209290425184155
vn 0.2588183350799611 -1.3778742234500677e-06 0.96592601653777732
vn 0.20991656727602326 0.2556224168499171 0.9437119342187309
vn 0.23326259352898568 0.4942261805257423 0.83745390616025406
vn 0.19679194352641849 0.69888732854649915 0.68762593970867081
vn 0.14815639786019386 0.85581374077490779 0.49561327955771234
vn 0.093595515313905212 0.9538220102779098 0.28541803065421628
vn 0.46014102792291628 -0.28194945347970007 0.84188760538716811
vn 0.49953963369843807 -0.042837110306051682 0.86523126177054965
vn 0.48355863395059479 0.25433004736948944 0.83754837146093719
vn 0.41179992254311731 0.51911695378535627 0.74895821785069872
vn 0.36805539513383106 0.69888618398977587 0.61326448449350857
vn 0.26864920815239396 0.86199816977442567 0.42986830339608906
vn 0.12941018043260266 0.96592561334372673 0.22414440587921566
vn 0.67565878051244943 -0.23730344905338996 0.69797728142382598
vn 0.70645773280042845 0.04283531120424397 0.70645778917109703
vn 0.69410781251586839 0.28195241823496514 0.66235728912414893
vn 0.5877256395896191 0.49389617533442087 0.64081599586699167
vn 0.51423912006219141 0.69888695169922876 0.4971067854518012
vn 0.3892240084855571 0.84814256595129278 0.35938678194946461
vn 0.2267192317331638 0.94720431180060971 0.22672093345930205
vn 0.83941145447544685 -0.25584122415608607 0.47951400200383126
vn 0.86602609490243709 -1.1013292367202655e-06 0.49999880294538918
vn 0.82844293423994608 0.23250330447127515 0.5095336280539744
vn 0.75501734527209619 0.47691819810369096 0.44999760072227607
vn 0.62537715230053281 0.69888663018771457 0.34707476935861659
vn 0.45521303779412342 0.85581357705880379 0.24569129317918667
vn 0.26800205717758913 0.95382188689737157 0.13564182770855829
vn 0.93491694915592061 -0.25584128967019498 0.24591773559643343
vn 0.96592597529206992 1.5031529831626245e-06 0.25881848901074278
vn 0.92223824943543065 0.25562248690869455 0.29005819323867849
vn 0.83667315327605607 0.50861393091195006 0.20319917290529393
vn 0.66618060326159068 0.72089863465784654 0.19107213922096528
vn 0.49392642904100503 0.86199789936325222 0.1140013341507085
vn 0.25000041968329934 0.96592558882930524 0.066989155860736088
vn 0.96670867512384806 -0.25584108067824585 -0.0044360881057358458
vn 0.99999999999999689 -4.687539890691764e-09 7.9688277664096175e-08
vn 0.96185013943723874 0.2728481698633069 0.019954585107402781
vn 0.85451856399970416 0.51911397551627425 -0.017852288468776279
vn 0.71483070612991351 0.69859362953803017 0.03136881162381968
vn 0.52934756408755357 0.84814268629627854 -0.021098342984842491
vn 0.32062996462189819 0.94720453218222889 -7.1511954247548466e-08
vn 0.93262253640871173 -0.25583909457683074 -0.2544829311932113
vn 0.96592602398817917 -1.5078403748505053e-06 -0.258818307273875
vn 0.93491689988418891 0.25584130880869282 -0.24591790300421859
vn 0.85664473870765323 0.47477416054268651 -0.20186452914141112
vn 0.70658625432243283 0.68406945319865053 -0.18106586758164392
vn 0.49561340068655529 0.85581367869678049 -0.14815635124891469
vn 0.28541881668246338 0.95382191791786808 -0.093594059550070455
vn 0.87290930652284993 -0.30341406619201827 -0.38205921926138953
vn 0.89016497462962474 0.23810401693884828 -0.38847496066056092
vn 0.75613967463101139 0.51212586433799523 -0.40740629784647342
vn 0.60616961690014237 0.72089773972356275 -0.33595363431371467
vn 0.42986861008522792 0.86199782525756974 -0.26864982284493422
vn 0.22414447789111283 0.96592557810439084 -0.12941031873316239
vn 0.55384104251892785 0.5956572918899965 -0.58176669743104281
vn 0.52764259677270842 0.69859416159247578 -0.48327992660554275
vn 0.3593868677667274 0.8481424905103917 -0.38922409363713689
vn 0.22671923249911344 0.94720428076673147 -0.22672106234797018
vn 0.38458274324893144 0.69859365796829731 -0.60337634577566923
vn 0.24569032554495554 0.85581404641986503 -0.4552126776398816
vn 0.13564167706497643 0.95382186248658363 -0.26800222029980536
vn 0.20118401935726501 0.59150201121610957 -0.78080110212688159
vn 0.19648653372641312 0.68406904762298071 -0.7024546819178924
vn 0.11400118853651676 0.8619980729114578 -0.49392615977410514
vn 0.066991749869798833 0.96592554548358711 -0.24999989206321055
vn 2.8369367677158447e-10 0.33125405003443109 -0.94354160180449198
vn 0.015798042153504274 0.52711142512039011 -0.84964932023256956
vn -0.01211337571801939 0.69888616912527468 -0.71513032989386782
vn -0.021097488754077943 0.84814234763809593 -0.5293481407459657
vn 0 0.94720448987327654 -0.32063008961091877
vn -0.17739350594658554 0.59547720709093233 -0.78354223873583329
vn -0.19679047316685952 0.698886221997983 -0.68762748517794814
vn -0.14815654116434715 0.85581377865071839 -0.49561317131589255
vn -0.093595449318023646 0.95382196165317512 -0.28541821479198926
vn -0.33595385719885629 0.72089797724807791 -0.60616921089151343
vn -0.26864918746607075 0.86199809809581962 -0.42986846005843404
vn -0.12941018043260266 0.96592557949885127 -0.22414455172992628
vn -0.57560089115869739 0.59150378578062501 -0.56462986593387188
vn -0.51010034515072966 0.68406974673756427 -0.52138874122434886
vn -0.38922400575881788 0.84814250040724726 -0.35938693958462398
vn -0.2267192317331638 0.94720427756668957 -0.22672107648317466
vn 0 0.25881987480508656 0.96592560397055394
vn -3.0485184410179196e-08 0.50000123119426676 0.86602469295292983
vn 0 0.69983859317056152 0.7143010174352612
vn 3.2007687509644631e-08 0.82393365297352927 0.56668627608024436
vn 0 0.96592589398324624 0.25881879246427764
vn -1.0788124882310481e-07 0.99999999999999134 -7.6134995252718601e-08
vn 1.524261253892525e-08 0.9659258549026839 -0.25881893831503011
vn 1.6003843214258276e-08 0.82393353957614857 -0.56668644095435983
vn -2.4113407076895613e-08 0.69983848531409798 -0.7143011231079428
vn -3.0485184166733761e-08 0.50000121564461153 -0.8660247019305567
vn 0 0.25881972895437177 -0.9659256430512575
vn -0.17056643760105228 0.028062829558622004 -0.98494647974458482
vn 3.0485219458649877e-08 -0.25881987480508645 -0.96592560397055349
vn 0 -0.50000377286947151 -0.86602322550627586
vn -2.4113471690828233e-08 -0.69984051982172268 -0.71429912978783638
vn 0 -0.82393202295740686 -0.56668864603529412
vn 0 -0.9659256430512575 -0.25881972895437177
vn 0 -0.9914445155164564 -0.13052881924057755
vn 0.81343462035484015 -0.52178370322196388 -0.25703284899045631
vn 0.76603418658407463 -0.40160963784830572 -0.50189772242143926
vn 0.65328224307718163 -0.38268291973098267 -0.65328102209249594
vn 0.46193980706193366 -0.38268524103706331 -0.80010225655474088
vn 0.19686748948700314 -0.38232004276901582 -0.90281480741079045
vn -0.043504147405681155 -0.38231977671900202 -0.92300540490727201
vn -0.28091199138002154 -0.38232012557053174 -0.88029527698530974
vn -0.49918102401623177 -0.38232390659866183 -0.77759033925663179
vn -0.6834243583362648 -0.382322510015009 -0.62190083194066226
vn -0.82109763562583615 -0.38232363777139339 -0.42382462029819623
vn -0.90281316356192842 -0.38232242253792281 -0.1968704064201538
vn -0.92387617391883858 -0.38269154062389099 2.8892408148607228e-08
vn -0.90281316356192842 -0.38232239281131342 0.19687046414923259
vn -0.8001022608670646 -0.3826854605310962 0.46193961775703413
vn -0.65328131281380852 -0.38268396217706868 0.65328134170564445
vn -0.49917898196871413 -0.3823218033921264 0.77759268425806971
vn -0.28091416017299975 -0.38232174176389033 0.88029388296688915
vn -0.051640220885343369 -0.40160956735166842 0.91435389374055742
vn 0.18412180198126588 -0.52178096310319544 0.83297286184981634
vn 1.6786549927871926e-09 0.99999999999999734 -7.5497901264043334e-08
vn 0.46268540557765514 -0.23250210759290774 -0.85549107852174389
vn 0.49999935667673695 -9.1383342570077233e-07 -0.86602577520649715
vn 0.48719449305481355 0.25584176603011449 -0.83497695578480224
vn 0.44206471743883996 0.49422719072482363 -0.74854409993264082
vn 0.36805540932365466 0.6988860021387816 -0.61326468321766903
vn 0.28294561478259617 0.84814298263781596 -0.44787862203673906
vn 0.16031606502416132 0.94720447852313971 -0.27767325251250896
vn 0.78151280082783425 -0.23810592297411828 -0.57666568441938448
vn 0.66602136067350937 -0.27284991580362561 -0.69423949079014624
vn 0.70710731762797663 -7.6823753977397447e-07 -0.70710624474429418
vn 0.68670261826982881 0.25584266756126089 -0.68042930824333248
vn 0.6229805058782486 0.50861423301180786 -0.5943120823889515
vn 0.4813948764543261 0.72089855987118967 -0.49856217194966657
vn 0.37075338643483086 0.86199789665864479 -0.34568996601460328
vn 0.18301364269085615 0.96592543338059489 -0.18301383482549508
vn 0.25146944620948808 0.95382182100070878 -0.16427736120958755
vn 0.42455128352818289 0.87345509986146763 -0.23839546174490445
vn 0.60023652803599636 0.70962496954595056 -0.36898307956897081
vn 0.74222139234601803 0.52341682919114152 -0.41849997331353511
vn 0.76732768017190811 0.30341475466333723 -0.56493160461650982
vn 0.26993429197759261 -0.28194973379513139 -0.9206735717003125
vn 0.25858083862498182 -0.042836084134790474 -0.96503938768943431
vn 0.23614688743055826 0.23730122417368044 -0.94229654385577144
vn 0.23326263335329084 0.49422607530783125 -0.83745395716236626
vn 0.19679175017228595 0.69888680876723153 -0.68762652333609398
vn 0.15669352230627148 0.85566787451224002 -0.49323384777908269
vn 0.061658930512297011 0.95382182509191071 -0.29397636344851991
vn 0.015780571861597939 -0.23730227253993555 -0.97130767782361493
vn 0 0.04283558787484093 -0.99908213496759957
vn -0.022449732294139414 0.28195007941442618 -0.95916638923500663
vn 0.0085650440938802898 0.49422448636459448 -0.86929212414315749
vn 0.01211210458300672 0.69888630114289252 -0.71513022240524582
vn 0.023696413516376257 0.85566779960725325 -0.51698268510825629
vn -0.016532287553531845 0.95382184710177942 -0.29991760111670224
vn -0.25448271031549974 -0.25583875656086863 -0.93262268940438409
vn -0.25881839069187201 -1.5284128507962305e-06 -0.96592600163642617
vn -0.24591836240732382 0.2558403348759784 -0.9349170455615019
vn -0.2167140201428884 0.49422593923689995 -0.84188820781556961
vn -0.17338822295864739 0.6988866209979735 -0.69389769788440525
vn -0.11091874920613079 0.85566758443223712 -0.5054997685721011
vn -0.09359538596238072 0.95382204263637727 -0.28541796493479898
vn -0.48719495676996466 -0.25584130482100065 -0.83497682653197025
vn -0.49999854670248206 1.0971327973665928e-06 -0.86602624284383101
vn -0.4795141876634445 0.25584122484419397 -0.83941134820759322
vn -0.4272279283434402 0.49422641473539253 -0.75711065784413056
vn -0.34707537234013397 0.69888706134534506 -0.62537633581630303
vn -0.23797231600047275 0.85566790278770977 -0.45956677094439008
vn -0.1642772287396424 0.95382180946080952 -0.25146957651877133
vn -0.68670205795924499 -0.25584291042215107 -0.68042978240319618
vn -0.70710669177957708 -1.0494817853543133e-07 -0.70710687059349897
vn -0.6804297489578649 0.25584292898910016 -0.68670208418164491
vn -0.60862513474306046 0.49422633629039547 -0.62073808798555652
vn -0.49757912051175818 0.68475134152405204 -0.5324759328943951
vn -0.37605505517284699 0.84459109705106072 -0.38111477832935425
vn -0.22376204402694042 0.95382156165217946 -0.20038706590067909
vn -0.83941039370858528 -0.25584264135835583 -0.47951510278277742
vn -0.86602471979355522 2.6225460408251968e-07 -0.50000118470502175
vn -0.83497714019553271 0.25584196047099123 -0.48719407489546634
vn -0.74854393302758093 0.49422741562447181 -0.44206474862033046
vn -0.60337654733544244 0.69859368347081652 -0.38458238069396439
vn -0.45521296531915334 0.85581339655452227 -0.24569205620686105
vn -0.26800189442348404 0.95382187711093314 -0.13564221809598867
vn -0.93491620145163656 -0.25584277823694623 -0.24591902953460815
vn -0.96592557880728813 -6.8759723927716213e-08 -0.25881996871532331
vn -0.93262024781367459 0.2558433277546624 -0.25448706256189257
vn -0.8374538937967384 0.49422622475727929 -0.23326254420041032
vn -0.68235340698426739 0.69859398820523255 -0.21531434606284386
vn -0.50329174528672671 0.85581364605732368 -0.11950072112046331
vn -0.2939773141000398 0.95382173135523096 -0.061655847971107756
vn -0.96184977952347528 -0.27284953710878629 0.019953238588331212
vn -0.99999999999999689 -2.3437789697924204e-09 -7.968827713324636e-08
vn -0.96670827967115502 0.25584260569111922 -0.0044343126202809006
vn -0.86929068699319312 0.49422698277533494 -0.0085668549474704619
vn -0.71483064821949172 0.69859368606184291 -0.031368872479396404
vn -0.51707098467920198 0.85581398054265445 0.014833324327925841
vn -0.29991745784794527 0.95382189353929536 0.016532207449078393
vn -0.92223615120473268 -0.25562522790279874 0.29006244891526967
vn -0.96592563096150819 6.8759704784812951e-08 0.25881977407378898
vn -0.93491615217958191 0.25584279737550364 0.2459191969424136
vn -0.84188710752936058 0.49422718207939836 0.21671546015387164
vn -0.69859202647328766 0.69859406471162666 0.15471106391474698
vn -0.49561339740405669 0.85581369539961893 0.14815626574686955
vn -0.2854197171450546 0.95382179421528179 0.093592574196767878
vn -0.82844295275249735 -0.23250269446066668 0.50953387630583824
vn -0.86602465327294231 -6.3491571845738128e-07 0.50000129992138731
vn -0.83941039290380426 0.25584270071771237 0.47951507252071657
vn -0.75711105918138433 0.49422716467615907 0.42722634956356226
vn -0.63474652145839217 0.69859348913092978 0.33024837689282366
vn -0.44038042759087515 0.85581353191338538 0.27138216151548183
vn -0.25146950887617103 0.95382185125086361 0.16427708964415177
vn -0.67499347172821178 -0.29793472682605432 0.674995341965691
vn -0.70645768050953195 -0.042835946308318593 0.70645780295284655
vn -0.69053421324449404 0.21522827908795641 0.69053550829746946
vn -0.62833890121809 0.45867130975343701 0.62833976065907993
vn -0.52138878594380156 0.684069813238675 0.5101002102603498
vn -0.35513526265244721 0.85581371201734679 0.37611412569041747
vn -0.20038315918178823 0.95382173684618499 0.22376479579248643
vn -0.47198701335125476 -0.23730335896183316 0.84906735601670236
vn -0.52183492562159006 0.025591496330059783 0.85266252744981008
vn -0.4795141629765281 0.25584232189683687 0.83941102794242295
vn -0.42722767278685658 0.49422614692882699 0.75711097686997786
vn -0.33532874226463655 0.70962561921769507 0.61966613201071419
vn -0.24847815778968002 0.87345495467263967 0.41873027984522898
vn -0.13564212670876838 0.95382192129972887 0.26800178340827596
vn -0.22656461130360103 -0.28195057641229621 0.9322941324311883
vn -0.27653280940919056 -0.018429548344333451 0.96082774578385488
vn -0.2296709492162276 0.27284937087142103 0.93424005261024157
vn -0.23840901384076907 0.51911515513469031 0.8207804809015371
vn -0.15471110855482406 0.69859365963638342 0.69859242166343483
vn -0.15669365895219001 0.85566802243869067 0.49323354774390116
vn -0.061658825314639655 0.95382185374375128 0.29397629255035623
vn -0.10865184446005818 -0.23810419124909094 0.96514308307371899
vn -0.10050166853020245 0.27812806220021308 0.95527179150197872
vn -0.042295330554924085 0.49859837373896465 0.86580065068011447
vn 0.031370176990328069 0.69859359137015753 0.71483068351333434
vn -0.02369558223579462 0.85566761972085759 0.516983020943385
vn 0.016532287849070907 0.95382190943903811 0.29991740285042323
vn 0.17739357427959243 0.5954771758880808 0.78354224697885078
vn 0.21531273975667506 0.69859314943898665 0.68235477257464239
vn 0.11091792969933227 0.85566766120061644 0.50549981844376657
vn 0.09359535070044811 0.95382206274199366 0.28541790930820743
vn 0.3535530528749023 0.70710734407548648 0.61237198070890564
vn 0.26460255699576729 0.84459166531260432 0.46545720073470059
vn 0.16427721670292975 0.95382186406312086 0.25146937727582674
vn 0.57560221446331183 0.59150257206902346 0.56462978839294442
vn 0.51010059483456827 0.68406972136304722 0.52138853023796239
vn 0.37611341574835183 0.8558138899441291 0.35513558575958792
vn 0.22376353099909688 0.95382163811247622 0.20038504151569922
vn 0.81713162173132314 0.33125498791529545 0.47176905976120903
vn 0.72990237826718463 0.5381988543201629 0.42140777331270429
vn 0.59096393698124972 0.73099171881824299 0.34119310105389333
vn 0.41873033526025827 0.87345492241773381 0.24847817778843787
vn 0.26800186838679185 0.9538219109942403 0.13564203127527966
vn 0.77678485487994153 0.59150281543096428 0.21617055434630908
vn 0.70658736264526512 0.68406844386453236 0.18106535576626906
vn 0.49323404567104723 0.85566779443440943 0.15669333667621108
vn 0.2939763647644808 0.95382183686153366 0.061658742169710491
vn 0.70710678118654846 0.70710678118654435 -5.338507794915736e-08
vn 0.53540014734968433 0.8445909545417869 0.003577949710347833
vn 0.29991748487717784 0.95382188222378483 -0.016532369945770686
vn 0.77678488352380515 0.59150275921423201 -0.21617060524238399
vn 0.70658739058492026 0.68406838586859209 -0.1810654658446286
vn 0.49561359489421786 0.85581358606901403 -0.14815623664133831
vn 0.28541795494041333 0.9538220455662979 -0.093595386581578177
vn -0.18412176793473817 -0.52178099330384919 0.83297285045758529
vn 0.051640223982622753 -0.4016095922699065 0.91435388262085038
vn 0.28091416017299975 -0.38232174176389033 0.88029388296688915
vn 0.49917898196871413 -0.3823218033921264 0.77759268425806971
vn 0.65328131281380852 -0.38268396217706868 0.65328134170564445
vn 0.80010226275687013 -0.38268549123730772 0.46193958904579346
vn 0.89240019522519287 -0.38268116866502094 0.23911715687338525
vn 0.9238784356746923 -0.38268608035213753 2.8891995909549508e-08
vn 0.89240019522519287 -0.38268120477070355 -0.2391170990901324
vn 0.80010224229291849 -0.38268540218882002 -0.46193969826095782
vn 0.62190082017799175 -0.38232243691958595 -0.68342440993120113
vn 0.42382627594378292 -0.38232243181341119 -0.82109734255562161
vn 0.19686761640087705 -0.38231862722000481 -0.90281537918516208
vn 0 -0.38268340942525736 -0.92387954201327604
vn -0.19686748948700314 -0.38232004276901582 -0.90281480741079045
vn -0.42382471367079538 -0.38232357986263255 -0.82109761439361717
vn -0.62190142686129568 -0.38232207899039805 -0.68342405809595563
vn -0.76603418658407463 -0.40160963784830572 -0.50189772242143926
vn -0.81343464565324997 -0.52178365984517383 -0.25703285698436984
vn -1.6786551038094951e-09 0.99999999999999734 -7.5497901264043334e-08
vn 0.48719495194232859 -0.25584196522044916 0.8349766269986546
vn 0.50000007724362938 2.7632327649795415e-07 0.8660253591877598
vn 0.4795141629765281 0.25584232189683687 0.83941102794242295
vn 0.41670379573524108 0.47477430602284848 0.77520791079578455
vn 0.37160032377218138 0.68406949082100621 0.62766402724729997
vn 0.24640413512434825 0.84814292814722003 0.46897609281015729
vn 0.16031604917931253 0.94720451487499147 0.27767313765643231
vn 0.1086518297348088 -0.23810419163459079 0.96514308463632292
vn 0.25448603950230025 -0.25584197484059912 0.93262089811889581
vn 0.25881889319560158 1.8308301102826534e-07 0.96592586699237448
vn 0.24591954256941084 0.25584168552751479 0.93491636552629243
vn 0.20319962265011374 0.50861453774245813 0.83667267515550958
vn 0.17661478169381647 0.73099209145585708 0.65913411466577698
vn 0.12329808487442644 0.87923880941547639 0.46014856110168884
vn 0.066991478995679241 0.96592560458157672 0.24999973631123537
vn 0.016532284899268196 0.9538219063206822 0.29991741293027502
vn 0.014832608838923712 0.8558138118134736 0.5170712844708395
vn 0.0121133677404701 0.69888618709861772 0.71513031246391712
vn -0.008677533645850409 0.52341698975396767 0.85203248485413985
vn 0.10558245782975231 0.30341478689840168 0.94699092481925395
vn 0.69423978663882746 -0.2728498935630892 0.66602106140142892
vn 0.6885482003913167 -0.025591242455425708 0.72473889370411659
vn 0.69797671416937945 0.23730384639856469 0.67565922694932734
vn 0.58772521985050996 0.49389590500714242 0.64081658918043449
vn 0.5324760626288414 0.68475136305282214 0.49757895205141917
vn 0.37605507410404332 0.84459113751116843 0.38111466998554816
vn 0.22376210208091546 0.95382158138586082 0.20038690714441884
vn 0.85549009552793653 -0.23250366426440341 0.46268644086165672
vn 0.85651534823395215 0.018430700357280984 0.51579236861746225
vn 0.84188783044451965 0.28194973324823674 0.46014044472385601
vn 0.73355378978134556 0.49389701166060707 0.46686676832919627
vn 0.625377184820472 0.69888660692553728 0.34707475760436801
vn 0.44759097497097378 0.86199761851711465 0.23795466962292683
vn 0.22414426808561938 0.96592559251989463 0.12941057452716986
vn 0.92205873214278622 -0.29793691813761741 0.24706535024138077
vn 0.96503906394337069 -0.042834326343510733 0.25858233804728581
vn 0.94229538520559541 0.23730359094489309 0.23614913242461349
vn 0.82939347975544475 0.49389652392322453 0.26109898390401759
vn 0.69389777076839909 0.69888645411462169 0.17338860394425198
vn 0.51677082788552875 0.84814261333068919 0.11662769353414562
vn 0.30970539666035896 0.94720432781886288 0.082985110957726038
vn 0.97656324915684356 -0.21523062141858121 1.6249460204858776e-08
vn 0.99908199248766616 0.042838910897395277 -3.2342478651907073e-09
vn 0.95916637697061891 0.28195012298436722 -0.022449709088466996
vn 0.86870972918663514 0.49389668795917763 0.037542882673520371
vn 0.71513014127691388 0.69888638475043086 -0.012112070332263445
vn 0.51707095831744432 0.85581399427567661 -0.014833450933351906
vn 0.29991751208188616 0.95382187396264573 -0.016532353038776332
vn 0.92390997952269038 -0.27285161171445282 -0.26822070711115437
vn 0.96592561606030602 2.7335228830017349e-08 -0.25881982968566647
vn 0.94609279355593257 0.23250286293628103 -0.22550131863908118
vn 0.84130692294120779 0.49130941605900869 -0.22542785786799469
vn 0.6724643473781986 0.72089895246975577 -0.1676198133671038
vn 0.48475355791230135 0.86199760885058885 -0.14823667031889329
vn 0.25000102970500487 0.96592557716819016 -0.066987047395269478
vn 0.82844293491142817 -0.23250317054928041 -0.50953368807162447
vn 0.86602482702482286 -3.3775263763879101e-07 -0.5000009989755132
vn 0.85722246825189541 0.25562469885602074 -0.4470186274182506
vn 0.73355378016580841 0.49389690488927379 -0.46686689639044698
vn 0.63474649211592893 0.69859347257095317 -0.33024846832011195
vn 0.44787985784358247 0.84814207614552184 -0.28294637585517185
vn 0.27767315097359618 0.94720450416405089 -0.16031608939756739
vn 0.69410762829157335 -0.28195274386280289 -0.66235734356590603
vn 0.70645767556315109 -0.042835233116694883 -0.70645785114311532
vn 0.69797717028855377 0.23730365328974681 -0.6756588235872617
vn 0.60314339950223872 0.47477434640563476 -0.64094255564128777
vn 0.50858932221417419 0.69474734296978191 -0.50858925545685219
vn 0.33685196742702012 0.87923855430854791 -0.33685355372618592
vn 0.18301119035892019 0.96592544790407076 -0.18301621046981456
vn 0.49932019514615766 -0.23730338707159784 -0.83328653247460482
vn 0.49953965754738777 0.042837201758149049 -0.86523124347365687
vn 0.49902629319426922 0.2819498128624715 -0.81943703951408275
vn 0.42722797706882426 0.49422640215003028 -0.75711063856448135
vn 0.33024891937947043 0.69859392041628754 -0.63474576454364307
vn 0.27138261171930644 0.855814222012933 -0.4403788090460376
vn 0.16427725380934441 0.9538218088964634 -0.25146956228207556
vn 0.24591818099951479 -0.25584045784362031 -0.9349170596284232
vn 0.2833683235422263 -0.025589987755538172 -0.9586696749869269
vn 0.26663580431134132 0.23730127817447128 -0.93412710657383591
vn 0.21671402333488723 0.49422591671407068 -0.84188822021580889
vn 0.16467808990912344 0.68475083244212398 -0.709927759827506
vn 0.14142259630051102 0.83751654673895015 -0.5277932201100034
vn 0.082987301887505666 0.94720457600245556 -0.30970405054735739
vn 0 -0.29793278894395198 -0.95458684951767414
vn 0.018429177857379461 -0.018429322247508633 -0.99966030504616854
vn -0.0044359012914376647 0.25584110588948938 -0.96670866930889565
vn -0.0085650450251345493 0.49422448636065208 -0.86929212413622314
vn -0.01211210374146663 0.69888630045752187 -0.71513022308930196
vn -0.014833390045662169 0.85581395631050339 -0.51707102290102946
vn -0.016532285821507179 0.95382186638278821 -0.29991753989316855
vn -0.26663534380182019 -0.23730212248717217 -0.93412702353521937
vn -0.25858089362526621 0.042835993534499399 -0.96503937697374353
vn -0.22656095683921401 0.28194823599319108 -0.93229572832681562
vn -0.23326263335329084 0.49422607530783125 -0.83745395716236626
vn -0.19679175823793982 0.69888683741162316 -0.6876264919143239
vn -0.14823748458795558 0.86199800172092012 -0.48475261029949718
vn -0.066991620170967422 0.96592556127075446 -0.24999986582125733
vn -0.51886863652221082 -0.25562415284708412 -0.81573992823374319
vn -0.49999919329884035 7.8541090496103669e-07 -0.86602586953271332
vn -0.44701752961051011 0.25562340021218716 -0.85722342798413798
vn -0.4420646737370526 0.494227175185254 -0.74854413600145031
vn -0.36805542163512694 0.69888596892608867 -0.61326471367854773
vn -0.28294554942267408 0.84814302499074967 -0.44787858312431256
vn -0.16031606502416132 0.94720447852313971 -0.27767325251250896
vn -0.71231923016654353 -0.25562457318173493 -0.65364928816652013
vn -0.6885484338405371 -0.025590371599231408 -0.72473870266266094
vn -0.68385608864569647 0.25433056819283323 -0.68385437931252568
vn -0.59161279864858762 0.51911473067586222 -0.61685832479631231
vn -0.51423939017141529 0.69888674089403791 -0.49710680240632465
vn -0.3761134957704752 0.85581375536108117 -0.35513582533176846
vn -0.2237634737107099 0.9538216177285278 -0.20038520251418424
vn -0.7770396362548605 -0.27812919915300405 -0.56467118951423623
vn -0.77703894046884947 0.27812897184721647 -0.56467225893810136
vn -0.73089590860911335 0.51212422856773399 -0.45113184912214077
vn -0.59096393698124972 0.7309916672995086 -0.34119321143057063
vn -0.41255758405994569 0.87923861294890693 -0.2381925719545076
vn -0.224144253933103 0.96592557620563091 -0.12941072081011151
vn -0.7767849084082018 0.59150271855844694 -0.21617062706859208
vn -0.71626993431286545 0.67091174107937057 -0.19192398724831408
vn -0.52779375866533829 0.83751628699374747 -0.14142212462737649
vn -0.30970400789409613 0.94720459023308956 -0.082987298640806659
vn -0.69293529288625999 0.72089755956761892 -0.012140365813448748
vn -0.51707171499150162 0.85581354918239616 0.014832754011909749
vn -0.29991748487717784 0.95382188472009244 0.016532225922669924
vn -0.77678488102163157 0.59150278994973615 0.21617053013278176
vn -0.70658736264526512 0.68406844386453236 0.18106535576626906
vn -0.48475278813426015 0.86199793829453253 0.14823727187194294
vn -0.24999986499116952 0.96592557588931072 0.066991412489218721
vn -0.81713164935376048 0.33125493950843993 0.47176904590664132
vn -0.74371775007387508 0.52711103909778856 0.41114214170564267
vn -0.61326531115985206 0.69888562794279752 0.36805507357325096
vn -0.44787862947608093 0.84814300385091945 0.28294553941945599
vn -0.27767320717838823 0.947204499226457 0.16031602122191296
vn -0.56988262996420713 0.59833560525474561 0.56323022961264768
vn -0.49856219901236232 0.72089862240688496 0.48139475477804411
vn -0.3551356905502609 0.85581385692805545 0.37611339192764126
vn -0.20038499776838536 0.95382165630143823 0.22376349264289108
vn -0.38458262338950688 0.69859375336340468 0.6033763117230202
vn -0.23795461601469314 0.86199805346778768 0.44759016581583327
vn -0.1294105820773512 0.96592560821880569 0.22414419607371375
vn -0.20118404114339336 0.59150192673143009 0.78080116051541537
vn -0.19648666980944621 0.68406886253502219 0.70245482409706217
vn -0.11662689068612435 0.8481426245332806 0.51677099068996279
vn -0.082987264125194873 0.94720461695215596 0.30970393542468078
usemtl _null_
f 1/1/1 22/22/22 20/20/20
f 1/1/1 23/23/23 22/22/22
f 1/1/1 2/2/2 23/23/23
f 23/23/23 2/2/2 24/24/24
f 24/24/24 2/2/2 65/65/65
f 25/25/25 65/65/65 26/26/26
f 25/25/25 24/24/24 65/65/65
f 2/2/2 3/3/3 66/66/66
f 65/65/65 66/66/66 67/67/67
f 27/27/27 67/67/67 68/68/68
f 77/77/77 68/68/68 69/69/69
f 77/77/77 69/69/69 76/76/76
f 76/76/76 30/30/30 77/77/77
f 76/76/76 31/31/31 30/30/30
f 76/76/76 198/198/198 31/31/31
f 76/76/76 75/75/75 199/199/199
f 76/76/76 199/199/199 198/198/198
f 69/69/69 70/70/70 75/75/75
f 69/69/69 75/75/75 76/76/76
f 69/69/69 61/61/61 62/62/62
f 70/70/70 62/62/62 63/63/63
f 71/71/71 63/63/63 64/64/64
f 72/72/72 64/64/64 57/57/57
f 3/3/3 4/4/4 58/58/58
f 66/66/66 58/58/58 59/59/59
f 67/67/67 59/59/59 60/60/60
f 68/68/68 60/60/60 61/61/61
f 69/69/69 68/68/68 61/61/61
f 4/4/4 5/5/5 78/78/78
f 58/58/58 78/78/78 79/79/79
f 59/59/59 79/79/79 80/80/80
f 60/60/60 80/80/80 81/81/81
f 61/61/61 81/81/81 82/82/82
f 62/62/62 82/82/82 83/83/83
f 63/63/63 83/83/83 64/64/64
f 63/63/63 62/62/62 83/83/83
f 5/5/5 6/6/6 85/85/85
f 78/78/78 85/85/85 86/86/86
f 78/78/78 86/86/86 79/79/79
f 85/85/85 78/78/78 5/5/5
f 6/6/6 7/7/7 92/92/92
f 85/85/85 92/92/92 93/93/93
f 85/85/85 93/93/93 86/86/86
f 92/92/92 85/85/85 6/6/6
f 7/7/7 8/8/8 99/99/99
f 92/92/92 99/99/99 100/100/100
f 92/92/92 100/100/100 93/93/93
f 99/99/99 92/92/92 7/7/7
f 8/8/8 9/9/9 106/106/106
f 99/99/99 106/106/106 107/107/107
f 99/99/99 107/107/107 100/100/100
f 106/106/106 99/99/99 8/8/8
f 9/9/9 10/10/10 113/113/113
f 106/106/106 113/113/113 114/114/114
f 106/106/106 114/114/114 107/107/107
f 113/113/113 106/106/106 9/9/9
f 113/113/113 10/10/10 11/11/11
f 120/120/120 11/11/11 127/127/127
f 128/128/128 127/127/127 134/134/134
f 128/128/128 134/134/134 135/135/135
f 135/135/135 136/136/136 129/129/129
f 135/135/135 129/129/129 128/128/128
f 142/142/142 135/135/135 134/134/134
f 142/142/142 134/134/134 141/141/141
f 141/141/141 148/148/148 149/149/149
f 141/141/141 149/149/149 142/142/142
f 13/13/13 14/14/14 141/141/141
f 134/134/134 13/13/13 141/141/141
f 134/134/134 12/12/12 13/13/13
f 134/134/134 127/127/127 12/12/12
f 12/12/12 127/127/127 11/11/11
f 14/14/14 15/15/15 148/148/148
f 141/141/141 14/14/14 148/148/148
f 15/15/15 16/16/16 155/155/155
f 148/148/148 155/155/155 156/156/156
f 148/148/148 156/156/156 149/149/149
f 155/155/155 148/148/148 15/15/15
f 16/16/16 17/17/17 162/162/162
f 155/155/155 162/162/162 163/163/163
f 155/155/155 163/163/163 156/156/156
f 162/162/162 155/155/155 16/16/16
f 17/17/17 18/18/18 169/169/169
f 162/162/162 169/169/169 45/45/45
f 163/163/163 45/45/45 170/170/170
f 164/164/164 170/170/170 171/171/171
f 164/164/164 171/171/171 165/165/165
f 165/165/165 158/158/158 157/157/157
f 165/165/165 157/157/157 164/164/164
f 166/166/166 165/165/165 171/171/171
f 166/166/166 171/171/171 172/172/172
f 172/172/172 173/173/173 167/167/167
f 172/172/172 167/167/167 166/166/166
f 176/176/176 172/172/172 171/171/171
f 176/176/176 171/171/171 175/175/175
f 179/179/179 176/176/176 175/175/175
f 51/51/51 175/175/175 50/50/50
f 51/51/51 179/179/179 175/175/175
f 51/51/51 183/183/183 179/179/179
f 51/51/51 182/182/182 183/183/183
f 51/51/51 52/52/52 182/182/182
f 182/182/182 52/52/52 53/53/53
f 187/187/187 53/53/53 54/54/54
f 186/186/186 54/54/54 55/55/55
f 56/56/56 186/186/186 55/55/55
f 56/56/56 39/39/39 186/186/186
f 186/186/186 39/39/39 38/38/38
f 37/37/37 186/186/186 38/38/38
f 37/37/37 36/36/36 186/186/186
f 186/186/186 36/36/36 187/187/187
f 54/54/54 186/186/186 187/187/187
f 19/19/19 41/41/41 18/18/18
f 19/19/19 40/40/40 41/41/41
f 19/19/19 21/21/21 40/40/40
f 41/41/41 42/42/42 18/18/18
f 18/18/18 42/42/42 169/169/169
f 169/169/169 42/42/42 43/43/43
f 44/44/44 169/169/169 43/43/43
f 44/44/44 45/45/45 169/169/169
f 45/45/45 46/46/46 170/170/170
f 170/170/170 46/46/46 47/47/47
f 48/48/48 170/170/170 47/47/47
f 48/48/48 171/171/171 170/170/170
f 48/48/48 49/49/49 171/171/171
f 171/171/171 49/49/49 175/175/175
f 175/175/175 49/49/49 50/50/50
f 187/187/187 36/36/36 35/35/35
f 191/191/191 35/35/35 34/34/34
f 33/33/33 191/191/191 34/34/34
f 33/33/33 192/192/192 191/191/191
f 33/33/33 195/195/195 192/192/192
f 33/33/33 199/199/199 195/195/195
f 33/33/33 198/198/198 199/199/199
f 33/33/33 32/32/32 198/198/198
f 198/198/198 32/32/32 31/31/31
f 30/30/30 29/29/29 77/77/77
f 77/77/77 29/29/29 28/28/28
f 27/27/27 77/77/77 28/28/28
f 27/27/27 68/68/68 77/77/77
f 27/27/27 26/26/26 65/65/65
f 67/67/67 27/27/27 65/65/65
f 57/57/57 178/178/178 181/181/181
f 57/57/57 126/126/126 133/133/133
f 57/57/57 73/73/73 72/72/72
f 57/57/57 201/201/201 73/73/73
f 57/57/57 197/197/197 201/201/201
f 57/57/57 194/194/194 197/197/197
f 57/57/57 190/190/190 194/194/194
f 57/57/57 185/185/185 190/190/190
f 57/57/57 181/181/181 185/185/185
f 57/57/57 174/174/174 178/178/178
f 57/57/57 168/168/168 174/174/174
f 57/57/57 161/161/161 168/168/168
f 57/57/57 154/154/154 161/161/161
f 57/57/57 147/147/147 154/154/154
f 57/57/57 140/140/140 147/147/147
f 57/57/57 133/133/133 140/140/140
f 57/57/57 119/119/119 126/126/126
f 57/57/57 112/112/112 119/119/119
f 57/57/57 105/105/105 112/112/112
f 57/57/57 98/98/98 105/105/105
f 57/57/57 91/91/91 98/98/98
f 57/57/57 84/84/84 91/91/91
f 78/78/78 58/58/58 4/4/4
f 79/79/79 59/59/59 58/58/58
f 80/80/80 60/60/60 59/59/59
f 81/81/81 61/61/61 60/60/60
f 82/82/82 62/62/62 61/61/61
f 11/11/11 120/120/120 113/113/113
f 113/113/113 120/120/120 121/121/121
f 113/113/113 121/121/121 114/114/114
f 120/120/120 127/127/127 128/128/128
f 120/120/120 128/128/128 121/121/121
f 121/121/121 128/128/128 129/129/129
f 121/121/121 129/129/129 122/122/122
f 122/122/122 115/115/115 114/114/114
f 122/122/122 114/114/114 121/121/121
f 123/123/123 122/122/122 129/129/129
f 123/123/123 129/129/129 130/130/130
f 130/130/130 131/131/131 124/124/124
f 130/130/130 124/124/124 123/123/123
f 137/137/137 130/130/130 129/129/129
f 137/137/137 129/129/129 136/136/136
f 136/136/136 143/143/143 144/144/144
f 136/136/136 144/144/144 137/137/137
f 135/135/135 142/142/142 143/143/143
f 135/135/135 143/143/143 136/136/136
f 142/142/142 149/149/149 150/150/150
f 142/142/142 150/150/150 143/143/143
f 149/149/149 156/156/156 157/157/157
f 149/149/149 157/157/157 150/150/150
f 156/156/156 163/163/163 164/164/164
f 156/156/156 164/164/164 157/157/157
f 170/170/170 164/164/164 163/163/163
f 66/66/66 65/65/65 2/2/2
f 58/58/58 66/66/66 3/3/3
f 59/59/59 67/67/67 66/66/66
f 60/60/60 68/68/68 67/67/67
f 70/70/70 71/71/71 74/74/74
f 70/70/70 74/74/74 75/75/75
f 63/63/63 71/71/71 70/70/70
f 62/62/62 70/70/70 69/69/69
f 71/71/71 72/72/72 73/73/73
f 71/71/71 73/73/73 74/74/74
f 64/64/64 72/72/72 71/71/71
f 74/74/74 73/73/73 201/201/201
f 74/74/74 201/201/201 200/200/200
f 200/200/200 199/199/199 75/75/75
f 200/200/200 75/75/75 74/74/74
f 196/196/196 200/200/200 201/201/201
f 196/196/196 201/201/201 197/197/197
f 193/193/193 194/194/194 190/190/190
f 193/193/193 190/190/190 189/189/189
f 189/189/189 188/188/188 192/192/192
f 189/189/189 192/192/192 193/193/193
f 184/184/184 189/189/189 190/190/190
f 184/184/184 190/190/190 185/185/185
f 180/180/180 181/181/181 178/178/178
f 180/180/180 178/178/178 177/177/177
f 177/177/177 176/176/176 179/179/179
f 177/177/177 179/179/179 180/180/180
f 173/173/173 177/177/177 178/178/178
f 173/173/173 178/178/178 174/174/174
f 167/167/167 168/168/168 161/161/161
f 167/167/167 161/161/161 160/160/160
f 160/160/160 159/159/159 166/166/166
f 160/160/160 166/166/166 167/167/167
f 153/153/153 160/160/160 161/161/161
f 153/153/153 161/161/161 154/154/154
f 146/146/146 147/147/147 140/140/140
f 146/146/146 140/140/140 139/139/139
f 139/139/139 138/138/138 145/145/145
f 139/139/139 145/145/145 146/146/146
f 132/132/132 139/139/139 140/140/140
f 132/132/132 140/140/140 133/133/133
f 125/125/125 126/126/126 119/119/119
f 125/125/125 119/119/119 118/118/118
f 118/118/118 117/117/117 124/124/124
f 118/118/118 124/124/124 125/125/125
f 111/111/111 118/118/118 119/119/119
f 111/111/111 119/119/119 112/112/112
f 104/104/104 105/105/105 98/98/98
f 104/104/104 98/98/98 97/97/97
f 97/97/97 96/96/96 103/103/103
f 97/97/97 103/103/103 104/104/104
f 90/90/90 97/97/97 98/98/98
f 90/90/90 98/98/98 91/91/91
f 83/83/83 84/84/84 64/64/64
f 83/83/83 90/90/90 91/91/91
f 83/83/83 91/91/91 84/84/84
f 82/82/82 89/89/89 90/90/90
f 82/82/82 90/90/90 83/83/83
f 81/81/81 88/88/88 89/89/89
f 81/81/81 89/89/89 82/82/82
f 80/80/80 87/87/87 88/88/88
f 80/80/80 88/88/88 81/81/81
f 79/79/79 86/86/86 87/87/87
f 79/79/79 87/87/87 80/80/80
f 86/86/86 93/93/93 94/94/94
f 86/86/86 94/94/94 87/87/87
f 93/93/93 100/100/100 101/101/101
f 93/93/93 101/101/101 94/94/94
f 100/100/100 107/107/107 108/108/108
f 100/100/100 108/108/108 101/101/101
f 107/107/107 114/114/114 115/115/115
f 107/107/107 115/115/115 108/108/108
f 108/108/108 115/115/115 116/116/116
f 108/108/108 116/116/116 109/109/109
f 109/109/109 102/102/102 101/101/101
f 109/109/109 101/101/101 108/108/108
f 110/110/110 109/109/109 116/116/116
f 110/110/110 116/116/116 117/117/117
f 111/111/111 110/110/110 117/117/117
f 111/111/111 117/117/117 118/118/118
f 104/104/104 111/111/111 112/112/112
f 104/104/104 112/112/112 105/105/105
f 103/103/103 110/110/110 111/111/111
f 103/103/103 111/111/111 104/104/104
f 102/102/102 103/103/103 96/96/96
f 102/102/102 96/96/96 95/95/95
f 95/95/95 94/94/94 101/101/101
f 95/95/95 101/101/101 102/102/102
f 88/88/88 95/95/95 96/96/96
f 88/88/88 96/96/96 89/89/89
f 87/87/87 94/94/94 95/95/95
f 87/87/87 95/95/95 88/88/88
f 64/64/64 84/84/84 57/57/57
f 90/90/90 89/89/89 96/96/96
f 90/90/90 96/96/96 97/97/97
f 103/103/103 102/102/102 109/109/109
f 103/103/103 109/109/109 110/110/110
f 116/116/116 115/115/115 122/122/122
f 116/116/116 122/122/122 123/123/123
f 117/117/117 116/116/116 123/123/123
f 117/117/117 123/123/123 124/124/124
f 125/125/125 124/124/124 131/131/131
f 125/125/125 131/131/131 132/132/132
f 126/126/126 125/125/125 132/132/132
f 126/126/126 132/132/132 133/133/133
f 131/131/131 130/130/130 137/137/137
f 131/131/131 137/137/137 138/138/138
f 132/132/132 131/131/131 138/138/138
f 132/132/132 138/138/138 139/139/139
f 138/138/138 137/137/137 144/144/144
f 138/138/138 144/144/144 145/145/145
f 145/145/145 144/144/144 151/151/151
f 145/145/145 151/151/151 152/152/152
f 152/152/152 153/153/153 146/146/146
f 152/152/152 146/146/146 145/145/145
f 159/159/159 152/152/152 151/151/151
f 159/159/159 151/151/151 158/158/158
f 166/166/166 159/159/159 158/158/158
f 166/166/166 158/158/158 165/165/165
f 144/144/144 143/143/143 150/150/150
f 144/144/144 150/150/150 151/151/151
f 151/151/151 150/150/150 157/157/157
f 151/151/151 157/157/157 158/158/158
f 147/147/147 146/146/146 153/153/153
f 147/147/147 153/153/153 154/154/154
f 153/153/153 152/152/152 159/159/159
f 153/153/153 159/159/159 160/160/160
f 169/169/169 162/162/162 17/17/17
f 45/45/45 163/163/163 162/162/162
f 168/168/168 167/167/167 173/173/173
f 168/168/168 173/173/173 174/174/174
f 173/173/173 172/172/172 176/176/176
f 173/173/173 176/176/176 177/177/177
f 180/180/180 179/179/179 183/183/183
f 180/180/180 183/183/183 184/184/184
f 181/181/181 180/180/180 184/184/184
f 181/181/181 184/184/184 185/185/185
f 183/183/183 182/182/182 187/187/187
f 183/183/183 187/187/187 188/188/188
f 184/184/184 183/183/183 188/188/188
f 184/184/184 188/188/188 189/189/189
f 188/188/188 187/187/187 191/191/191
f 188/188/188 191/191/191 192/192/192
f 187/187/187 35/35/35 191/191/191
f 182/182/182 53/53/53 187/187/187
f 193/193/193 192/192/192 195/195/195
f 193/193/193 195/195/195 196/196/196
f 194/194/194 193/193/193 196/196/196
f 194/194/194 196/196/196 197/197/197
f 196/196/196 195/195/195 199/199/199
f 196/196/196 199/199/199 200/200/200
f 220/220/220 218/218/218 219/219/219
f 220/220/220 217/217/217 218/218/218
f 220/220/220 221/221/221 217/217/217
f 217/217/217 221/221/221 216/216/216
f 216/216/216 221/221/221 247/247/247
f 215/215/215 247/247/247 214/214/214
f 215/215/215 216/216/216 247/247/247
f 221/221/221 222/222/222 248/248/248
f 247/247/247 248/248/248 249/249/249
f 213/213/213 249/249/249 250/250/250
f 259/259/259 250/250/250 251/251/251
f 259/259/259 251/251/251 258/258/258
f 258/258/258 210/210/210 259/259/259
f 258/258/258 209/209/209 210/210/210
f 258/258/258 380/380/380 209/209/209
f 258/258/258 257/257/257 381/381/381
f 258/258/258 381/381/381 380/380/380
f 251/251/251 252/252/252 257/257/257
f 251/251/251 257/257/257 258/258/258
f 251/251/251 243/243/243 244/244/244
f 252/252/252 244/244/244 245/245/245
f 253/253/253 245/245/245 246/246/246
f 254/254/254 246/246/246 239/239/239
f 248/248/248 222/222/222 223/223/223
f 240/240/240 223/223/223 260/260/260
f 261/261/261 260/260/260 267/267/267
f 261/261/261 267/267/267 268/268/268
f 268/268/268 269/269/269 262/262/262
f 268/268/268 262/262/262 261/261/261
f 275/275/275 268/268/268 267/267/267
f 275/275/275 267/267/267 274/274/274
f 274/274/274 281/281/281 282/282/282
f 274/274/274 282/282/282 275/275/275
f 225/225/225 226/226/226 274/274/274
f 267/267/267 225/225/225 274/274/274
f 267/267/267 224/224/224 225/225/225
f 267/267/267 260/260/260 224/224/224
f 224/224/224 260/260/260 223/223/223
f 226/226/226 227/227/227 281/281/281
f 274/274/274 226/226/226 281/281/281
f 227/227/227 228/228/228 288/288/288
f 281/281/281 288/288/288 289/289/289
f 281/281/281 289/289/289 282/282/282
f 288/288/288 281/281/281 227/227/227
f 228/228/228 229/229/229 295/295/295
f 288/288/288 295/295/295 296/296/296
f 288/288/288 296/296/296 289/289/289
f 295/295/295 288/288/288 228/228/228
f 229/229/229 230/230/230 302/302/302
f 295/295/295 302/302/302 303/303/303
f 295/295/295 303/303/303 296/296/296
f 302/302/302 295/295/295 229/229/229
f 230/230/230 231/231/231 309/309/309
f 302/302/302 309/309/309 310/310/310
f 302/302/302 310/310/310 303/303/303
f 309/309/309 302/302/302 230/230/230
f 309/309/309 231/231/231 232/232/232
f 316/316/316 232/232/232 233/233/233
f 323/323/323 233/233/233 330/330/330
f 331/331/331 330/330/330 337/337/337
f 331/331/331 337/337/337 338/338/338
f 338/338/338 339/339/339 332/332/332
f 338/338/338 332/332/332 331/331/331
f 345/345/345 338/338/338 337/337/337
f 345/345/345 337/337/337 344/344/344
f 345/345/345 344/344/344 351/351/351
f 27/27/27 351/351/351 26/26/26
f 27/27/27 345/345/345 351/351/351
f 27/27/27 346/346/346 345/345/345
f 27/27/27 352/352/352 346/346/346
f 27/27/27 28/28/28 352/352/352
f 352/352/352 28/28/28 29/29/29
f 30/30/30 352/352/352 29/29/29
f 30/30/30 353/353/353 352/352/352
f 30/30/30 31/31/31 353/353/353
f 353/353/353 31/31/31 357/357/357
f 358/358/358 357/357/357 33/33/33
f 361/361/361 33/33/33 365/365/365
f 366/366/366 365/365/365 370/370/370
f 366/366/366 370/370/370 371/371/371
f 371/371/371 372/372/372 367/367/367
f 371/371/371 367/367/367 366/366/366
f 375/375/375 371/371/371 370/370/370
f 375/375/375 370/370/370 374/374/374
f 374/374/374 377/377/377 378/378/378
f 374/374/374 378/378/378 375/375/375
f 374/374/374 373/373/373 207/207/207
f 377/377/377 207/207/207 381/381/381
f 382/382/382 381/381/381 257/257/257
f 382/382/382 257/257/257 256/256/256
f 256/256/256 255/255/255 383/383/383
f 256/256/256 383/383/383 382/382/382
f 253/253/253 256/256/256 257/257/257
f 253/253/253 257/257/257 252/252/252
f 245/245/245 253/253/253 252/252/252
f 233/233/233 234/234/234 330/330/330
f 330/330/330 234/234/234 235/235/235
f 337/337/337 235/235/235 236/236/236
f 344/344/344 236/236/236 237/237/237
f 351/351/351 237/237/237 24/24/24
f 25/25/25 351/351/351 24/24/24
f 25/25/25 26/26/26 351/351/351
f 238/238/238 23/23/23 237/237/237
f 238/238/238 22/22/22 23/23/23
f 238/238/238 20/20/20 22/22/22
f 23/23/23 24/24/24 237/237/237
f 32/32/32 357/357/357 31/31/31
f 32/32/32 33/33/33 357/357/357
f 33/33/33 34/34/34 364/364/364
f 365/365/365 364/364/364 369/369/369
f 365/365/365 369/369/369 370/370/370
f 33/33/33 364/364/364 365/365/365
f 35/35/35 364/364/364 34/34/34
f 35/35/35 369/369/369 364/364/364
f 35/35/35 36/36/36 369/369/369
f 369/369/369 36/36/36 368/368/368
f 204/204/204 368/368/368 203/203/203
f 204/204/204 369/369/369 368/368/368
f 204/204/204 205/205/205 369/369/369
f 369/369/369 205/205/205 373/373/373
f 374/374/374 370/370/370 369/369/369
f 374/374/374 369/369/369 373/373/373
f 36/36/36 37/37/37 368/368/368
f 368/368/368 37/37/37 38/38/38
f 39/39/39 368/368/368 38/38/38
f 39/39/39 202/202/202 368/368/368
f 368/368/368 202/202/202 203/203/203
f 206/206/206 373/373/373 205/205/205
f 206/206/206 207/207/207 373/373/373
f 207/207/207 208/208/208 380/380/380
f 381/381/381 207/207/207 380/380/380
f 209/209/209 380/380/380 208/208/208
f 210/210/210 211/211/211 259/259/259
f 259/259/259 211/211/211 212/212/212
f 213/213/213 259/259/259 212/212/212
f 213/213/213 250/250/250 259/259/259
f 213/213/213 214/214/214 247/247/247
f 249/249/249 213/213/213 247/247/247
f 223/223/223 240/240/240 248/248/248
f 248/248/248 240/240/240 241/241/241
f 249/249/249 241/241/241 242/242/242
f 250/250/250 242/242/242 243/243/243
f 251/251/251 250/250/250 243/243/243
f 239/239/239 360/360/360 363/363/363
f 239/239/239 308/308/308 315/315/315
f 239/239/239 255/255/255 254/254/254
f 239/239/239 383/383/383 255/255/255
f 239/239/239 379/379/379 383/383/383
f 239/239/239 376/376/376 379/379/379
f 239/239/239 372/372/372 376/376/376
f 239/239/239 367/367/367 372/372/372
f 239/239/239 363/363/363 367/367/367
f 239/239/239 356/356/356 360/360/360
f 239/239/239 350/350/350 356/356/356
f 239/239/239 343/343/343 350/350/350
f 239/239/239 336/336/336 343/343/343
f 239/239/239 329/329/329 336/336/336
f 239/239/239 322/322/322 329/329/329
f 239/239/239 315/315/315 322/322/322
f 239/239/239 301/301/301 308/308/308
f 239/239/239 294/294/294 301/301/301
f 239/239/239 287/287/287 294/294/294
f 239/239/239 280/280/280 287/287/287
f 239/239/239 273/273/273 280/280/280
f 239/239/239 266/266/266 273/273/273
f 261/261/261 241/241/241 240/240/240
f 260/260/260 261/261/261 240/240/240
f 262/262/262 242/242/242 241/241/241
f 261/261/261 262/262/262 241/241/241
f 263/263/263 243/243/243 242/242/242
f 262/262/262 263/263/263 242/242/242
f 262/262/262 269/269/269 270/270/270
f 262/262/262 270/270/270 263/263/263
f 269/269/269 276/276/276 277/277/277
f 269/269/269 277/277/277 270/270/270
f 268/268/268 275/275/275 276/276/276
f 268/268/268 276/276/276 269/269/269
f 275/275/275 282/282/282 283/283/283
f 275/275/275 283/283/283 276/276/276
f 282/282/282 289/289/289 290/290/290
f 282/282/282 290/290/290 283/283/283
f 289/289/289 296/296/296 297/297/297
f 289/289/289 297/297/297 290/290/290
f 296/296/296 303/303/303 304/304/304
f 296/296/296 304/304/304 297/297/297
f 303/303/303 310/310/310 311/311/311
f 303/303/303 311/311/311 304/304/304
f 310/310/310 317/317/317 318/318/318
f 310/310/310 318/318/318 311/311/311
f 309/309/309 316/316/316 317/317/317
f 309/309/309 317/317/317 310/310/310
f 232/232/232 316/316/316 309/309/309
f 264/264/264 244/244/244 243/243/243
f 263/263/263 264/264/264 243/243/243
f 263/263/263 270/270/270 271/271/271
f 263/263/263 271/271/271 264/264/264
f 270/270/270 277/277/277 278/278/278
f 270/270/270 278/278/278 271/271/271
f 277/277/277 284/284/284 285/285/285
f 277/277/277 285/285/285 278/278/278
f 276/276/276 283/283/283 284/284/284
f 276/276/276 284/284/284 277/277/277
f 283/283/283 290/290/290 291/291/291
f 283/283/283 291/291/291 284/284/284
f 290/290/290 297/297/297 298/298/298
f 290/290/290 298/298/298 291/291/291
f 297/297/297 304/304/304 305/305/305
f 297/297/297 305/305/305 298/298/298
f 304/304/304 311/311/311 312/312/312
f 304/304/304 312/312/312 305/305/305
f 311/311/311 318/318/318 319/319/319
f 311/311/311 319/319/319 312/312/312
f 318/318/318 325/325/325 326/326/326
f 318/318/318 326/326/326 319/319/319
f 317/317/317 324/324/324 325/325/325
f 317/317/317 325/325/325 318/318/318
f 316/316/316 323/323/323 324/324/324
f 316/316/316 324/324/324 317/317/317
f 233/233/233 323/323/323 316/316/316
f 265/265/265 245/245/245 244/244/244
f 264/264/264 265/265/265 244/244/244
f 264/264/264 271/271/271 272/272/272
f 264/264/264 272/272/272 265/265/265
f 271/271/271 278/278/278 279/279/279
f 271/271/271 279/279/279 272/272/272
f 278/278/278 285/285/285 286/286/286
f 278/278/278 286/286/286 279/279/279
f 285/285/285 292/292/292 293/293/293
f 285/285/285 293/293/293 286/286/286
f 284/284/284 291/291/291 292/292/292
f 284/284/284 292/292/292 285/285/285
f 291/291/291 298/298/298 299/299/299
f 291/291/291 299/299/299 292/292/292
f 298/298/298 305/305/305 306/306/306
f 298/298/298 306/306/306 299/299/299
f 305/305/305 312/312/312 313/313/313
f 305/305/305 313/313/313 306/306/306
f 312/312/312 319/319/319 320/320/320
f 312/312/312 320/320/320 313/313/313
f 319/319/319 326/326/326 327/327/327
f 319/319/319 327/327/327 320/320/320
f 326/326/326 333/333/333 334/334/334
f 326/326/326 334/334/334 327/327/327
f 325/325/325 332/332/332 333/333/333
f 325/325/325 333/333/333 326/326/326
f 324/324/324 331/331/331 332/332/332
f 324/324/324 332/332/332 325/325/325
f 323/323/323 330/330/330 331/331/331
f 323/323/323 331/331/331 324/324/324
f 246/246/246 245/245/245 265/265/265
f 266/266/266 265/265/265 272/272/272
f 266/266/266 272/272/272 273/273/273
f 246/246/246 266/266/266 239/239/239
f 246/246/246 265/265/265 266/266/266
f 207/207/207 377/377/377 374/374/374
f 33/33/33 361/361/361 358/358/358
f 358/358/358 361/361/361 362/362/362
f 358/358/358 362/362/362 359/359/359
f 359/359/359 355/355/355 354/354/354
f 359/359/359 354/354/354 358/358/358
f 360/360/360 359/359/359 362/362/362
f 360/360/360 362/362/362 363/363/363
f 356/356/356 355/355/355 359/359/359
f 356/356/356 359/359/359 360/360/360
f 350/350/350 349/349/349 355/355/355
f 350/350/350 355/355/355 356/356/356
f 343/343/343 342/342/342 349/349/349
f 343/343/343 349/349/349 350/350/350
f 336/336/336 335/335/335 342/342/342
f 336/336/336 342/342/342 343/343/343
f 329/329/329 328/328/328 335/335/335
f 329/329/329 335/335/335 336/336/336
f 322/322/322 321/321/321 328/328/328
f 322/322/322 328/328/328 329/329/329
f 315/315/315 314/314/314 321/321/321
f 315/315/315 321/321/321 322/322/322
f 308/308/308 307/307/307 314/314/314
f 308/308/308 314/314/314 315/315/315
f 301/301/301 300/300/300 307/307/307
f 301/301/301 307/307/307 308/308/308
f 294/294/294 293/293/293 300/300/300
f 294/294/294 300/300/300 301/301/301
f 287/287/287 286/286/286 293/293/293
f 287/287/287 293/293/293 294/294/294
f 280/280/280 279/279/279 286/286/286
f 280/280/280 286/286/286 287/287/287
f 273/273/273 272/272/272 279/279/279
f 273/273/273 279/279/279 280/280/280
f 237/237/237 351/351/351 344/344/344
f 236/236/236 344/344/344 337/337/337
f 235/235/235 337/337/337 330/330/330
f 248/248/248 247/247/247 221/221/221
f 241/241/241 249/249/249 248/248/248
f 242/242/242 250/250/250 249/249/249
f 244/244/244 252/252/252 251/251/251
f 253/253/253 254/254/254 255/255/255
f 253/253/253 255/255/255 256/256/256
f 246/246/246 254/254/254 253/253/253
f 293/293/293 292/292/292 299/299/299
f 293/293/293 299/299/299 300/300/300
f 300/300/300 299/299/299 306/306/306
f 300/300/300 306/306/306 307/307/307
f 307/307/307 306/306/306 313/313/313
f 307/307/307 313/313/313 314/314/314
f 314/314/314 313/313/313 320/320/320
f 314/314/314 320/320/320 321/321/321
f 321/321/321 320/320/320 327/327/327
f 321/321/321 327/327/327 328/328/328
f 328/328/328 327/327/327 334/334/334
f 328/328/328 334/334/334 335/335/335
f 335/335/335 334/334/334 341/341/341
f 335/335/335 341/341/341 342/342/342
f 334/334/334 333/333/333 340/340/340
f 334/334/334 340/340/340 341/341/341
f 333/333/333 332/332/332 339/339/339
f 333/333/333 339/339/339 340/340/340
f 340/340/340 339/339/339 346/346/346
f 340/340/340 346/346/346 347/347/347
f 347/347/347 348/348/348 341/341/341
f 347/347/347 341/341/341 340/340/340
f 353/353/353 347/347/347 346/346/346
f 353/353/353 346/346/346 352/352/352
f 354/354/354 353/353/353 357/357/357
f 354/354/354 357/357/357 358/358/358
f 348/348/348 354/354/354 355/355/355
f 348/348/348 355/355/355 349/349/349
f 341/341/341 348/348/348 349/349/349
f 341/341/341 349/349/349 342/342/342
f 339/339/339 338/338/338 345/345/345
f 339/339/339 345/345/345 346/346/346
f 348/348/348 347/347/347 353/353/353
f 348/348/348 353/353/353 354/354/354
f 362/362/362 361/361/361 365/365/365
f 362/362/362 365/365/365 366/366/366
f 363/363/363 362/362/362 366/366/366
f 363/363/363 366/366/366 367/367/367
f 372/372/372 371/371/371 375/375/375
f 372/372/372 375/375/375 376/376/376
f 376/376/376 375/375/375 378/378/378
f 376/376/376 378/378/378 379/379/379
f 379/379/379 378/378/378 382/382/382
f 379/379/379 382/382/382 383/383/383
f 378/378/378 377/377/377 381/381/381
f 378/378/378 381/381/381 382/382/382
f 384/384/384 40/40/40 21/21/21
f 384/384/384 41/41/41 40/40/40
f 384/384/384 385/385/385 41/41/41
f 41/41/41 385/385/385 42/42/42
f 42/42/42 385/385/385 411/411/411
f 43/43/43 411/411/411 44/44/44
f 43/43/43 42/42/42 411/411/411
f 385/385/385 386/386/386 412/412/412
f 411/411/411 412/412/412 413/413/413
f 45/45/45 413/413/413 414/414/414
f 423/423/423 414/414/414 415/415/415
f 423/423/423 415/415/415 422/422/422
f 422/422/422 48/48/48 423/423/423
f 422/422/422 49/49/49 48/48/48
f 422/422/422 544/544/544 49/49/49
f 422/422/422 421/421/421 545/545/545
f 422/422/422 545/545/545 544/544/544
f 415/415/415 416/416/416 421/421/421
f 415/415/415 421/421/421 422/422/422
f 415/415/415 407/407/407 408/408/408
f 416/416/416 408/408/408 409/409/409
f 417/417/417 409/409/409 410/410/410
f 418/418/418 410/410/410 403/403/403
f 386/386/386 387/387/387 404/404/404
f 412/412/412 404/404/404 405/405/405
f 413/413/413 405/405/405 406/406/406
f 414/414/414 406/406/406 407/407/407
f 415/415/415 414/414/414 407/407/407
f 387/387/387 388/388/388 424/424/424
f 404/404/404 424/424/424 425/425/425
f 405/405/405 425/425/425 426/426/426
f 406/406/406 426/426/426 427/427/427
f 407/407/407 427/427/427 408/408/408
f 407/407/407 406/406/406 427/427/427
f 424/424/424 388/388/388 389/389/389
f 431/431/431 389/389/389 438/438/438
f 439/439/439 438/438/438 445/445/445
f 439/439/439 445/445/445 446/446/446
f 446/446/446 447/447/447 440/440/440
f 446/446/446 440/440/440 439/439/439
f 453/453/453 446/446/446 445/445/445
f 453/453/453 445/445/445 452/452/452
f 452/452/452 459/459/459 460/460/460
f 452/452/452 460/460/460 453/453/453
f 452/452/452 392/392/392 393/393/393
f 459/459/459 393/393/393 466/466/466
f 467/467/467 466/466/466 473/473/473
f 467/467/467 473/473/473 474/474/474
f 474/474/474 475/475/475 468/468/468
f 474/474/474 468/468/468 467/467/467
f 481/481/481 474/474/474 473/473/473
f 481/481/481 473/473/473 480/480/480
f 480/480/480 487/487/487 488/488/488
f 480/480/480 488/488/488 481/481/481
f 395/395/395 396/396/396 480/480/480
f 473/473/473 395/395/395 480/480/480
f 473/473/473 394/394/394 395/395/395
f 473/473/473 466/466/466 394/394/394
f 394/394/394 466/466/466 393/393/393
f 389/389/389 390/390/390 438/438/438
f 438/438/438 390/390/390 391/391/391
f 445/445/445 391/391/391 452/452/452
f 445/445/445 438/438/438 391/391/391
f 391/391/391 392/392/392 452/452/452
f 396/396/396 397/397/397 487/487/487
f 480/480/480 396/396/396 487/487/487
f 487/487/487 397/397/397 398/398/398
f 494/494/494 398/398/398 399/399/399
f 501/501/501 399/399/399 400/400/400
f 508/508/508 400/400/400 401/401/401
f 515/515/515 401/401/401 216/216/216
f 215/215/215 515/515/515 216/216/216
f 215/215/215 214/214/214 515/515/515
f 515/515/515 214/214/214 213/213/213
f 508/508/508 213/213/213 509/509/509
f 502/502/502 509/509/509 510/510/510
f 502/502/502 510/510/510 503/503/503
f 503/503/503 496/496/496 495/495/495
f 503/503/503 495/495/495 502/502/502
f 504/504/504 503/503/503 510/510/510
f 504/504/504 510/510/510 511/511/511
f 511/511/511 512/512/512 505/505/505
f 511/511/511 505/505/505 504/504/504
f 517/517/517 511/511/511 510/510/510
f 517/517/517 510/510/510 516/516/516
f 516/516/516 210/210/210 517/517/517
f 516/516/516 211/211/211 210/210/210
f 516/516/516 212/212/212 211/211/211
f 516/516/516 213/213/213 212/212/212
f 516/516/516 510/510/510 213/213/213
f 213/213/213 510/510/510 509/509/509
f 402/402/402 217/217/217 401/401/401
f 402/402/402 218/218/218 217/217/217
f 402/402/402 219/219/219 218/218/218
f 217/217/217 216/216/216 401/401/401
f 517/517/517 210/210/210 209/209/209
f 521/521/521 209/209/209 208/208/208
f 207/207/207 521/521/521 208/208/208
f 207/207/207 522/522/522 521/521/521
f 207/207/207 525/525/525 522/522/522
f 207/207/207 529/529/529 525/525/525
f 207/207/207 528/528/528 529/529/529
f 207/207/207 206/206/206 528/528/528
f 528/528/528 206/206/206 205/205/205
f 533/533/533 205/205/205 204/204/204
f 532/532/532 204/204/204 203/203/203
f 202/202/202 532/532/532 203/203/203
f 202/202/202 39/39/39 532/532/532
f 532/532/532 39/39/39 56/56/56
f 55/55/55 532/532/532 56/56/56
f 55/55/55 54/54/54 532/532/532
f 532/532/532 54/54/54 533/533/533
f 204/204/204 532/532/532 533/533/533
f 533/533/533 54/54/54 53/53/53
f 537/537/537 53/53/53 52/52/52
f 51/51/51 537/537/537 52/52/52
f 51/51/51 541/541/541 537/537/537
f 51/51/51 545/545/545 541/541/541
f 51/51/51 544/544/544 545/545/545
f 51/51/51 50/50/50 544/544/544
f 544/544/544 50/50/50 49/49/49
f 48/48/48 47/47/47 423/423/423
f 423/423/423 47/47/47 46/46/46
f 45/45/45 423/423/423 46/46/46
f 45/45/45 414/414/414 423/423/423
f 45/45/45 44/44/44 411/411/411
f 413/413/413 45/45/45 411/411/411
f 403/403/403 524/524/524 527/527/527
f 403/403/403 472/472/472 479/479/479
f 403/403/403 419/419/419 418/418/418
f 403/403/403 547/547/547 419/419/419
f 403/403/403 543/543/543 547/547/547
f 403/403/403 540/540/540 543/543/543
f 403/403/403 536/536/536 540/540/540
f 403/403/403 531/531/531 536/536/536
f 403/403/403 527/527/527 531/531/531
f 403/403/403 520/520/520 524/524/524
f 403/403/403 514/514/514 520/520/520
f 403/403/403 507/507/507 514/514/514
f 403/403/403 500/500/500 507/507/507
f 403/403/403 493/493/493 500/500/500
f 403/403/403 486/486/486 493/493/493
f 403/403/403 479/479/479 486/486/486
f 403/403/403 465/465/465 472/472/472
f 403/403/403 458/458/458 465/465/465
f 403/403/403 451/451/451 458/458/458
f 403/403/403 444/444/444 451/451/451
f 403/403/403 437/437/437 444/444/444
f 403/403/403 430/430/430 437/437/437
f 424/424/424 404/404/404 387/387/387
f 425/425/425 405/405/405 404/404/404
f 426/426/426 406/406/406 405/405/405
f 429/429/429 409/409/409 408/408/408
f 428/428/428 408/408/408 427/427/427
f 434/434/434 427/427/427 426/426/426
f 434/434/434 426/426/426 433/433/433
f 433/433/433 440/440/440 441/441/441
f 433/433/433 441/441/441 434/434/434
f 432/432/432 433/433/433 426/426/426
f 432/432/432 426/426/426 425/425/425
f 389/389/389 431/431/431 424/424/424
f 424/424/424 431/431/431 432/432/432
f 424/424/424 432/432/432 425/425/425
f 431/431/431 438/438/438 439/439/439
f 431/431/431 439/439/439 432/432/432
f 432/432/432 439/439/439 440/440/440
f 432/432/432 440/440/440 433/433/433
f 410/410/410 409/409/409 429/429/429
f 430/430/430 429/429/429 436/436/436
f 430/430/430 436/436/436 437/437/437
f 410/410/410 430/430/430 403/403/403
f 410/410/410 429/429/429 430/430/430
f 401/401/401 515/515/515 508/508/508
f 508/508/508 515/515/515 213/213/213
f 400/400/400 508/508/508 501/501/501
f 501/501/501 508/508/508 509/509/509
f 501/501/501 509/509/509 502/502/502
f 494/494/494 495/495/495 488/488/488
f 494/494/494 488/488/488 487/487/487
f 398/398/398 494/494/494 487/487/487
f 399/399/399 501/501/501 494/494/494
f 494/494/494 501/501/501 502/502/502
f 494/494/494 502/502/502 495/495/495
f 393/393/393 459/459/459 452/452/452
f 412/412/412 411/411/411 385/385/385
f 404/404/404 412/412/412 386/386/386
f 405/405/405 413/413/413 412/412/412
f 406/406/406 414/414/414 413/413/413
f 416/416/416 417/417/417 420/420/420
f 416/416/416 420/420/420 421/421/421
f 409/409/409 417/417/417 416/416/416
f 408/408/408 416/416/416 415/415/415
f 417/417/417 418/418/418 419/419/419
f 417/417/417 419/419/419 420/420/420
f 410/410/410 418/418/418 417/417/417
f 420/420/420 419/419/419 547/547/547
f 420/420/420 547/547/547 546/546/546
f 546/546/546 545/545/545 421/421/421
f 546/546/546 421/421/421 420/420/420
f 542/542/542 546/546/546 547/547/547
f 542/542/542 547/547/547 543/543/543
f 539/539/539 540/540/540 536/536/536
f 539/539/539 536/536/536 535/535/535
f 535/535/535 534/534/534 538/538/538
f 535/535/535 538/538/538 539/539/539
f 530/530/530 535/535/535 536/536/536
f 530/530/530 536/536/536 531/531/531
f 526/526/526 527/527/527 524/524/524
f 526/526/526 524/524/524 523/523/523
f 523/523/523 522/522/522 525/525/525
f 523/523/523 525/525/525 526/526/526
f 519/519/519 523/523/523 524/524/524
f 519/519/519 524/524/524 520/520/520
f 513/513/513 514/514/514 507/507/507
f 513/513/513 507/507/507 506/506/506
f 506/506/506 505/505/505 512/512/512
f 506/506/506 512/512/512 513/513/513
f 499/499/499 506/506/506 507/507/507
f 499/499/499 507/507/507 500/500/500
f 492/492/492 493/493/493 486/486/486
f 492/492/492 486/486/486 485/485/485
f 485/485/485 484/484/484 491/491/491
f 485/485/485 491/491/491 492/492/492
f 478/478/478 485/485/485 486/486/486
f 478/478/478 486/486/486 479/479/479
f 471/471/471 472/472/472 465/465/465
f 471/471/471 465/465/465 464/464/464
f 464/464/464 463/463/463 470/470/470
f 464/464/464 470/470/470 471/471/471
f 457/457/457 464/464/464 465/465/465
f 457/457/457 465/465/465 458/458/458
f 450/450/450 451/451/451 444/444/444
f 450/450/450 444/444/444 443/443/443
f 443/443/443 442/442/442 449/449/449
f 443/443/443 449/449/449 450/450/450
f 436/436/436 443/443/443 444/444/444
f 436/436/436 444/444/444 437/437/437
f 435/435/435 436/436/436 429/429/429
f 435/435/435 429/429/429 428/428/428
f 434/434/434 435/435/435 428/428/428
f 434/434/434 428/428/428 427/427/427
f 441/441/441 442/442/442 435/435/435
f 441/441/441 435/435/435 434/434/434
f 448/448/448 441/441/441 440/440/440
f 448/448/448 440/440/440 447/447/447
f 447/447/447 454/454/454 455/455/455
f 447/447/447 455/455/455 448/448/448
f 446/446/446 453/453/453 454/454/454
f 446/446/446 454/454/454 447/447/447
f 453/453/453 460/460/460 461/461/461
f 453/453/453 461/461/461 454/454/454
f 460/460/460 467/467/467 468/468/468
f 460/460/460 468/468/468 461/461/461
f 459/459/459 466/466/466 467/467/467
f 459/459/459 467/467/467 460/460/460
f 408/408/408 428/428/428 429/429/429
f 436/436/436 435/435/435 442/442/442
f 436/436/436 442/442/442 443/443/443
f 442/442/442 441/441/441 448/448/448
f 442/442/442 448/448/448 449/449/449
f 449/449/449 448/448/448 455/455/455
f 449/449/449 455/455/455 456/456/456
f 456/456/456 457/457/457 450/450/450
f 456/456/456 450/450/450 449/449/449
f 463/463/463 456/456/456 455/455/455
f 463/463/463 455/455/455 462/462/462
f 462/462/462 469/469/469 470/470/470
f 462/462/462 470/470/470 463/463/463
f 461/461/461 462/462/462 455/455/455
f 461/461/461 455/455/455 454/454/454
f 468/468/468 469/469/469 462/462/462
f 468/468/468 462/462/462 461/461/461
f 475/475/475 476/476/476 469/469/469
f 475/475/475 469/469/469 468/468/468
f 482/482/482 475/475/475 474/474/474
f 482/482/482 474/474/474 481/481/481
f 489/489/489 488/488/488 495/495/495
f 489/489/489 495/495/495 496/496/496
f 496/496/496 497/497/497 490/490/490
f 496/496/496 490/490/490 489/489/489
f 503/503/503 504/504/504 497/497/497
f 503/503/503 497/497/497 496/496/496
f 504/504/504 505/505/505 498/498/498
f 504/504/504 498/498/498 497/497/497
f 505/505/505 506/506/506 499/499/499
f 505/505/505 499/499/499 498/498/498
f 498/498/498 499/499/499 492/492/492
f 498/498/498 492/492/492 491/491/491
f 491/491/491 490/490/490 497/497/497
f 491/491/491 497/497/497 498/498/498
f 484/484/484 483/483/483 490/490/490
f 484/484/484 490/490/490 491/491/491
f 477/477/477 484/484/484 485/485/485
f 477/477/477 485/485/485 478/478/478
f 478/478/478 471/471/471 470/470/470
f 478/478/478 470/470/470 477/477/477
f 479/479/479 472/472/472 471/471/471
f 479/479/479 471/471/471 478/478/478
f 451/451/451 450/450/450 457/457/457
f 451/451/451 457/457/457 458/458/458
f 457/457/457 456/456/456 463/463/463
f 457/457/457 463/463/463 464/464/464
f 470/470/470 469/469/469 476/476/476
f 470/470/470 476/476/476 477/477/477
f 477/477/477 476/476/476 483/483/483
f 477/477/477 483/483/483 484/484/484
f 476/476/476 475/475/475 482/482/482
f 476/476/476 482/482/482 483/483/483
f 483/483/483 482/482/482 489/489/489
f 483/483/483 489/489/489 490/490/490
f 482/482/482 481/481/481 488/488/488
f 482/482/482 488/488/488 489/489/489
f 493/493/493 492/492/492 499/499/499
f 493/493/493 499/499/499 500/500/500
f 512/512/512 511/511/511 517/517/517
f 512/512/512 517/517/517 518/518/518
f 518/518/518 519/519/519 513/513/513
f 518/518/518 513/513/513 512/512/512
f 522/522/522 518/518/518 517/517/517
f 522/522/522 517/517/517 521/521/521
f 523/523/523 519/519/519 518/518/518
f 523/523/523 518/518/518 522/522/522
f 514/514/514 513/513/513 519/519/519
f 514/514/514 519/519/519 520/520/520
f 517/517/517 209/209/209 521/521/521
f 526/526/526 525/525/525 529/529/529
f 526/526/526 529/529/529 530/530/530
f 527/527/527 526/526/526 530/530/530
f 527/527/527 530/530/530 531/531/531
f 529/529/529 528/528/528 533/533/533
f 529/529/529 533/533/533 534/534/534
f 530/530/530 529/529/529 534/534/534
f 530/530/530 534/534/534 535/535/535
f 534/534/534 533/533/533 537/537/537
f 534/534/534 537/537/537 538/538/538
f 533/533/533 53/53/53 537/537/537
f 528/528/528 205/205/205 533/533/533
f 541/541/541 538/538/538 537/537/537
f 541/541/541 542/542/542 539/539/539
f 541/541/541 539/539/539 538/538/538
f 545/545/545 546/546/546 542/542/542
f 545/545/545 542/542/542 541/541/541
f 540/540/540 539/539/539 542/542/542
f 540/540/540 542/542/542 543/543/543
