#usda 1.0

def "Cow_dABF"
{
    def Mesh "Cow_dABF"
    {
        int[] faceVertexCounts = [3, 3, 3, 3, 3, 3, 3, 3, 3, 3, 3, 3, 3, 3, 3, 3, 3, 3, 3, 3, 3, 3, 3, 3, 3, 3, 3, 3, 3, 3, 3, 3, 3, 3, 3, 3, 3, 3, 3, 3, 3, 3, 3, 3, 3, 3, 3, 3, 3, 3, 3, 3, 3, 3, 3, 3, 3, 3, 3, 3, 3, 3, 3, 3, 3, 3, 3, 3, 3, 3, 3, 3, 3, 3, 3, 3, 3, 3, 3, 3, 3, 3, 3, 3, 3, 3, 3, 3, 3, 3, 3, 3, 3, 3, 3, 3, 3, 3, 3, 3, 3, 3, 3, 3, 3, 3, 3, 3, 3, 3, 3, 3, 3, 3, 3, 3, 3, 3, 3, 3, 3, 3, 3, 3, 3, 3, 3, 3, 3, 3, 3, 3, 3, 3, 3, 3, 3, 3, 3, 3, 3, 3, 3, 3, 3, 3, 3, 3, 3, 3, 3, 3, 3, 3, 3, 3, 3, 3, 3, 3, 3, 3, 3, 3, 3, 3, 3, 3, 3, 3, 3, 3, 3, 3, 3, 3, 3, 3, 3, 3, 3, 3, 3, 3, 3, 3, 3, 3, 3, 3, 3, 3, 3, 3, 3, 3, 3, 3, 3, 3, 3, 3, 3, 3, 3, 3, 3, 3, 3, 3, 3, 3, 3, 3, 3, 3, 3, 3, 3, 3, 3, 3, 3, 3, 3, 3, 3, 3, 3, 3, 3, 3, 3, 3, 3, 3, 3, 3, 3, 3, 3, 3, 3, 3, 3, 3, 3, 3, 3, 3, 3, 3, 3, 3, 3, 3, 3, 3, 3, 3, 3, 3, 3, 3, 3, 3, 3, 3, 3, 3, 3, 3, 3, 3, 3, 3, 3, 3, 3, 3, 3, 3, 3, 3, 3, 3, 3, 3, 3, 3, 3, 3, 3, 3, 3, 3, 3, 3, 3, 3, 3, 3, 3, 3, 3, 3, 3, 3, 3, 3, 3, 3, 3, 3, 3, 3, 3, 3, 3, 3, 3, 3, 3, 3, 3, 3, 3, 3, 3, 3, 3, 3, 3, 3, 3, 3, 3, 3, 3, 3, 3, 3, 3, 3, 3, 3, 3, 3, 3, 3, 3, 3, 3, 3, 3, 3, 3, 3, 3, 3, 3, 3, 3, 3, 3, 3, 3, 3, 3, 3, 3, 3, 3, 3, 3, 3, 3, 3, 3, 3, 3, 3, 3, 3, 3, 3, 3, 3, 3, 3, 3, 3, 3, 3, 3, 3, 3, 3, 3, 3, 3, 3, 3, 3, 3, 3, 3, 3, 3, 3, 3, 3, 3, 3, 3, 3, 3, 3, 3, 3, 3, 3, 3, 3, 3, 3, 3, 3, 3, 3, 3, 3, 3, 3, 3, 3, 3, 3, 3, 3, 3, 3, 3, 3, 3, 3, 3, 3, 3, 3, 3, 3, 3, 3, 3, 3, 3, 3, 3, 3, 3, 3, 3, 3, 3, 3, 3, 3, 3, 3, 3, 3, 3, 3, 3, 3, 3, 3, 3, 3, 3, 3, 3, 3, 3, 3, 3, 3, 3, 3, 3, 3, 3, 3, 3, 3, 3, 3, 3, 3, 3, 3, 3, 3, 3, 3, 3, 3, 3, 3, 3, 3, 3, 3, 3, 3, 3, 3, 3, 3, 3, 3, 3, 3, 3, 3, 3, 3, 3, 3, 3, 3, 3, 3, 3, 3, 3, 3, 3, 3, 3, 3, 3, 3, 3, 3, 3, 3, 3, 3, 3, 3, 3, 3, 3, 3, 3, 3, 3, 3, 3, 3, 3, 3, 3, 3, 3, 3, 3, 3, 3, 3, 3, 3, 3, 3, 3, 3, 3, 3, 3, 3, 3, 3, 3, 3, 3, 3, 3, 3, 3, 3, 3, 3, 3, 3, 3, 3, 3, 3, 3, 3, 3, 3, 3, 3, 3, 3, 3, 3, 3, 3, 3, 3, 3, 3, 3, 3, 3, 3, 3, 3, 3, 3, 3, 3, 3, 3, 3, 3, 3, 3, 3, 3, 3, 3, 3, 3, 3, 3, 3, 3, 3, 3, 3, 3, 3, 3, 3, 3, 3, 3, 3, 3, 3, 3, 3, 3, 3, 3, 3, 3, 3, 3, 3, 3, 3, 3, 3, 3, 3, 3, 3, 3, 3, 3, 3, 3, 3, 3, 3, 3, 3, 3, 3, 3, 3, 3, 3, 3, 3, 3, 3, 3, 3, 3, 3, 3, 3, 3, 3, 3, 3, 3, 3, 3, 3, 3, 3, 3, 3, 3, 3, 3, 3, 3, 3, 3, 3, 3, 3, 3, 3, 3, 3, 3, 3, 3, 3, 3, 3, 3, 3, 3, 3, 3, 3, 3, 3, 3, 3, 3, 3, 3, 3, 3, 3, 3, 3, 3, 3, 3, 3, 3, 3, 3, 3, 3, 3, 3, 3, 3, 3, 3, 3, 3, 3, 3, 3, 3, 3, 3, 3, 3, 3, 3, 3, 3, 3, 3, 3, 3, 3, 3, 3, 3, 3, 3, 3, 3, 3, 3, 3, 3, 3, 3, 3, 3, 3, 3, 3, 3, 3, 3, 3, 3, 3, 3, 3, 3, 3, 3, 3, 3, 3, 3, 3, 3, 3, 3, 3, 3, 3, 3, 3, 3, 3, 3, 3, 3, 3, 3, 3, 3, 3, 3, 3, 3, 3, 3, 3, 3, 3, 3, 3, 3, 3, 3, 3, 3, 3, 3, 3, 3, 3, 3, 3, 3, 3, 3, 3, 3, 3, 3, 3, 3, 3, 3, 3, 3, 3, 3, 3, 3, 3, 3, 3, 3, 3, 3, 3, 3, 3, 3, 3, 3, 3, 3, 3, 3, 3, 3, 3, 3, 3, 3, 3, 3, 3, 3, 3, 3, 3, 3, 3, 3, 3, 3, 3, 3, 3, 3, 3, 3, 3, 3, 3, 3, 3, 3, 3, 3, 3, 3, 3, 3, 3, 3, 3, 3, 3, 3, 3, 3, 3, 3, 3, 3, 3, 3, 3, 3, 3, 3, 3, 3, 3, 3, 3, 3, 3, 3, 3, 3, 3, 3, 3, 3, 3, 3, 3, 3, 3, 3, 3, 3, 3, 3, 3, 3, 3, 3, 3, 3, 3, 3, 3, 3, 3, 3, 3, 3, 3, 3, 3, 3, 3, 3, 3, 3, 3, 3, 3, 3, 3, 3, 3, 3, 3, 3, 3, 3, 3, 3, 3, 3, 3, 3, 3, 3, 3, 3, 3, 3, 3, 3, 3, 3, 3, 3, 3, 3, 3, 3, 3, 3, 3, 3, 3, 3, 3, 3, 3, 3, 3, 3, 3, 3, 3, 3, 3, 3, 3, 3, 3, 3, 3, 3, 3, 3, 3, 3, 3, 3, 3, 3, 3, 3, 3, 3, 3, 3, 3, 3, 3, 3, 3, 3, 3, 3, 3, 3, 3, 3, 3, 3, 3, 3, 3, 3, 3, 3, 3, 3, 3, 3, 3, 3, 3, 3, 3, 3, 3, 3, 3, 3, 3, 3, 3, 3, 3, 3, 3, 3, 3, 3, 3, 3, 3, 3, 3, 3, 3, 3, 3, 3, 3, 3, 3, 3, 3, 3, 3, 3, 3, 3, 3, 3, 3, 3, 3, 3, 3, 3, 3, 3, 3, 3, 3, 3, 3, 3, 3, 3, 3, 3, 3, 3, 3, 3, 3, 3, 3, 3, 3, 3, 3, 3, 3, 3, 3, 3, 3, 3, 3, 3, 3, 3, 3, 3, 3, 3, 3, 3, 3, 3, 3, 3, 3, 3, 3, 3, 3, 3, 3, 3, 3, 3, 3, 3, 3, 3, 3, 3, 3, 3, 3, 3, 3, 3, 3, 3, 3, 3, 3, 3, 3, 3, 3, 3, 3, 3, 3, 3, 3, 3, 3, 3, 3, 3, 3, 3, 3, 3, 3, 3, 3, 3, 3, 3, 3, 3, 3, 3, 3, 3, 3, 3, 3, 3, 3, 3, 3, 3, 3, 3, 3, 3, 3, 3, 3, 3, 3, 3, 3, 3, 3, 3, 3, 3, 3, 3, 3, 3, 3, 3, 3, 3, 3, 3, 3, 3, 3, 3, 3, 3, 3, 3, 3, 3, 3, 3, 3, 3, 3, 3, 3, 3, 3, 3, 3, 3, 3, 3, 3, 3, 3, 3, 3, 3, 3, 3, 3, 3, 3, 3, 3, 3, 3, 3, 3, 3, 3, 3, 3, 3, 3, 3, 3, 3, 3, 3, 3, 3, 3, 3, 3, 3, 3, 3, 3, 3, 3, 3, 3, 3, 3, 3, 3, 3, 3, 3, 3, 3, 3, 3, 3, 3, 3, 3, 3, 3, 3, 3, 3, 3, 3, 3, 3, 3, 3, 3, 3, 3, 3, 3, 3, 3, 3, 3, 3, 3, 3, 3, 3, 3, 3, 3, 3, 3, 3, 3, 3, 3, 3, 3, 3, 3, 3, 3, 3, 3, 3, 3, 3, 3, 3, 3, 3, 3, 3, 3, 3, 3, 3, 3, 3, 3, 3, 3, 3, 3, 3, 3, 3, 3, 3, 3, 3, 3, 3, 3, 3, 3, 3, 3, 3, 3, 3, 3, 3, 3, 3, 3, 3, 3, 3, 3, 3, 3, 3, 3, 3, 3, 3, 3, 3, 3, 3, 3, 3, 3, 3, 3, 3, 3, 3, 3, 3, 3, 3, 3, 3, 3, 3, 3, 3, 3, 3, 3, 3, 3, 3, 3, 3, 3, 3, 3, 3, 3, 3, 3, 3, 3, 3, 3, 3, 3, 3, 3, 3, 3, 3, 3, 3, 3, 3, 3, 3, 3, 3, 3, 3, 3, 3, 3, 3, 3, 3, 3, 3, 3, 3, 3, 3, 3, 3, 3, 3, 3, 3, 3, 3, 3, 3, 3, 3, 3, 3, 3, 3, 3, 3, 3, 3, 3, 3, 3, 3, 3, 3, 3, 3, 3, 3, 3, 3, 3, 3, 3, 3, 3, 3, 3, 3, 3, 3, 3, 3, 3, 3, 3, 3, 3, 3, 3, 3, 3, 3, 3, 3, 3, 3, 3, 3, 3, 3, 3, 3, 3, 3, 3, 3, 3, 3, 3, 3, 3, 3, 3, 3, 3, 3, 3, 3, 3, 3, 3, 3, 3, 3, 3, 3, 3, 3, 3, 3, 3, 3, 3, 3, 3, 3, 3, 3, 3, 3, 3, 3, 3, 3, 3, 3, 3, 3, 3, 3, 3, 3, 3, 3, 3, 3, 3, 3, 3, 3, 3, 3, 3, 3, 3, 3, 3, 3, 3, 3, 3, 3, 3, 3, 3, 3, 3, 3, 3, 3, 3, 3, 3, 3, 3, 3, 3, 3, 3, 3, 3, 3, 3, 3, 3, 3, 3, 3, 3, 3, 3, 3, 3, 3, 3, 3, 3, 3, 3, 3, 3, 3, 3, 3, 3, 3, 3, 3, 3, 3, 3, 3, 3, 3, 3, 3, 3, 3, 3, 3, 3, 3, 3, 3, 3, 3, 3, 3, 3, 3, 3, 3, 3, 3, 3, 3, 3, 3, 3, 3, 3, 3, 3, 3, 3, 3, 3, 3, 3, 3, 3, 3, 3, 3, 3, 3, 3, 3, 3, 3, 3, 3, 3, 3, 3, 3, 3, 3, 3, 3, 3, 3, 3, 3, 3, 3, 3, 3, 3, 3, 3, 3, 3, 3, 3, 3, 3, 3, 3, 3, 3, 3, 3, 3, 3, 3, 3, 3, 3, 3, 3, 3, 3, 3, 3, 3, 3, 3, 3, 3, 3, 3, 3, 3, 3, 3, 3, 3, 3, 3, 3, 3, 3, 3, 3, 3, 3, 3, 3, 3, 3, 3, 3, 3, 3, 3, 3, 3, 3, 3, 3, 3, 3, 3, 3, 3, 3, 3, 3, 3, 3, 3, 3, 3, 3, 3, 3, 3, 3, 3, 3, 3, 3, 3, 3, 3, 3, 3, 3, 3, 3, 3, 3, 3, 3, 3, 3, 3, 3, 3, 3, 3, 3, 3, 3, 3, 3, 3, 3, 3, 3, 3, 3, 3, 3, 3, 3, 3, 3, 3, 3, 3, 3, 3, 3, 3, 3, 3, 3, 3, 3, 3, 3, 3, 3, 3, 3, 3, 3, 3, 3, 3, 3, 3, 3, 3, 3, 3, 3, 3, 3, 3, 3, 3, 3, 3, 3, 3, 3, 3, 3, 3, 3, 3, 3, 3, 3, 3, 3, 3, 3, 3, 3, 3, 3, 3, 3, 3, 3, 3, 3, 3, 3, 3, 3, 3, 3, 3, 3, 3, 3, 3, 3, 3, 3, 3, 3, 3, 3, 3, 3, 3, 3, 3, 3, 3, 3, 3, 3, 3, 3, 3, 3, 3, 3, 3, 3, 3, 3, 3, 3, 3, 3, 3, 3, 3, 3, 3, 3, 3, 3, 3, 3, 3, 3, 3, 3, 3, 3, 3, 3, 3, 3, 3, 3, 3, 3, 3, 3, 3, 3, 3, 3, 3, 3, 3, 3, 3, 3, 3, 3, 3, 3, 3, 3, 3, 3, 3, 3, 3, 3, 3, 3, 3, 3, 3, 3, 3, 3, 3, 3, 3, 3, 3, 3, 3, 3, 3, 3, 3, 3, 3, 3, 3, 3, 3, 3, 3, 3, 3, 3, 3, 3, 3, 3, 3, 3, 3, 3, 3, 3, 3, 3, 3, 3, 3, 3, 3, 3, 3, 3, 3, 3, 3, 3, 3, 3, 3, 3, 3, 3, 3, 3, 3, 3, 3, 3, 3, 3, 3, 3, 3, 3, 3, 3, 3, 3, 3, 3, 3, 3, 3, 3, 3, 3, 3, 3, 3, 3, 3, 3, 3, 3, 3, 3, 3, 3, 3, 3, 3, 3, 3, 3, 3, 3, 3, 3, 3, 3, 3, 3, 3, 3, 3, 3, 3, 3, 3, 3, 3, 3, 3, 3, 3, 3, 3, 3, 3, 3, 3, 3, 3, 3, 3, 3, 3, 3, 3, 3, 3, 3, 3, 3, 3, 3, 3, 3, 3, 3, 3, 3, 3, 3, 3, 3, 3, 3, 3, 3, 3, 3, 3, 3, 3, 3, 3, 3, 3, 3, 3, 3, 3, 3, 3, 3, 3, 3, 3, 3, 3, 3, 3, 3, 3, 3, 3, 3, 3, 3, 3, 3, 3, 3, 3, 3, 3, 3, 3, 3, 3, 3, 3, 3, 3, 3, 3, 3, 3, 3, 3, 3, 3, 3, 3, 3, 3, 3, 3, 3, 3, 3, 3, 3, 3, 3, 3, 3, 3, 3, 3, 3, 3, 3, 3, 3, 3, 3, 3, 3, 3, 3, 3, 3, 3, 3, 3, 3, 3, 3, 3, 3, 3, 3, 3, 3, 3, 3, 3, 3, 3, 3, 3, 3, 3, 3, 3, 3, 3, 3, 3, 3, 3, 3, 3, 3, 3, 3, 3, 3, 3, 3, 3, 3, 3, 3, 3, 3, 3, 3, 3, 3, 3, 3, 3, 3, 3, 3, 3, 3, 3, 3, 3, 3, 3, 3, 3, 3, 3, 3, 3, 3, 3, 3, 3, 3, 3, 3, 3, 3, 3, 3, 3, 3, 3, 3, 3, 3, 3, 3, 3, 3, 3, 3, 3, 3, 3, 3, 3, 3, 3, 3, 3, 3, 3, 3, 3, 3, 3, 3, 3, 3, 3, 3, 3, 3, 3, 3, 3, 3, 3, 3, 3, 3, 3, 3, 3, 3, 3, 3, 3, 3, 3, 3, 3, 3, 3, 3, 3, 3, 3, 3, 3, 3, 3, 3, 3, 3, 3, 3, 3, 3, 3, 3, 3, 3, 3, 3, 3, 3, 3, 3, 3, 3, 3, 3, 3, 3, 3, 3, 3, 3, 3, 3, 3, 3, 3, 3, 3, 3, 3, 3, 3, 3, 3, 3, 3, 3, 3, 3, 3, 3, 3, 3, 3, 3, 3, 3, 3, 3, 3, 3, 3, 3, 3, 3, 3, 3, 3, 3, 3, 3, 3, 3, 3, 3, 3, 3, 3, 3, 3, 3, 3, 3, 3, 3, 3, 3, 3, 3, 3, 3, 3, 3, 3, 3, 3, 3, 3, 3, 3, 3, 3, 3, 3, 3, 3, 3, 3, 3, 3, 3, 3, 3, 3, 3, 3, 3, 3, 3, 3, 3, 3, 3, 3, 3, 3, 3, 3, 3, 3, 3, 3, 3, 3, 3, 3, 3, 3, 3, 3, 3, 3, 3, 3, 3, 3, 3, 3, 3, 3, 3, 3, 3, 3, 3, 3, 3, 3, 3, 3, 3, 3, 3, 3, 3, 3, 3, 3, 3, 3, 3, 3, 3, 3, 3, 3, 3, 3, 3, 3, 3, 3, 3, 3, 3, 3, 3, 3, 3, 3, 3, 3, 3, 3, 3, 3, 3, 3, 3, 3, 3, 3, 3, 3, 3, 3, 3, 3, 3, 3, 3, 3, 3, 3, 3, 3, 3, 3, 3, 3, 3, 3, 3, 3, 3, 3, 3, 3, 3, 3, 3, 3, 3, 3, 3, 3, 3, 3, 3, 3, 3, 3, 3, 3, 3, 3, 3, 3, 3, 3, 3, 3, 3, 3, 3, 3, 3, 3, 3, 3, 3, 3, 3, 3, 3, 3, 3, 3, 3, 3, 3, 3, 3, 3, 3, 3, 3, 3, 3, 3, 3, 3, 3, 3, 3, 3, 3, 3, 3, 3, 3, 3, 3, 3, 3, 3, 3, 3, 3, 3, 3, 3, 3, 3, 3, 3, 3, 3, 3, 3, 3, 3, 3, 3, 3, 3, 3, 3, 3, 3, 3, 3, 3, 3, 3, 3, 3, 3, 3, 3, 3, 3, 3, 3, 3, 3, 3, 3, 3, 3, 3, 3, 3, 3, 3, 3, 3, 3, 3, 3, 3, 3, 3, 3, 3, 3, 3, 3, 3, 3, 3, 3, 3, 3, 3, 3, 3, 3, 3, 3, 3, 3, 3, 3, 3, 3, 3, 3, 3, 3, 3, 3, 3, 3, 3, 3, 3, 3, 3, 3, 3, 3, 3, 3, 3, 3, 3, 3, 3, 3, 3, 3, 3, 3, 3, 3, 3, 3, 3, 3, 3, 3, 3, 3, 3, 3, 3, 3, 3, 3, 3, 3, 3, 3, 3, 3, 3, 3, 3, 3, 3, 3, 3, 3, 3, 3, 3, 3, 3, 3, 3, 3, 3, 3, 3, 3, 3, 3, 3, 3, 3, 3, 3, 3, 3, 3, 3, 3, 3, 3, 3, 3, 3, 3, 3, 3, 3, 3, 3, 3, 3, 3, 3, 3, 3, 3, 3, 3, 3, 3, 3, 3, 3, 3, 3, 3, 3, 3, 3, 3, 3, 3, 3, 3, 3, 3, 3, 3, 3, 3, 3, 3, 3, 3, 3, 3, 3, 3, 3, 3, 3, 3, 3, 3, 3, 3, 3, 3, 3, 3, 3, 3, 3, 3, 3, 3, 3, 3, 3, 3, 3, 3, 3, 3, 3, 3, 3, 3, 3, 3, 3, 3, 3, 3, 3, 3, 3, 3, 3, 3, 3, 3, 3, 3, 3, 3, 3, 3, 3, 3, 3, 3, 3, 3, 3, 3, 3, 3, 3, 3, 3, 3, 3, 3, 3, 3, 3, 3, 3, 3, 3, 3, 3, 3, 3, 3, 3, 3, 3, 3, 3, 3, 3, 3, 3, 3, 3, 3, 3, 3, 3, 3, 3, 3, 3, 3, 3, 3, 3, 3, 3, 3, 3, 3, 3, 3, 3, 3, 3, 3, 3, 3, 3, 3, 3, 3, 3, 3, 3, 3, 3, 3, 3, 3, 3, 3, 3, 3, 3, 3, 3, 3, 3, 3, 3, 3, 3, 3, 3, 3, 3, 3, 3, 3, 3, 3, 3, 3, 3, 3, 3, 3, 3, 3, 3, 3, 3, 3, 3, 3, 3, 3, 3, 3, 3, 3, 3, 3, 3, 3, 3, 3, 3, 3, 3, 3, 3, 3, 3, 3, 3, 3, 3, 3, 3, 3, 3, 3, 3, 3, 3, 3, 3, 3, 3, 3, 3, 3, 3, 3, 3, 3, 3, 3, 3, 3, 3, 3, 3, 3, 3, 3, 3, 3, 3, 3, 3, 3, 3, 3, 3, 3, 3, 3, 3, 3, 3, 3, 3, 3, 3, 3, 3, 3, 3, 3, 3, 3, 3, 3, 3, 3, 3, 3, 3, 3, 3, 3, 3, 3, 3, 3, 3, 3, 3, 3, 3, 3, 3, 3, 3, 3, 3, 3, 3, 3, 3, 3, 3, 3, 3, 3, 3, 3, 3, 3, 3, 3, 3, 3, 3, 3, 3, 3, 3, 3, 3, 3, 3, 3, 3, 3, 3, 3, 3, 3, 3, 3, 3, 3, 3, 3, 3, 3, 3, 3, 3, 3, 3, 3, 3, 3, 3, 3, 3, 3, 3, 3, 3, 3, 3, 3, 3, 3, 3, 3, 3, 3, 3, 3, 3, 3, 3, 3, 3, 3, 3, 3, 3, 3, 3, 3, 3, 3, 3, 3, 3, 3, 3, 3, 3, 3, 3, 3, 3, 3, 3, 3, 3, 3, 3, 3, 3, 3, 3, 3, 3, 3, 3, 3, 3, 3, 3, 3, 3, 3, 3, 3, 3, 3, 3, 3, 3, 3, 3, 3, 3, 3, 3, 3, 3, 3, 3, 3, 3, 3, 3, 3, 3, 3, 3, 3, 3, 3, 3, 3, 3, 3, 3, 3, 3, 3, 3, 3, 3, 3, 3, 3, 3, 3, 3, 3, 3, 3, 3, 3, 3, 3, 3, 3, 3, 3, 3, 3, 3, 3, 3, 3, 3, 3, 3, 3, 3, 3, 3, 3, 3, 3, 3, 3, 3, 3, 3, 3, 3, 3, 3, 3, 3, 3, 3, 3, 3, 3, 3, 3, 3, 3, 3, 3, 3, 3, 3, 3, 3, 3, 3, 3, 3, 3, 3, 3, 3, 3, 3, 3, 3, 3, 3, 3, 3, 3, 3, 3, 3, 3, 3, 3, 3, 3, 3, 3, 3, 3, 3, 3, 3, 3, 3, 3, 3, 3, 3, 3, 3, 3, 3, 3, 3, 3, 3, 3, 3, 3, 3, 3, 3, 3, 3, 3, 3, 3, 3, 3, 3, 3, 3, 3, 3, 3, 3, 3, 3, 3, 3, 3, 3, 3, 3, 3, 3, 3, 3, 3, 3, 3, 3, 3, 3, 3, 3, 3, 3, 3, 3, 3, 3, 3, 3, 3, 3, 3, 3, 3, 3, 3, 3, 3, 3, 3, 3, 3, 3, 3, 3, 3, 3, 3, 3, 3, 3, 3, 3, 3, 3, 3, 3, 3, 3, 3, 3, 3, 3, 3, 3, 3, 3, 3, 3, 3, 3, 3, 3, 3, 3, 3, 3, 3, 3, 3, 3, 3, 3, 3, 3, 3, 3, 3, 3, 3, 3, 3, 3, 3, 3, 3, 3, 3, 3, 3, 3, 3, 3, 3, 3, 3, 3, 3, 3, 3, 3, 3, 3, 3, 3, 3, 3, 3, 3, 3, 3, 3, 3, 3, 3, 3, 3, 3, 3, 3, 3, 3, 3, 3, 3, 3, 3, 3, 3, 3, 3, 3, 3, 3, 3, 3, 3, 3, 3, 3, 3, 3, 3, 3, 3, 3, 3, 3, 3, 3, 3, 3, 3, 3, 3, 3, 3, 3, 3, 3, 3, 3, 3, 3, 3, 3, 3, 3, 3, 3, 3, 3, 3, 3, 3, 3, 3, 3, 3, 3, 3, 3, 3, 3, 3, 3, 3, 3, 3, 3, 3, 3, 3, 3, 3, 3, 3, 3, 3, 3, 3, 3, 3, 3, 3, 3, 3, 3, 3, 3, 3, 3, 3, 3, 3, 3, 3, 3, 3, 3, 3, 3, 3, 3, 3, 3, 3, 3, 3, 3, 3, 3, 3, 3, 3, 3, 3, 3, 3, 3, 3, 3, 3, 3, 3, 3, 3, 3, 3, 3, 3, 3, 3, 3, 3, 3, 3, 3, 3, 3, 3, 3, 3, 3, 3, 3, 3, 3, 3, 3, 3, 3, 3, 3, 3, 3, 3, 3, 3, 3, 3, 3, 3, 3, 3, 3, 3, 3, 3, 3, 3, 3, 3, 3, 3, 3, 3, 3, 3, 3, 3, 3, 3, 3, 3, 3, 3, 3, 3, 3, 3, 3, 3, 3, 3, 3, 3, 3, 3, 3, 3, 3, 3, 3, 3, 3, 3, 3, 3, 3, 3, 3, 3, 3, 3, 3, 3, 3, 3, 3, 3, 3, 3, 3, 3, 3, 3, 3, 3, 3, 3, 3, 3, 3, 3, 3, 3, 3, 3, 3, 3, 3, 3, 3, 3, 3, 3, 3, 3, 3, 3, 3, 3, 3, 3, 3, 3, 3, 3, 3, 3, 3, 3, 3, 3, 3, 3, 3, 3, 3, 3, 3, 3, 3, 3, 3, 3, 3, 3, 3, 3, 3, 3, 3, 3, 3, 3, 3, 3, 3, 3, 3, 3, 3, 3, 3, 3, 3, 3, 3, 3, 3, 3, 3, 3, 3, 3, 3, 3, 3, 3, 3, 3, 3, 3, 3, 3, 3, 3, 3, 3, 3, 3, 3, 3, 3, 3, 3, 3, 3, 3, 3, 3, 3, 3, 3, 3, 3, 3, 3, 3, 3, 3, 3, 3, 3, 3, 3, 3, 3, 3, 3, 3, 3, 3, 3, 3, 3, 3, 3, 3, 3, 3, 3, 3, 3, 3, 3, 3, 3, 3, 3, 3, 3, 3, 3, 3, 3, 3, 3, 3, 3, 3, 3, 3, 3, 3, 3, 3, 3, 3, 3, 3, 3, 3, 3, 3, 3, 3, 3, 3, 3, 3, 3, 3, 3, 3, 3, 3, 3, 3, 3, 3, 3, 3, 3, 3, 3, 3, 3, 3, 3, 3, 3, 3, 3, 3, 3, 3, 3, 3, 3, 3, 3, 3, 3, 3, 3, 3, 3, 3, 3, 3, 3, 3, 3, 3, 3, 3, 3, 3, 3, 3, 3, 3, 3, 3, 3, 3, 3, 3, 3, 3, 3, 3, 3, 3, 3, 3, 3, 3, 3, 3, 3, 3, 3, 3, 3, 3, 3, 3, 3, 3, 3, 3, 3, 3, 3, 3, 3, 3, 3, 3, 3, 3, 3, 3, 3, 3, 3, 3, 3, 3, 3, 3, 3, 3, 3, 3, 3, 3, 3, 3, 3, 3, 3, 3, 3, 3, 3, 3, 3, 3, 3, 3, 3, 3, 3, 3, 3, 3, 3, 3, 3, 3, 3, 3, 3, 3, 3, 3, 3, 3, 3, 3, 3, 3, 3, 3, 3, 3, 3, 3, 3, 3, 3, 3, 3, 3, 3, 3, 3, 3, 3, 3, 3, 3, 3, 3, 3, 3, 3, 3, 3, 3, 3, 3, 3, 3, 3, 3, 3, 3, 3, 3, 3, 3, 3, 3, 3, 3, 3, 3, 3, 3, 3, 3, 3, 3, 3, 3, 3, 3, 3, 3, 3, 3, 3, 3, 3, 3, 3, 3, 3, 3, 3, 3, 3, 3, 3, 3, 3, 3, 3, 3, 3, 3, 3, 3, 3, 3, 3, 3, 3, 3, 3, 3, 3, 3, 3, 3, 3, 3, 3, 3, 3, 3, 3, 3, 3, 3, 3, 3, 3, 3, 3, 3, 3, 3, 3, 3, 3, 3, 3, 3, 3, 3, 3, 3, 3, 3, 3, 3, 3, 3, 3, 3, 3, 3, 3, 3, 3, 3, 3, 3, 3, 3, 3, 3, 3, 3, 3, 3, 3, 3, 3, 3, 3, 3, 3, 3, 3, 3, 3, 3, 3, 3, 3, 3, 3, 3, 3, 3, 3, 3, 3, 3, 3, 3, 3, 3, 3, 3, 3, 3, 3, 3, 3, 3, 3, 3, 3, 3, 3, 3, 3, 3, 3, 3, 3, 3, 3, 3, 3, 3, 3, 3, 3, 3, 3, 3, 3, 3, 3, 3, 3, 3, 3, 3, 3, 3, 3, 3, 3, 3, 3, 3, 3, 3, 3, 3, 3, 3, 3, 3, 3, 3, 3, 3, 3, 3, 3, 3, 3, 3, 3, 3, 3, 3, 3, 3, 3, 3, 3, 3, 3, 3, 3, 3, 3, 3, 3, 3, 3, 3, 3, 3, 3, 3, 3, 3, 3, 3, 3, 3, 3, 3, 3, 3, 3, 3, 3, 3, 3, 3, 3, 3, 3, 3, 3, 3, 3, 3, 3, 3, 3, 3, 3, 3, 3, 3, 3, 3, 3, 3, 3, 3, 3, 3, 3, 3, 3, 3, 3, 3, 3, 3, 3, 3, 3, 3, 3, 3, 3, 3, 3, 3, 3, 3, 3, 3, 3, 3, 3, 3, 3, 3, 3, 3, 3, 3, 3, 3, 3, 3, 3, 3, 3, 3, 3, 3, 3, 3, 3, 3, 3, 3, 3, 3, 3, 3, 3, 3, 3, 3, 3, 3, 3, 3, 3, 3, 3, 3, 3, 3, 3, 3, 3, 3, 3, 3, 3, 3, 3, 3, 3, 3, 3, 3, 3, 3, 3, 3, 3, 3, 3, 3, 3, 3, 3, 3, 3, 3, 3, 3, 3, 3, 3, 3, 3, 3, 3, 3, 3, 3, 3, 3, 3, 3, 3, 3, 3, 3, 3, 3, 3, 3, 3, 3, 3, 3, 3, 3, 3, 3, 3, 3, 3, 3, 3, 3, 3, 3, 3, 3, 3, 3, 3, 3, 3, 3, 3, 3, 3, 3, 3, 3, 3, 3, 3, 3, 3, 3, 3, 3, 3, 3, 3, 3, 3, 3, 3, 3, 3, 3, 3, 3, 3, 3, 3, 3, 3, 3, 3, 3, 3, 3, 3, 3, 3, 3, 3, 3, 3, 3, 3, 3, 3, 3, 3, 3, 3, 3, 3, 3, 3, 3, 3, 3, 3, 3, 3, 3, 3, 3, 3, 3, 3, 3, 3, 3, 3, 3, 3, 3, 3, 3, 3, 3, 3, 3, 3, 3, 3, 3, 3, 3, 3, 3, 3, 3, 3, 3, 3, 3, 3, 3, 3, 3, 3, 3, 3, 3, 3, 3, 3, 3, 3, 3, 3, 3, 3, 3, 3, 3, 3, 3, 3, 3, 3, 3, 3, 3, 3, 3, 3, 3, 3, 3, 3, 3, 3, 3, 3, 3, 3, 3, 3, 3, 3, 3, 3, 3, 3, 3, 3, 3, 3, 3, 3, 3, 3, 3, 3, 3, 3, 3, 3, 3, 3, 3, 3, 3, 3, 3, 3, 3, 3, 3, 3, 3, 3, 3, 3, 3, 3, 3, 3, 3, 3, 3, 3, 3, 3, 3, 3, 3, 3, 3, 3, 3, 3, 3, 3, 3, 3, 3, 3, 3, 3, 3, 3, 3, 3, 3, 3, 3, 3, 3, 3, 3, 3, 3, 3, 3, 3, 3, 3, 3, 3, 3, 3, 3, 3, 3, 3, 3, 3, 3, 3, 3, 3, 3, 3, 3, 3, 3, 3, 3, 3, 3, 3, 3, 3, 3, 3, 3, 3, 3, 3, 3, 3, 3, 3, 3, 3, 3, 3, 3, 3, 3, 3, 3, 3, 3, 3, 3, 3, 3, 3, 3, 3, 3, 3, 3, 3, 3, 3, 3, 3, 3, 3, 3, 3, 3, 3, 3, 3, 3, 3, 3, 3, 3, 3, 3, 3, 3, 3, 3, 3, 3, 3, 3, 3, 3, 3, 3, 3, 3, 3, 3, 3, 3, 3, 3, 3, 3, 3, 3, 3, 3, 3, 3, 3, 3, 3, 3, 3, 3, 3, 3, 3, 3, 3, 3, 3, 3, 3, 3, 3, 3, 3, 3, 3, 3, 3, 3, 3, 3, 3, 3, 3, 3, 3, 3, 3, 3, 3, 3, 3, 3, 3, 3, 3, 3, 3, 3, 3, 3, 3, 3, 3, 3, 3, 3, 3, 3, 3, 3, 3, 3, 3, 3, 3, 3, 3, 3, 3, 3, 3, 3, 3, 3, 3, 3, 3, 3, 3, 3, 3, 3, 3, 3, 3, 3, 3, 3, 3, 3, 3, 3, 3, 3, 3, 3, 3, 3, 3, 3, 3, 3, 3, 3, 3, 3, 3, 3, 3, 3, 3, 3, 3, 3, 3, 3, 3, 3, 3, 3, 3, 3, 3, 3, 3, 3, 3, 3, 3, 3, 3, 3, 3, 3, 3, 3, 3, 3, 3, 3, 3, 3, 3, 3, 3, 3, 3, 3, 3, 3, 3, 3, 3, 3, 3, 3, 3, 3, 3, 3, 3, 3, 3, 3, 3, 3, 3, 3, 3, 3, 3, 3, 3, 3, 3, 3, 3, 3, 3, 3, 3, 3, 3, 3, 3, 3, 3, 3, 3, 3, 3, 3, 3, 3, 3, 3, 3, 3, 3, 3, 3, 3, 3, 3, 3, 3, 3, 3, 3, 3, 3, 3, 3, 3, 3, 3, 3, 3, 3, 3, 3, 3, 3, 3, 3, 3, 3, 3, 3, 3, 3, 3, 3, 3, 3, 3, 3, 3, 3, 3, 3, 3, 3, 3, 3, 3, 3, 3, 3, 3, 3, 3, 3, 3, 3, 3, 3, 3, 3, 3, 3, 3, 3, 3, 3, 3, 3, 3, 3, 3, 3, 3, 3, 3, 3, 3, 3, 3, 3, 3, 3, 3, 3, 3, 3, 3, 3, 3, 3, 3, 3, 3, 3, 3, 3, 3, 3, 3, 3, 3, 3, 3, 3, 3, 3, 3, 3, 3, 3, 3, 3, 3, 3, 3, 3, 3, 3, 3, 3, 3, 3, 3, 3, 3, 3, 3, 3, 3, 3, 3, 3, 3, 3, 3, 3, 3, 3, 3, 3, 3, 3, 3, 3, 3, 3, 3, 3, 3, 3, 3, 3, 3, 3, 3, 3, 3, 3, 3, 3, 3, 3, 3, 3, 3, 3, 3, 3, 3, 3, 3, 3, 3, 3, 3, 3, 3, 3, 3, 3, 3, 3, 3, 3, 3, 3, 3, 3, 3, 3, 3, 3, 3, 3, 3, 3, 3, 3, 3, 3, 3, 3, 3, 3, 3, 3, 3, 3, 3, 3, 3, 3, 3, 3, 3, 3, 3, 3, 3, 3, 3, 3, 3, 3, 3, 3, 3, 3, 3, 3, 3, 3, 3, 3, 3, 3, 3, 3, 3, 3, 3, 3, 3, 3, 3, 3, 3, 3, 3, 3, 3, 3, 3, 3, 3, 3, 3, 3, 3, 3, 3, 3, 3, 3, 3, 3, 3, 3, 3, 3, 3, 3, 3, 3, 3, 3, 3, 3, 3, 3, 3, 3, 3, 3, 3, 3, 3, 3, 3, 3, 3, 3, 3, 3, 3, 3, 3, 3, 3, 3, 3, 3, 3, 3, 3, 3, 3, 3, 3, 3, 3, 3, 3, 3, 3, 3, 3, 3, 3, 3, 3, 3, 3, 3, 3, 3, 3, 3, 3, 3, 3, 3, 3, 3, 3, 3, 3, 3, 3, 3, 3, 3, 3, 3, 3, 3, 3, 3, 3, 3, 3, 3, 3, 3, 3, 3, 3, 3, 3, 3, 3, 3, 3, 3, 3, 3, 3, 3, 3, 3, 3, 3, 3, 3, 3, 3, 3, 3, 3, 3, 3, 3, 3, 3, 3, 3, 3, 3, 3, 3, 3, 3, 3, 3, 3, 3, 3, 3, 3, 3, 3, 3, 3, 3, 3, 3, 3, 3, 3, 3, 3, 3, 3, 3, 3, 3, 3, 3, 3, 3, 3, 3, 3, 3, 3, 3, 3, 3, 3, 3, 3, 3, 3, 3, 3, 3, 3, 3, 3, 3, 3, 3, 3, 3, 3, 3, 3, 3, 3, 3, 3, 3, 3, 3, 3, 3, 3, 3, 3, 3, 3, 3, 3, 3, 3, 3, 3, 3, 3, 3, 3, 3, 3, 3, 3, 3, 3, 3, 3, 3, 3, 3, 3, 3, 3, 3, 3, 3, 3, 3, 3, 3, 3, 3, 3, 3, 3, 3, 3, 3, 3, 3, 3, 3, 3, 3, 3, 3, 3, 3, 3, 3, 3, 3, 3, 3, 3, 3, 3, 3, 3, 3, 3, 3, 3, 3, 3, 3, 3, 3, 3, 3, 3, 3, 3, 3, 3, 3, 3, 3, 3, 3, 3, 3, 3, 3, 3, 3, 3, 3, 3, 3, 3, 3, 3, 3, 3, 3, 3, 3, 3, 3, 3, 3, 3, 3, 3, 3, 3, 3, 3, 3, 3, 3, 3, 3, 3, 3, 3, 3, 3, 3, 3, 3, 3, 3, 3, 3, 3, 3, 3, 3, 3, 3, 3, 3, 3, 3, 3, 3, 3, 3, 3, 3, 3, 3, 3, 3, 3, 3, 3, 3, 3, 3, 3, 3, 3, 3, 3, 3, 3, 3, 3, 3, 3, 3, 3, 3, 3, 3, 3, 3, 3, 3, 3, 3, 3, 3, 3, 3, 3, 3, 3, 3, 3, 3, 3, 3, 3, 3, 3, 3, 3, 3, 3, 3, 3, 3, 3, 3, 3, 3, 3, 3, 3, 3, 3, 3, 3, 3, 3, 3, 3, 3, 3, 3, 3, 3, 3, 3, 3, 3, 3, 3, 3, 3, 3, 3, 3, 3, 3, 3, 3, 3, 3, 3, 3, 3, 3]
        int[] faceVertexIndices = [0, 2, 1, 3, 1, 4, 5, 3, 4, 3, 7, 6, 0, 6, 8, 9, 8, 10, 11, 8, 12, 13, 12, 14, 15, 13, 14, 16, 14, 17, 18, 16, 17, 19, 18, 17, 20, 17, 21, 12, 17, 14, 21, 8, 6, 20, 6, 7, 22, 7, 5, 23, 20, 24, 20, 23, 19, 19, 26, 25, 24, 26, 23, 27, 19, 25, 18, 27, 28, 16, 28, 29, 30, 16, 29, 15, 30, 31, 13, 31, 32, 26, 34, 33, 25, 33, 35, 27, 35, 36, 28, 36, 37, 29, 37, 38, 30, 38, 39, 31, 39, 40, 32, 40, 41, 33, 43, 42, 35, 42, 44, 36, 44, 45, 37, 45, 46, 38, 46, 47, 39, 47, 48, 40, 48, 49, 41, 49, 50, 51, 53, 52, 53, 51, 54, 55, 53, 54, 53, 55, 56, 57, 53, 56, 58, 5, 4, 59, 58, 4, 58, 59, 57, 22, 56, 55, 24, 22, 55, 60, 24, 55, 24, 61, 34, 43, 61, 62, 63, 61, 64, 7, 24, 20, 7, 22, 24, 56, 58, 57, 56, 5, 58, 55, 65, 60, 61, 65, 64, 66, 68, 67, 69, 66, 67, 70, 68, 71, 72, 68, 73, 74, 72, 73, 75, 73, 76, 77, 75, 76, 78, 77, 76, 79, 76, 80, 81, 79, 82, 78, 81, 77, 75, 77, 81, 74, 81, 83, 72, 71, 68, 84, 71, 83, 70, 84, 85, 67, 70, 69, 86, 69, 70, 85, 88, 87, 89, 88, 85, 90, 83, 81, 91, 81, 82, 92, 82, 93, 91, 95, 94, 90, 94, 96, 89, 96, 97, 88, 97, 98, 83, 71, 72, 72, 74, 83, 99, 101, 100, 102, 104, 103, 105, 103, 106, 107, 108, 99, 109, 107, 110, 111, 109, 110, 112, 105, 113, 104, 115, 114, 115, 100, 114, 116, 107, 109, 117, 109, 111, 118, 116, 119, 120, 116, 121, 122, 124, 123, 125, 112, 126, 125, 127, 115, 99, 127, 128, 111, 110, 128, 110, 99, 128, 108, 107, 122, 129, 105, 130, 131, 121, 118, 120, 121, 131, 132, 134, 133, 133, 129, 130, 135, 133, 136, 137, 133, 130, 124, 131, 138, 139, 141, 140, 142, 140, 143, 144, 143, 145, 146, 145, 147, 148, 147, 149, 150, 152, 151, 153, 155, 154, 156, 158, 157, 159, 157, 160, 145, 160, 147, 160, 157, 161, 147, 161, 149, 157, 163, 162, 161, 162, 164, 149, 164, 165, 162, 167, 166, 164, 166, 168, 165, 168, 152, 169, 170, 156, 171, 156, 159, 143, 159, 145, 140, 172, 143, 171, 172, 173, 169, 173, 174, 175, 174, 176, 173, 178, 177, 174, 173, 177, 179, 181, 180, 181, 182, 180, 180, 184, 183, 179, 183, 185, 186, 185, 187, 188, 150, 151, 189, 184, 190, 183, 188, 191, 185, 191, 192, 187, 192, 193, 191, 151, 194, 192, 194, 195, 193, 195, 196, 195, 168, 166, 196, 166, 167, 194, 152, 168, 197, 152, 153, 198, 200, 199, 201, 199, 202, 203, 202, 204, 205, 204, 206, 101, 207, 100, 208, 209, 207, 210, 211, 209, 212, 213, 211, 214, 215, 213, 216, 210, 208, 217, 212, 210, 218, 214, 212, 219, 220, 214, 221, 217, 216, 222, 218, 217, 223, 219, 218, 224, 225, 219, 226, 222, 221, 227, 223, 222, 228, 224, 223, 229, 230, 224, 103, 231, 106, 104, 200, 103, 204, 232, 206, 202, 233, 204, 234, 199, 200, 199, 235, 202, 114, 207, 236, 114, 234, 104, 237, 215, 238, 239, 213, 237, 240, 211, 239, 236, 209, 240, 233, 238, 232, 235, 237, 233, 241, 239, 235, 234, 240, 241, 124, 226, 221, 229, 243, 242, 244, 246, 245, 247, 248, 244, 124, 216, 123, 130, 106, 137, 249, 136, 137, 250, 251, 249, 136, 252, 135, 252, 253, 247, 106, 249, 137, 254, 256, 255, 248, 257, 246, 257, 205, 256, 258, 203, 257, 250, 201, 258, 249, 198, 250, 13, 259, 11, 260, 261, 259, 262, 263, 261, 264, 265, 263, 266, 267, 265, 268, 269, 267, 270, 271, 269, 272, 273, 271, 11, 274, 10, 259, 275, 274, 261, 276, 275, 263, 277, 276, 265, 278, 277, 267, 279, 278, 269, 280, 279, 271, 281, 280, 256, 32, 41, 266, 215, 268, 264, 238, 266, 262, 232, 264, 260, 206, 262, 32, 260, 13, 9, 274, 282, 283, 278, 284, 285, 277, 283, 286, 276, 285, 282, 275, 286, 230, 272, 225, 281, 287, 280, 220, 268, 215, 225, 270, 220, 279, 284, 278, 280, 288, 279, 289, 291, 290, 292, 293, 291, 294, 295, 293, 296, 297, 295, 298, 299, 297, 300, 301, 299, 302, 303, 301, 304, 305, 303, 306, 307, 305, 308, 309, 307, 310, 311, 309, 312, 313, 311, 314, 315, 313, 316, 317, 315, 318, 320, 319, 321, 323, 322, 324, 325, 321, 326, 325, 324, 327, 328, 326, 329, 330, 327, 331, 332, 329, 333, 334, 331, 335, 336, 333, 337, 338, 335, 339, 340, 337, 341, 342, 339, 319, 343, 341, 344, 64, 345, 346, 348, 347, 349, 350, 346, 351, 352, 349, 353, 354, 351, 355, 356, 353, 357, 358, 355, 359, 360, 357, 359, 362, 361, 363, 362, 359, 364, 365, 363, 366, 367, 364, 368, 54, 366, 345, 65, 368, 289, 319, 292, 317, 345, 315, 291, 347, 290, 293, 347, 291, 295, 346, 293, 297, 349, 295, 299, 351, 297, 301, 353, 299, 303, 355, 301, 305, 357, 303, 307, 359, 305, 309, 363, 307, 311, 364, 309, 313, 366, 311, 315, 368, 313, 316, 322, 369, 314, 321, 316, 312, 324, 314, 310, 326, 312, 308, 326, 310, 306, 327, 308, 304, 329, 306, 302, 331, 304, 300, 333, 302, 298, 335, 300, 296, 337, 298, 294, 339, 296, 292, 341, 294, 367, 54, 51, 361, 370, 360, 362, 371, 361, 365, 372, 362, 373, 51, 52, 51, 365, 367, 365, 373, 374, 375, 377, 376, 378, 4, 1, 379, 59, 378, 380, 381, 379, 382, 383, 380, 384, 385, 382, 386, 387, 384, 388, 389, 386, 376, 390, 388, 57, 381, 52, 391, 377, 375, 370, 377, 391, 371, 390, 370, 372, 389, 371, 374, 387, 372, 373, 385, 374, 52, 383, 373, 360, 391, 358, 350, 392, 348, 352, 393, 350, 354, 394, 352, 356, 395, 354, 358, 375, 356, 1, 397, 396, 394, 398, 393, 395, 399, 394, 375, 400, 395, 376, 401, 375, 388, 402, 376, 386, 403, 388, 384, 404, 386, 382, 405, 384, 380, 406, 382, 379, 407, 380, 378, 408, 379, 1, 409, 378, 397, 9, 282, 410, 396, 397, 411, 396, 410, 412, 398, 413, 414, 409, 411, 414, 407, 408, 415, 407, 414, 416, 406, 415, 417, 405, 416, 418, 404, 417, 419, 403, 418, 420, 402, 419, 421, 401, 420, 422, 400, 421, 413, 399, 422, 423, 425, 424, 426, 427, 425, 428, 429, 427, 430, 431, 429, 432, 433, 431, 434, 435, 433, 436, 437, 435, 438, 439, 437, 440, 441, 439, 442, 443, 441, 444, 445, 443, 446, 447, 445, 448, 449, 447, 450, 451, 449, 452, 453, 451, 454, 455, 453, 456, 93, 455, 457, 92, 93, 458, 95, 92, 459, 461, 460, 462, 463, 461, 464, 465, 463, 466, 467, 465, 468, 469, 467, 470, 471, 469, 472, 473, 471, 474, 475, 473, 476, 477, 475, 478, 479, 477, 480, 481, 479, 482, 483, 481, 484, 485, 483, 486, 487, 485, 488, 489, 487, 490, 76, 489, 491, 493, 492, 494, 495, 493, 496, 497, 495, 498, 499, 497, 500, 501, 499, 502, 503, 501, 504, 505, 503, 506, 507, 505, 508, 509, 507, 510, 511, 509, 512, 513, 511, 514, 515, 513, 516, 517, 515, 518, 519, 517, 520, 521, 519, 410, 523, 522, 413, 524, 412, 422, 525, 413, 421, 526, 422, 420, 527, 421, 419, 528, 420, 418, 529, 419, 418, 531, 530, 417, 531, 418, 416, 532, 417, 415, 533, 416, 414, 534, 415, 411, 535, 414, 410, 536, 411, 410, 286, 285, 410, 397, 282, 410, 284, 523, 410, 283, 284, 410, 285, 283, 50, 255, 256, 230, 538, 537, 242, 539, 230, 50, 256, 41, 242, 541, 540, 243, 542, 242, 537, 543, 273, 544, 546, 545, 281, 546, 544, 273, 547, 281, 288, 523, 284, 287, 523, 288, 522, 545, 536, 287, 545, 522, 423, 524, 525, 458, 541, 548, 457, 540, 458, 456, 539, 457, 454, 538, 456, 452, 543, 454, 450, 547, 452, 448, 546, 450, 446, 545, 448, 444, 545, 446, 442, 536, 444, 440, 535, 442, 438, 534, 440, 436, 533, 438, 434, 532, 436, 432, 531, 434, 430, 530, 432, 428, 530, 430, 426, 529, 428, 426, 527, 528, 423, 527, 426, 423, 525, 526, 424, 462, 459, 425, 464, 462, 427, 466, 464, 429, 468, 466, 431, 470, 468, 433, 472, 470, 435, 474, 472, 437, 476, 474, 439, 478, 476, 441, 480, 478, 443, 482, 480, 445, 484, 482, 447, 486, 484, 449, 488, 486, 451, 490, 488, 453, 80, 490, 455, 79, 80, 79, 93, 82, 460, 494, 491, 461, 496, 494, 463, 498, 496, 465, 500, 498, 467, 502, 500, 469, 504, 502, 471, 506, 504, 473, 508, 506, 475, 510, 508, 477, 512, 510, 479, 514, 512, 481, 516, 514, 483, 518, 516, 485, 520, 518, 487, 549, 520, 489, 73, 549, 53, 57, 52, 36, 28, 27, 544, 545, 287, 492, 551, 550, 493, 552, 551, 495, 553, 552, 497, 554, 553, 499, 555, 554, 501, 556, 555, 503, 557, 556, 505, 558, 557, 507, 559, 558, 509, 560, 559, 511, 561, 560, 513, 562, 561, 515, 563, 562, 517, 564, 563, 519, 565, 564, 550, 567, 566, 551, 568, 567, 552, 569, 568, 553, 570, 569, 554, 571, 570, 555, 572, 571, 556, 573, 572, 557, 574, 573, 558, 575, 574, 559, 576, 575, 560, 577, 576, 561, 578, 577, 562, 579, 578, 563, 580, 579, 564, 581, 580, 565, 582, 581, 73, 521, 549, 521, 583, 565, 521, 585, 584, 521, 586, 585, 566, 588, 587, 567, 589, 588, 568, 590, 589, 569, 591, 590, 570, 592, 591, 571, 593, 592, 572, 594, 593, 573, 595, 594, 574, 596, 595, 575, 597, 596, 576, 598, 597, 577, 599, 598, 578, 600, 599, 579, 601, 600, 580, 602, 601, 581, 603, 602, 587, 605, 604, 588, 606, 605, 589, 607, 606, 590, 608, 607, 591, 609, 608, 592, 610, 609, 593, 611, 610, 594, 612, 611, 595, 613, 612, 596, 614, 613, 597, 615, 614, 598, 616, 615, 599, 617, 616, 600, 618, 617, 601, 619, 618, 604, 621, 620, 605, 622, 621, 606, 623, 622, 607, 624, 623, 608, 625, 624, 609, 626, 625, 610, 627, 626, 611, 628, 627, 612, 629, 628, 613, 630, 629, 614, 631, 630, 615, 632, 631, 616, 633, 632, 617, 634, 633, 618, 635, 634, 619, 144, 635, 636, 638, 637, 639, 640, 638, 641, 642, 640, 643, 644, 642, 645, 646, 644, 647, 648, 646, 649, 650, 648, 651, 652, 650, 653, 654, 652, 655, 656, 654, 657, 658, 656, 659, 660, 658, 661, 662, 660, 663, 664, 662, 637, 666, 665, 638, 667, 666, 640, 668, 667, 642, 669, 668, 644, 670, 669, 646, 671, 670, 648, 672, 671, 650, 673, 672, 652, 674, 673, 654, 675, 674, 656, 676, 675, 658, 677, 676, 660, 678, 677, 662, 154, 678, 665, 680, 679, 666, 681, 680, 667, 682, 681, 668, 683, 682, 669, 684, 683, 670, 685, 684, 671, 686, 685, 672, 687, 686, 673, 688, 687, 674, 689, 688, 675, 690, 689, 661, 635, 663, 659, 634, 661, 657, 633, 659, 655, 632, 657, 653, 631, 655, 651, 630, 653, 649, 629, 651, 647, 628, 649, 645, 627, 647, 643, 626, 645, 641, 625, 643, 639, 624, 641, 139, 142, 619, 691, 602, 603, 139, 691, 692, 253, 258, 248, 393, 693, 392, 144, 146, 635, 148, 165, 664, 635, 148, 663, 664, 153, 154, 664, 165, 197, 178, 141, 694, 141, 172, 140, 176, 696, 695, 697, 699, 698, 700, 702, 701, 703, 701, 704, 705, 706, 697, 707, 705, 708, 709, 707, 708, 710, 703, 711, 702, 713, 712, 713, 698, 712, 714, 705, 707, 715, 707, 709, 716, 714, 717, 718, 714, 719, 720, 722, 721, 723, 710, 724, 723, 725, 713, 697, 725, 726, 709, 708, 726, 708, 697, 726, 706, 705, 720, 720, 699, 706, 727, 703, 728, 729, 719, 716, 718, 719, 729, 729, 731, 730, 732, 727, 728, 733, 730, 734, 735, 732, 728, 722, 729, 733, 728, 704, 735, 170, 702, 158, 167, 721, 196, 163, 699, 167, 158, 698, 163, 158, 702, 712, 701, 175, 704, 722, 196, 721, 733, 193, 722, 734, 187, 733, 735, 695, 736, 704, 176, 735, 155, 678, 154, 677, 690, 676, 678, 737, 677, 690, 738, 689, 685, 739, 684, 686, 740, 685, 687, 741, 686, 688, 742, 687, 689, 743, 688, 744, 746, 745, 680, 747, 679, 681, 747, 680, 682, 747, 681, 748, 750, 749, 746, 751, 748, 752, 754, 753, 755, 756, 754, 757, 758, 756, 759, 760, 758, 761, 762, 760, 753, 764, 763, 754, 765, 764, 756, 766, 765, 758, 767, 766, 760, 768, 767, 763, 770, 769, 764, 771, 770, 765, 772, 771, 766, 773, 772, 767, 768, 773, 769, 775, 774, 770, 776, 775, 771, 777, 776, 772, 778, 777, 774, 780, 779, 775, 781, 780, 776, 782, 781, 777, 783, 782, 779, 785, 784, 780, 786, 785, 781, 788, 787, 782, 790, 789, 773, 768, 622, 621, 791, 620, 621, 768, 762, 622, 768, 621, 773, 622, 639, 639, 622, 623, 792, 794, 793, 795, 797, 796, 798, 800, 799, 793, 801, 792, 801, 803, 802, 804, 801, 805, 805, 802, 806, 806, 802, 807, 807, 802, 808, 796, 809, 800, 800, 809, 810, 808, 800, 810, 796, 812, 811, 813, 797, 814, 813, 815, 812, 812, 816, 811, 811, 818, 817, 817, 819, 809, 809, 820, 810, 810, 821, 808, 808, 821, 822, 807, 822, 823, 806, 823, 824, 825, 806, 824, 826, 805, 825, 826, 814, 804, 827, 821, 828, 822, 827, 829, 823, 829, 830, 824, 830, 831, 832, 824, 831, 833, 825, 832, 834, 826, 833, 820, 836, 835, 818, 836, 819, 816, 837, 818, 838, 816, 815, 839, 815, 840, 814, 839, 840, 834, 841, 814, 842, 838, 839, 838, 844, 843, 843, 845, 837, 837, 846, 836, 836, 847, 835, 835, 848, 828, 827, 848, 849, 829, 827, 849, 834, 850, 841, 845, 852, 851, 845, 853, 846, 846, 854, 847, 847, 855, 848, 848, 856, 849, 829, 856, 857, 830, 857, 858, 831, 858, 859, 860, 831, 859, 861, 832, 860, 862, 832, 861, 863, 833, 862, 864, 834, 863, 864, 842, 850, 865, 866, 842, 867, 868, 842, 866, 867, 842, 853, 869, 854, 854, 870, 855, 855, 871, 856, 856, 872, 857, 873, 857, 872, 858, 857, 873, 874, 862, 875, 876, 863, 874, 877, 863, 876, 878, 864, 877, 878, 866, 865, 879, 867, 866, 852, 880, 851, 881, 882, 852, 881, 884, 883, 885, 881, 867, 886, 885, 867, 859, 873, 887, 860, 887, 888, 861, 888, 889, 862, 889, 890, 875, 862, 890, 870, 891, 871, 891, 893, 892, 891, 895, 894, 896, 891, 894, 872, 896, 897, 873, 897, 898, 887, 898, 899, 888, 899, 900, 901, 888, 900, 889, 901, 902, 903, 889, 902, 904, 890, 903, 905, 875, 904, 906, 874, 905, 907, 876, 906, 907, 878, 877, 908, 879, 878, 894, 910, 909, 896, 909, 911, 897, 911, 912, 898, 912, 913, 899, 913, 914, 900, 914, 915, 901, 915, 916, 917, 919, 918, 920, 922, 921, 923, 922, 924, 925, 924, 926, 910, 927, 909, 911, 927, 917, 911, 920, 912, 913, 920, 921, 914, 921, 923, 915, 923, 925, 916, 925, 928, 929, 931, 930, 931, 933, 932, 930, 932, 934, 919, 936, 935, 918, 935, 929, 922, 929, 937, 937, 930, 938, 938, 934, 939, 934, 932, 940, 932, 941, 940, 939, 934, 940, 942, 941, 943, 942, 945, 944, 946, 944, 947, 948, 950, 949, 951, 952, 946, 950, 946, 947, 951, 954, 953, 955, 956, 954, 926, 957, 956, 924, 937, 957, 958, 959, 948, 959, 955, 948, 960, 926, 959, 928, 925, 960, 961, 928, 960, 962, 959, 958, 963, 958, 964, 960, 962, 961, 961, 963, 965, 966, 928, 961, 967, 966, 961, 967, 961, 965, 967, 965, 968, 969, 916, 966, 970, 966, 967, 971, 967, 968, 971, 970, 967, 971, 973, 972, 972, 975, 974, 974, 977, 976, 978, 916, 969, 979, 969, 970, 980, 970, 971, 981, 970, 980, 982, 984, 983, 977, 983, 976, 985, 983, 984, 976, 985, 986, 986, 985, 987, 974, 986, 988, 989, 991, 990, 972, 988, 992, 971, 992, 993, 994, 995, 991, 988, 987, 996, 994, 996, 995, 994, 992, 988, 993, 992, 994, 993, 980, 971, 997, 980, 993, 997, 994, 989, 998, 990, 999, 1000, 989, 998, 1001, 1000, 998, 1001, 999, 1002, 1000, 981, 997, 1003, 1004, 1000, 1005, 978, 979, 1005, 981, 1004, 1006, 902, 1007, 1008, 1007, 1005, 1009, 1005, 1004, 1010, 903, 1006, 1011, 1006, 1008, 1012, 1008, 1009, 1013, 1012, 1014, 1015, 1017, 1016, 1018, 1001, 1019, 1018, 1014, 1003, 1020, 1022, 1021, 1003, 1012, 1009, 1023, 1010, 1011, 1021, 1024, 1020, 1020, 1026, 1025, 1024, 1027, 1026, 1012, 1028, 1011, 1028, 1023, 1011, 1029, 1030, 1023, 1023, 1032, 1031, 1031, 906, 905, 1032, 907, 906, 1033, 908, 907, 1034, 1035, 908, 1036, 1034, 1033, 1030, 1033, 1032, 1037, 1036, 1030, 1038, 1039, 1027, 1040, 1041, 1036, 1042, 1043, 1039, 851, 1044, 853, 870, 869, 893, 927, 1045, 919, 935, 1046, 931, 1047, 1049, 1048, 1050, 1051, 1047, 1052, 1053, 1050, 1051, 1054, 1049, 1053, 1055, 1051, 1056, 1057, 1053, 1058, 1059, 1056, 1060, 1056, 1052, 882, 1061, 880, 883, 1061, 882, 883, 1050, 1047, 883, 1052, 1050, 1052, 1062, 1060, 883, 1062, 1052, 884, 1062, 883, 1063, 1065, 1064, 1066, 1067, 1063, 1054, 1069, 1068, 1055, 1070, 1069, 1057, 1071, 1070, 1059, 1072, 1071, 1073, 1075, 1074, 1076, 1074, 1075, 1074, 1068, 1069, 1073, 1069, 1070, 1067, 1070, 1071, 1065, 1071, 1072, 1077, 1076, 1075, 1077, 1079, 1078, 1080, 1066, 1063, 1079, 1075, 1080, 1081, 1080, 1082, 1083, 1079, 1081, 1084, 1083, 1085, 1086, 1063, 1064, 1080, 1086, 1082, 1081, 1088, 1087, 1083, 1087, 1089, 1085, 1089, 1090, 1087, 1092, 1091, 1093, 1087, 1091, 1090, 1093, 1094, 1095, 1086, 1096, 1088, 1086, 1095, 1088, 1097, 1092, 1092, 1099, 1098, 1091, 1098, 1100, 1093, 1100, 1101, 1098, 1103, 1102, 1100, 1102, 1104, 1101, 1104, 1105, 1106, 1108, 1107, 1108, 1102, 1109, 1107, 1108, 1109, 1110, 1102, 1103, 1109, 1110, 1111, 1107, 1111, 1112, 1106, 1112, 1113, 1114, 1113, 1115, 1116, 1114, 1115, 1117, 1104, 1108, 1118, 1117, 1108, 1119, 1093, 1101, 1120, 1101, 1105, 1121, 1105, 1117, 1118, 1121, 1117, 1114, 1118, 1106, 1122, 1121, 1118, 1114, 1122, 1118, 1123, 1114, 1116, 1123, 1122, 1114, 1124, 1126, 1125, 1127, 1124, 1125, 1124, 1120, 1121, 1128, 1084, 1085, 1129, 1085, 1090, 1130, 1128, 1131, 1131, 1128, 1129, 1132, 1120, 1133, 1119, 1132, 1094, 1132, 1090, 1094, 1131, 1129, 1132, 1131, 1132, 1134, 1134, 1133, 1127, 885, 1135, 884, 1136, 1137, 885, 1138, 1137, 1136, 885, 1137, 1135, 886, 1136, 885, 886, 1138, 1136, 1139, 1115, 1140, 1141, 1143, 1142, 1144, 1146, 1145, 1140, 1113, 1147, 1148, 1147, 1149, 1148, 1150, 1143, 1151, 1135, 1137, 1152, 1154, 1153, 1097, 1095, 1096, 1099, 1097, 1096, 1154, 1099, 1096, 1154, 1103, 1099, 1110, 1103, 1154, 1138, 1151, 1137, 1155, 1154, 1156, 1155, 1111, 1110, 1157, 1112, 1111, 1112, 1147, 1113, 1158, 1147, 1159, 1160, 1159, 1157, 1160, 1155, 1161, 1161, 1156, 1162, 1158, 1150, 1149, 1163, 1158, 1160, 1164, 1151, 1138, 1165, 1156, 1152, 1166, 1160, 1161, 1167, 1161, 1162, 1168, 1162, 1165, 1169, 1171, 1170, 1171, 1172, 1170, 1173, 1174, 1172, 1175, 1176, 1174, 1177, 1146, 1176, 1169, 1178, 1171, 1178, 1173, 1171, 1179, 1175, 1173, 1180, 1177, 1175, 1177, 1181, 1145, 1182, 1179, 1178, 1183, 1180, 1179, 1184, 1181, 1180, 1185, 1145, 1181, 1186, 1144, 1145, 1144, 1188, 1187, 1189, 1164, 1190, 1034, 1189, 1190, 1035, 1164, 1138, 879, 1138, 886, 1041, 1191, 1189, 1192, 1194, 1193, 1192, 1193, 1195, 1196, 1192, 1195, 1192, 1197, 1194, 1182, 1169, 1198, 1164, 1195, 1193, 1196, 1164, 1189, 1199, 1182, 1198, 952, 942, 946, 949, 958, 948, 922, 917, 918, 902, 978, 1007, 904, 1031, 905, 841, 842, 839, 814, 1200, 794, 804, 814, 792, 798, 796, 800, 814, 840, 813, 802, 799, 808, 799, 800, 808, 796, 811, 817, 868, 852, 844, 821, 835, 828, 1201, 1123, 1116, 1188, 1201, 1187, 1134, 1199, 1131, 1127, 1182, 1134, 1125, 1183, 1127, 1126, 1184, 1125, 1123, 1185, 1126, 1123, 1188, 1186, 1202, 1131, 1043, 1016, 325, 1015, 1202, 338, 1130, 1042, 338, 1202, 1038, 336, 1042, 1024, 334, 1038, 1021, 332, 1024, 1022, 330, 1021, 1015, 328, 1022, 342, 1077, 1078, 1077, 1204, 1203, 1077, 343, 320, 338, 1205, 1130, 340, 1205, 338, 340, 1084, 1205, 342, 1084, 340, 342, 1078, 1084, 1191, 1196, 1189, 123, 208, 101, 123, 108, 122, 89, 84, 83, 85, 86, 70, 639, 636, 773, 636, 1206, 773, 1140, 1141, 1139, 178, 1208, 1207, 182, 190, 184, 1209, 1211, 1210, 1212, 1213, 1211, 1214, 1215, 1213, 1215, 1217, 1216, 1214, 1218, 1217, 1212, 1219, 1218, 1219, 1220, 1218, 1221, 1222, 1220, 1223, 1224, 1222, 1224, 1225, 1222, 1226, 1227, 1225, 1227, 1228, 1225, 1228, 1229, 1225, 1229, 1222, 1225, 1220, 1217, 1218, 1229, 1216, 1217, 1216, 1230, 1215, 1231, 1233, 1232, 1233, 1231, 1228, 1233, 1235, 1234, 1234, 1232, 1233, 1228, 1236, 1235, 1228, 1237, 1236, 1227, 1238, 1237, 1226, 1239, 1238, 1226, 1240, 1239, 1224, 1241, 1240, 1232, 1243, 1242, 1234, 1244, 1243, 1235, 1245, 1244, 1245, 1237, 1246, 1237, 1247, 1246, 1238, 1248, 1247, 1239, 1249, 1248, 1240, 1250, 1249, 1242, 42, 43, 1243, 44, 42, 1244, 45, 44, 1245, 46, 45, 1246, 47, 46, 1247, 48, 47, 1248, 49, 48, 1249, 50, 49, 1251, 1253, 1252, 1253, 1251, 1254, 1255, 1257, 1256, 1257, 1255, 1258, 1255, 1259, 1258, 1215, 1260, 1213, 1260, 1261, 1213, 1261, 1260, 1259, 1215, 1257, 1258, 1230, 1232, 1257, 1232, 1262, 1257, 1262, 1242, 1263, 1242, 62, 1263, 62, 1264, 1263, 1232, 1216, 1231, 1230, 1216, 1232, 1260, 1258, 1259, 1215, 1258, 1260, 1256, 1262, 1265, 1262, 1264, 1265, 1266, 1268, 1267, 1269, 1270, 1268, 1268, 1271, 1267, 1267, 1272, 1266, 1272, 1273, 1266, 1273, 1274, 1266, 1275, 1277, 1276, 1277, 1278, 1276, 1278, 1279, 1276, 1278, 1281, 1280, 1282, 1278, 1277, 1277, 1275, 1282, 1275, 1283, 1282, 1271, 1272, 1267, 1284, 1285, 1271, 1286, 1284, 1287, 1284, 1268, 1270, 1270, 1288, 1284, 1289, 1291, 1290, 1289, 1292, 1291, 1292, 1282, 1283, 1293, 1281, 1282, 1294, 1295, 1281, 1296, 94, 95, 1294, 96, 94, 1293, 97, 96, 1292, 98, 97, 1271, 1285, 1272, 1273, 1272, 1285, 1297, 1299, 1298, 1300, 1302, 1301, 1303, 1304, 1302, 1297, 1306, 1305, 1306, 1308, 1307, 1308, 1309, 1307, 1303, 1311, 1310, 1300, 1313, 1312, 1305, 1313, 1299, 1314, 1308, 1306, 1315, 1317, 1316, 1318, 1319, 1315, 1320, 1318, 1315, 1321, 1323, 1322, 1303, 1325, 1324, 1325, 1312, 1326, 1312, 1327, 1326, 1307, 1309, 1327, 1306, 1327, 1305, 1306, 1297, 1314, 1311, 1328, 1310, 1318, 1330, 1329, 1318, 1321, 1330, 1329, 1332, 1331, 1331, 1328, 1333, 1330, 1334, 1332, 1334, 1328, 1332, 1321, 1335, 1330, 1336, 1338, 1337, 1339, 1340, 1338, 1341, 1342, 1340, 1343, 1344, 1342, 1345, 1346, 1344, 1347, 1349, 1348, 1350, 1352, 1351, 1353, 1355, 1354, 1356, 1357, 1355, 1358, 1344, 1357, 1355, 1357, 1359, 1357, 1346, 1359, 1354, 1361, 1360, 1355, 1362, 1361, 1359, 1363, 1362, 1360, 1365, 1364, 1361, 1366, 1365, 1362, 1348, 1366, 1367, 1356, 1353, 1368, 1358, 1356, 1369, 1342, 1358, 1370, 1338, 1340, 1340, 1371, 1370, 1369, 1372, 1371, 1368, 1373, 1372, 1370, 1375, 1374, 1371, 1372, 1375, 1376, 1378, 1377, 1379, 1378, 1380, 1380, 1382, 1381, 1378, 1383, 1382, 1384, 1385, 1383, 1386, 1349, 1350, 1387, 1388, 1381, 1381, 1389, 1387, 1382, 1390, 1389, 1383, 1391, 1390, 1387, 1392, 1349, 1389, 1393, 1392, 1390, 1394, 1393, 1392, 1365, 1366, 1393, 1364, 1365, 1349, 1366, 1348, 1363, 1347, 1348, 1395, 1397, 1396, 1398, 1399, 1397, 1400, 1401, 1399, 1402, 1403, 1401, 1404, 1299, 1405, 1406, 1405, 1407, 1408, 1407, 1409, 1410, 1409, 1411, 1412, 1411, 1413, 1414, 1404, 1406, 1415, 1406, 1408, 1416, 1408, 1410, 1417, 1410, 1412, 1418, 1419, 1414, 1420, 1414, 1415, 1421, 1415, 1416, 1422, 1416, 1417, 1423, 1425, 1424, 1426, 1418, 1420, 1427, 1420, 1421, 1428, 1421, 1422, 1396, 1304, 1395, 1429, 1302, 1396, 1430, 1403, 1431, 1432, 1401, 1430, 1433, 1396, 1397, 1433, 1399, 1432, 1299, 1434, 1405, 1434, 1301, 1429, 1411, 1435, 1413, 1409, 1436, 1411, 1407, 1437, 1409, 1405, 1438, 1407, 1436, 1431, 1435, 1437, 1430, 1436, 1438, 1432, 1437, 1434, 1433, 1438, 1335, 1425, 1439, 1440, 1442, 1441, 1443, 1444, 1440, 1445, 1446, 1443, 1447, 1448, 1419, 1310, 1449, 1304, 1450, 1449, 1334, 1445, 1451, 1450, 1450, 1335, 1439, 1450, 1423, 1445, 1395, 1449, 1451, 1452, 1441, 1453, 1454, 1440, 1452, 1402, 1453, 1455, 1400, 1452, 1402, 1398, 1454, 1400, 1395, 1456, 1398, 1457, 1459, 1458, 1460, 1458, 1461, 1462, 1461, 1463, 1464, 1463, 1465, 1466, 1465, 1467, 1468, 1467, 1469, 1470, 1469, 1471, 1472, 1471, 1473, 1458, 1475, 1474, 1461, 1474, 1476, 1463, 1476, 1477, 1465, 1477, 1478, 1467, 1478, 1479, 1469, 1479, 1480, 1471, 1480, 1481, 1473, 1481, 1482, 1455, 1484, 1483, 1435, 1466, 1413, 1431, 1464, 1435, 1403, 1462, 1431, 1455, 1460, 1403, 1455, 1485, 1457, 1475, 1486, 1474, 1478, 1487, 1479, 1477, 1488, 1478, 1476, 1489, 1477, 1474, 1490, 1476, 1472, 1417, 1470, 1491, 1481, 1492, 1468, 1413, 1466, 1470, 1412, 1468, 1493, 1479, 1487, 1492, 1480, 1493, 1494, 290, 1495, 1496, 1495, 1497, 1498, 1497, 1499, 1500, 1499, 1501, 1502, 1501, 1503, 1504, 1503, 1505, 1506, 1505, 1507, 1508, 1507, 1509, 1510, 1509, 1511, 1512, 1511, 1513, 1514, 1513, 1515, 1516, 1518, 1517, 1519, 1517, 1520, 369, 1520, 317, 1204, 1522, 1521, 1523, 322, 323, 1523, 1525, 1524, 1526, 1528, 1527, 1529, 1530, 1526, 1531, 1532, 1529, 1533, 1534, 1531, 1535, 1536, 1533, 1537, 1538, 1535, 1539, 1540, 1537, 1541, 1542, 1539, 1543, 1544, 1541, 1521, 1545, 1543, 63, 1546, 1264, 1547, 347, 348, 1548, 1549, 1547, 1550, 1551, 1548, 1552, 1553, 1550, 1554, 1555, 1552, 1556, 1557, 1554, 1558, 1559, 1556, 1560, 1561, 1558, 1562, 1561, 1560, 1563, 1564, 1562, 1254, 1565, 1563, 1265, 1566, 1256, 1264, 1567, 1265, 318, 1494, 1522, 344, 1520, 1546, 347, 1495, 290, 1549, 1495, 347, 1551, 1497, 1549, 1553, 1499, 1551, 1555, 1501, 1553, 1557, 1503, 1555, 1559, 1505, 1557, 1561, 1507, 1559, 1564, 1509, 1561, 1565, 1511, 1564, 1568, 1513, 1565, 1567, 1518, 1566, 1546, 1517, 1567, 1524, 369, 322, 1525, 1519, 1524, 1530, 1569, 1528, 1530, 1512, 1514, 1532, 1512, 1530, 1534, 1510, 1532, 1536, 1508, 1534, 1538, 1506, 1536, 1540, 1504, 1538, 1542, 1502, 1540, 1544, 1500, 1542, 1545, 1498, 1544, 1522, 1496, 1545, 1254, 1563, 1253, 1570, 1556, 1571, 1572, 1558, 1570, 1573, 1560, 1572, 1253, 1574, 1252, 1574, 1563, 1562, 1574, 1562, 1573, 1575, 1577, 1576, 1261, 1211, 1213, 1578, 1580, 1579, 1581, 1582, 1578, 1583, 1584, 1581, 1585, 1586, 1583, 1587, 1588, 1585, 1589, 1590, 1587, 1575, 1591, 1589, 1579, 1252, 1578, 1575, 1592, 1577, 1589, 1592, 1575, 1587, 1571, 1589, 1585, 1570, 1587, 1583, 1572, 1585, 1581, 1573, 1583, 1578, 1574, 1581, 1571, 1554, 1592, 1593, 348, 392, 1594, 1547, 1593, 1595, 1548, 1594, 1577, 1550, 1595, 1592, 1552, 1577, 1596, 1598, 1597, 1599, 1593, 1600, 1601, 1594, 1599, 1602, 1595, 1601, 1603, 1577, 1602, 1604, 1576, 1603, 1605, 1591, 1604, 1606, 1590, 1605, 1607, 1588, 1606, 1608, 1586, 1607, 1609, 1584, 1608, 1610, 1582, 1609, 1598, 1580, 1610, 1596, 1486, 1611, 1598, 1612, 1597, 1610, 1612, 1598, 693, 1613, 1600, 1609, 1614, 1610, 1608, 1615, 1609, 1607, 1615, 1608, 1606, 1616, 1607, 1605, 1617, 1606, 1604, 1618, 1605, 1603, 1619, 1604, 1602, 1620, 1603, 1601, 1621, 1602, 1599, 1622, 1601, 1600, 1623, 1599, 1624, 424, 1625, 1626, 1625, 1627, 1628, 1627, 1629, 1630, 1629, 1631, 1632, 1631, 1633, 1634, 1633, 1635, 1636, 1635, 1637, 1638, 1637, 1639, 1640, 1639, 1641, 1642, 1641, 1643, 1644, 1643, 1645, 1646, 1645, 1647, 1648, 1647, 1649, 1650, 1649, 1651, 1652, 1651, 1653, 1654, 1653, 1655, 1656, 1657, 1295, 1658, 1295, 1296, 548, 1296, 95, 1659, 460, 1660, 1661, 1660, 1662, 1663, 1662, 1664, 1665, 1664, 1666, 1667, 1666, 1668, 1669, 1668, 1670, 1671, 1670, 1672, 1673, 1672, 1674, 1675, 1674, 1676, 1677, 1676, 1678, 1679, 1678, 1680, 1681, 1680, 1682, 1683, 1682, 1684, 1685, 1684, 1686, 1687, 1686, 1688, 1689, 1688, 1274, 1690, 492, 1691, 1692, 1691, 1693, 1694, 1693, 1695, 1696, 1695, 1697, 1698, 1697, 1699, 1700, 1699, 1701, 1702, 1701, 1703, 1704, 1703, 1705, 1706, 1705, 1707, 1708, 1707, 1709, 1710, 1709, 1711, 1712, 1711, 1713, 1714, 1713, 1715, 1716, 1715, 1717, 1718, 1717, 1719, 1720, 1612, 1721, 1722, 412, 524, 1723, 1613, 1722, 1724, 1623, 1723, 1725, 1622, 1724, 1726, 1621, 1725, 1727, 1620, 1726, 1728, 1619, 1727, 1729, 1619, 1728, 1730, 1618, 1729, 1731, 1617, 1730, 1732, 1616, 1731, 1733, 1615, 1732, 1721, 1614, 1733, 1486, 1489, 1490, 1597, 1612, 1486, 1487, 1612, 1720, 1488, 1612, 1487, 1489, 1612, 1488, 1734, 1736, 1735, 1737, 1739, 1738, 1740, 1741, 1737, 1736, 50, 1250, 542, 1740, 541, 1742, 1441, 1442, 1743, 1473, 1744, 1745, 1491, 1746, 1747, 1491, 1745, 1744, 1482, 1747, 1720, 1493, 1487, 1721, 1493, 1720, 1746, 1721, 1733, 1746, 1492, 1721, 524, 423, 1722, 1740, 548, 541, 1737, 1658, 1740, 1738, 1656, 1737, 1744, 1654, 1743, 1747, 1652, 1744, 1745, 1650, 1747, 1746, 1648, 1745, 1746, 1644, 1646, 1733, 1644, 1746, 1732, 1642, 1733, 1731, 1640, 1732, 1730, 1638, 1731, 1729, 1636, 1730, 1728, 1634, 1729, 1727, 1632, 1728, 1727, 1628, 1630, 1726, 1628, 1727, 1725, 1626, 1726, 1724, 1624, 1725, 1723, 1624, 1724, 1722, 423, 1723, 1625, 459, 1659, 1627, 1659, 1661, 1629, 1661, 1663, 1631, 1663, 1665, 1633, 1665, 1667, 1635, 1667, 1669, 1637, 1669, 1671, 1639, 1671, 1673, 1641, 1673, 1675, 1643, 1675, 1677, 1645, 1677, 1679, 1647, 1679, 1681, 1649, 1681, 1683, 1651, 1683, 1685, 1653, 1685, 1687, 1655, 1687, 1689, 1295, 1279, 1280, 1295, 1280, 1281, 1660, 491, 1690, 1662, 1690, 1692, 1664, 1692, 1694, 1666, 1694, 1696, 1668, 1696, 1698, 1670, 1698, 1700, 1672, 1700, 1702, 1674, 1702, 1704, 1676, 1704, 1706, 1678, 1706, 1708, 1680, 1708, 1710, 1682, 1710, 1712, 1684, 1712, 1714, 1686, 1714, 1716, 1688, 1716, 1718, 1274, 1718, 1266, 1748, 1251, 1252, 1237, 1245, 1236, 1746, 1491, 1492, 1691, 550, 1749, 1693, 1749, 1750, 1695, 1750, 1751, 1697, 1751, 1752, 1699, 1752, 1753, 1701, 1753, 1754, 1703, 1754, 1755, 1705, 1755, 1756, 1707, 1756, 1757, 1709, 1757, 1758, 1711, 1758, 1759, 1713, 1759, 1760, 1715, 1760, 1761, 1717, 1761, 1762, 1719, 1762, 1763, 1749, 566, 1764, 1750, 1764, 1765, 1751, 1765, 1766, 1752, 1766, 1767, 1753, 1767, 1768, 1754, 1768, 1769, 1755, 1769, 1770, 1756, 1770, 1771, 1757, 1771, 1772, 1758, 1772, 1773, 1759, 1773, 1774, 1760, 1774, 1775, 1761, 1775, 1776, 1762, 1776, 1777, 1763, 1777, 1778, 1779, 1778, 1780, 1781, 1718, 1719, 1782, 1763, 1779, 1783, 1719, 1782, 1781, 1719, 1783, 1764, 587, 1784, 1765, 1784, 1785, 1766, 1785, 1786, 1767, 1786, 1787, 1768, 1787, 1788, 1769, 1788, 1789, 1770, 1789, 1790, 1771, 1790, 1791, 1772, 1791, 1792, 1773, 1792, 1793, 1774, 1793, 1794, 1775, 1794, 1795, 1776, 1795, 1796, 1777, 1796, 1797, 1778, 1797, 1798, 1780, 1798, 1799, 1784, 604, 1800, 1785, 1800, 1801, 1786, 1801, 1802, 1787, 1802, 1803, 1788, 1803, 1804, 1789, 1804, 1805, 1790, 1805, 1806, 1791, 1806, 1807, 1792, 1807, 1808, 1793, 1808, 1809, 1794, 1809, 1810, 1795, 1810, 1811, 1796, 1811, 1812, 1797, 1812, 1813, 1798, 1813, 1814, 1800, 620, 1815, 1801, 1815, 1816, 1802, 1816, 1817, 1803, 1817, 1818, 1804, 1818, 1819, 1805, 1819, 1820, 1806, 1820, 1821, 1807, 1821, 1822, 1808, 1822, 1823, 1809, 1823, 1824, 1810, 1824, 1825, 1811, 1825, 1826, 1812, 1826, 1827, 1813, 1827, 1828, 1814, 1828, 1829, 1341, 1829, 1343, 1830, 1832, 1831, 1833, 1831, 1834, 1835, 1834, 1836, 1837, 1836, 1838, 1839, 1838, 1840, 1841, 1840, 1842, 1843, 1842, 1844, 1845, 1844, 1846, 1847, 1846, 1848, 1849, 1848, 1850, 1851, 1850, 1852, 1853, 1852, 1854, 1855, 1854, 1856, 1857, 1856, 1858, 1831, 1860, 1859, 1834, 1859, 1861, 1836, 1861, 1862, 1838, 1862, 1863, 1840, 1863, 1864, 1842, 1864, 1865, 1844, 1865, 1866, 1846, 1866, 1867, 1848, 1867, 1868, 1850, 1868, 1869, 1852, 1869, 1870, 1854, 1870, 1871, 1856, 1871, 1872, 1858, 1872, 1352, 1859, 1874, 1873, 1861, 1873, 1875, 1862, 1875, 1876, 1863, 1876, 1877, 1864, 1877, 1878, 1865, 1878, 1879, 1866, 1879, 1880, 1867, 1880, 1881, 1868, 1881, 1882, 1869, 1882, 1883, 1870, 1883, 1884, 1828, 1855, 1829, 1827, 1853, 1828, 1826, 1851, 1827, 1825, 1849, 1826, 1824, 1847, 1825, 1823, 1845, 1824, 1822, 1843, 1823, 1821, 1841, 1822, 1820, 1839, 1821, 1819, 1837, 1820, 1818, 1835, 1819, 1817, 1833, 1818, 1341, 1339, 1814, 1814, 1799, 1798, 1814, 1336, 1885, 1456, 1443, 1454, 1600, 392, 693, 1345, 1343, 1829, 1346, 1858, 1363, 1345, 1855, 1857, 1886, 1352, 1347, 1363, 1858, 1886, 1370, 1887, 1337, 1370, 1337, 1338, 1376, 1888, 1384, 1889, 1891, 1890, 1892, 1894, 1893, 1895, 1896, 1894, 1889, 1898, 1897, 1898, 1900, 1899, 1900, 1901, 1899, 1895, 1903, 1902, 1892, 1905, 1904, 1897, 1905, 1891, 1906, 1900, 1898, 1907, 1901, 1900, 1908, 1909, 1907, 1906, 1908, 1907, 1910, 1912, 1911, 1895, 1914, 1913, 1914, 1904, 1915, 1904, 1916, 1915, 1899, 1901, 1916, 1898, 1916, 1897, 1898, 1889, 1906, 1912, 1889, 1890, 1903, 1917, 1902, 1908, 1919, 1918, 1908, 1910, 1919, 1920, 1922, 1921, 1921, 1917, 1923, 1919, 1925, 1924, 1926, 1917, 1922, 1910, 1927, 1919, 1902, 1928, 1896, 1894, 1354, 1893, 1890, 1394, 1912, 1891, 1364, 1890, 1905, 1360, 1891, 1893, 1354, 1905, 1353, 1896, 1367, 1391, 1912, 1394, 1385, 1911, 1391, 1888, 1927, 1385, 1929, 1925, 1888, 1367, 1928, 1373, 1930, 1352, 1872, 1931, 1870, 1884, 1930, 1871, 1931, 1932, 1884, 1883, 1933, 1878, 1934, 1935, 1879, 1933, 1936, 1880, 1935, 1937, 1881, 1936, 1932, 1882, 1937, 1938, 1934, 1878, 1939, 1873, 1874, 1939, 1875, 1873, 750, 1875, 1939, 751, 1876, 750, 1938, 1877, 751, 1940, 1942, 1941, 752, 1941, 1943, 755, 1943, 1944, 757, 1944, 1945, 759, 1945, 1946, 761, 1946, 1947, 791, 1947, 1948, 1941, 1950, 1949, 1943, 1949, 1951, 1944, 1951, 1952, 1945, 1952, 1953, 1946, 1953, 1954, 1947, 1954, 1955, 1948, 1955, 1956, 1949, 1958, 1957, 1951, 1957, 1959, 1952, 1959, 1960, 1953, 1960, 1961, 1954, 1961, 1962, 1955, 1962, 1963, 1956, 1955, 1963, 1957, 1965, 1964, 1959, 1964, 1966, 1960, 1966, 1967, 1961, 1967, 1968, 1962, 1968, 1969, 1963, 1969, 1970, 1964, 1972, 1971, 1966, 1971, 1973, 1967, 1973, 1974, 1968, 1974, 1975, 1969, 1975, 1976, 1970, 1976, 1977, 1971, 1979, 1978, 1973, 1978, 1980, 1974, 1980, 1981, 1975, 1981, 1982, 1976, 1984, 1983, 1977, 1983, 1985, 1986, 1988, 1987, 784, 1987, 779, 1987, 1990, 1989, 779, 1989, 774, 1989, 1992, 1991, 774, 1991, 769, 1991, 1994, 1993, 769, 1993, 763, 1993, 1996, 1995, 763, 1995, 753, 1995, 1997, 1940, 753, 1940, 752, 1956, 1963, 1816, 1948, 620, 791, 1956, 1815, 1948, 1956, 1816, 1815, 1816, 1963, 1830, 1816, 1830, 1817, 1998, 2000, 1999, 2001, 2003, 2002, 2004, 2006, 2005, 2007, 2009, 2008, 2007, 2011, 2010, 2009, 2012, 2008, 2008, 2013, 2011, 2011, 2013, 2014, 2011, 2014, 2015, 2016, 2004, 2017, 2017, 2004, 2018, 2004, 2015, 2018, 2002, 2020, 2019, 2019, 1998, 2002, 2021, 2019, 2022, 2022, 2020, 2023, 2023, 2016, 2024, 2024, 2017, 2025, 2025, 2018, 2026, 2026, 2015, 2027, 2027, 2015, 2028, 2015, 2029, 2028, 2014, 2030, 2029, 2012, 2030, 2013, 2031, 2032, 2012, 1998, 2033, 2031, 2027, 2035, 2034, 2027, 2036, 2035, 2028, 2037, 2036, 2029, 2038, 2037, 2032, 2038, 2030, 2033, 2039, 2032, 1998, 2040, 2033, 2025, 2042, 2041, 2043, 2025, 2041, 2044, 2024, 2043, 2044, 2022, 2023, 2045, 2046, 2022, 2047, 2021, 2046, 2047, 2048, 1998, 2049, 2046, 2045, 2049, 2044, 2050, 2050, 2043, 2051, 2051, 2041, 2052, 2052, 2042, 2053, 2053, 2034, 2054, 2034, 2055, 2054, 2035, 2036, 2055, 2056, 2048, 2047, 2050, 2058, 2057, 2058, 2052, 2059, 2059, 2053, 2060, 2060, 2054, 2061, 2061, 2055, 2062, 2055, 2063, 2062, 2036, 2064, 2063, 2037, 2065, 2064, 2039, 2065, 2038, 2039, 2067, 2066, 2040, 2067, 2039, 2048, 2068, 2040, 2056, 2069, 2048, 2070, 2056, 2071, 2072, 2070, 2071, 2073, 2071, 2049, 2074, 2072, 2071, 1044, 2060, 869, 869, 2061, 2075, 2075, 2062, 2076, 2076, 2063, 2077, 2063, 2078, 2077, 2063, 2064, 2078, 2069, 2079, 2068, 2069, 2081, 2080, 2082, 2081, 2069, 2070, 2083, 2082, 2084, 2070, 2072, 2085, 2072, 2074, 2086, 2058, 880, 2087, 2057, 2086, 2088, 2073, 2087, 2088, 2074, 2073, 2089, 2085, 2074, 2064, 2090, 2078, 2065, 2091, 2090, 2066, 2092, 2091, 2067, 2093, 2092, 2068, 2079, 2093, 893, 2076, 2094, 893, 2094, 892, 892, 2095, 895, 2076, 2095, 2094, 2076, 2097, 2096, 2077, 2098, 2097, 2078, 2099, 2098, 2090, 2100, 2099, 2091, 2101, 2100, 2091, 2102, 2101, 2093, 2102, 2092, 2079, 2103, 2093, 2080, 2104, 2079, 2081, 2105, 2080, 2083, 2106, 2081, 2107, 2083, 2108, 2109, 2108, 2084, 895, 2110, 910, 2095, 2111, 2110, 2096, 2112, 2111, 2097, 2113, 2112, 2098, 2114, 2113, 2099, 2115, 2114, 2100, 2116, 2115, 2117, 2119, 2118, 2120, 2122, 2121, 2121, 2123, 2120, 2124, 2125, 2123, 2126, 2110, 2117, 2110, 2127, 2117, 2127, 2112, 2122, 2112, 2121, 2122, 2113, 2124, 2121, 2114, 2128, 2124, 2115, 2129, 2128, 2130, 2132, 2131, 1046, 2133, 933, 2131, 2134, 2133, 1045, 2130, 936, 2118, 2135, 2130, 2119, 2136, 2135, 2135, 2137, 2132, 2132, 2138, 2134, 2133, 2134, 2139, 933, 2139, 941, 2134, 2138, 2139, 2139, 943, 941, 943, 2140, 945, 2141, 2142, 2140, 2143, 2145, 2144, 2146, 2148, 2147, 2144, 2142, 2148, 2143, 2146, 2149, 2125, 2149, 2150, 2123, 2150, 2151, 2120, 2151, 2136, 2152, 2154, 2153, 2125, 2153, 2143, 2128, 2152, 2125, 2128, 2129, 2155, 2129, 2156, 2155, 2155, 2154, 2152, 2157, 2158, 2154, 2157, 2155, 2156, 2157, 2160, 2159, 2116, 2156, 2129, 2161, 2162, 2156, 2156, 2162, 2160, 2160, 2162, 2163, 2116, 2164, 2161, 2164, 2162, 2161, 2162, 2165, 2163, 2166, 2165, 2162, 2163, 2168, 2167, 2167, 2170, 2169, 2169, 2172, 2171, 2101, 2164, 2116, 2173, 2166, 2164, 2166, 2174, 2165, 2175, 2174, 2166, 2176, 2177, 984, 2178, 2172, 2179, 2177, 985, 984, 2177, 2180, 985, 985, 2180, 987, 2172, 2182, 2181, 2183, 2185, 2184, 2170, 2186, 2182, 2168, 2187, 2186, 2188, 2183, 2184, 2180, 996, 987, 2189, 2188, 2190, 2191, 2183, 2189, 2191, 2192, 2183, 2174, 2187, 2165, 2193, 2187, 2174, 2192, 2194, 2183, 2194, 2195, 2185, 2196, 2197, 2194, 2198, 2197, 2199, 2197, 2200, 2195, 2201, 2196, 2202, 2203, 2199, 2201, 2204, 2175, 2173, 2175, 2205, 2193, 2103, 2204, 2102, 2206, 2207, 2204, 2208, 2205, 2207, 2104, 2206, 2103, 2209, 2208, 2206, 2210, 2211, 2208, 2212, 2214, 2213, 2215, 2216, 2200, 2198, 2217, 2215, 2214, 2218, 2198, 2214, 2219, 2218, 2214, 2203, 2213, 2220, 2210, 2209, 2221, 2219, 2222, 2221, 2212, 2223, 2224, 2223, 2225, 2226, 2227, 2210, 2228, 2210, 2229, 2230, 2229, 2231, 2231, 2220, 2232, 2232, 2105, 2106, 2233, 2106, 2234, 2235, 2234, 2107, 2236, 2107, 2109, 2237, 2233, 2235, 2238, 2232, 2233, 2239, 2231, 2238, 2240, 2225, 2241, 2242, 2238, 2237, 2243, 2241, 2244, 880, 2059, 1044, 869, 2075, 893, 2126, 2118, 1045, 936, 2131, 1046, 2245, 1048, 1049, 2246, 2247, 2245, 2248, 2249, 2246, 2250, 1049, 1054, 2251, 2245, 2250, 2252, 2246, 2251, 2253, 2248, 2252, 2254, 2255, 2248, 1061, 2086, 880, 2247, 1061, 1048, 2249, 2087, 2247, 2255, 2087, 2249, 2256, 2255, 2257, 2256, 2087, 2255, 2256, 2088, 2087, 2258, 2260, 2259, 2261, 2262, 2258, 2250, 1068, 2263, 2251, 2263, 2264, 2252, 2264, 2265, 2253, 2265, 2266, 2267, 2269, 2268, 2270, 2268, 2269, 2270, 2263, 1068, 2269, 2264, 2263, 2261, 2265, 2264, 2258, 2266, 2265, 1203, 2268, 1076, 2268, 2272, 2271, 2268, 2262, 2267, 2268, 2271, 2273, 2271, 2274, 2273, 2272, 2275, 2271, 2272, 2277, 2276, 2262, 2278, 2260, 2262, 2274, 2278, 2274, 2280, 2279, 2275, 2281, 2280, 2276, 2282, 2281, 2279, 2284, 2283, 2281, 2284, 2280, 2281, 2286, 2285, 2278, 2288, 2287, 2274, 2288, 2278, 2288, 2283, 2289, 2289, 2291, 2290, 2283, 2292, 2291, 2284, 2293, 2292, 2290, 2295, 2294, 2291, 2296, 2295, 2292, 2297, 2296, 2298, 2300, 2299, 2296, 2301, 2295, 2299, 2300, 2301, 2295, 2302, 2294, 2295, 2303, 2302, 2301, 2304, 2303, 2300, 2305, 2304, 2306, 2307, 2305, 2308, 2309, 2307, 2297, 2299, 2296, 2310, 2298, 2299, 2286, 2293, 2285, 2311, 2297, 2293, 2312, 2310, 2297, 2313, 2298, 2310, 2298, 2308, 2306, 2314, 2298, 2313, 2315, 2308, 2298, 2308, 2316, 2309, 2317, 2308, 2315, 2315, 2318, 2317, 2319, 2318, 2314, 2319, 2313, 2312, 2320, 2277, 2321, 2322, 2282, 2277, 2320, 2323, 2322, 2322, 2323, 2324, 2311, 2319, 2312, 2325, 2311, 2286, 2324, 2286, 2282, 2324, 2323, 2325, 2325, 2323, 2326, 2325, 2327, 2319, 2328, 2089, 2088, 2329, 2330, 2089, 2329, 2331, 2330, 2329, 2089, 2328, 2330, 2085, 2089, 2331, 2085, 2330, 2309, 2332, 2307, 2333, 2335, 2334, 2336, 2338, 2337, 2307, 2339, 2305, 2332, 2340, 2339, 2340, 2334, 2341, 2342, 2343, 2287, 2344, 2345, 2342, 2288, 2289, 2287, 2289, 2290, 2287, 2290, 2342, 2287, 2294, 2342, 2290, 2294, 2302, 2342, 2346, 2331, 2329, 2302, 2344, 2342, 2347, 2302, 2303, 2348, 2303, 2304, 2348, 2305, 2339, 2349, 2348, 2339, 2350, 2347, 2348, 2347, 2352, 2351, 2351, 2353, 2344, 2341, 2354, 2340, 2341, 2355, 2354, 2356, 2331, 2346, 2353, 2357, 2344, 2358, 2352, 2359, 2360, 2353, 2352, 2361, 2362, 2353, 2363, 2365, 2364, 2366, 2364, 2367, 2368, 2367, 2369, 2370, 2369, 2371, 2337, 2371, 2336, 2372, 2365, 2363, 2373, 2363, 2366, 2374, 2366, 2368, 2375, 2368, 2370, 2375, 2370, 2337, 2376, 2372, 2373, 2377, 2373, 2374, 2378, 2374, 2375, 2379, 2375, 2337, 2380, 2337, 2338, 2380, 2338, 2381, 2382, 2383, 2236, 2237, 2236, 2383, 2236, 2331, 2382, 2109, 2085, 2331, 2242, 2383, 2384, 2385, 2386, 2356, 2356, 2386, 2387, 2386, 2388, 2387, 2389, 2386, 2385, 2390, 2392, 2391, 2387, 2382, 2356, 2387, 2383, 2382, 2393, 2394, 2392, 2139, 2148, 2141, 2158, 2153, 2154, 2122, 2119, 2127, 2101, 2204, 2173, 2209, 2105, 2220, 2056, 2046, 2071, 2002, 1999, 2001, 1998, 2031, 2009, 2395, 2004, 2003, 2021, 1998, 2396, 2010, 2015, 2005, 2004, 2005, 2015, 2020, 2003, 2016, 2073, 2050, 2057, 2026, 2034, 2042, 2316, 2397, 2309, 2316, 2381, 2397, 2393, 2323, 2394, 2376, 2399, 2398, 2377, 2400, 2376, 2378, 2318, 2377, 2379, 2317, 2378, 2380, 2316, 2379, 2401, 2244, 2323, 323, 2402, 1523, 1537, 2243, 2401, 1535, 2243, 1537, 1533, 2240, 1535, 1531, 2224, 1533, 1529, 2221, 1531, 1526, 2219, 1529, 1527, 2218, 1526, 1543, 2272, 2403, 1521, 1203, 1204, 1543, 2403, 1521, 2320, 1537, 2401, 2320, 1539, 1537, 2321, 1539, 2320, 2321, 1541, 1539, 2272, 1541, 2321, 2388, 2384, 2383, 1419, 1298, 1404, 1298, 1314, 1297, 1291, 1283, 2404, 2405, 1284, 1288, 2406, 1830, 1963, 2407, 1963, 2408, 2333, 2410, 2409, 2411, 1380, 2412, 2412, 1381, 1388, 2407, 2408, 2413, 2414, 783, 778, 2, 0, 9, 1, 3, 0, 7, 3, 5, 6, 0, 3, 8, 9, 0, 8, 11, 10, 12, 13, 11, 14, 16, 15, 17, 20, 19, 17, 12, 21, 8, 21, 12, 6, 20, 21, 26, 19, 23, 27, 18, 19, 28, 16, 18, 30, 15, 16, 31, 13, 15, 34, 26, 24, 33, 25, 26, 35, 27, 25, 37, 29, 28, 38, 30, 29, 39, 31, 30, 40, 32, 31, 43, 33, 34, 42, 35, 33, 44, 36, 35, 45, 37, 36, 46, 38, 37, 47, 39, 38, 48, 40, 39, 49, 41, 40, 56, 22, 5, 61, 24, 60, 61, 43, 34, 61, 63, 62, 65, 55, 54, 65, 61, 60, 68, 66, 73, 68, 70, 67, 73, 75, 74, 76, 79, 78, 79, 81, 78, 81, 74, 75, 71, 84, 70, 83, 90, 89, 81, 91, 90, 82, 92, 91, 95, 91, 92, 94, 90, 91, 96, 89, 90, 97, 88, 89, 101, 99, 108, 104, 102, 125, 103, 105, 102, 105, 112, 102, 115, 104, 125, 100, 115, 99, 107, 116, 122, 109, 119, 116, 116, 118, 121, 116, 120, 122, 124, 122, 120, 112, 125, 102, 127, 125, 126, 127, 99, 115, 99, 110, 107, 105, 129, 113, 134, 132, 2415, 129, 133, 134, 133, 135, 132, 133, 137, 136, 131, 124, 120, 141, 139, 692, 140, 142, 139, 143, 144, 142, 145, 146, 144, 147, 148, 146, 152, 150, 153, 155, 153, 150, 158, 156, 170, 157, 159, 156, 160, 145, 159, 161, 147, 160, 163, 157, 158, 162, 161, 157, 164, 149, 161, 167, 162, 163, 166, 164, 162, 168, 165, 164, 170, 169, 175, 156, 171, 169, 159, 143, 171, 172, 171, 143, 173, 169, 171, 174, 175, 169, 178, 173, 172, 177, 696, 174, 1207, 177, 178, 184, 180, 182, 183, 179, 180, 185, 186, 179, 150, 188, 189, 184, 189, 188, 188, 183, 184, 191, 185, 183, 192, 187, 185, 151, 191, 188, 194, 192, 191, 195, 193, 192, 168, 195, 194, 166, 196, 195, 152, 194, 151, 152, 197, 165, 200, 198, 231, 199, 201, 198, 202, 203, 201, 204, 205, 203, 207, 101, 208, 209, 208, 210, 211, 210, 212, 213, 212, 214, 215, 214, 220, 210, 216, 217, 212, 217, 218, 214, 218, 219, 220, 219, 225, 217, 221, 222, 218, 222, 223, 219, 223, 224, 225, 224, 230, 222, 226, 227, 223, 227, 228, 224, 228, 229, 230, 229, 242, 231, 103, 200, 200, 104, 234, 232, 204, 233, 233, 202, 235, 199, 234, 241, 235, 199, 241, 207, 114, 100, 234, 114, 236, 215, 237, 213, 213, 239, 211, 211, 240, 209, 209, 236, 207, 238, 233, 237, 237, 235, 239, 239, 241, 240, 240, 234, 236, 226, 124, 138, 243, 229, 2416, 246, 244, 248, 248, 247, 253, 216, 124, 221, 106, 130, 105, 136, 249, 251, 251, 250, 253, 252, 136, 251, 253, 252, 251, 249, 106, 231, 256, 246, 257, 257, 248, 258, 205, 257, 203, 203, 258, 201, 201, 250, 198, 198, 249, 231, 259, 13, 260, 261, 260, 262, 263, 262, 264, 265, 264, 266, 267, 266, 268, 269, 268, 270, 271, 270, 272, 273, 272, 537, 274, 11, 259, 275, 259, 261, 276, 261, 263, 277, 263, 265, 278, 265, 267, 279, 267, 269, 280, 269, 271, 281, 271, 273, 32, 256, 205, 215, 266, 238, 238, 264, 232, 232, 262, 206, 206, 260, 205, 260, 32, 205, 274, 9, 10, 278, 283, 277, 277, 285, 276, 276, 286, 275, 275, 282, 274, 272, 230, 537, 287, 281, 544, 268, 220, 270, 270, 225, 272, 284, 279, 288, 288, 280, 287, 291, 289, 292, 293, 292, 294, 295, 294, 296, 297, 296, 298, 299, 298, 300, 301, 300, 302, 303, 302, 304, 305, 304, 306, 307, 306, 308, 309, 308, 310, 311, 310, 312, 313, 312, 314, 315, 314, 316, 317, 316, 369, 320, 318, 1204, 323, 321, 325, 325, 326, 328, 328, 327, 330, 330, 329, 332, 332, 331, 334, 334, 333, 336, 336, 335, 338, 338, 337, 340, 340, 339, 342, 342, 341, 343, 343, 319, 320, 64, 344, 63, 348, 346, 350, 350, 349, 352, 352, 351, 354, 354, 353, 356, 356, 355, 358, 358, 357, 360, 360, 359, 361, 362, 363, 365, 365, 364, 367, 367, 366, 54, 54, 368, 65, 65, 345, 64, 319, 289, 318, 345, 317, 344, 347, 293, 346, 346, 295, 349, 349, 297, 351, 351, 299, 353, 353, 301, 355, 355, 303, 357, 357, 305, 359, 359, 307, 363, 363, 309, 364, 364, 311, 366, 366, 313, 368, 368, 315, 345, 322, 316, 321, 321, 314, 324, 324, 312, 326, 326, 308, 327, 327, 306, 329, 329, 304, 331, 331, 302, 333, 333, 300, 335, 335, 298, 337, 337, 296, 339, 339, 294, 341, 341, 292, 319, 370, 361, 371, 371, 362, 372, 372, 365, 374, 365, 51, 373, 4, 378, 59, 59, 379, 381, 381, 380, 383, 383, 382, 385, 385, 384, 387, 387, 386, 389, 389, 388, 390, 390, 376, 377, 381, 57, 59, 377, 370, 390, 390, 371, 389, 389, 372, 387, 387, 374, 385, 385, 373, 383, 383, 52, 381, 391, 360, 370, 392, 350, 393, 393, 352, 394, 394, 354, 395, 395, 356, 375, 375, 358, 391, 397, 1, 2, 398, 394, 399, 399, 395, 400, 400, 375, 401, 401, 376, 402, 402, 388, 403, 403, 386, 404, 404, 384, 405, 405, 382, 406, 406, 380, 407, 407, 379, 408, 408, 378, 409, 409, 1, 396, 9, 397, 2, 396, 411, 409, 398, 412, 693, 409, 414, 408, 407, 415, 406, 406, 416, 405, 405, 417, 404, 404, 418, 403, 403, 419, 402, 402, 420, 401, 401, 421, 400, 400, 422, 399, 399, 413, 398, 425, 423, 426, 427, 426, 428, 429, 428, 430, 431, 430, 432, 433, 432, 434, 435, 434, 436, 437, 436, 438, 439, 438, 440, 441, 440, 442, 443, 442, 444, 445, 444, 446, 447, 446, 448, 449, 448, 450, 451, 450, 452, 453, 452, 454, 455, 454, 456, 93, 456, 457, 92, 457, 458, 95, 458, 548, 461, 459, 462, 463, 462, 464, 465, 464, 466, 467, 466, 468, 469, 468, 470, 471, 470, 472, 473, 472, 474, 475, 474, 476, 477, 476, 478, 479, 478, 480, 481, 480, 482, 483, 482, 484, 485, 484, 486, 487, 486, 488, 489, 488, 490, 76, 490, 80, 493, 491, 494, 495, 494, 496, 497, 496, 498, 499, 498, 500, 501, 500, 502, 503, 502, 504, 505, 504, 506, 507, 506, 508, 509, 508, 510, 511, 510, 512, 513, 512, 514, 515, 514, 516, 517, 516, 518, 519, 518, 520, 521, 520, 549, 524, 413, 525, 525, 422, 526, 526, 421, 527, 527, 420, 528, 528, 419, 529, 529, 418, 530, 531, 417, 532, 532, 416, 533, 533, 415, 534, 534, 414, 535, 535, 411, 536, 536, 410, 522, 286, 410, 282, 255, 50, 1734, 538, 230, 539, 539, 242, 540, 541, 242, 542, 543, 537, 538, 546, 281, 547, 547, 273, 543, 523, 287, 522, 541, 458, 540, 540, 457, 539, 539, 456, 538, 538, 454, 543, 543, 452, 547, 547, 450, 546, 546, 448, 545, 545, 444, 536, 536, 442, 535, 535, 440, 534, 534, 438, 533, 533, 436, 532, 532, 434, 531, 531, 432, 530, 530, 428, 529, 529, 426, 528, 527, 423, 526, 462, 424, 425, 464, 425, 427, 466, 427, 429, 468, 429, 431, 470, 431, 433, 472, 433, 435, 474, 435, 437, 476, 437, 439, 478, 439, 441, 480, 441, 443, 482, 443, 445, 484, 445, 447, 486, 447, 449, 488, 449, 451, 490, 451, 453, 80, 453, 455, 79, 455, 93, 494, 460, 461, 496, 461, 463, 498, 463, 465, 500, 465, 467, 502, 467, 469, 504, 469, 471, 506, 471, 473, 508, 473, 475, 510, 475, 477, 512, 477, 479, 514, 479, 481, 516, 481, 483, 518, 483, 485, 520, 485, 487, 549, 487, 489, 73, 489, 76, 551, 492, 493, 552, 493, 495, 553, 495, 497, 554, 497, 499, 555, 499, 501, 556, 501, 503, 557, 503, 505, 558, 505, 507, 559, 507, 509, 560, 509, 511, 561, 511, 513, 562, 513, 515, 563, 515, 517, 564, 517, 519, 565, 519, 521, 567, 550, 551, 568, 551, 552, 569, 552, 553, 570, 553, 554, 571, 554, 555, 572, 555, 556, 573, 556, 557, 574, 557, 558, 575, 558, 559, 576, 559, 560, 577, 560, 561, 578, 561, 562, 579, 562, 563, 580, 563, 564, 581, 564, 565, 582, 565, 583, 521, 73, 586, 583, 521, 584, 588, 566, 567, 589, 567, 568, 590, 568, 569, 591, 569, 570, 592, 570, 571, 593, 571, 572, 594, 572, 573, 595, 573, 574, 596, 574, 575, 597, 575, 576, 598, 576, 577, 599, 577, 578, 600, 578, 579, 601, 579, 580, 602, 580, 581, 603, 581, 582, 605, 587, 588, 606, 588, 589, 607, 589, 590, 608, 590, 591, 609, 591, 592, 610, 592, 593, 611, 593, 594, 612, 594, 595, 613, 595, 596, 614, 596, 597, 615, 597, 598, 616, 598, 599, 617, 599, 600, 618, 600, 601, 619, 601, 602, 621, 604, 605, 622, 605, 606, 623, 606, 607, 624, 607, 608, 625, 608, 609, 626, 609, 610, 627, 610, 611, 628, 611, 612, 629, 612, 613, 630, 613, 614, 631, 614, 615, 632, 615, 616, 633, 616, 617, 634, 617, 618, 635, 618, 619, 144, 619, 142, 638, 636, 639, 640, 639, 641, 642, 641, 643, 644, 643, 645, 646, 645, 647, 648, 647, 649, 650, 649, 651, 652, 651, 653, 654, 653, 655, 656, 655, 657, 658, 657, 659, 660, 659, 661, 662, 661, 663, 664, 663, 148, 666, 637, 638, 667, 638, 640, 668, 640, 642, 669, 642, 644, 670, 644, 646, 671, 646, 648, 672, 648, 650, 673, 650, 652, 674, 652, 654, 675, 654, 656, 676, 656, 658, 677, 658, 660, 678, 660, 662, 154, 662, 664, 680, 665, 666, 681, 666, 667, 682, 667, 668, 683, 668, 669, 684, 669, 670, 685, 670, 671, 686, 671, 672, 687, 672, 673, 688, 673, 674, 689, 674, 675, 690, 675, 676, 635, 661, 634, 634, 659, 633, 633, 657, 632, 632, 655, 631, 631, 653, 630, 630, 651, 629, 629, 649, 628, 628, 647, 627, 627, 645, 626, 626, 643, 625, 625, 641, 624, 624, 639, 623, 602, 691, 619, 691, 139, 619, 258, 253, 250, 693, 393, 398, 165, 148, 149, 148, 635, 146, 153, 664, 197, 141, 178, 172, 696, 176, 174, 699, 697, 706, 702, 700, 723, 701, 703, 700, 703, 710, 700, 713, 702, 723, 698, 713, 697, 705, 714, 720, 707, 717, 714, 714, 716, 719, 714, 718, 720, 722, 720, 718, 710, 723, 700, 725, 723, 724, 725, 697, 713, 697, 708, 705, 699, 720, 721, 703, 727, 711, 731, 729, 716, 727, 732, 2417, 730, 733, 729, 732, 735, 736, 729, 722, 718, 704, 728, 703, 702, 170, 701, 721, 167, 699, 699, 163, 698, 698, 158, 712, 175, 701, 170, 196, 722, 193, 193, 733, 187, 187, 734, 186, 695, 735, 176, 176, 704, 175, 678, 155, 2418, 690, 677, 737, 737, 678, 2418, 739, 685, 740, 740, 686, 741, 741, 687, 742, 742, 688, 743, 743, 689, 738, 746, 744, 1938, 1939, 749, 750, 750, 748, 751, 751, 746, 1938, 754, 752, 755, 756, 755, 757, 758, 757, 759, 760, 759, 761, 762, 761, 791, 764, 753, 754, 765, 754, 756, 766, 756, 758, 767, 758, 760, 768, 760, 762, 770, 763, 764, 771, 764, 765, 772, 765, 766, 773, 766, 767, 775, 769, 770, 776, 770, 771, 777, 771, 772, 778, 772, 773, 780, 774, 775, 781, 775, 776, 782, 776, 777, 783, 777, 778, 785, 779, 780, 786, 780, 781, 788, 781, 782, 790, 782, 783, 791, 621, 762, 794, 792, 814, 797, 795, 1200, 801, 793, 2419, 803, 801, 2419, 801, 804, 792, 802, 805, 801, 809, 796, 817, 812, 796, 797, 797, 813, 812, 815, 813, 840, 816, 812, 815, 818, 811, 816, 819, 817, 818, 820, 809, 819, 821, 810, 820, 822, 807, 808, 823, 806, 807, 806, 825, 805, 805, 826, 804, 827, 822, 821, 829, 823, 822, 830, 824, 823, 824, 832, 825, 825, 833, 826, 826, 834, 814, 836, 820, 819, 836, 818, 837, 837, 816, 843, 816, 838, 843, 815, 839, 838, 839, 814, 841, 838, 842, 868, 844, 838, 868, 845, 843, 844, 846, 837, 845, 847, 836, 846, 848, 835, 847, 848, 827, 828, 852, 845, 844, 853, 845, 851, 854, 846, 853, 855, 847, 854, 856, 848, 855, 856, 829, 849, 857, 830, 829, 858, 831, 830, 831, 860, 832, 832, 862, 833, 833, 863, 834, 834, 864, 850, 842, 864, 865, 868, 867, 881, 869, 853, 1044, 870, 854, 869, 871, 855, 870, 872, 856, 871, 862, 874, 863, 863, 877, 864, 864, 878, 865, 866, 878, 879, 867, 879, 886, 880, 852, 882, 882, 881, 883, 881, 885, 884, 873, 859, 858, 887, 860, 859, 888, 861, 860, 889, 862, 861, 891, 870, 893, 895, 891, 892, 891, 896, 871, 896, 872, 871, 897, 873, 872, 898, 887, 873, 899, 888, 887, 901, 889, 888, 889, 903, 890, 890, 904, 875, 875, 905, 874, 874, 906, 876, 876, 907, 877, 878, 907, 908, 879, 908, 1035, 910, 894, 895, 909, 896, 894, 911, 897, 896, 912, 898, 897, 913, 899, 898, 914, 900, 899, 915, 901, 900, 919, 917, 927, 922, 923, 921, 924, 925, 923, 927, 910, 2126, 927, 911, 909, 920, 911, 917, 920, 913, 912, 921, 914, 913, 923, 915, 914, 925, 916, 915, 931, 929, 935, 933, 931, 1046, 932, 930, 931, 936, 919, 1045, 935, 918, 919, 929, 922, 918, 930, 937, 929, 934, 938, 930, 941, 932, 933, 941, 942, 940, 945, 942, 943, 944, 946, 942, 951, 948, 955, 950, 948, 951, 952, 951, 953, 946, 950, 951, 954, 951, 955, 956, 955, 926, 957, 926, 924, 937, 924, 922, 955, 959, 926, 926, 960, 925, 959, 962, 960, 958, 963, 962, 963, 961, 962, 928, 966, 916, 966, 970, 969, 973, 971, 968, 975, 972, 973, 977, 974, 975, 916, 978, 901, 969, 979, 978, 970, 981, 979, 984, 982, 2176, 983, 977, 982, 985, 976, 983, 986, 974, 976, 991, 989, 994, 988, 972, 974, 992, 971, 972, 987, 988, 986, 996, 994, 988, 980, 997, 981, 994, 997, 993, 990, 998, 989, 989, 1000, 997, 1000, 1001, 1003, 999, 1001, 998, 981, 1000, 1004, 1004, 1003, 1009, 978, 1005, 1007, 981, 1005, 979, 902, 1006, 903, 1007, 1008, 1006, 1005, 1009, 1008, 903, 1010, 904, 1006, 1011, 1010, 1008, 1012, 1011, 1012, 1013, 1028, 1002, 1019, 1001, 1001, 1018, 1003, 1018, 1013, 1014, 1012, 1003, 1014, 1010, 1023, 1031, 1026, 1020, 1024, 1027, 1024, 1038, 1023, 1028, 1029, 1030, 1029, 1037, 1032, 1023, 1030, 906, 1031, 1032, 907, 1032, 1033, 908, 1033, 1034, 1035, 1034, 1190, 1034, 1036, 1041, 1033, 1030, 1036, 1036, 1037, 1040, 1039, 1038, 1042, 1041, 1040, 2420, 1043, 1042, 1202, 1044, 851, 880, 1045, 927, 2126, 1046, 935, 936, 1049, 1047, 1051, 1051, 1050, 1053, 1053, 1052, 1056, 1054, 1051, 1055, 1055, 1053, 1057, 1057, 1056, 1059, 1059, 1058, 2421, 1056, 1060, 1058, 1048, 883, 1047, 1061, 883, 1048, 1065, 1063, 1067, 1067, 1066, 1073, 1069, 1054, 1055, 1070, 1055, 1057, 1071, 1057, 1059, 1072, 1059, 2421, 1075, 1073, 1066, 1074, 1076, 2270, 1068, 1074, 2270, 1069, 1073, 1074, 1070, 1067, 1073, 1071, 1065, 1067, 1076, 1077, 1203, 1079, 1077, 1075, 1066, 1080, 1075, 1080, 1081, 1079, 1079, 1083, 1078, 1083, 1084, 1078, 1086, 1080, 1063, 1088, 1081, 1082, 1087, 1083, 1081, 1089, 1085, 1083, 1092, 1087, 1088, 1087, 1093, 1089, 1093, 1090, 1089, 1086, 1088, 1082, 1097, 1088, 1095, 1099, 1092, 1097, 1098, 1091, 1092, 1100, 1093, 1091, 1103, 1098, 1099, 1102, 1100, 1098, 1104, 1101, 1100, 1108, 1106, 1118, 1102, 1108, 1104, 1110, 1109, 1102, 1111, 1107, 1109, 1112, 1106, 1107, 1113, 1114, 1106, 1104, 1117, 1105, 1093, 1119, 1094, 1101, 1120, 1119, 1105, 1121, 1120, 1121, 1122, 1124, 1122, 1123, 1126, 1126, 1124, 1122, 1124, 1127, 1133, 1120, 1124, 1133, 1084, 1128, 1205, 1085, 1129, 1128, 1128, 1130, 1205, 1120, 1132, 1119, 1090, 1132, 1129, 1133, 1134, 1132, 1115, 1139, 1116, 1143, 1141, 1148, 1113, 1140, 1115, 1147, 1148, 1140, 1150, 1148, 1149, 1096, 1153, 1154, 1154, 1152, 1156, 1154, 1155, 1110, 1111, 1155, 1157, 1112, 1157, 1159, 1147, 1112, 1159, 1147, 1158, 1149, 1159, 1160, 1158, 1155, 1160, 1157, 1156, 1161, 1155, 1158, 1163, 1150, 1151, 1164, 1193, 1156, 1165, 1162, 1160, 1166, 1163, 1161, 1167, 1166, 1162, 1168, 1167, 1172, 1171, 1173, 1174, 1173, 1175, 1176, 1175, 1177, 1146, 1177, 1145, 1173, 1178, 1179, 1175, 1179, 1180, 1177, 1180, 1181, 1179, 1182, 1183, 1180, 1183, 1184, 1181, 1184, 1185, 1145, 1185, 1186, 1144, 1186, 1188, 1189, 1034, 1041, 1164, 1035, 1190, 1138, 879, 1035, 1191, 1041, 2420, 1169, 1182, 1178, 1164, 1196, 1195, 942, 952, 940, 958, 949, 964, 917, 922, 920, 978, 902, 901, 1031, 904, 1010, 842, 841, 850, 1200, 814, 797, 796, 798, 795, 799, 802, 803, 852, 868, 881, 835, 821, 820, 1201, 1188, 1123, 1199, 1134, 1182, 1182, 1127, 1183, 1183, 1125, 1184, 1184, 1126, 1185, 1185, 1123, 1186, 1131, 1202, 1130, 325, 1016, 323, 338, 1042, 336, 336, 1038, 334, 334, 1024, 332, 332, 1021, 330, 330, 1022, 328, 328, 1015, 325, 1077, 342, 343, 1204, 1077, 320, 208, 123, 216, 108, 123, 101, 84, 89, 85, 86, 85, 87, 1206, 636, 2422, 1141, 1140, 1148, 1208, 178, 694, 190, 182, 2423, 1211, 1209, 1212, 1213, 1212, 1214, 1217, 1215, 1214, 1218, 1214, 1212, 1219, 1212, 1209, 1220, 1219, 1221, 1222, 1221, 1223, 1225, 1224, 1226, 1229, 1228, 1231, 1222, 1229, 1220, 1217, 1220, 1229, 1216, 1229, 1231, 1235, 1233, 1228, 1237, 1228, 1227, 1238, 1227, 1226, 1240, 1226, 1224, 1241, 1224, 1223, 1243, 1232, 1234, 1244, 1234, 1235, 1245, 1235, 1236, 1247, 1237, 1238, 1248, 1238, 1239, 1249, 1239, 1240, 1250, 1240, 1241, 42, 1242, 1243, 44, 1243, 1244, 45, 1244, 1245, 46, 1245, 1246, 47, 1246, 1247, 48, 1247, 1248, 49, 1248, 1249, 50, 1249, 1250, 1257, 1215, 1230, 1242, 1262, 1232, 62, 1242, 43, 1264, 62, 63, 1262, 1256, 1257, 1264, 1262, 1263, 1268, 1266, 1269, 1271, 1268, 1284, 1274, 1273, 2424, 1279, 1278, 1280, 1281, 1278, 1282, 1285, 2424, 1273, 1285, 1284, 1286, 1282, 1292, 1293, 1281, 1293, 1294, 1295, 1294, 1296, 94, 1296, 1294, 96, 1294, 1293, 97, 1293, 1292, 98, 1292, 1289, 1299, 1297, 1305, 1302, 1300, 1303, 1304, 1303, 1310, 1311, 1303, 1324, 1313, 1300, 1301, 1313, 1305, 1312, 1316, 1320, 1315, 1317, 1315, 1319, 1319, 1318, 1329, 1318, 1320, 1321, 1323, 1321, 1320, 1325, 1303, 1300, 1312, 1325, 1300, 1327, 1312, 1305, 1327, 1306, 1307, 1328, 1311, 1333, 1332, 1329, 1330, 1328, 1331, 1332, 1334, 1330, 1335, 1328, 1334, 1449, 1335, 1321, 1322, 1338, 1336, 1339, 1340, 1339, 1341, 1342, 1341, 1343, 1344, 1343, 1345, 1346, 1345, 1857, 1349, 1347, 1350, 1352, 1350, 1347, 1355, 1353, 1356, 1357, 1356, 1358, 1344, 1358, 1342, 1346, 1357, 1344, 1361, 1354, 1355, 1362, 1355, 1359, 1363, 1359, 1346, 1365, 1360, 1361, 1366, 1361, 1362, 1348, 1362, 1363, 1356, 1367, 1368, 1358, 1368, 1369, 1342, 1369, 1340, 1371, 1340, 1369, 1372, 1369, 1368, 1373, 1368, 1367, 1375, 1370, 1371, 1378, 1376, 1384, 1378, 1379, 1377, 1382, 1380, 1378, 1383, 1378, 1384, 1385, 1384, 1888, 1349, 1386, 1387, 1388, 1387, 1386, 1389, 1381, 1382, 1390, 1382, 1383, 1391, 1383, 1385, 1392, 1387, 1389, 1393, 1389, 1390, 1394, 1390, 1391, 1365, 1392, 1393, 1364, 1393, 1394, 1366, 1349, 1392, 1347, 1363, 1886, 1397, 1395, 1398, 1399, 1398, 1400, 1401, 1400, 1402, 1403, 1402, 1455, 1299, 1404, 1298, 1405, 1406, 1404, 1407, 1408, 1406, 1409, 1410, 1408, 1411, 1412, 1410, 1404, 1414, 1419, 1406, 1415, 1414, 1408, 1416, 1415, 1410, 1417, 1416, 1419, 1418, 1447, 1414, 1420, 1418, 1415, 1421, 1420, 1416, 1422, 1421, 1425, 1423, 1439, 1424, 1446, 1423, 1420, 1427, 1426, 1421, 1428, 1427, 1304, 1396, 1302, 1302, 1429, 1301, 1403, 1430, 1401, 1401, 1432, 1399, 1396, 1433, 1429, 1399, 1433, 1397, 1434, 1299, 1313, 1301, 1434, 1313, 1435, 1411, 1436, 1436, 1409, 1437, 1437, 1407, 1438, 1438, 1405, 1434, 1431, 1436, 1430, 1430, 1437, 1432, 1432, 1438, 1433, 1433, 1434, 1429, 1425, 1335, 1322, 1442, 1440, 1444, 1444, 1443, 1446, 1446, 1445, 1423, 1323, 1425, 1322, 1449, 1310, 1328, 1449, 1450, 1451, 1451, 1445, 1456, 1335, 1450, 1334, 1423, 1450, 1439, 1449, 1395, 1304, 1441, 1452, 1440, 1440, 1454, 1443, 1453, 1402, 1452, 1452, 1400, 1454, 1454, 1398, 1456, 1456, 1395, 1451, 1459, 1457, 1485, 1458, 1460, 1457, 1461, 1462, 1460, 1463, 1464, 1462, 1465, 1466, 1464, 1467, 1468, 1466, 1469, 1470, 1468, 1471, 1472, 1470, 1475, 1458, 1459, 1474, 1461, 1458, 1476, 1463, 1461, 1477, 1465, 1463, 1478, 1467, 1465, 1479, 1469, 1467, 1480, 1471, 1469, 1481, 1473, 1471, 1484, 1455, 1453, 1466, 1435, 1464, 1464, 1431, 1462, 1462, 1403, 1460, 1460, 1455, 1457, 1485, 1455, 1483, 1486, 1475, 1611, 1487, 1478, 1488, 1488, 1477, 1489, 1489, 1476, 1490, 1490, 1474, 1486, 1417, 1472, 1422, 1481, 1491, 1482, 1413, 1468, 1412, 1412, 1470, 1417, 1479, 1493, 1480, 1480, 1492, 1481, 290, 1494, 289, 1495, 1496, 1494, 1497, 1498, 1496, 1499, 1500, 1498, 1501, 1502, 1500, 1503, 1504, 1502, 1505, 1506, 1504, 1507, 1508, 1506, 1509, 1510, 1508, 1511, 1512, 1510, 1513, 1514, 1512, 1515, 1569, 1514, 1517, 1519, 1516, 1520, 369, 1519, 1522, 1204, 318, 322, 1523, 1524, 1528, 1526, 1530, 1530, 1529, 1532, 1532, 1531, 1534, 1534, 1533, 1536, 1536, 1535, 1538, 1538, 1537, 1540, 1540, 1539, 1542, 1542, 1541, 1544, 1544, 1543, 1545, 1545, 1521, 1522, 1546, 63, 344, 347, 1547, 1549, 1549, 1548, 1551, 1551, 1550, 1553, 1553, 1552, 1555, 1555, 1554, 1557, 1557, 1556, 1559, 1559, 1558, 1561, 1561, 1562, 1564, 1564, 1563, 1565, 1565, 1254, 1568, 1566, 1265, 1567, 1567, 1264, 1546, 1494, 318, 289, 1520, 344, 317, 1495, 1549, 1497, 1497, 1551, 1499, 1499, 1553, 1501, 1501, 1555, 1503, 1503, 1557, 1505, 1505, 1559, 1507, 1507, 1561, 1509, 1509, 1564, 1511, 1511, 1565, 1513, 1513, 1568, 1515, 1518, 1567, 1517, 1517, 1546, 1520, 369, 1524, 1519, 1519, 1525, 1516, 1569, 1530, 1514, 1512, 1532, 1510, 1510, 1534, 1508, 1508, 1536, 1506, 1506, 1538, 1504, 1504, 1540, 1502, 1502, 1542, 1500, 1500, 1544, 1498, 1498, 1545, 1496, 1496, 1522, 1494, 1556, 1570, 1558, 1558, 1572, 1560, 1560, 1573, 1562, 1563, 1574, 1253, 2425, 1579, 1580, 1580, 1578, 1582, 1582, 1581, 1584, 1584, 1583, 1586, 1586, 1585, 1588, 1588, 1587, 1590, 1590, 1589, 1591, 1591, 1575, 1576, 1252, 1579, 1748, 1592, 1589, 1571, 1571, 1587, 1570, 1570, 1585, 1572, 1572, 1583, 1573, 1573, 1581, 1574, 1574, 1578, 1252, 1554, 1571, 1556, 348, 1593, 1547, 1547, 1594, 1548, 1548, 1595, 1550, 1550, 1577, 1552, 1552, 1592, 1554, 1598, 1596, 2425, 1593, 1599, 1594, 1594, 1601, 1595, 1595, 1602, 1577, 1577, 1603, 1576, 1576, 1604, 1591, 1591, 1605, 1590, 1590, 1606, 1588, 1588, 1607, 1586, 1586, 1608, 1584, 1584, 1609, 1582, 1582, 1610, 1580, 1580, 1598, 2425, 1486, 1596, 1597, 1612, 1610, 1614, 1613, 693, 412, 1614, 1609, 1615, 1615, 1607, 1616, 1616, 1606, 1617, 1617, 1605, 1618, 1618, 1604, 1619, 1619, 1603, 1620, 1620, 1602, 1621, 1621, 1601, 1622, 1622, 1599, 1623, 1623, 1600, 1613, 424, 1624, 423, 1625, 1626, 1624, 1627, 1628, 1626, 1629, 1630, 1628, 1631, 1632, 1630, 1633, 1634, 1632, 1635, 1636, 1634, 1637, 1638, 1636, 1639, 1640, 1638, 1641, 1642, 1640, 1643, 1644, 1642, 1645, 1646, 1644, 1647, 1648, 1646, 1649, 1650, 1648, 1651, 1652, 1650, 1653, 1654, 1652, 1657, 1656, 2426, 1295, 1658, 1656, 1296, 548, 1658, 460, 1659, 459, 1660, 1661, 1659, 1662, 1663, 1661, 1664, 1665, 1663, 1666, 1667, 1665, 1668, 1669, 1667, 1670, 1671, 1669, 1672, 1673, 1671, 1674, 1675, 1673, 1676, 1677, 1675, 1678, 1679, 1677, 1680, 1681, 1679, 1682, 1683, 1681, 1684, 1685, 1683, 1686, 1687, 1685, 1688, 1689, 1687, 492, 1690, 491, 1691, 1692, 1690, 1693, 1694, 1692, 1695, 1696, 1694, 1697, 1698, 1696, 1699, 1700, 1698, 1701, 1702, 1700, 1703, 1704, 1702, 1705, 1706, 1704, 1707, 1708, 1706, 1709, 1710, 1708, 1711, 1712, 1710, 1713, 1714, 1712, 1715, 1716, 1714, 1717, 1718, 1716, 412, 1722, 1613, 1613, 1723, 1623, 1623, 1724, 1622, 1622, 1725, 1621, 1621, 1726, 1620, 1620, 1727, 1619, 1619, 1729, 1618, 1618, 1730, 1617, 1617, 1731, 1616, 1616, 1732, 1615, 1615, 1733, 1614, 1614, 1721, 1612, 1489, 1486, 1612, 1736, 1734, 50, 1739, 1737, 1741, 1741, 1740, 2427, 1740, 542, 2427, 1473, 1743, 1472, 1491, 1747, 1482, 1482, 1744, 1473, 1493, 1721, 1492, 548, 1740, 1658, 1658, 1737, 1656, 1656, 1738, 2426, 1654, 1744, 1652, 1652, 1747, 1650, 1650, 1745, 1648, 1648, 1746, 1646, 1644, 1733, 1642, 1642, 1732, 1640, 1640, 1731, 1638, 1638, 1730, 1636, 1636, 1729, 1634, 1634, 1728, 1632, 1632, 1727, 1630, 1628, 1726, 1626, 1626, 1725, 1624, 1624, 1723, 423, 459, 1625, 424, 1659, 1627, 1625, 1661, 1629, 1627, 1663, 1631, 1629, 1665, 1633, 1631, 1667, 1635, 1633, 1669, 1637, 1635, 1671, 1639, 1637, 1673, 1641, 1639, 1675, 1643, 1641, 1677, 1645, 1643, 1679, 1647, 1645, 1681, 1649, 1647, 1683, 1651, 1649, 1685, 1653, 1651, 1687, 1655, 1653, 1279, 1295, 1657, 491, 1660, 460, 1690, 1662, 1660, 1692, 1664, 1662, 1694, 1666, 1664, 1696, 1668, 1666, 1698, 1670, 1668, 1700, 1672, 1670, 1702, 1674, 1672, 1704, 1676, 1674, 1706, 1678, 1676, 1708, 1680, 1678, 1710, 1682, 1680, 1712, 1684, 1682, 1714, 1686, 1684, 1716, 1688, 1686, 1718, 1274, 1688, 550, 1691, 492, 1749, 1693, 1691, 1750, 1695, 1693, 1751, 1697, 1695, 1752, 1699, 1697, 1753, 1701, 1699, 1754, 1703, 1701, 1755, 1705, 1703, 1756, 1707, 1705, 1757, 1709, 1707, 1758, 1711, 1709, 1759, 1713, 1711, 1760, 1715, 1713, 1761, 1717, 1715, 1762, 1719, 1717, 566, 1749, 550, 1764, 1750, 1749, 1765, 1751, 1750, 1766, 1752, 1751, 1767, 1753, 1752, 1768, 1754, 1753, 1769, 1755, 1754, 1770, 1756, 1755, 1771, 1757, 1756, 1772, 1758, 1757, 1773, 1759, 1758, 1774, 1760, 1759, 1775, 1761, 1760, 1776, 1762, 1761, 1777, 1763, 1762, 1778, 1779, 1763, 1718, 1781, 1266, 1763, 1782, 1719, 587, 1764, 566, 1784, 1765, 1764, 1785, 1766, 1765, 1786, 1767, 1766, 1787, 1768, 1767, 1788, 1769, 1768, 1789, 1770, 1769, 1790, 1771, 1770, 1791, 1772, 1771, 1792, 1773, 1772, 1793, 1774, 1773, 1794, 1775, 1774, 1795, 1776, 1775, 1796, 1777, 1776, 1797, 1778, 1777, 1798, 1780, 1778, 604, 1784, 587, 1800, 1785, 1784, 1801, 1786, 1785, 1802, 1787, 1786, 1803, 1788, 1787, 1804, 1789, 1788, 1805, 1790, 1789, 1806, 1791, 1790, 1807, 1792, 1791, 1808, 1793, 1792, 1809, 1794, 1793, 1810, 1795, 1794, 1811, 1796, 1795, 1812, 1797, 1796, 1813, 1798, 1797, 620, 1800, 604, 1815, 1801, 1800, 1816, 1802, 1801, 1817, 1803, 1802, 1818, 1804, 1803, 1819, 1805, 1804, 1820, 1806, 1805, 1821, 1807, 1806, 1822, 1808, 1807, 1823, 1809, 1808, 1824, 1810, 1809, 1825, 1811, 1810, 1826, 1812, 1811, 1827, 1813, 1812, 1828, 1814, 1813, 1829, 1341, 1814, 1832, 1830, 2406, 1831, 1833, 1830, 1834, 1835, 1833, 1836, 1837, 1835, 1838, 1839, 1837, 1840, 1841, 1839, 1842, 1843, 1841, 1844, 1845, 1843, 1846, 1847, 1845, 1848, 1849, 1847, 1850, 1851, 1849, 1852, 1853, 1851, 1854, 1855, 1853, 1856, 1857, 1855, 1860, 1831, 1832, 1859, 1834, 1831, 1861, 1836, 1834, 1862, 1838, 1836, 1863, 1840, 1838, 1864, 1842, 1840, 1865, 1844, 1842, 1866, 1846, 1844, 1867, 1848, 1846, 1868, 1850, 1848, 1869, 1852, 1850, 1870, 1854, 1852, 1871, 1856, 1854, 1872, 1858, 1856, 1874, 1859, 1860, 1873, 1861, 1859, 1875, 1862, 1861, 1876, 1863, 1862, 1877, 1864, 1863, 1878, 1865, 1864, 1879, 1866, 1865, 1880, 1867, 1866, 1881, 1868, 1867, 1882, 1869, 1868, 1883, 1870, 1869, 1855, 1828, 1853, 1853, 1827, 1851, 1851, 1826, 1849, 1849, 1825, 1847, 1847, 1824, 1845, 1845, 1823, 1843, 1843, 1822, 1841, 1841, 1821, 1839, 1839, 1820, 1837, 1837, 1819, 1835, 1835, 1818, 1833, 1833, 1817, 1830, 1799, 1814, 1885, 1336, 1814, 1339, 1443, 1456, 1445, 392, 1600, 1593, 1858, 1346, 1857, 1855, 1345, 1829, 1352, 1886, 1858, 1887, 1370, 1374, 1888, 1376, 1929, 1891, 1889, 1897, 1894, 1892, 1895, 1896, 1895, 1902, 1903, 1895, 1913, 1905, 1892, 1893, 1905, 1897, 1904, 1900, 1906, 1907, 1901, 1907, 1909, 1909, 1908, 1918, 1908, 1906, 1910, 1912, 1910, 1906, 1914, 1895, 1892, 1904, 1914, 1892, 1916, 1904, 1897, 1916, 1898, 1899, 1889, 1912, 1906, 1917, 1903, 1923, 1924, 1918, 1919, 1917, 1921, 1922, 1925, 1919, 1927, 1917, 1926, 1928, 1927, 1910, 1911, 1928, 1902, 1917, 1354, 1894, 1353, 1394, 1890, 1364, 1364, 1891, 1360, 1360, 1905, 1354, 1896, 1353, 1894, 1912, 1391, 1911, 1911, 1385, 1927, 1927, 1888, 1925, 1926, 1373, 1928, 1928, 1367, 1896, 1352, 1930, 1351, 1870, 1931, 1871, 1871, 1930, 1872, 1878, 1933, 1879, 1879, 1935, 1880, 1880, 1936, 1881, 1881, 1937, 1882, 1882, 1932, 1883, 1934, 1938, 744, 1875, 750, 1876, 1876, 751, 1877, 1877, 1938, 1878, 1942, 1940, 1997, 1941, 752, 1940, 1943, 755, 752, 1944, 757, 755, 1945, 759, 757, 1946, 761, 759, 1947, 791, 761, 1950, 1941, 1942, 1949, 1943, 1941, 1951, 1944, 1943, 1952, 1945, 1944, 1953, 1946, 1945, 1954, 1947, 1946, 1955, 1948, 1947, 1958, 1949, 1950, 1957, 1951, 1949, 1959, 1952, 1951, 1960, 1953, 1952, 1961, 1954, 1953, 1962, 1955, 1954, 1965, 1957, 1958, 1964, 1959, 1957, 1966, 1960, 1959, 1967, 1961, 1960, 1968, 1962, 1961, 1969, 1963, 1962, 1972, 1964, 1965, 1971, 1966, 1964, 1973, 1967, 1966, 1974, 1968, 1967, 1975, 1969, 1968, 1976, 1970, 1969, 1979, 1971, 1972, 1978, 1973, 1971, 1980, 1974, 1973, 1981, 1975, 1974, 1984, 1976, 1975, 1983, 1977, 1976, 1988, 1986, 2428, 1987, 784, 1986, 1990, 1987, 1988, 1989, 779, 1987, 1992, 1989, 1990, 1991, 774, 1989, 1994, 1991, 1992, 1993, 769, 1991, 1996, 1993, 1994, 1995, 763, 1993, 1997, 1995, 1996, 1940, 753, 1995, 620, 1948, 1815, 2000, 1998, 2009, 2003, 2001, 2395, 2009, 2007, 2000, 2011, 2007, 2008, 2012, 2009, 2031, 2013, 2008, 2012, 2004, 2016, 2003, 2020, 2002, 2003, 1998, 2019, 2396, 2019, 2021, 2396, 2020, 2022, 2019, 2016, 2023, 2020, 2017, 2024, 2016, 2018, 2025, 2017, 2015, 2026, 2018, 2029, 2015, 2014, 2030, 2014, 2013, 2030, 2012, 2032, 2032, 2031, 2033, 2036, 2027, 2028, 2037, 2028, 2029, 2038, 2029, 2030, 2038, 2032, 2039, 2039, 2033, 2040, 2040, 1998, 2048, 2042, 2025, 2026, 2025, 2043, 2024, 2024, 2044, 2023, 2022, 2044, 2045, 2022, 2046, 2021, 2021, 2047, 1998, 2046, 2049, 2071, 2044, 2049, 2045, 2043, 2050, 2044, 2041, 2051, 2043, 2042, 2052, 2041, 2034, 2053, 2042, 2055, 2034, 2035, 2058, 2050, 2051, 2052, 2058, 2051, 2053, 2059, 2052, 2054, 2060, 2053, 2055, 2061, 2054, 2063, 2055, 2036, 2064, 2036, 2037, 2065, 2037, 2038, 2065, 2039, 2066, 2067, 2040, 2068, 2068, 2048, 2069, 2069, 2056, 2082, 2056, 2070, 2082, 2071, 2073, 2074, 2060, 1044, 2059, 2061, 869, 2060, 2062, 2075, 2061, 2063, 2076, 2062, 2079, 2069, 2080, 2081, 2082, 2083, 2083, 2070, 2108, 2070, 2084, 2108, 2072, 2085, 2084, 2058, 2086, 2057, 2057, 2087, 2073, 2074, 2088, 2089, 2090, 2064, 2065, 2091, 2065, 2066, 2092, 2066, 2067, 2093, 2067, 2068, 2076, 893, 2075, 2095, 892, 2094, 2095, 2076, 2096, 2097, 2076, 2077, 2098, 2077, 2078, 2099, 2078, 2090, 2100, 2090, 2091, 2102, 2091, 2092, 2102, 2093, 2103, 2103, 2079, 2104, 2104, 2080, 2105, 2105, 2081, 2106, 2106, 2083, 2234, 2083, 2107, 2234, 2108, 2109, 2107, 2110, 895, 2095, 2111, 2095, 2096, 2112, 2096, 2097, 2113, 2097, 2098, 2114, 2098, 2099, 2115, 2099, 2100, 2116, 2100, 2101, 2119, 2117, 2127, 2123, 2121, 2124, 2125, 2124, 2128, 2110, 2126, 910, 2127, 2110, 2111, 2112, 2127, 2111, 2121, 2112, 2113, 2124, 2113, 2114, 2128, 2114, 2115, 2129, 2115, 2116, 2132, 2130, 2135, 2133, 1046, 2131, 2134, 2131, 2132, 2130, 1045, 2118, 2135, 2118, 2119, 2136, 2119, 2120, 2137, 2135, 2136, 2138, 2132, 2137, 2139, 933, 2133, 943, 2139, 2141, 2140, 943, 2141, 2142, 2141, 2148, 2429, 2143, 2153, 2145, 2143, 2429, 2148, 2146, 2144, 2142, 2144, 2145, 2146, 2143, 2144, 2149, 2125, 2143, 2150, 2123, 2125, 2151, 2120, 2123, 2153, 2125, 2152, 2152, 2128, 2155, 2154, 2155, 2157, 2158, 2157, 2159, 2160, 2157, 2156, 2156, 2116, 2161, 2162, 2164, 2166, 2168, 2163, 2165, 2170, 2167, 2168, 2172, 2169, 2170, 2164, 2101, 2173, 2166, 2173, 2175, 2174, 2175, 2193, 2177, 2176, 2430, 2172, 2178, 2171, 2181, 2179, 2172, 2182, 2172, 2170, 2185, 2183, 2194, 2186, 2170, 2168, 2187, 2168, 2165, 2190, 2431, 2189, 2188, 2189, 2183, 2192, 2202, 2196, 2194, 2192, 2196, 2195, 2194, 2197, 2197, 2196, 2199, 2197, 2198, 2215, 2200, 2197, 2215, 2196, 2201, 2199, 2199, 2203, 2198, 2175, 2204, 2207, 2205, 2175, 2207, 2204, 2103, 2206, 2207, 2206, 2208, 2205, 2208, 2211, 2206, 2104, 2209, 2208, 2209, 2210, 2211, 2210, 2227, 2214, 2212, 2222, 2216, 2215, 2217, 2217, 2198, 2218, 2219, 2214, 2222, 2203, 2214, 2198, 2210, 2220, 2229, 2212, 2221, 2222, 2223, 2224, 2221, 2210, 2228, 2226, 2229, 2230, 2228, 2220, 2231, 2229, 2105, 2232, 2220, 2106, 2233, 2232, 2234, 2235, 2233, 2107, 2236, 2235, 2233, 2237, 2238, 2232, 2238, 2231, 2231, 2239, 2230, 2225, 2240, 2224, 2238, 2242, 2239, 2241, 2243, 2240, 2059, 880, 2058, 2118, 2126, 2117, 2131, 936, 2130, 1048, 2245, 2247, 2247, 2246, 2249, 2249, 2248, 2255, 1049, 2250, 2245, 2245, 2251, 2246, 2246, 2252, 2248, 2248, 2253, 2254, 2255, 2254, 2257, 2086, 2247, 2087, 1061, 2247, 2086, 2260, 2258, 2262, 2262, 2261, 2267, 1068, 2250, 1054, 2263, 2251, 2250, 2264, 2252, 2251, 2265, 2253, 2252, 2269, 2267, 2261, 2268, 2270, 1076, 2263, 2270, 2269, 2264, 2269, 2261, 2265, 2261, 2258, 2266, 2258, 2259, 2268, 1203, 2403, 2272, 2268, 2403, 2262, 2268, 2273, 2274, 2271, 2275, 2275, 2272, 2276, 2277, 2272, 2321, 2274, 2262, 2273, 2280, 2274, 2275, 2281, 2275, 2276, 2282, 2276, 2277, 2284, 2279, 2280, 2284, 2281, 2285, 2286, 2281, 2282, 2288, 2274, 2279, 2283, 2288, 2279, 2291, 2289, 2283, 2292, 2283, 2284, 2293, 2284, 2285, 2295, 2290, 2291, 2296, 2291, 2292, 2297, 2292, 2293, 2300, 2298, 2306, 2301, 2296, 2299, 2303, 2295, 2301, 2304, 2301, 2300, 2305, 2300, 2306, 2307, 2306, 2308, 2299, 2297, 2310, 2293, 2286, 2311, 2297, 2311, 2312, 2310, 2312, 2313, 2298, 2314, 2315, 2308, 2317, 2316, 2318, 2315, 2314, 2318, 2319, 2327, 2313, 2319, 2314, 2277, 2320, 2322, 2282, 2322, 2324, 2323, 2320, 2401, 2319, 2311, 2325, 2286, 2324, 2325, 2327, 2325, 2326, 2332, 2309, 2410, 2335, 2333, 2409, 2339, 2307, 2332, 2340, 2332, 2333, 2334, 2340, 2333, 2343, 2342, 2345, 2345, 2344, 2357, 2344, 2302, 2351, 2302, 2347, 2351, 2303, 2348, 2347, 2305, 2348, 2304, 2348, 2349, 2350, 2347, 2350, 2359, 2352, 2347, 2359, 2353, 2351, 2352, 2355, 2341, 2432, 2331, 2356, 2382, 2357, 2353, 2362, 2352, 2358, 2360, 2353, 2360, 2361, 2362, 2361, 2433, 2364, 2366, 2363, 2367, 2368, 2366, 2369, 2370, 2368, 2371, 2337, 2370, 2363, 2373, 2372, 2366, 2374, 2373, 2368, 2375, 2374, 2372, 2376, 2398, 2373, 2377, 2376, 2374, 2378, 2377, 2375, 2379, 2378, 2337, 2380, 2379, 2236, 2237, 2235, 2331, 2236, 2109, 2085, 2109, 2084, 2383, 2242, 2237, 2392, 2390, 2393, 2383, 2387, 2388, 2148, 2139, 2147, 2153, 2158, 2429, 2119, 2122, 2120, 2204, 2101, 2102, 2105, 2209, 2104, 2046, 2056, 2047, 1999, 2002, 1998, 2004, 2395, 2006, 2015, 2010, 2011, 2050, 2073, 2049, 2034, 2026, 2027, 2381, 2316, 2380, 2323, 2393, 2326, 2399, 2376, 2400, 2400, 2377, 2318, 2318, 2378, 2317, 2317, 2379, 2316, 2244, 2401, 2243, 2402, 323, 1016, 2243, 1535, 2240, 2240, 1533, 2224, 2224, 1531, 2221, 2221, 1529, 2219, 2219, 1526, 2218, 2218, 1527, 2217, 2272, 1543, 1541, 1203, 1521, 2403, 1298, 1419, 1448, 1314, 1298, 1448, 1283, 1291, 1292, 1284, 2405, 1287, 1963, 2407, 2406, 2410, 2333, 2332, 1380, 2411, 1379, 1381, 2412, 1380, 603, 582, 2434, 2435, 2434, 582, 583, 2435, 582, 2436, 691, 603, 2437, 603, 2434, 2438, 2434, 2435, 2439, 2435, 583, 2440, 2439, 583, 584, 2440, 583, 2441, 691, 2436, 2442, 2436, 2437, 2443, 2437, 2438, 2444, 2438, 2445, 2439, 2445, 2438, 2446, 2439, 2440, 2447, 2440, 584, 2448, 2447, 584, 2447, 2448, 2449, 2446, 2447, 2449, 2445, 2449, 2444, 69, 584, 585, 66, 585, 586, 73, 66, 586, 69, 86, 2450, 2448, 69, 2450, 2451, 2448, 2450, 2452, 2451, 2450, 87, 2450, 86, 2453, 2451, 2452, 88, 2452, 87, 2453, 98, 2454, 2455, 2454, 2456, 2453, 2457, 2451, 2444, 2451, 2457, 2451, 2444, 2449, 2448, 2451, 2449, 2458, 692, 2441, 2459, 2441, 2442, 2460, 2442, 2443, 2457, 2443, 2444, 2461, 2455, 2462, 2457, 2463, 2460, 2459, 2463, 2464, 2465, 2464, 2466, 2459, 2468, 2467, 2458, 2467, 2469, 141, 2469, 2470, 694, 2470, 2471, 2472, 2474, 2473, 2475, 2473, 2476, 2477, 2476, 2478, 2479, 2478, 2480, 2477, 2482, 2481, 2483, 2485, 2484, 2456, 2484, 2486, 2455, 2486, 2462, 2487, 2489, 2488, 150, 2491, 2490, 2492, 2490, 2493, 2494, 2493, 2495, 2496, 2495, 2497, 2498, 2497, 2499, 2500, 2499, 2501, 2502, 2504, 2503, 2505, 2503, 2506, 2507, 2505, 2506, 2508, 2506, 2509, 2510, 2506, 2503, 2511, 2504, 2512, 2513, 2512, 2514, 2515, 2514, 2516, 2517, 2516, 2518, 2519, 2518, 2520, 2521, 2520, 2488, 2522, 2488, 2489, 2472, 2489, 2523, 2524, 2503, 2504, 2525, 742, 743, 2500, 743, 2526, 2498, 2526, 2527, 2496, 2527, 2528, 2494, 2528, 2529, 2492, 2529, 155, 150, 2492, 155, 2530, 738, 690, 2526, 743, 738, 2527, 738, 2530, 2528, 2530, 2531, 2529, 2531, 2418, 155, 2529, 2418, 737, 2418, 2531, 2532, 2508, 2533, 745, 2533, 744, 690, 2531, 2530, 2461, 2535, 2534, 2463, 2534, 2536, 2464, 2536, 2537, 2466, 2537, 2538, 2481, 2540, 2539, 2484, 2542, 2541, 2486, 2541, 2543, 2462, 2543, 2535, 2467, 2545, 2544, 2469, 2544, 2546, 2470, 2546, 2547, 2471, 2547, 2548, 2549, 2548, 2550, 2473, 2552, 2551, 2476, 2551, 2553, 2478, 2553, 2554, 2468, 2555, 2545, 2543, 2557, 2556, 2541, 2558, 2557, 2559, 2560, 2558, 2538, 2561, 2560, 2537, 2562, 2561, 2536, 2563, 2562, 2534, 2564, 2563, 2535, 2556, 2564, 2545, 2566, 2565, 2555, 2567, 2566, 2568, 2569, 2567, 2570, 2571, 2569, 2550, 2572, 2571, 2548, 2573, 2572, 2547, 2574, 2573, 2546, 2575, 2574, 2544, 2565, 2575, 2576, 2563, 2564, 2576, 2562, 2563, 2576, 2561, 2562, 2576, 2560, 2561, 2576, 2558, 2560, 2576, 2557, 2558, 2576, 2556, 2557, 2576, 2564, 2556, 2577, 2575, 2565, 2577, 2574, 2575, 2577, 2573, 2574, 2577, 2572, 2573, 2577, 2571, 2572, 2577, 2569, 2571, 2577, 2567, 2569, 2577, 2566, 2567, 2577, 2565, 2566, 2489, 2578, 2523, 2523, 2578, 2474, 2549, 694, 2471, 1780, 1799, 2579, 2579, 2580, 1780, 2580, 1779, 1780, 1885, 2581, 1799, 2581, 2579, 1799, 2582, 2580, 2579, 2583, 1779, 2580, 2584, 2585, 1779, 2585, 1782, 1779, 1336, 2581, 1885, 2586, 2582, 2581, 2587, 2583, 2582, 2588, 2589, 2583, 2589, 2584, 2583, 2589, 2585, 2584, 2590, 1782, 2585, 2591, 2592, 1782, 2592, 2591, 2593, 2591, 2590, 2593, 2590, 2594, 2593, 2592, 1783, 1782, 1270, 1781, 1783, 1269, 1266, 1781, 1288, 1270, 2595, 1270, 2592, 2595, 2592, 2596, 2595, 2596, 2597, 2595, 2597, 1288, 2595, 2596, 2598, 2597, 2598, 2405, 2597, 1289, 2454, 98, 2599, 2456, 2454, 2600, 2596, 2601, 2596, 2594, 2601, 2594, 2596, 2593, 2596, 2592, 2593, 1337, 2586, 1336, 2602, 2587, 2586, 2603, 2588, 2587, 2604, 2594, 2588, 2601, 2605, 2600, 2606, 2604, 2607, 2604, 2608, 2607, 2603, 2609, 2608, 2610, 2612, 2611, 2603, 2613, 2612, 2602, 2614, 2613, 1337, 2615, 2614, 2616, 2618, 2617, 2472, 2619, 2618, 2475, 2620, 2619, 2477, 2621, 2620, 2622, 2624, 2623, 2477, 2625, 2624, 2483, 2627, 2626, 2456, 2628, 2627, 1388, 2630, 2629, 1386, 2631, 2630, 1350, 2632, 2631, 2633, 2634, 2632, 2635, 2636, 2634, 2637, 2638, 2636, 2639, 2640, 2638, 2641, 2642, 2640, 2643, 2644, 2642, 1936, 1935, 2644, 1935, 2509, 2644, 2509, 2642, 2644, 2524, 2638, 2640, 2511, 2636, 2638, 2513, 2634, 2636, 2515, 2632, 2634, 2517, 2631, 2632, 2519, 2630, 2631, 2521, 2629, 2630, 2522, 2616, 2629, 2510, 2640, 2642, 1936, 2643, 1937, 2643, 2645, 1937, 2641, 2646, 2645, 2639, 2647, 2646, 2637, 2648, 2647, 2635, 1351, 2648, 2633, 1350, 1351, 1932, 2649, 1884, 1937, 2645, 1932, 2645, 2649, 1932, 2646, 2650, 2649, 2647, 1930, 2650, 2648, 1351, 1930, 1930, 1931, 2650, 1935, 2533, 2508, 1933, 744, 2533, 1931, 2649, 2650, 2605, 2652, 2651, 2606, 2653, 2652, 2607, 2654, 2653, 2608, 2655, 2654, 2609, 2656, 2655, 2624, 2658, 2657, 2626, 2660, 2659, 2661, 2651, 2662, 2611, 2664, 2663, 2612, 2665, 2664, 2613, 2666, 2665, 2614, 2667, 2666, 2615, 2668, 2667, 2617, 2670, 2669, 2618, 2671, 2670, 2619, 2672, 2671, 2673, 2663, 2674, 2675, 2677, 2676, 2678, 2676, 2679, 2655, 2679, 2680, 2654, 2680, 2681, 2653, 2681, 2682, 2652, 2682, 2683, 2651, 2683, 2684, 2662, 2684, 2677, 2674, 2686, 2685, 2687, 2685, 2688, 2689, 2688, 2690, 2668, 2690, 2691, 2667, 2691, 2692, 2666, 2692, 2693, 2665, 2693, 2694, 2664, 2694, 2695, 2663, 2695, 2686, 2683, 2696, 2684, 2682, 2696, 2683, 2681, 2696, 2682, 2680, 2696, 2681, 2679, 2696, 2680, 2676, 2696, 2679, 2677, 2696, 2676, 2684, 2696, 2677, 2695, 2697, 2686, 2694, 2697, 2695, 2693, 2697, 2694, 2692, 2697, 2693, 2691, 2697, 2692, 2690, 2697, 2691, 2688, 2697, 2690, 2685, 2697, 2688, 2686, 2697, 2685, 1388, 2616, 2412, 2412, 2616, 2617, 2412, 2698, 2411, 2699, 2701, 2700, 603, 2437, 2436, 2434, 2438, 2437, 2435, 2439, 2438, 691, 2441, 692, 2436, 2442, 2441, 2437, 2443, 2442, 2438, 2444, 2443, 2439, 2446, 2445, 2440, 2447, 2446, 2449, 2445, 2446, 584, 69, 2448, 585, 66, 69, 2450, 87, 2452, 2452, 88, 2453, 98, 2453, 88, 2454, 2455, 2453, 2457, 2453, 2455, 692, 2458, 141, 2441, 2459, 2458, 2442, 2460, 2459, 2443, 2457, 2460, 2455, 2461, 2457, 2463, 2457, 2461, 2463, 2459, 2460, 2464, 2465, 2459, 2468, 2459, 2465, 2467, 2458, 2459, 2469, 141, 2458, 2470, 694, 141, 2474, 2472, 2523, 2473, 2475, 2472, 2476, 2477, 2475, 2478, 2479, 2477, 2482, 2477, 2479, 2481, 2702, 2477, 2484, 2456, 2483, 2486, 2455, 2456, 2489, 2487, 2703, 2491, 150, 189, 2490, 2492, 150, 2493, 2494, 2492, 2495, 2496, 2494, 2497, 2498, 2496, 2499, 2500, 2498, 2501, 2525, 2500, 2503, 2505, 2502, 2506, 2508, 2507, 2506, 2510, 2509, 2504, 2511, 2524, 2512, 2513, 2511, 2514, 2515, 2513, 2516, 2517, 2515, 2518, 2519, 2517, 2520, 2521, 2519, 2488, 2522, 2521, 2489, 2472, 2522, 2503, 2524, 2510, 743, 2500, 2525, 2526, 2498, 2500, 2527, 2496, 2498, 2528, 2494, 2496, 2529, 2492, 2494, 738, 2527, 2526, 2530, 2528, 2527, 2531, 2529, 2528, 2508, 2532, 2507, 2533, 745, 2532, 2531, 690, 737, 2535, 2461, 2462, 2534, 2463, 2461, 2536, 2464, 2463, 2537, 2466, 2464, 2540, 2481, 2482, 2542, 2484, 2485, 2541, 2486, 2484, 2543, 2462, 2486, 2545, 2467, 2468, 2544, 2469, 2467, 2546, 2470, 2469, 2547, 2471, 2470, 2548, 2549, 2471, 2552, 2473, 2474, 2551, 2476, 2473, 2553, 2478, 2476, 2554, 2480, 2478, 2557, 2543, 2541, 2558, 2541, 2542, 2704, 2539, 2540, 2561, 2538, 2537, 2562, 2537, 2536, 2563, 2536, 2534, 2564, 2534, 2535, 2556, 2535, 2543, 2566, 2545, 2555, 2705, 2554, 2553, 2569, 2568, 2570, 2571, 2570, 2550, 2572, 2550, 2548, 2573, 2548, 2547, 2574, 2547, 2546, 2575, 2546, 2544, 2565, 2544, 2545, 2578, 2489, 2703, 694, 2549, 1208, 2579, 2581, 2582, 2580, 2582, 2583, 1779, 2583, 2584, 2581, 1336, 2586, 2582, 2586, 2587, 2583, 2587, 2588, 2589, 2588, 2594, 2585, 2589, 2590, 1782, 2590, 2591, 2594, 2590, 2589, 1783, 2592, 1270, 1781, 1270, 1269, 1288, 2597, 2405, 1290, 2599, 1289, 2454, 1289, 2599, 2456, 2599, 2706, 2596, 2600, 2598, 2586, 1337, 2602, 2587, 2602, 2603, 2588, 2603, 2604, 2594, 2604, 2601, 2605, 2601, 2606, 2604, 2606, 2601, 2608, 2604, 2603, 2609, 2603, 2610, 2612, 2610, 2603, 2613, 2603, 2602, 2614, 2602, 1337, 2615, 1337, 1887, 2618, 2616, 2472, 2619, 2472, 2475, 2620, 2475, 2477, 2621, 2477, 2622, 2624, 2622, 2477, 2625, 2477, 2702, 2627, 2483, 2456, 2628, 2456, 2706, 2630, 1388, 1386, 2631, 1386, 1350, 2632, 1350, 2633, 2634, 2633, 2635, 2636, 2635, 2637, 2638, 2637, 2639, 2640, 2639, 2641, 2642, 2641, 2643, 2644, 2643, 1936, 2509, 1935, 2508, 2642, 2509, 2510, 2638, 2524, 2511, 2636, 2511, 2513, 2634, 2513, 2515, 2632, 2515, 2517, 2631, 2517, 2519, 2630, 2519, 2521, 2629, 2521, 2522, 2616, 2522, 2472, 2640, 2510, 2524, 2645, 2643, 2641, 2646, 2641, 2639, 2647, 2639, 2637, 2648, 2637, 2635, 1351, 2635, 2633, 2649, 2645, 2646, 2650, 2646, 2647, 1930, 2647, 2648, 2533, 1935, 1933, 744, 1933, 1934, 2649, 1931, 1884, 2652, 2605, 2606, 2653, 2606, 2607, 2654, 2607, 2608, 2655, 2608, 2609, 2657, 2623, 2624, 2658, 2624, 2625, 2660, 2626, 2627, 2651, 2661, 2605, 2664, 2611, 2612, 2665, 2612, 2613, 2666, 2613, 2614, 2667, 2614, 2615, 2669, 2698, 2617, 2670, 2617, 2618, 2671, 2618, 2619, 2672, 2619, 2620, 2663, 2673, 2611, 2677, 2675, 2662, 2676, 2678, 2675, 2679, 2655, 2656, 2680, 2654, 2655, 2681, 2653, 2654, 2682, 2652, 2653, 2683, 2651, 2652, 2684, 2662, 2651, 2686, 2674, 2663, 2685, 2687, 2674, 2688, 2689, 2687, 2690, 2668, 2689, 2691, 2667, 2668, 2692, 2666, 2667, 2693, 2665, 2666, 2694, 2664, 2665, 2695, 2663, 2664, 2616, 1388, 2629, 2698, 2412, 2617, 2707, 2709, 2708, 2710, 2708, 2711, 2712, 2711, 2713, 2710, 2715, 2714, 2707, 2714, 2716, 2717, 2716, 2718, 2719, 2711, 2708, 2720, 2708, 2709, 2721, 112, 113, 2722, 2718, 2716, 2714, 2722, 2716, 2723, 2714, 2715, 2709, 126, 2720, 2724, 111, 2725, 2726, 2723, 2715, 2727, 2725, 2722, 2728, 2722, 2723, 2729, 2730, 2415, 2730, 2732, 2731, 2733, 2732, 2734, 2735, 2734, 2736, 2737, 2736, 2738, 2717, 126, 2709, 2718, 127, 2717, 2725, 128, 2718, 2739, 113, 129, 2719, 2721, 2740, 2713, 2742, 2741, 2743, 2742, 2744, 2740, 2742, 2719, 2745, 2744, 2746, 2747, 2744, 2740, 2739, 2740, 2721, 134, 2730, 2748, 129, 2748, 2739, 2748, 2731, 2749, 2739, 2749, 2747, 2733, 2749, 2731, 2733, 2735, 2749, 2746, 2747, 2749, 2749, 2735, 2737, 2737, 2746, 2749, 2738, 2745, 2737, 2750, 2715, 2712, 2720, 126, 112, 2743, 2713, 2741, 2751, 2753, 2752, 2754, 2752, 2755, 2756, 2755, 2757, 2754, 2759, 2758, 2751, 2758, 2760, 2761, 2760, 2762, 2763, 2755, 2752, 2764, 2752, 2753, 2765, 710, 711, 2766, 2762, 2760, 2758, 2766, 2760, 2767, 2758, 2759, 2753, 724, 2764, 2768, 709, 2769, 2770, 2767, 2759, 2771, 2769, 2766, 2772, 2766, 2767, 715, 2774, 2773, 2774, 2771, 2775, 2776, 2771, 2772, 2777, 2772, 2770, 2778, 2770, 2779, 2761, 724, 2753, 2762, 725, 2761, 2769, 726, 2762, 2780, 711, 727, 2763, 2765, 2781, 2757, 2783, 2782, 2784, 2783, 2785, 2781, 2783, 2763, 2786, 2785, 2787, 2788, 2785, 2781, 2780, 2781, 2765, 2789, 2774, 2790, 727, 2791, 2780, 2790, 2775, 2792, 2780, 2793, 2788, 2776, 2792, 2775, 2776, 2777, 2792, 2787, 2788, 2793, 2792, 2777, 2778, 2794, 2787, 2793, 2795, 2786, 2794, 2796, 2759, 2756, 2764, 724, 710, 2784, 2757, 2782, 2797, 2799, 2798, 2800, 2801, 2799, 2802, 2803, 2801, 2804, 2806, 2805, 2802, 2807, 2806, 2800, 2808, 2807, 2809, 2799, 2801, 2810, 2798, 2799, 2811, 1311, 1324, 2812, 2807, 2808, 2813, 2807, 2814, 2806, 2813, 2805, 1325, 2798, 2811, 2815, 2812, 1309, 2816, 2805, 2813, 2817, 2814, 2812, 2818, 2813, 2814, 2819, 1329, 2820, 2819, 2822, 2821, 2822, 2823, 2821, 2824, 2825, 2816, 2826, 2827, 2825, 1326, 2798, 1325, 1327, 2797, 1326, 1309, 2808, 1327, 2828, 1333, 1311, 2811, 2829, 2828, 2801, 2830, 2809, 2830, 2831, 2809, 2831, 2810, 2809, 2832, 2833, 2831, 2833, 2829, 2831, 2834, 2828, 2829, 1329, 2835, 2820, 1331, 2836, 2835, 2820, 2837, 2822, 2835, 2834, 2837, 2837, 2838, 2822, 2839, 2838, 2837, 2834, 2833, 2837, 2839, 2837, 2840, 2841, 2837, 2833, 2832, 2840, 2841, 2825, 2804, 2805, 1325, 2811, 1324, 2827, 2803, 2804, 2842, 2844, 2843, 2845, 2846, 2844, 2847, 2848, 2846, 2849, 2851, 2850, 2847, 2852, 2851, 2845, 2853, 2852, 2854, 2844, 2846, 2855, 2843, 2844, 2856, 1903, 1913, 2857, 2852, 2853, 2858, 2852, 2859, 2851, 2858, 2850, 1914, 2843, 2856, 1909, 2857, 1901, 2860, 2850, 2858, 2861, 2859, 2857, 2862, 2858, 2859, 2861, 1918, 2863, 2861, 2864, 2862, 2864, 2860, 2862, 2865, 2866, 2860, 2867, 2868, 2866, 1915, 2843, 1914, 1916, 2842, 1915, 1901, 2853, 1916, 2869, 1923, 1903, 2856, 2870, 2869, 2846, 2871, 2854, 2871, 2872, 2854, 2872, 2855, 2854, 2873, 2874, 2872, 2874, 2870, 2872, 2875, 2869, 2870, 1920, 2877, 2876, 1921, 2878, 2877, 2876, 2880, 2879, 2877, 2875, 2880, 2880, 2881, 2879, 2882, 2881, 2880, 2875, 2874, 2880, 2882, 2880, 2883, 2884, 2880, 2874, 2873, 2883, 2884, 2866, 2849, 2850, 1914, 2856, 1913, 2885, 2848, 2886, 2709, 2707, 2717, 2708, 2710, 2707, 2711, 2712, 2710, 2715, 2710, 2712, 2714, 2707, 2710, 2716, 2717, 2707, 2711, 2719, 2742, 2708, 2720, 2719, 112, 2721, 2720, 2718, 2722, 2725, 2722, 2714, 2723, 111, 2724, 117, 2723, 2726, 2728, 2725, 2727, 2724, 2722, 2728, 2727, 2730, 2729, 2887, 2732, 2730, 2887, 2732, 2733, 2731, 2734, 2735, 2733, 2736, 2737, 2735, 126, 2717, 127, 127, 2718, 128, 128, 2725, 111, 113, 2739, 2721, 2721, 2719, 2720, 2742, 2713, 2711, 2742, 2743, 2741, 2742, 2740, 2744, 2744, 2745, 2743, 2744, 2747, 2746, 2740, 2739, 2747, 2730, 134, 2415, 2748, 129, 134, 2731, 2748, 2730, 2749, 2739, 2748, 2746, 2737, 2745, 2745, 2738, 2743, 2715, 2750, 2726, 2712, 2743, 2750, 2713, 2743, 2712, 2753, 2751, 2761, 2752, 2754, 2751, 2755, 2756, 2754, 2759, 2754, 2756, 2758, 2751, 2754, 2760, 2761, 2751, 2755, 2763, 2783, 2752, 2764, 2763, 710, 2765, 2764, 2762, 2766, 2769, 2766, 2758, 2767, 709, 2768, 715, 2767, 2770, 2772, 2769, 2771, 2768, 2766, 2772, 2771, 2774, 715, 2768, 2771, 2774, 2768, 2771, 2776, 2775, 2772, 2777, 2776, 2770, 2778, 2777, 724, 2761, 725, 725, 2762, 726, 726, 2769, 709, 711, 2780, 2765, 2765, 2763, 2764, 2783, 2757, 2755, 2783, 2784, 2782, 2783, 2781, 2785, 2785, 2786, 2784, 2785, 2788, 2787, 2781, 2780, 2788, 2774, 2789, 2773, 2791, 727, 2417, 2775, 2790, 2774, 2793, 2780, 2791, 2787, 2794, 2786, 2786, 2795, 2784, 2759, 2796, 2888, 2756, 2784, 2796, 2757, 2784, 2756, 2799, 2797, 2800, 2801, 2800, 2802, 2803, 2802, 2804, 2806, 2804, 2802, 2807, 2802, 2800, 2808, 2800, 2797, 2799, 2809, 2810, 2798, 2810, 2811, 1311, 2811, 2828, 2807, 2812, 2814, 2807, 2813, 2806, 2812, 2815, 2817, 2805, 2816, 2825, 2814, 2817, 2818, 2889, 2821, 2823, 1329, 2819, 1319, 2822, 2819, 2820, 2823, 2822, 2838, 2825, 2824, 2826, 2890, 2839, 2840, 2798, 1326, 2797, 2797, 1327, 2808, 2808, 1309, 2812, 1333, 2828, 2836, 2829, 2811, 2810, 2830, 2801, 2803, 2831, 2830, 2832, 2810, 2831, 2829, 2833, 2832, 2841, 2829, 2833, 2834, 2828, 2834, 2836, 2835, 1329, 1331, 2836, 1331, 1333, 2837, 2820, 2835, 2834, 2835, 2836, 2837, 2841, 2840, 2840, 2832, 2890, 2804, 2825, 2827, 2830, 2827, 2832, 2803, 2827, 2830, 2844, 2842, 2845, 2846, 2845, 2847, 2848, 2847, 2886, 2851, 2849, 2847, 2852, 2847, 2845, 2853, 2845, 2842, 2844, 2854, 2855, 2843, 2855, 2856, 1903, 2856, 2869, 2852, 2857, 2859, 2852, 2858, 2851, 2857, 1909, 2861, 2850, 2860, 2866, 2859, 2861, 2862, 2858, 2862, 2860, 1918, 2861, 1909, 2864, 2861, 2863, 2860, 2864, 2865, 2866, 2865, 2867, 2891, 2882, 2883, 2843, 1915, 2842, 2842, 1916, 2853, 2853, 1901, 2857, 1923, 2869, 2878, 2870, 2856, 2855, 2871, 2846, 2848, 2872, 2871, 2873, 2855, 2872, 2870, 2874, 2873, 2884, 2870, 2874, 2875, 2869, 2875, 2878, 2877, 1920, 1921, 2878, 1921, 1923, 2880, 2876, 2877, 2875, 2877, 2878, 2880, 2884, 2883, 2883, 2873, 2891, 2849, 2866, 2868, 2871, 2885, 2873, 2848, 2885, 2871, 2892, 2894, 2893, 2894, 799, 2895, 2893, 799, 803, 2419, 2893, 803, 793, 2893, 2419, 794, 2892, 793, 1200, 2896, 794, 2897, 798, 2894, 944, 2899, 2898, 947, 2898, 2900, 950, 2902, 2901, 2903, 950, 2901, 953, 2904, 952, 954, 2904, 953, 957, 2905, 956, 937, 2906, 957, 938, 2906, 937, 2905, 938, 939, 2907, 2905, 939, 2907, 940, 2904, 2908, 949, 2903, 2908, 963, 964, 965, 963, 2908, 973, 2903, 975, 975, 2901, 977, 2901, 982, 977, 2909, 2910, 2176, 2902, 2176, 982, 2904, 940, 952, 2907, 956, 2905, 968, 2908, 973, 2897, 1200, 795, 2911, 2913, 2912, 2006, 2913, 2005, 2913, 2010, 2005, 2914, 2007, 2010, 2915, 2007, 2914, 2911, 2000, 2915, 2911, 2001, 1999, 2395, 2916, 2006, 945, 2917, 2899, 2140, 2918, 2917, 2142, 2919, 2918, 2429, 2919, 2145, 2920, 2146, 2147, 2921, 2146, 2920, 2922, 2150, 2923, 2922, 2136, 2151, 2922, 2137, 2136, 2922, 2138, 2137, 2923, 2921, 2138, 2138, 2920, 2139, 2158, 2924, 2429, 2159, 2925, 2158, 2159, 2160, 2925, 2925, 2169, 2924, 2924, 2171, 2919, 2918, 2171, 2178, 2910, 2926, 2176, 2926, 2430, 2176, 2139, 2920, 2147, 2149, 2923, 2150, 2160, 2167, 2925, 2911, 2395, 2001, 2897, 2892, 2896, 2894, 2892, 2897, 2893, 2894, 2895, 799, 2894, 798, 799, 2893, 2895, 2893, 793, 2892, 2892, 794, 2896, 798, 2897, 795, 2899, 944, 945, 2898, 947, 944, 2900, 950, 947, 950, 2903, 949, 2904, 954, 2907, 2905, 957, 2906, 938, 2905, 2906, 940, 2907, 939, 949, 2908, 964, 2903, 973, 2908, 2901, 975, 2903, 982, 2901, 2902, 2176, 2902, 2909, 956, 2907, 954, 2908, 968, 965, 1200, 2897, 2896, 2914, 2911, 2915, 2913, 2911, 2914, 2912, 2913, 2916, 2913, 2006, 2916, 2010, 2913, 2914, 2007, 2915, 2000, 2000, 2911, 1999, 2916, 2395, 2912, 2917, 945, 2140, 2918, 2140, 2142, 2919, 2142, 2145, 2919, 2429, 2924, 2146, 2921, 2149, 2150, 2922, 2151, 2138, 2922, 2923, 2920, 2138, 2921, 2924, 2158, 2925, 2169, 2925, 2167, 2171, 2924, 2169, 2171, 2918, 2919, 2430, 2926, 2927, 2923, 2149, 2921, 2167, 2160, 2163, 2395, 2911, 2912, 2928, 2421, 1058, 2929, 1058, 1060, 2930, 2931, 2928, 2932, 2928, 2929, 2933, 2934, 2930, 2935, 2930, 2932, 2936, 2937, 2933, 2936, 2935, 2938, 2939, 2940, 2936, 2939, 2938, 2941, 2942, 1060, 1062, 2943, 2929, 2942, 2944, 2932, 2943, 2945, 2935, 2944, 2946, 2938, 2945, 2947, 2941, 2946, 2948, 2939, 2941, 2949, 2950, 2939, 2951, 2948, 2947, 2952, 2949, 2948, 2953, 2954, 2949, 2955, 2952, 2951, 2956, 2953, 2952, 2957, 2953, 2958, 2958, 2959, 2957, 2956, 2959, 2958, 2955, 2959, 2956, 884, 2942, 1062, 2960, 2943, 2942, 2961, 2943, 2962, 2963, 2960, 2964, 1135, 2960, 884, 2965, 2962, 2963, 2966, 2944, 2961, 2967, 2969, 2968, 2970, 2945, 2966, 2971, 2972, 2967, 2973, 2946, 2970, 2974, 2975, 2971, 2976, 2977, 2974, 2978, 2979, 2976, 2980, 2947, 2973, 2981, 2951, 2980, 2982, 2974, 2971, 2976, 2984, 2983, 2983, 2978, 2976, 2982, 2967, 2985, 2986, 2967, 2968, 2987, 2968, 2988, 2989, 2988, 2990, 1096, 2989, 2990, 2991, 2992, 2959, 2992, 2994, 2993, 2983, 2995, 2994, 2984, 2996, 2995, 2982, 2997, 2996, 2985, 2998, 2997, 2986, 2999, 2998, 2959, 2992, 2993, 2989, 2999, 2987, 1064, 2989, 1086, 2997, 3001, 3000, 2996, 3000, 3002, 2995, 3002, 3003, 2998, 3004, 3001, 3005, 3004, 2999, 1064, 3006, 3005, 2995, 3007, 2994, 2993, 3007, 3008, 2421, 3009, 1072, 2950, 3011, 3010, 2940, 3010, 3012, 2937, 3012, 3013, 3014, 2931, 2934, 3006, 1072, 3009, 3013, 2934, 2937, 3004, 3009, 3014, 3001, 3014, 3013, 3000, 3013, 3012, 3002, 3012, 3010, 3011, 3016, 3015, 3016, 3017, 3015, 2959, 3017, 2957, 3002, 3011, 3003, 3003, 3015, 3007, 3017, 3007, 3015, 2959, 3008, 3017, 2959, 2993, 3008, 2959, 2955, 3018, 2959, 3019, 2991, 3020, 2254, 2253, 3021, 2257, 2254, 3022, 3021, 3020, 3023, 3024, 3021, 3025, 3023, 3022, 3026, 3027, 3023, 3028, 3026, 3025, 3026, 3030, 3029, 3031, 3032, 3028, 3032, 3033, 3030, 3024, 2256, 2257, 3027, 3034, 3024, 3029, 3035, 3027, 3030, 3036, 3029, 3033, 3037, 3030, 3038, 3039, 3033, 3040, 3033, 3041, 3042, 3041, 3031, 3043, 3044, 3038, 3045, 3038, 3040, 3046, 3040, 3042, 3047, 3048, 3043, 3049, 3043, 3045, 3046, 3049, 3045, 3050, 3049, 3051, 3050, 3047, 3049, 3050, 3052, 3047, 3053, 2256, 3034, 3054, 3034, 3035, 3036, 3054, 3035, 3054, 3055, 3053, 3055, 2088, 3053, 3056, 3057, 3054, 3037, 3056, 3036, 3058, 3059, 3056, 3039, 3058, 3037, 3060, 3061, 3058, 3044, 3060, 3039, 3062, 3063, 3060, 3064, 3065, 3062, 3066, 3068, 3067, 3048, 3062, 3044, 3052, 3064, 3048, 3069, 3071, 3070, 3070, 3072, 3069, 3073, 3068, 3074, 3071, 3076, 3075, 3076, 3077, 3075, 3078, 3079, 3077, 3080, 3081, 3079, 2278, 3081, 3082, 3073, 3083, 3050, 3072, 3085, 3084, 3069, 3084, 3086, 3087, 3086, 3088, 3076, 3088, 3089, 3078, 3089, 3090, 3080, 3090, 3091, 3073, 3050, 3085, 3092, 3080, 3091, 3092, 2278, 3082, 3090, 3094, 3093, 3089, 3095, 3094, 3088, 3096, 3095, 3091, 3093, 3097, 3098, 3091, 3097, 2259, 3092, 3098, 3096, 3084, 3099, 3084, 3100, 3099, 3020, 2266, 3101, 3042, 3103, 3102, 3031, 3104, 3103, 3028, 3105, 3104, 3101, 3022, 3020, 2259, 3101, 2266, 3106, 3025, 3022, 3098, 3106, 3101, 3097, 3105, 3106, 3093, 3104, 3105, 3094, 3103, 3104, 3042, 3107, 3046, 3051, 3107, 3108, 3108, 3050, 3051, 3103, 3096, 3102, 3102, 3099, 3107, 3100, 3107, 3099, 3100, 3050, 3108, 3085, 3050, 3100, 3052, 3050, 3109, 3110, 3050, 3083, 2421, 2928, 2931, 1058, 2929, 2928, 2931, 2930, 2934, 2928, 2932, 2930, 2934, 2933, 2937, 2930, 2935, 2933, 2937, 2936, 2940, 2935, 2936, 2933, 2940, 2939, 2950, 2938, 2939, 2936, 1060, 2942, 2929, 2929, 2943, 2932, 2932, 2944, 2935, 2935, 2945, 2938, 2938, 2946, 2941, 2941, 2947, 2948, 2939, 2948, 2949, 2950, 2949, 2954, 2948, 2951, 2952, 2949, 2952, 2953, 2954, 2953, 3016, 2952, 2955, 2956, 2953, 2956, 2958, 2953, 2957, 3016, 2942, 884, 2960, 2943, 2960, 2962, 2943, 2961, 2944, 2960, 2963, 2962, 2960, 1135, 2964, 2962, 2965, 2961, 2944, 2966, 2945, 2969, 2967, 2972, 2945, 2970, 2946, 2972, 2971, 2975, 2946, 2973, 2947, 2975, 2974, 2977, 2977, 2976, 2979, 2979, 2978, 3111, 2947, 2980, 2951, 2951, 2981, 2955, 2974, 2982, 2984, 2984, 2976, 2974, 2978, 2983, 2992, 2967, 2982, 2971, 2967, 2986, 2985, 2968, 2987, 2986, 2988, 2989, 2987, 2989, 1096, 1086, 2994, 2992, 2983, 2995, 2983, 2984, 2996, 2984, 2982, 2997, 2982, 2985, 2998, 2985, 2986, 2999, 2986, 2987, 2999, 2989, 3005, 2989, 1064, 3005, 3001, 2997, 2998, 3000, 2996, 2997, 3002, 2995, 2996, 3004, 2998, 2999, 3004, 3005, 3006, 3006, 1064, 1065, 3007, 2995, 3003, 3007, 2993, 2994, 3009, 2421, 2931, 3011, 2950, 2954, 3010, 2940, 2950, 3012, 2937, 2940, 2931, 3014, 3009, 1072, 3006, 1065, 2934, 3013, 3014, 3009, 3004, 3006, 3014, 3001, 3004, 3013, 3000, 3001, 3012, 3002, 3000, 3016, 3011, 2954, 3017, 3016, 2957, 3011, 3002, 3010, 3015, 3003, 3011, 3007, 3017, 3008, 2254, 3020, 3021, 2257, 3021, 3024, 3021, 3022, 3023, 3024, 3023, 3027, 3023, 3025, 3026, 3027, 3026, 3029, 3026, 3028, 3032, 3030, 3026, 3032, 3032, 3031, 3041, 3033, 3032, 3041, 2256, 3024, 3034, 3034, 3027, 3035, 3035, 3029, 3036, 3036, 3030, 3037, 3037, 3033, 3039, 3039, 3038, 3044, 3033, 3040, 3038, 3041, 3042, 3040, 3044, 3043, 3048, 3038, 3045, 3043, 3040, 3046, 3045, 3048, 3047, 3052, 3043, 3049, 3047, 3049, 3046, 3051, 2256, 3053, 2088, 3034, 3054, 3053, 3054, 3036, 3056, 3055, 3054, 3057, 2088, 3055, 2328, 3057, 3056, 3059, 3056, 3037, 3058, 3059, 3058, 3061, 3058, 3039, 3060, 3061, 3060, 3063, 3060, 3044, 3062, 3063, 3062, 3065, 3070, 3067, 3068, 3068, 3066, 3074, 3062, 3048, 3064, 3064, 3052, 3109, 3071, 3069, 3087, 3072, 3070, 3068, 3068, 3073, 3072, 3076, 3071, 3087, 3077, 3076, 3078, 3079, 3078, 3080, 3081, 3080, 3082, 3081, 2278, 2287, 3085, 3072, 3073, 3084, 3069, 3072, 3086, 3087, 3069, 3088, 3076, 3087, 3089, 3078, 3076, 3090, 3080, 3078, 3080, 3092, 3082, 2278, 3092, 2260, 3094, 3090, 3089, 3095, 3089, 3088, 3096, 3088, 3086, 3093, 3091, 3090, 3091, 3098, 3092, 3092, 2259, 2260, 3084, 3096, 3086, 3100, 3084, 3085, 2266, 3020, 2253, 3103, 3042, 3031, 3104, 3031, 3028, 3105, 3028, 3025, 3022, 3101, 3106, 3101, 2259, 3098, 3025, 3106, 3105, 3106, 3098, 3097, 3105, 3097, 3093, 3104, 3093, 3094, 3103, 3094, 3095, 3107, 3042, 3102, 3107, 3051, 3046, 3096, 3103, 3095, 3099, 3102, 3096, 3107, 3100, 3108, 3112, 2700, 3113, 2699, 2700, 3112, 2701, 2699, 3112, 3114, 2701, 3112, 3115, 2701, 3114, 3116, 3115, 3114, 3117, 3115, 3116, 3118, 3117, 3116, 3119, 3121, 3120, 3122, 3119, 3120, 3123, 3122, 3120, 3124, 3122, 3123, 3112, 3113, 3125, 3112, 3125, 3126, 3114, 3112, 3126, 3114, 3126, 3127, 3114, 3127, 3128, 3116, 3114, 3128, 3116, 3128, 3129, 3118, 3116, 3129, 3118, 3129, 3130, 3131, 3118, 3130, 3132, 3134, 3133, 3135, 3125, 3136, 3126, 3125, 3135, 3137, 3126, 3135, 3127, 3126, 3137, 3138, 3127, 3137, 3128, 3127, 3138, 3139, 3128, 3138, 3129, 3128, 3139, 3140, 3129, 3139, 3130, 3129, 3140, 3141, 3134, 3142, 3133, 3134, 3141, 3143, 3136, 3144, 3135, 3136, 3143, 3145, 3135, 3143, 3137, 3135, 3145, 3138, 3137, 3145, 3146, 3138, 3145, 3139, 3138, 3146, 3147, 3139, 3146, 3140, 3139, 3147, 3148, 3142, 3149, 3141, 3142, 3148, 3150, 3144, 3151, 3143, 3144, 3150, 3152, 3143, 3150, 3145, 3143, 3152, 3153, 3145, 3152, 3146, 3145, 3153, 3154, 3146, 3153, 3147, 3146, 3154, 3155, 3149, 3154, 3148, 3149, 3155, 3156, 3151, 3157, 3150, 3151, 3156, 3158, 3150, 3156, 3152, 3150, 3158, 3159, 3152, 3158, 3153, 3152, 3159, 3160, 3153, 3159, 3154, 3153, 3160, 3161, 3154, 3160, 3155, 3154, 3161, 3162, 3157, 3163, 3156, 3157, 3162, 3164, 3156, 3162, 3158, 3156, 3164, 3165, 3158, 3164, 3159, 3158, 3165, 3166, 3159, 3165, 3160, 3159, 3166, 3167, 3160, 3166, 3161, 3160, 3167, 3168, 3163, 3169, 3162, 3163, 3168, 3170, 3162, 3168, 3164, 3162, 3170, 3171, 3164, 3170, 3165, 3164, 3171, 3172, 3165, 3171, 3166, 3165, 3172, 3173, 3166, 3172, 3167, 3166, 3173, 3174, 3169, 3175, 3168, 3169, 3174, 3176, 3168, 3174, 3170, 3168, 3176, 3177, 3170, 3176, 3171, 3170, 3177, 3178, 3171, 3177, 3172, 3171, 3178, 3179, 3172, 3178, 3173, 3172, 3179, 3174, 3175, 3180, 3174, 3180, 3181, 3176, 3174, 3181, 3176, 3181, 3182, 3176, 3182, 3183, 3177, 3176, 3183, 3177, 3183, 3184, 3178, 3177, 3184, 3178, 3184, 3185, 3179, 3178, 3185, 3179, 3185, 3186, 2700, 1965, 3113, 3151, 1950, 3157, 3144, 1950, 3151, 3136, 1950, 3144, 3136, 1958, 1950, 3125, 1958, 3136, 3113, 1965, 3125, 3157, 1942, 1997, 3175, 1990, 3180, 3175, 1992, 1990, 3175, 1994, 1992, 3169, 1994, 3175, 3163, 1994, 3169, 3163, 1996, 1994, 3157, 1997, 3163, 2428, 3180, 1988, 1988, 3180, 1990, 3187, 1972, 2700, 2428, 3188, 3180, 3115, 2700, 2701, 3119, 3182, 3181, 3115, 3187, 2700, 3117, 3187, 3115, 3119, 3188, 3189, 3119, 3180, 3188, 3119, 3181, 3180, 3185, 3184, 3190, 3182, 3184, 3183, 3122, 3182, 3119, 3124, 3182, 3122, 3190, 3182, 3124, 3190, 3184, 3182, 3185, 3190, 3191, 3185, 3191, 3192, 3193, 3194, 3167, 3192, 3186, 3185, 3193, 3186, 3192, 3193, 3179, 3186, 3193, 3173, 3179, 3193, 3167, 3173, 3167, 3194, 3161, 3125, 1965, 1958, 3157, 1950, 1942, 3163, 1997, 1996, 1972, 3187, 1979, 1965, 2700, 1972]
        point3f[] points = [(-0.12792398, -0.20519403, 0.15313898), (-0.13358898, -0.20567603, 0.12214598), (-0.14008799, -0.18712203, 0.13691199), (-0.11759599, -0.22299103, 0.14996198), (-0.11933099, -0.22594702, 0.11424397), (-0.10148198, -0.24143903, 0.12059997), (-0.11242899, -0.22200803, 0.16930398), (-0.08891599, -0.24641302, 0.14616698), (-0.12104499, -0.20191503, 0.17533799), (-0.137009, -0.17719403, 0.15592998), (-0.130555, -0.16943203, 0.17761798), (-0.12459599, -0.16597503, 0.19005698), (-0.11692499, -0.19685203, 0.18756099), (-0.114695, -0.16097103, 0.20902498), (-0.107274994, -0.19126703, 0.20334798), (-0.090519994, -0.18430401, 0.22528198), (-0.086192995, -0.21302201, 0.22016399), (-0.100030996, -0.21766102, 0.20033999), (-0.08545199, -0.22754002, 0.20981799), (-0.08310499, -0.23834002, 0.19414498), (-0.086845994, -0.24656801, 0.17412698), (-0.107935995, -0.22148503, 0.18205899), (-0.085031986, -0.252934, 0.13034098), (-0.07546399, -0.26036504, 0.17280397), (-0.06280099, -0.276055, 0.14616098), (-0.07021698, -0.26757002, 0.19733498), (-0.06454699, -0.27443403, 0.17340897), (-0.07419299, -0.25768104, 0.21045098), (-0.07648199, -0.24543001, 0.22638398), (-0.07728899, -0.22218901, 0.23685898), (-0.07900299, -0.20755301, 0.23746498), (-0.08484, -0.18039201, 0.23459998), (-0.104308, -0.15363203, 0.23155798), (-0.050347984, -0.28724602, 0.17398497), (-0.046049986, -0.292175, 0.14792296), (-0.05349499, -0.28163004, 0.20461898), (-0.05710699, -0.27081403, 0.22115497), (-0.058266994, -0.25457302, 0.23895998), (-0.06203199, -0.22690001, 0.25042596), (-0.062607996, -0.20351101, 0.25041696), (-0.069085, -0.17942001, 0.24908598), (-0.088704, -0.14869201, 0.24864599), (-0.001248986, -0.28771302, 0.17747597), (-0.0012489844, -0.293872, 0.15072997), (-0.0012489877, -0.28212404, 0.20735598), (-0.0012489894, -0.27034602, 0.22497497), (-0.0012489915, -0.25234404, 0.24028799), (-0.001248994, -0.22516501, 0.25416797), (-0.0012489964, -0.19589302, 0.25535098), (-0.0012489983, -0.16741002, 0.250904), (-0.001249001, -0.12858902, 0.24635099), (-0.092175975, -0.272557, 0.036094975), (-0.10499199, -0.256943, 0.054209974), (-0.08337699, -0.279737, 0.07732598), (-0.068742976, -0.296312, 0.064793974), (-0.06909399, -0.28441, 0.10018798), (-0.08819599, -0.271, 0.08903797), (-0.10713699, -0.24937901, 0.08115897), (-0.106586985, -0.24296603, 0.09595597), (-0.12798698, -0.23839404, 0.08612897), (-0.05515398, -0.297361, 0.11120098), (-0.042430982, -0.305644, 0.12053897), (-0.001248982, -0.308763, 0.12383997), (-0.0012489809, -0.317037, 0.11049097), (-0.04288198, -0.31537, 0.10845997), (-0.052688982, -0.306812, 0.09566197), (-0.12699504, 0.36249596, 0.24795403), (-0.10939704, 0.36656797, 0.26015902), (-0.115674034, 0.34526497, 0.26833504), (-0.11437004, 0.39010996, 0.26123402), (-0.08903304, 0.37288797, 0.26594803), (-0.10905204, 0.34502497, 0.27621502), (-0.122177035, 0.32652798, 0.27893904), (-0.14272803, 0.32356098, 0.24297503), (-0.122168034, 0.30147198, 0.28065702), (-0.13012503, 0.28057596, 0.27796602), (-0.14609203, 0.25777698, 0.25399604), (-0.12762403, 0.26232898, 0.28128102), (-0.13080803, 0.24011196, 0.27527103), (-0.12715903, 0.18592295, 0.26537004), (-0.13736303, 0.18349098, 0.24881001), (-0.08996303, 0.25902498, 0.28459802), (-0.08887603, 0.18838798, 0.27808604), (-0.07972304, 0.32735896, 0.28186902), (-0.07567704, 0.34803197, 0.27834702), (-0.07743904, 0.37892497, 0.26854602), (-0.09101904, 0.39345896, 0.26624304), (-0.07211605, 0.39490998, 0.26679504), (-0.056448042, 0.39173296, 0.27011704), (-0.059883036, 0.32659498, 0.28653303), (-0.062300034, 0.25599796, 0.29082704), (-0.061561026, 0.19130297, 0.28398603), (-0.064494014, 0.09801497, 0.25644), (-0.10704401, 0.09650797, 0.23967202), (-0.0012490274, 0.19798297, 0.28740102), (-0.0012490193, 0.10331598, 0.262959), (-0.0012490322, 0.25702697, 0.29251704), (-0.001249037, 0.32399598, 0.28699803), (-0.0012490415, 0.39318296, 0.27096203), (-0.15608302, -0.110641055, 0.463852), (-0.15011102, -0.10514205, 0.435419), (-0.14628701, -0.09678704, 0.436432), (-0.15002601, -0.14447007, 0.453151), (-0.14299701, -0.13491605, 0.42658), (-0.14131501, -0.12237904, 0.429787), (-0.13408001, -0.15015505, 0.454024), (-0.13098602, -0.14017606, 0.42661), (-0.15430401, -0.09942506, 0.475337), (-0.15645102, -0.09934405, 0.466392), (-0.15530401, -0.09732706, 0.490152), (-0.15258801, -0.11001506, 0.485861), (-0.14806502, -0.11149606, 0.493102), (-0.15025601, -0.15551107, 0.476864), (-0.13525002, -0.15898006, 0.473625), (-0.14337802, -0.11446504, 0.430241), (-0.15811402, -0.117236055, 0.460315), (-0.12837201, -0.09535005, 0.49271), (-0.13254501, -0.11064705, 0.499033), (-0.11589102, -0.12544906, 0.492518), (-0.13254501, -0.11064705, 0.499033), (-0.11258201, -0.10586804, 0.468627), (-0.11149901, -0.100491054, 0.489725), (-0.13225701, -0.094842054, 0.472803), (-0.13093902, -0.09403104, 0.439472), (-0.11719002, -0.09963705, 0.431432), (-0.15074301, -0.12723006, 0.45536), (-0.15296501, -0.13805807, 0.478667), (-0.15770102, -0.12515005, 0.482504), (-0.15640901, -0.118315056, 0.484855), (-0.12439301, -0.15270206, 0.47504), (-0.121226005, -0.14132006, 0.4478), (-0.10666701, -0.11868104, 0.464006), (-0.10666701, -0.11868104, 0.464006), (-0.111879006, -0.13255405, 0.452361), (-0.11435601, -0.14080906, 0.478047), (-0.11264901, -0.116136044, 0.427077), (-0.11170301, -0.122906044, 0.428398), (-0.12279601, -0.13680406, 0.429097), (-0.11264901, -0.116136044, 0.427077), (-0.15671106, 0.596382, 0.24201004), (-0.14624906, 0.61998, 0.28165007), (-0.11918906, 0.60378, 0.27004007), (-0.17185706, 0.60864, 0.24537104), (-0.15932406, 0.632749, 0.29934305), (-0.17702205, 0.623981, 0.24312605), (-0.17173105, 0.647322, 0.29624406), (-0.17885906, 0.638532, 0.23525004), (-0.17558905, 0.664088, 0.29347405), (-0.17289805, 0.655538, 0.22639404), (-0.17241006, 0.682204, 0.28834605), (-0.10711807, 0.706536, 0.23354906), (-0.121217065, 0.724043, 0.27698305), (-0.14334506, 0.722784, 0.27672207), (-0.14098206, 0.703191, 0.23341306), (-0.14065506, 0.695924, 0.21450906), (-0.11525806, 0.698462, 0.21461406), (-0.16410907, 0.65637296, 0.35535806), (-0.16607706, 0.6735829, 0.35834306), (-0.16778207, 0.67117095, 0.40196005), (-0.16858307, 0.653153, 0.33166707), (-0.17067505, 0.672273, 0.33173206), (-0.16982105, 0.678244, 0.33065706), (-0.15888707, 0.68994594, 0.36241707), (-0.16231008, 0.6851829, 0.40316707), (-0.15943006, 0.697137, 0.32633305), (-0.15475605, 0.701932, 0.28480607), (-0.15077907, 0.7068709, 0.36250705), (-0.15154308, 0.70024997, 0.40467405), (-0.14788808, 0.716717, 0.32658306), (-0.15611807, 0.6467819, 0.35701206), (-0.16596007, 0.65798694, 0.40158206), (-0.15589206, 0.640834, 0.32982805), (-0.13941406, 0.62868, 0.30667806), (-0.13630407, 0.642644, 0.33687407), (-0.14039107, 0.65041995, 0.36338606), (-0.15531006, 0.64919496, 0.39658806), (-0.14297806, 0.65293896, 0.39480105), (-0.12841406, 0.65196, 0.33900005), (-0.123436056, 0.639974, 0.31107107), (-0.13184206, 0.6682639, 0.36691305), (-0.121841066, 0.664606, 0.33924207), (-0.12841406, 0.65196, 0.33900005), (-0.11446006, 0.655993, 0.30704305), (-0.120941065, 0.685461, 0.33603105), (-0.111502066, 0.678804, 0.29088005), (-0.13036308, 0.68271697, 0.36718106), (-0.13477607, 0.66649497, 0.39760005), (-0.13597508, 0.6834539, 0.40181607), (-0.11092107, 0.705593, 0.28738505), (-0.10249106, 0.693563, 0.24867806), (-0.10172006, 0.667537, 0.26524505), (-0.12301607, 0.712112, 0.32555705), (-0.13146107, 0.6990209, 0.36604905), (-0.13682407, 0.69247395, 0.40080205), (-0.13415207, 0.718573, 0.32698807), (-0.13747807, 0.71043897, 0.37044907), (-0.14361107, 0.70414495, 0.40397105), (-0.14626107, 0.69943, 0.24109507), (-0.128898, -0.14496705, 0.345153), (-0.141779, -0.13880004, 0.349241), (-0.142029, -0.13021204, 0.387352), (-0.129437, -0.14861305, 0.322307), (-0.144594, -0.14316905, 0.322586), (-0.131033, -0.14946404, 0.27324), (-0.14476, -0.14450404, 0.275914), (-0.136399, -0.15052503, 0.24539699), (-0.153422, -0.14677803, 0.24818999), (-0.14574102, -0.099826045, 0.390732), (-0.14155902, -0.090599045, 0.395156), (-0.15140101, -0.09554304, 0.357251), (-0.14747801, -0.08584904, 0.358476), (-0.154083, -0.097057045, 0.331028), (-0.15283102, -0.082088046, 0.328154), (-0.159235, -0.096603036, 0.284449), (-0.15636, -0.073920034, 0.287291), (-0.166986, -0.08608804, 0.2587), (-0.13408801, -0.08697405, 0.396382), (-0.13986301, -0.076018035, 0.35749), (-0.14086701, -0.067048036, 0.328906), (-0.14826402, -0.06380904, 0.284299), (-0.160824, -0.06900604, 0.258343), (-0.12567002, -0.08816204, 0.390881), (-0.12518801, -0.07837304, 0.356448), (-0.124988005, -0.069373034, 0.327118), (-0.12705702, -0.058328036, 0.285931), (-0.151267, -0.059388034, 0.257795), (-0.112243004, -0.102771044, 0.384655), (-0.110809006, -0.090380035, 0.351857), (-0.10974701, -0.08500104, 0.326467), (-0.10897501, -0.07765903, 0.270681), (-0.11182201, -0.05485803, 0.24784), (-0.131936, -0.13385604, 0.387148), (-0.162815, -0.13119704, 0.25548), (-0.15819, -0.13194504, 0.276571), (-0.14845902, -0.11972005, 0.388362), (-0.158791, -0.12830704, 0.327581), (-0.14892901, -0.10981705, 0.39068), (-0.162303, -0.112605035, 0.27618), (-0.172626, -0.110415034, 0.24864197), (-0.158332, -0.11581104, 0.33161), (-0.153658, -0.11251404, 0.3638), (-0.153067, -0.12637505, 0.358834), (-0.09930301, -0.07815303, 0.250777), (-0.095958, -0.09724203, 0.24993698), (-0.10974701, -0.08500104, 0.326467), (-0.10897501, -0.07765903, 0.270681), (-0.10574001, -0.10025103, 0.264041), (-0.110809006, -0.090380035, 0.351857), (-0.101766005, -0.10140504, 0.325041), (-0.11651701, -0.13281104, 0.384157), (-0.11023701, -0.12881604, 0.339218), (-0.107214004, -0.11414904, 0.389526), (-0.112243004, -0.102771044, 0.384655), (-0.102726005, -0.10539104, 0.350652), (-0.10574001, -0.10025103, 0.264041), (-0.095958, -0.09724203, 0.24993698), (-0.097678, -0.13531101, 0.24972498), (-0.103958, -0.13983305, 0.274831), (-0.10709601, -0.13248704, 0.316899), (-0.149347, -0.16333704, 0.19399399), (-0.142317, -0.15866102, 0.21638398), (-0.167364, -0.15677403, 0.19798398), (-0.159566, -0.15234903, 0.22160399), (-0.182778, -0.13586803, 0.19297497), (-0.16944, -0.13705103, 0.23090199), (-0.184603, -0.11045903, 0.19931097), (-0.178932, -0.10992204, 0.23031297), (-0.180843, -0.07844103, 0.19835599), (-0.174283, -0.08012104, 0.23350099), (-0.172478, -0.06204003, 0.20163499), (-0.169373, -0.065064035, 0.228359), (-0.162512, -0.05155103, 0.204468), (-0.154905, -0.055327028, 0.224768), (-0.134235, -0.03855503, 0.201457), (-0.154567, -0.16902803, 0.17717898), (-0.168883, -0.16448203, 0.17329298), (-0.185728, -0.14499404, 0.16882098), (-0.190281, -0.11576003, 0.17079698), (-0.185933, -0.08538003, 0.17083298), (-0.180973, -0.06627703, 0.17679198), (-0.174022, -0.05275103, 0.18036698), (-0.145192, -0.032678027, 0.178525), (-0.160816, -0.17605104, 0.15036298), (-0.19115, -0.12028403, 0.14458898), (-0.187694, -0.08370003, 0.15160298), (-0.18432, -0.15026303, 0.14625597), (-0.176473, -0.16606003, 0.15012297), (-0.179661, -0.05124803, 0.15498199), (-0.187794, -0.06810703, 0.15485398), (-0.0012489603, -0.33737797, -0.32648903), (-0.001248964, -0.29614797, -0.31222302), (-0.0066329637, -0.29988196, -0.31048304), (-0.012644961, -0.33526498, -0.32426503), (-0.027971964, -0.30416998, -0.30141804), (-0.02456896, -0.33813596, -0.31909603), (-0.04803296, -0.30763397, -0.27928802), (-0.047549963, -0.34192997, -0.29351702), (-0.054565966, -0.31208697, -0.25720602), (-0.05477796, -0.35156098, -0.27544603), (-0.061074965, -0.31660596, -0.23508203), (-0.06430896, -0.35780498, -0.25009403), (-0.07400997, -0.32412398, -0.19064602), (-0.072785966, -0.37293696, -0.21522003), (-0.07993897, -0.328293, -0.14305504), (-0.07825896, -0.381597, -0.16707003), (-0.07983097, -0.342612, -0.08063703), (-0.07245296, -0.386467, -0.11143104), (-0.07453097, -0.349087, -0.042228032), (-0.06288597, -0.395947, -0.074539036), (-0.06618197, -0.355099, -0.026305035), (-0.058237966, -0.399338, -0.064376034), (-0.057161976, -0.358051, -0.0118680345), (-0.049684968, -0.40461, -0.053581037), (-0.041687973, -0.367515, 0.012726966), (-0.039130967, -0.408648, -0.042087037), (-0.030764973, -0.379478, 0.018911965), (-0.029070968, -0.414414, -0.028878037), (-0.0012489726, -0.374922, 0.022025967), (-0.0012489571, -0.37003598, -0.34167904), (-0.017401958, -0.37055996, -0.33881202), (-0.024857953, -0.41285297, -0.36347604), (-0.032337964, -0.448812, -0.06830404), (-0.0012489635, -0.44466, -0.06504304), (-0.0012489596, -0.475707, -0.10128505), (-0.040168963, -0.438426, -0.075049035), (-0.03042996, -0.474807, -0.09894204), (-0.050332963, -0.434053, -0.088479035), (-0.062171962, -0.43209, -0.10481204), (-0.04845196, -0.472345, -0.10609204), (-0.073865965, -0.427964, -0.13448805), (-0.064312965, -0.466531, -0.12597005), (-0.08285696, -0.41609898, -0.18670703), (-0.07943595, -0.462347, -0.16386305), (-0.07655596, -0.40087697, -0.23057503), (-0.08614196, -0.45398396, -0.20446505), (-0.06607196, -0.39136496, -0.26792002), (-0.08067995, -0.43786496, -0.24416904), (-0.06204096, -0.38360196, -0.29122102), (-0.07619695, -0.43722597, -0.27788603), (-0.05120196, -0.37388298, -0.31152904), (-0.07095195, -0.42666498, -0.30998102), (-0.029628957, -0.37085897, -0.33123502), (-0.05207895, -0.41774997, -0.34747103), (-0.03931495, -0.41577497, -0.35680404), (-0.001248976, -0.351192, 0.05885597), (-0.03292998, -0.352286, 0.06025997), (-0.027636968, -0.25371996, -0.28792304), (-0.0012489676, -0.25494596, -0.29903403), (-0.0012489728, -0.19453996, -0.28469503), (-0.04767297, -0.25724798, -0.26575503), (-0.033124972, -0.19792198, -0.27823702), (-0.05676397, -0.26315498, -0.24237102), (-0.054977972, -0.20514096, -0.25914702), (-0.06629397, -0.26939896, -0.21701802), (-0.067797974, -0.22277199, -0.23406601), (-0.07907897, -0.27552396, -0.17239103), (-0.08186097, -0.22825499, -0.20233901), (-0.08228997, -0.29033, -0.12352202), (-0.092759974, -0.24140699, -0.16032502), (-0.09159398, -0.308062, -0.06276604), (-0.098119974, -0.25879, -0.11233403), (-0.104691975, -0.268792, -0.07407603), (-0.10372598, -0.282517, -0.04305003), (-0.08619798, -0.319898, -0.027209032), (-0.07319498, -0.324593, -0.0036200318), (-0.102334976, -0.285842, -0.01362003), (-0.06106198, -0.329851, 0.02392297), (-0.083145976, -0.291059, 0.01982397), (-0.04472698, -0.343517, 0.047053967), (-0.0012489675, -0.413575, -0.029594036), (-0.11462498, -0.248014, -0.10842903), (-0.11345598, -0.259611, -0.06333403), (-0.11426198, -0.265515, -0.034755025), (-0.11426398, -0.25817, 0.020163972), (-0.11414098, -0.265511, -0.0072400286), (-0.09529598, -0.20347199, -0.19572401), (-0.11177098, -0.217091, -0.15723701), (-0.10738098, -0.222008, -0.15583302), (-0.14870699, -0.22660503, 0.08596097), (-0.15564299, -0.23464702, 0.06628097), (-0.15453498, -0.23668201, 0.03249997), (-0.13016598, -0.24976501, 0.05764397), (-0.16249299, -0.24328901, -0.0052270284), (-0.12643199, -0.251653, 0.030793972), (-0.16085298, -0.24636002, -0.032707028), (-0.13747798, -0.256627, -0.006367028), (-0.15241599, -0.23803002, -0.07071203), (-0.14153199, -0.256207, -0.03472503), (-0.13190597, -0.230855, -0.11649203), (-0.13492398, -0.252342, -0.06219703), (-0.122350976, -0.236177, -0.11494203), (-0.103299975, -0.226456, -0.15759802), (-0.0012489755, -0.16126896, -0.281658), (-0.029612975, -0.16193797, -0.276531), (-0.055023976, -0.16990297, -0.260522), (-0.087160975, -0.18852398, -0.22018701), (-0.16068399, -0.19556104, 0.11700898), (-0.15792699, -0.17975503, 0.13573499), (-0.03472398, -0.15202397, -0.272125), (-0.052669976, -0.15630098, -0.264363), (-0.082673974, -0.17097798, -0.23140101), (-0.105618976, -0.182962, -0.20060201), (-0.120633975, -0.195755, -0.16801101), (-0.14526099, -0.203948, -0.123322025), (-0.16446699, -0.21175002, -0.08363602), (-0.17937298, -0.21904902, -0.039684027), (-0.18536799, -0.21985601, 0.005244973), (-0.18043098, -0.21231902, 0.038135976), (-0.17925298, -0.21031201, 0.061944973), (-0.16536598, -0.20162703, 0.09286698), (-0.18872, -0.14323802, 0.10394098), (-0.19945098, -0.15824501, 0.055923976), (-0.0012489795, -0.10876898, -0.28155), (-0.02919798, -0.110832974, -0.276644), (-0.20234099, -0.16254902, 0.029261976), (-0.20509699, -0.16341701, 0.008435977), (-0.19941498, -0.15396301, -0.04483402), (-0.18131198, -0.14479502, -0.08355402), (-0.16148998, -0.137322, -0.13053802), (-0.13684799, -0.13454, -0.17810601), (-0.100723974, -0.118992984, -0.22847502), (-0.06477598, -0.11309299, -0.254879), (-0.04205498, -0.10943798, -0.27002), (-0.0012489924, 0.058116022, -0.274179), (-0.0012489983, 0.13667503, -0.272488), (-0.026539998, 0.13838702, -0.265242), (-0.04557399, 0.05747302, -0.252677), (-0.046669, 0.13623501, -0.251344), (-0.07390999, 0.059353016, -0.232826), (-0.068914, 0.12809801, -0.23571998), (-0.11147499, 0.053882007, -0.189869), (-0.100331, 0.125482, -0.20456299), (-0.138771, 0.038683005, -0.155249), (-0.130268, 0.135267, -0.17870499), (-0.158486, 0.028615, -0.119164005), (-0.172164, 0.123803996, -0.123829), (-0.187836, 0.025789991, -0.060054004), (-0.198633, 0.088728994, -0.055963), (-0.195258, 0.027597986, -0.030983007), (-0.2091, 0.08874598, -0.023594001), (-0.198901, 0.024067985, -0.0069930064), (-0.214704, 0.09224998, 0.0029919988), (-0.201824, 0.025067983, 0.015644992), (-0.21686701, 0.08823598, 0.029349998), (-0.196845, 0.02247798, 0.048201997), (-0.21574402, 0.08752998, 0.061243996), (-0.180675, 0.02024298, 0.08238199), (-0.21072102, 0.08693498, 0.099334), (-0.174791, 0.024286978, 0.10020699), (-0.19852701, 0.09054297, 0.135498), (-0.16170801, 0.025677973, 0.140514), (-0.17383702, 0.08785197, 0.178022), (-0.14617002, 0.023084974, 0.16817), (-0.14755201, 0.090085976, 0.20686302), (-0.13203202, 0.027144974, 0.191144), (-0.12160201, 0.08880797, 0.22136602), (-0.115843005, 0.028395971, 0.203654), (-0.09190602, 0.029970972, 0.228677), (-0.067262016, 0.029924974, 0.235639), (-0.0012490038, 0.20959303, -0.27313998), (-0.0012490075, 0.25968102, -0.27437598), (-0.030532008, 0.26164204, -0.26683298), (-0.025070004, 0.20843004, -0.26560098), (-0.043961007, 0.26131502, -0.25850996), (-0.043193005, 0.21559203, -0.25627196), (-0.07097301, 0.27215004, -0.24971998), (-0.062477004, 0.21259801, -0.24652898), (-0.10211301, 0.26763302, -0.23464698), (-0.08692401, 0.20182702, -0.23176399), (-0.12099601, 0.27972803, -0.21000597), (-0.11140101, 0.203872, -0.20568198), (-0.13306102, 0.31685302, -0.18972597), (-0.15404202, 0.237482, -0.15840998), (-0.18159701, 0.326054, -0.14206299), (-0.21306302, 0.19170098, -0.072395995), (-0.23212501, 0.29196298, -0.06920298), (-0.23289801, 0.17270498, -0.025995994), (-0.25052902, 0.27513996, -0.028471988), (-0.24091302, 0.17073098, -0.0007169956), (-0.26593503, 0.25803196, 0.02246301), (-0.24402002, 0.16821298, 0.035144005), (-0.26895204, 0.25752196, 0.09135101), (-0.24926801, 0.17192599, 0.078770004), (-0.26017302, 0.25304097, 0.143517), (-0.23908001, 0.17026497, 0.130631), (-0.23789702, 0.25023594, 0.187525), (-0.22077002, 0.18011697, 0.179706), (-0.20784304, 0.25606093, 0.21989802), (-0.19594103, 0.18489598, 0.211672), (-0.18498403, 0.25635797, 0.23496002), (-0.17234303, 0.18495297, 0.227919), (-0.0012490113, 0.30985704, -0.27635098), (-0.0012490147, 0.35915804, -0.28138196), (-0.022252016, 0.36483702, -0.27673298), (-0.02515101, 0.31426203, -0.26973897), (-0.044680014, 0.36673304, -0.26917896), (-0.04735501, 0.32382104, -0.26421398), (-0.08212701, 0.37698203, -0.26090598), (-0.08652402, 0.33371404, -0.25324497), (-0.115391016, 0.38417703, -0.25417498), (-0.12099601, 0.33816904, -0.23771097), (-0.14330302, 0.39446104, -0.24148197), (-0.13021001, 0.34910804, -0.21934697), (-0.16648902, 0.41769803, -0.22054897), (-0.15022701, 0.37480304, -0.18782596), (-0.18235703, 0.41791502, -0.17785099), (-0.17485902, 0.362509, -0.15427598), (-0.19617403, 0.402437, -0.13794799), (-0.19858602, 0.35419497, -0.12739098), (-0.21400402, 0.39475098, -0.09055397), (-0.23049504, 0.34991297, -0.06698098), (-0.22782902, 0.40637797, -0.046798974), (-0.24566303, 0.34308198, -0.026229981), (-0.23899104, 0.40797096, 0.0035440251), (-0.26719704, 0.33932698, 0.05363102), (-0.24564204, 0.39314896, 0.10966803), (-0.25821102, 0.34306797, 0.13656601), (-0.22964904, 0.39010796, 0.14901301), (-0.23667003, 0.34055993, 0.17940001), (-0.20721704, 0.39422694, 0.17719202), (-0.21418703, 0.33113295, 0.20992601), (-0.17636004, 0.39506096, 0.19421302), (-0.197423, -0.084480025, 0.105869986), (-0.191396, -0.08512203, 0.13471198), (-0.0012489834, -0.055616975, -0.281261), (-0.036239985, -0.056537982, -0.274905), (-0.046686985, -0.059892982, -0.26737), (-0.064359985, -0.061986983, -0.254993), (-0.09344798, -0.06321499, -0.233682), (-0.117852986, -0.06513199, -0.21022), (-0.15687798, -0.073559, -0.147906), (-0.16931799, -0.075371005, -0.12159102), (-0.18571198, -0.082903005, -0.06638701), (-0.19194299, -0.08588502, -0.035584014), (-0.197297, -0.08766802, -0.0033180162), (-0.200559, -0.088266015, 0.029574983), (-0.204407, -0.090542026, 0.06425299), (-0.120629005, -0.035510026, 0.212559), (-0.10803901, -0.013981027, 0.209095), (-0.09201001, -0.016895028, 0.229462), (-0.06961801, -0.018919026, 0.240885), (-0.0012490083, -0.029308021, 0.243079), (-0.0012490047, -0.07894802, 0.244715), (-0.130746, -0.018250026, 0.191429), (-0.161943, -0.036928024, 0.148535), (-0.175309, -0.042488024, 0.08857099), (-0.158849, -0.023566024, 0.145878), (-0.141998, -0.019973027, 0.170519), (-0.0012490128, 0.02764198, 0.244949), (-0.18512703, 0.32344896, 0.22639701), (-0.0012490167, 0.38613904, -0.28458598), (-0.022317016, 0.38849804, -0.27870098), (-0.043360017, 0.39328003, -0.27148998), (-0.08452401, 0.39662504, -0.26399997), (-0.114871025, 0.40415204, -0.26071998), (-0.15581402, 0.42252204, -0.24690697), (-0.17642003, 0.44449002, -0.21917097), (-0.18714803, 0.44636202, -0.17080297), (-0.19154203, 0.457961, -0.10366297), (-0.19692603, 0.456188, -0.07144497), (-0.20457703, 0.45851198, -0.045516968), (-0.21699002, 0.45602798, -0.0055279694), (-0.22173603, 0.45724398, 0.044187028), (-0.20514104, 0.46275097, 0.08483503), (-0.18590905, 0.454107, 0.12101203), (-0.17052205, 0.450118, 0.14847504), (-0.0012490205, 0.43736404, -0.28771198), (-0.02036602, 0.43852103, -0.28175798), (-0.040205024, 0.44333103, -0.27529296), (-0.06950602, 0.44809702, -0.27323198), (-0.12812804, 0.47720602, -0.25471896), (-0.16867703, 0.48765004, -0.21863995), (-0.18112303, 0.48517603, -0.17869897), (-0.18358202, 0.490411, -0.12782797), (-0.18844803, 0.493013, -0.08642996), (-0.19551603, 0.491592, -0.065088965), (-0.20651603, 0.47770697, -0.036922965), (-0.21614704, 0.47211796, -0.006222968), (-0.21791404, 0.48047996, 0.04309203), (-0.20227504, 0.49355796, 0.08249704), (-0.17655504, 0.496175, 0.11861604), (-0.16313605, 0.495121, 0.13753805), (-0.15296204, 0.493518, 0.14292005), (-0.14968304, 0.454007, 0.16031304), (-0.14195104, 0.40277097, 0.20357403), (-0.14404805, 0.38864496, 0.21060503), (-0.14056404, 0.36215398, 0.22883902), (-0.0012490249, 0.49729103, -0.28998297), (-0.023022026, 0.500785, -0.28628096), (-0.037320025, 0.504024, -0.28190598), (-0.06940003, 0.5099, -0.27611598), (-0.12796003, 0.515347, -0.25563493), (-0.17144004, 0.520642, -0.21362597), (-0.18551902, 0.534844, -0.16749197), (-0.19067003, 0.53519, -0.12115796), (-0.19608603, 0.528586, -0.08638296), (-0.20154002, 0.513185, -0.060298964), (-0.21131803, 0.49934098, -0.032955963), (-0.22339505, 0.49845496, -0.0032229663), (-0.22261405, 0.517785, 0.058809035), (-0.20076305, 0.531742, 0.10827104), (-0.17875305, 0.534214, 0.14667803), (-0.16562304, 0.535363, 0.16108005), (-0.15249205, 0.536513, 0.17548205), (-0.001249031, 0.587303, -0.30208093), (-0.011818032, 0.594139, -0.30002093), (-0.035676032, 0.597987, -0.29469994), (-0.06341903, 0.598892, -0.28748393), (-0.09638603, 0.6008, -0.27510595), (-0.13907602, 0.601153, -0.24836394), (-0.17597602, 0.596031, -0.19883497), (-0.19827205, 0.578307, -0.13172497), (-0.20102005, 0.572615, -0.10358196), (-0.20164305, 0.570229, -0.08822595), (-0.20842105, 0.562804, -0.04761696), (-0.21700704, 0.556448, -0.012573961), (-0.22080204, 0.553517, 0.016786039), (-0.21760204, 0.548512, 0.06541604), (-0.19863304, 0.555998, 0.12911902), (-0.18488304, 0.577435, 0.19032402), (-0.0012490354, 0.651514, -0.31518993), (-0.009289036, 0.65396, -0.31004295), (-0.035451036, 0.657826, -0.29467195), (-0.058388036, 0.657454, -0.29071993), (-0.09019804, 0.662761, -0.28182793), (-0.12468104, 0.659081, -0.26103693), (-0.14935805, 0.650157, -0.23022494), (-0.17839704, 0.63464, -0.17390695), (-0.19148204, 0.6182, -0.11920196), (-0.19387804, 0.612662, -0.07402995), (-0.19593604, 0.612093, -0.041881956), (-0.20430905, 0.59636, -0.012347957), (-0.21203105, 0.590429, 0.037766043), (-0.21273805, 0.585258, 0.08019304), (-0.19968605, 0.586578, 0.13948403), (-0.18854606, 0.602457, 0.19088204), (-0.0012490412, 0.707409, -0.27866194), (-0.001249043, 0.725486, -0.26778194), (-0.051147044, 0.727377, -0.26542494), (-0.06105504, 0.702013, -0.28509593), (-0.08191504, 0.72855, -0.24941994), (-0.08853804, 0.707815, -0.27188995), (-0.097447045, 0.72632, -0.22810595), (-0.10975804, 0.698903, -0.25184593), (-0.112139046, 0.720536, -0.20289195), (-0.13561304, 0.689358, -0.22564694), (-0.12129004, 0.715173, -0.17420495), (-0.14458005, 0.684117, -0.18837593), (-0.14065404, 0.705258, -0.12109195), (-0.15637404, 0.676508, -0.12575693), (-0.15664405, 0.693888, -0.060010947), (-0.17193705, 0.663313, -0.07223095), (-0.16699904, 0.685126, -0.027811948), (-0.18454204, 0.652629, -0.035561953), (-0.17647004, 0.670814, 0.002699051), (-0.19257204, 0.641127, -0.0053079524), (-0.18414506, 0.661515, 0.05555205), (-0.20289305, 0.630985, 0.05410805), (-0.18063205, 0.66075, 0.10485305), (-0.20328605, 0.630053, 0.097208045), (-0.16882005, 0.66481, 0.15687107), (-0.19311406, 0.635795, 0.15750805), (-0.15875205, 0.669239, 0.19792005), (-0.17961206, 0.642878, 0.19871704), (-0.15286607, 0.675335, 0.22131506), (-0.0012490458, 0.754278, -0.25234094), (-0.047696047, 0.76125, -0.25035095), (-0.06944604, 0.755425, -0.23104094), (-0.080145046, 0.753325, -0.21278694), (-0.09151504, 0.748686, -0.18765195), (-0.09804605, 0.746283, -0.15999694), (-0.111041054, 0.737314, -0.11582194), (-0.13452904, 0.724987, -0.06407994), (-0.14573306, 0.712357, -0.025227943), (-0.15110105, 0.7031, 0.017584054), (-0.15609805, 0.691295, 0.06648705), (-0.16103207, 0.682318, 0.107321054), (-0.15255406, 0.683067, 0.15383106), (-0.14526506, 0.689269, 0.18498106), (-0.0012490473, 0.75729, -0.22333995), (-0.03456505, 0.757277, -0.21286593), (-0.043805048, 0.756001, -0.20050794), (-0.05110005, 0.755094, -0.18230894), (-0.058677047, 0.751407, -0.16456693), (-0.059584048, 0.750135, -0.14704295), (-0.06737705, 0.744934, -0.11056493), (-0.083772056, 0.73535, -0.06093094), (-0.098575056, 0.727452, -0.02231994), (-0.116378054, 0.717707, 0.019550057), (-0.11869906, 0.709582, 0.05377406), (-0.12616307, 0.690241, 0.11474505), (-0.15330504, 0.561085, 0.20514305), (-0.14057006, 0.581307, 0.23745404), (-0.0012489766, -0.14774898, -0.279887), (-0.11339306, 0.615958, 0.28266805), (-0.13477607, 0.66649497, 0.39760005), (-0.13184206, 0.6682639, 0.36691305), (-0.17844507, 0.68073595, 0.47204006), (-0.17247207, 0.68679893, 0.44360706), (-0.16864708, 0.69600695, 0.44462207), (-0.17238708, 0.64345497, 0.46134007), (-0.16535908, 0.65398395, 0.43477106), (-0.16367708, 0.66780096, 0.43797705), (-0.15644208, 0.6371899, 0.46221405), (-0.15334707, 0.64818794, 0.43479905), (-0.17666507, 0.69309795, 0.48352605), (-0.17881107, 0.69318897, 0.47457907), (-0.17766607, 0.6954119, 0.49834007), (-0.17495008, 0.6814259, 0.49404907), (-0.17042507, 0.67979497, 0.50129205), (-0.17261808, 0.63128793, 0.48505306), (-0.15761107, 0.62746495, 0.48181406), (-0.16573907, 0.67652196, 0.43843007), (-0.18047407, 0.67346996, 0.46850505), (-0.15073408, 0.69759095, 0.50089806), (-0.15490508, 0.6807299, 0.5072241), (-0.13825308, 0.6644179, 0.50070804), (-0.15490508, 0.6807299, 0.5072241), (-0.13494207, 0.6859989, 0.47681504), (-0.13386108, 0.6919249, 0.49791506), (-0.15461807, 0.69814897, 0.48099107), (-0.15330008, 0.6990429, 0.44766107), (-0.13955007, 0.69286597, 0.43961906), (-0.17310308, 0.6624559, 0.46355006), (-0.17532407, 0.65052193, 0.48685607), (-0.18006207, 0.66474897, 0.49069107), (-0.17877008, 0.67228097, 0.49304605), (-0.14675407, 0.63438296, 0.48322907), (-0.14358707, 0.64692795, 0.45598805), (-0.12902808, 0.67187595, 0.47219607), (-0.13424107, 0.6565889, 0.46055105), (-0.13671607, 0.64748996, 0.48623607), (-0.13424107, 0.6565889, 0.46055105), (-0.13501008, 0.6746829, 0.43526605), (-0.13406508, 0.66722095, 0.43658605), (-0.14515507, 0.6519029, 0.43728706), (-0.13406508, 0.66722095, 0.43658605), (-0.13024905, 0.685131, 0.14892706), (-0.106833056, 0.711004, 0.04834706), (-0.04664205, 0.736575, -0.13207394), (-0.04540405, 0.733173, -0.111173935), (-0.051913053, 0.730043, -0.069855936), (-0.06896205, 0.726926, -0.02371094), (-0.08722105, 0.719677, 0.012041059), (-0.0012490504, 0.739863, -0.12554394), (-0.04664205, 0.736575, -0.13207394), (-0.059584048, 0.750135, -0.14704295), (-0.001249047, 0.740271, -0.20371795), (-0.058677047, 0.751407, -0.16456693), (-0.05110005, 0.755094, -0.18230894), (-0.0012490479, 0.741362, -0.18334694), (-0.0012490492, 0.743522, -0.15845594), (-0.0012490555, 0.780392, -0.07843393), (-0.0096080545, 0.778475, -0.07864993), (-0.010319052, 0.785221, -0.15821593), (-0.0012490525, 0.787301, -0.15800293), (-0.011026048, 0.781049, -0.23308893), (-0.0012490489, 0.783302, -0.23318993), (-0.011734045, 0.755574, -0.28158495), (-0.0012490448, 0.757763, -0.28261593), (-0.012443041, 0.71951, -0.30889395), (-0.0012490408, 0.720882, -0.31108195), (-0.013150038, 0.683087, -0.31580094), (-0.015730053, 0.773239, -0.07924093), (-0.016956052, 0.779535, -0.15880193), (-0.018183049, 0.774891, -0.23281692), (-0.019411044, 0.749595, -0.27876893), (-0.020638041, 0.715764, -0.30291593), (-0.021866037, 0.6814, -0.30893195), (-0.017971054, 0.766086, -0.08004993), (-0.019389052, 0.771768, -0.15960293), (-0.020806048, 0.766481, -0.23244394), (-0.022223044, 0.74143, -0.27492195), (-0.02364104, 0.710645, -0.29474795), (-0.015734054, 0.758934, -0.080856934), (-0.01696205, 0.763998, -0.16040094), (-0.018190047, 0.758069, -0.23207094), (-0.019417042, 0.73326, -0.27107295), (-0.02064404, 0.705525, -0.28658095), (-0.009618053, 0.753694, -0.081448935), (-0.01032605, 0.758311, -0.16098695), (-0.011035047, 0.75191, -0.23179694), (-0.011746042, 0.727278, -0.26825494), (-0.012455041, 0.701777, -0.28059894), (-0.0012580532, 0.751773, -0.08166593), (-0.0012600501, 0.756224, -0.16120294), (-0.0012600465, 0.749652, -0.23169693), (-0.0012600465, 0.749652, -0.23169693), (-0.001249043, 0.725486, -0.26778194), (-0.001249043, 0.725486, -0.26778194), (-0.0012630407, 0.700403, -0.27840695), (-0.0012490377, 0.683704, -0.31831694), (-0.09849994, -0.591361, -0.29199007), (-0.09644594, -0.589939, -0.29760006), (-0.09980194, -0.58556, -0.30658507), (-0.09340394, -0.602995, -0.31747007), (-0.09138194, -0.603046, -0.32308006), (-0.10163794, -0.588414, -0.31830806), (-0.08518694, -0.608908, -0.31381506), (-0.07783094, -0.613435, -0.30148306), (-0.08357194, -0.611836, -0.31649607), (-0.09177894, -0.604435, -0.28988105), (-0.08318594, -0.61183, -0.29045206), (-0.08561394, -0.61036, -0.29501605), (-0.09614294, -0.589941, -0.28601807), (-0.09374694, -0.598662, -0.28286007), (-0.08834094, -0.607399, -0.28083405), (-0.08082894, -0.610466, -0.28448007), (-0.07413094, -0.614932, -0.29537305), (-0.07990494, -0.60762, -0.32338005), (-0.07692794, -0.616294, -0.31151706), (-0.08620594, -0.594502, -0.32983106), (-0.09189094, -0.585757, -0.32898206), (-0.09701094, -0.579853, -0.31936505), (-0.09771894, -0.575517, -0.29628205), (-0.094252944, -0.581399, -0.33354807), (-0.08666894, -0.593079, -0.34001005), (-0.08506594, -0.600306, -0.32828104), (-0.08252794, -0.601788, -0.33958507), (-0.07492094, -0.613518, -0.33158907), (-0.07236294, -0.622182, -0.31538406), (-0.07107594, -0.625092, -0.29937407), (-0.07060594, -0.6179, -0.28779706), (-0.08155494, -0.611861, -0.27732006), (-0.08893294, -0.603075, -0.27367505), (-0.09444794, -0.592863, -0.27423805), (-0.09628894, -0.584211, -0.28314605), (-0.06549594, -0.626637, -0.29740706), (-0.06442494, -0.628141, -0.30885306), (-0.06692194, -0.622288, -0.28162307), (-0.07764794, -0.616256, -0.27402806), (-0.08687494, -0.600229, -0.26483405), (-0.09095894, -0.591521, -0.26525307), (-0.094284944, -0.574167, -0.27142906), (-0.09198195, -0.565555, -0.27845705), (-0.06769294, -0.623709, -0.31931007), (-0.06927194, -0.617956, -0.33103105), (-0.07786494, -0.60337096, -0.34345406), (-0.09099494, -0.582893, -0.33755305), (-0.09790594, -0.57049, -0.32063806), (-0.10102494, -0.574038, -0.32119206), (-0.09906094, -0.572597, -0.29642105), (-0.09636594, -0.564062, -0.32224905), (-0.084685944, -0.59454596, -0.34556106), (-0.07666794, -0.58753896, -0.35203406), (-0.06697194, -0.5964329, -0.34964907), (-0.055457942, -0.612502, -0.33836007), (-0.049918942, -0.622707, -0.32334206), (-0.05298094, -0.628407, -0.30774507), (-0.05586394, -0.629748, -0.29356506), (-0.096291944, -0.565464, -0.29332805), (-0.04590094, -0.5868409, -0.35629007), (-0.05946394, -0.57213795, -0.36202407), (-0.03661594, -0.608634, -0.33803007), (-0.034169942, -0.62449, -0.32181606), (-0.03448194, -0.633142, -0.30594507), (-0.04641294, -0.63716, -0.28830707), (-0.05384194, -0.634088, -0.27019706), (-0.069579944, -0.629409, -0.25585306), (-0.08111794, -0.610432, -0.23676306), (-0.08406295, -0.601694, -0.23422606), (-0.09103095, -0.581416, -0.23205605), (-0.093190946, -0.568394, -0.23662505), (-0.09215695, -0.552622, -0.25825107), (-0.08974295, -0.544021, -0.28114605), (-0.09175095, -0.542564, -0.29005206), (-0.09234695, -0.539674, -0.31322205), (-0.08735495, -0.544108, -0.33588707), (-0.08873994, -0.57286197, -0.34316906), (-0.0012379391, -0.620953, -0.32010105), (-0.020127939, -0.637782, -0.30596706), (-0.03260894, -0.647564, -0.28404105), (-0.04527294, -0.647256, -0.25777906), (-0.058362942, -0.649824, -0.22722706), (-0.095492944, -0.549644, -0.23832405), (-0.09402795, -0.562646, -0.22659305), (-0.09397495, -0.543908, -0.25264707), (-0.09524695, -0.530967, -0.26583907), (-0.09379595, -0.528121, -0.28016007), (-0.092175946, -0.52386, -0.29589307), (-0.0012929408, -0.5734819, -0.36217907), (-0.075513944, -0.5559539, -0.35639206), (-0.023294942, -0.55570495, -0.37302807), (-0.041559946, -0.54666895, -0.37624106), (-0.07107094, -0.5301129, -0.36610806), (-0.07572195, -0.51707494, -0.34491205), (-0.08995695, -0.523924, -0.31883907), (-0.06230894, -0.648252, -0.21606006), (-0.06702494, -0.638046, -0.19486307), (-0.08074295, -0.60611, -0.19485506), (-0.09114995, -0.575624, -0.21472605), (-0.020068936, -0.663663, -0.28278404), (-0.001178937, -0.672655, -0.27851906), (-0.0012159382, -0.64107, -0.30430207), (-0.020688936, -0.679503, -0.26544407), (-0.0011699367, -0.679891, -0.27107605), (-0.033102937, -0.673429, -0.25510806), (-0.04006694, -0.671845, -0.24275306), (-0.05358694, -0.665738, -0.22097206), (-0.05757494, -0.65986, -0.20834306), (-0.056642946, -0.654147, -0.18658605), (-0.061861943, -0.652547, -0.17696705), (-0.08057295, -0.611831, -0.18327007), (-0.09453395, -0.571227, -0.19338405), (-0.09911995, -0.556735, -0.20251805), (-0.10271795, -0.537964, -0.22027504), (-0.10177295, -0.523606, -0.24190505), (-0.09826795, -0.519393, -0.26183707), (-0.095129944, -0.516586, -0.27889907), (-0.019149937, -0.708309, -0.24353206), (-0.0011409358, -0.705772, -0.24789806), (-0.03128794, -0.702244, -0.23607107), (-0.040689938, -0.696241, -0.22686806), (-0.05063894, -0.687389, -0.21192107), (-0.05312294, -0.680129, -0.19920506), (-0.05581494, -0.675752, -0.18502507), (-0.05661494, -0.674255, -0.17639907), (-0.030946935, -0.720945, -0.22875907), (-0.034266938, -0.728062, -0.22615805), (-0.020898934, -0.729848, -0.23060806), (-0.041816935, -0.714965, -0.21969606), (-0.051553935, -0.708953, -0.20762306), (-0.046888936, -0.724872, -0.21435507), (-0.051163938, -0.701759, -0.19463006), (-0.053779937, -0.720399, -0.20205806), (-0.05648394, -0.704519, -0.18500707), (-0.056960937, -0.718898, -0.18353206), (-0.018677935, -0.721234, -0.23622206), (-0.05855194, -0.6886, -0.17512307), (-0.03197193, -0.741088, -0.22299805), (-0.028367933, -0.752671, -0.21829206), (-0.022776933, -0.757107, -0.21773906), (-0.020969933, -0.767229, -0.20882908), (-0.0010759333, -0.764674, -0.20603406), (-0.029403932, -0.761255, -0.20966107), (-0.021816934, -0.745632, -0.22490606), (-0.0010999339, -0.744594, -0.22625406), (-0.046026938, -0.736448, -0.21133706), (-0.04239093, -0.746559, -0.20663306), (-0.035173934, -0.759696, -0.19434506), (-0.018135933, -0.770176, -0.19409208), (-0.0010729338, -0.764738, -0.19417606), (-0.015459935, -0.764449, -0.17507106), (-0.001072935, -0.759008, -0.17825106), (-0.013370936, -0.760186, -0.16623005), (-0.0010729356, -0.756126, -0.16813706), (-0.028885935, -0.762718, -0.17062406), (-0.025334936, -0.758488, -0.16158606), (-0.054531936, -0.733337, -0.16738206), (-0.049632937, -0.731973, -0.15826206), (-0.038502935, -0.748094, -0.15714106), (-0.040511936, -0.75236, -0.16739605), (-0.030687936, -0.7641, -0.18234806), (-0.041245937, -0.756654, -0.17616107), (-0.049266938, -0.744968, -0.17987105), (-0.051511936, -0.739131, -0.16997506), (-0.052073937, -0.734824, -0.19314606), (-0.049797937, -0.733466, -0.20163606), (-0.057240937, -0.720298, -0.16625606), (-0.059598938, -0.721721, -0.17222907), (-0.06213894, -0.707271, -0.17251407), (-0.05716294, -0.687208, -0.15911406), (-0.05988994, -0.704429, -0.16507806), (-0.05629794, -0.704508, -0.15750407), (-0.05502494, -0.71893, -0.15881906), (-0.05494394, -0.697343, -0.15449107), (-0.05517294, -0.680061, -0.16326806), (-0.05330094, -0.681515, -0.15295306), (-0.05100894, -0.688761, -0.14838506), (-0.05627894, -0.67284, -0.16481707), (-0.054340944, -0.671462, -0.15450506), (-0.034107946, -0.671925, -0.13957305), (-0.029193942, -0.693624, -0.13613506), (-0.04007794, -0.699098, -0.14439906), (-0.02679194, -0.70807, -0.13444106), (-0.03626594, -0.713577, -0.14256705), (-0.02140894, -0.724002, -0.13387606), (-0.033519935, -0.730924, -0.14509806), (-0.061662946, -0.651128, -0.16397706), (-0.058224943, -0.648311, -0.15352306), (-0.042186946, -0.660181, -0.14328906), (-0.048839945, -0.64422, -0.14539906), (-0.017825937, -0.747097, -0.14644006), (-0.012625938, -0.738601, -0.13873306), (-0.0010819383, -0.735985, -0.14050306), (-0.0010939398, -0.720069, -0.13235606), (-0.012480942, -0.702623, -0.13159306), (-0.0011069411, -0.704276, -0.13208605), (-0.017598942, -0.683807, -0.13361906), (-0.024037946, -0.634703, -0.12999906), (-0.0011729465, -0.630847, -0.13254106), (-0.0011599453, -0.646717, -0.13507406), (-0.023011943, -0.669289, -0.13418406), (-0.029835945, -0.65474, -0.13488406), (-0.018327944, -0.652119, -0.13377906), (-0.0011449439, -0.663993, -0.13653105), (-0.0011229424, -0.68703, -0.13223305), (-0.035604946, -0.637324, -0.13110806), (-0.023817947, -0.607396, -0.12572806), (-0.001197949, -0.600682, -0.12808307), (-0.045425948, -0.612617, -0.12780206), (-0.030875953, -0.561163, -0.11641105), (-0.0012339526, -0.558923, -0.11953505), (-0.05370495, -0.567831, -0.12150005), (-0.055574946, -0.613862, -0.14323406), (-0.06506295, -0.61648, -0.14994806), (-0.08989895, -0.572737, -0.16692504), (-0.073399946, -0.614879, -0.16811506), (-0.078516945, -0.572992, -0.14988905), (-0.06509895, -0.570465, -0.13852805), (-0.10233795, -0.545147, -0.18117905), (-0.092426956, -0.533863, -0.16147305), (-0.07344396, -0.521321, -0.14521904), (-0.071736954, -0.502663, -0.14368404), (-0.062904954, -0.518671, -0.13408004), (-0.027469957, -0.512286, -0.11047105), (-0.0012699562, -0.515717, -0.111125045), (-0.0012339526, -0.558923, -0.11953505), (-0.047068954, -0.50611, -0.115286045), (-0.027469957, -0.512286, -0.11047105), (-0.071736954, -0.502663, -0.14368404), (-0.06510995, -0.489838, -0.13437404), (-0.047068954, -0.50611, -0.115286045), (-0.10046595, -0.513516, -0.17824204), (-0.079815954, -0.478007, -0.15898904), (-0.077012956, -0.508267, -0.14992605), (-0.08791596, -0.499412, -0.16984105), (-0.097855955, -0.48339796, -0.21273105), (-0.077012956, -0.508267, -0.14992605), (-0.08791596, -0.499412, -0.16984105), (-0.103458956, -0.49477196, -0.21756604), (-0.103116944, -0.526441, -0.19866504), (-0.10532995, -0.507653, -0.23074104), (-0.10193795, -0.504919, -0.26513502), (-0.09728895, -0.503565, -0.28346902), (-0.09498395, -0.515126, -0.29476607), (-0.09472395, -0.49069396, -0.26157603), (-0.097855955, -0.48339796, -0.21273105), (-0.086906955, -0.46925497, -0.20306204), (-0.09363896, -0.47484896, -0.25428802), (-0.09363896, -0.47484896, -0.25428802), (-0.09312895, -0.49357298, -0.27877003), (-0.08542696, -0.46642497, -0.24771404), (-0.091527954, -0.47921896, -0.27717704), (-0.0012629398, -0.599337, -0.34054106), (-0.0011149347, -0.730197, -0.23356406), (-0.0010869333, -0.756135, -0.21881007), (-0.021742942, -0.52697194, -0.39748707), (-0.0013429428, -0.52737796, -0.39728907), (-0.001366944, -0.50576496, -0.40761304), (-0.043598942, -0.52504593, -0.39527905), (-0.023326945, -0.5096579, -0.40639403), (-0.049534943, -0.5234339, -0.39295506), (-0.031917945, -0.50804394, -0.40723002), (-0.0013849454, -0.48566896, -0.41044402), (-0.022621946, -0.48525596, -0.40781802), (-0.041982945, -0.50922495, -0.40819904), (-0.035732944, -0.48778397, -0.40765503), (-0.055357944, -0.50749594, -0.40369004), (-0.042787943, -0.48909497, -0.40975603), (-0.056627944, -0.5204359, -0.39364704), (-0.0013309424, -0.5388829, -0.38851407), (-0.058103945, -0.5304229, -0.38078806), (-0.064246945, -0.46268398, -0.37576804), (-0.075544946, -0.46814498, -0.37974602), (-0.07264895, -0.46969497, -0.39533904), (-0.055367947, -0.46141896, -0.37781602), (-0.055215947, -0.46573797, -0.39514503), (-0.001397947, -0.46835098, -0.40489602), (-0.03557595, -0.46908897, -0.40479004), (-0.043079946, -0.47180298, -0.40260503), (-0.04882895, -0.47166997, -0.40316102), (-0.061746947, -0.47425896, -0.40440202), (-0.04802295, -0.46448797, -0.39445302), (-0.040486947, -0.46035796, -0.39663902), (-0.05053695, -0.45580998, -0.38168904), (-0.0014079486, -0.45393196, -0.39199302), (-0.03796295, -0.42872897, -0.37042102), (-0.05930195, -0.43542397, -0.36091104), (-0.06021295, -0.44979796, -0.36966503), (-0.06459495, -0.45978397, -0.37148502), (-0.085842945, -0.45061398, -0.35911003), (-0.08154695, -0.46799698, -0.36296904), (-0.08188195, -0.44067296, -0.35294902), (-0.06864796, -0.42799696, -0.33725104), (-0.08323496, -0.43343896, -0.33722302), (-0.08408495, -0.47371897, -0.36752403), (-0.099138945, -0.45749897, -0.35747102), (-0.09494695, -0.47346398, -0.35992402), (-0.09812195, -0.44459996, -0.35018402), (-0.09621896, -0.43885896, -0.33846304), (-0.11834495, -0.46282998, -0.35498804), (-0.11254795, -0.47877496, -0.35870802), (-0.113087945, -0.45433596, -0.34727702), (-0.109742954, -0.44721198, -0.33542103), (-0.09362595, -0.48930296, -0.36265403), (-0.08445195, -0.50248593, -0.35592702), (-0.09973395, -0.48915797, -0.35892102), (-0.12381395, -0.48287797, -0.36268702), (-0.10710095, -0.49187696, -0.35814402), (-0.13420495, -0.46824196, -0.35650504), (-0.12936096, -0.45967796, -0.34451002), (-0.14061694, -0.48968697, -0.37009603), (-0.12116995, -0.49874797, -0.36381003), (-0.14533195, -0.47229198, -0.36189404), (-0.14099196, -0.46518797, -0.34561703), (-0.19635196, -0.47111297, -0.37263304), (-0.17305994, -0.48026597, -0.37610403), (-0.16265996, -0.47188997, -0.36214703), (-0.15992394, -0.48635396, -0.37919804), (-0.13926993, -0.50411195, -0.37277204), (-0.16721293, -0.49768698, -0.38129404), (-0.17409994, -0.49174896, -0.38340002), (-0.19664495, -0.48261398, -0.38708302), (-0.21178095, -0.464967, -0.36110902), (-0.21854293, -0.470601, -0.38200602), (-0.22979295, -0.463137, -0.36866003), (-0.16096796, -0.46325096, -0.34755403), (-0.18665795, -0.46554497, -0.35145304), (-0.121629946, -0.45412996, -0.33364803), (-0.14337295, -0.45934796, -0.33431202), (-0.15896295, -0.45898598, -0.33724204), (-0.19133395, -0.45970297, -0.33171904), (-0.22954096, -0.46885, -0.34261203), (-0.17000796, -0.46160597, -0.31371903), (-0.19399296, -0.47973496, -0.29430303), (-0.21582195, -0.472047, -0.32101804), (-0.17283195, -0.47591698, -0.28794503), (-0.08767596, -0.45054296, -0.31011802), (-0.10191896, -0.45310298, -0.31296703), (-0.075213954, -0.46521497, -0.29299602), (-0.09226195, -0.47060096, -0.29753003), (-0.11636896, -0.45854697, -0.31434903), (-0.14576195, -0.46075198, -0.30995604), (-0.14553995, -0.47943997, -0.28671902), (-0.08445195, -0.50248593, -0.35592702), (-0.08254695, -0.509713, -0.33261803), (-0.086315945, -0.505322, -0.33731902), (-0.08612095, -0.503846, -0.32427204), (-0.22753195, -0.471799, -0.36409202), (-0.21788993, -0.479225, -0.37611404), (-0.22188295, -0.476235, -0.36353403), (-0.21636696, -0.477836, -0.36151704), (-0.20328094, -0.482447, -0.36314103), (-0.21636696, -0.477836, -0.36151704), (-0.20506096, -0.478096, -0.35900104), (-0.20328094, -0.482447, -0.36314103), (-0.19771394, -0.48689, -0.37704504), (-0.21424194, -0.479305, -0.36853504), (-0.19840494, -0.48687, -0.36988404), (-0.18605395, -0.48715296, -0.36288604), (-0.098004945, -0.49785298, -0.33414602), (-0.12752894, -0.511556, -0.33115405), (-0.098004945, -0.49785298, -0.33414602), (-0.10809695, -0.49904397, -0.34957102), (-0.14630094, -0.51396894, -0.36187106), (-0.13326193, -0.51573795, -0.34763107), (-0.16557895, -0.5034989, -0.36956802), (-0.18100294, -0.49016497, -0.37109601), (-0.18082593, -0.49447596, -0.37396902), (-0.16589195, -0.49912596, -0.36528504), (-0.14686294, -0.5024499, -0.35330802), (-0.13635693, -0.50127196, -0.34216702), (-0.16474994, -0.48911998, -0.35939902), (-0.085796945, -0.49954098, -0.31127903), (-0.12715293, -0.501481, -0.33262804), (-0.15115695, -0.49084798, -0.35085303), (-0.13615896, -0.48688397, -0.34076402), (-0.12707095, -0.47989398, -0.32829702), (-0.12707095, -0.47989398, -0.32829702), (-0.13615896, -0.48688397, -0.34076402), (-0.14124596, -0.47956496, -0.33114803), (-0.15115695, -0.49084798, -0.35085303), (-0.15647796, -0.47921497, -0.33836803), (-0.16474994, -0.48911998, -0.35939902), (-0.17897496, -0.48011297, -0.34492204), (-0.18605395, -0.48715296, -0.36288604), (-0.19274196, -0.47979596, -0.35200003), (-0.14629695, -0.47655398, -0.32293603), (-0.16632995, -0.47467297, -0.32487804), (-0.18573596, -0.47564298, -0.33397904), (-0.19939296, -0.476747, -0.34252203), (-0.14650695, -0.48084596, -0.30706802), (-0.16819195, -0.47745198, -0.30627102), (-0.19027795, -0.47841796, -0.31711003), (-0.20502895, -0.475191, -0.32861602), (-0.21632096, -0.473521, -0.34564704), (-0.22188295, -0.476235, -0.36353403), (-0.22151996, -0.473405, -0.35189602), (-0.08532695, -0.49234897, -0.29970104), (-0.09128595, -0.503714, -0.30024603), (-0.09226195, -0.47060096, -0.29753003), (-0.12507795, -0.500051, -0.32372302), (-0.12752894, -0.511556, -0.33115405), (-0.12715293, -0.501481, -0.33262804), (-0.12379495, -0.511639, -0.32504606), (-0.12281795, -0.49437696, -0.31629303), (-0.12707095, -0.47989398, -0.32829702), (-0.12507795, -0.500051, -0.32372302), (-0.12281795, -0.49437696, -0.31629303), (-0.09910094, -0.59136, -0.31521007), (-0.22753195, -0.471799, -0.36409202), (-0.084237956, -0.46788496, -0.27508104), (-0.0014319515, -0.42233297, -0.37727603), (-0.0012489528, -0.41116396, -0.36898103), (-0.07733296, -0.44358796, -0.31061804), (-0.02064404, 0.705525, -0.28658095), (-0.11446006, 0.655993, 0.30704305), (-0.10441406, 0.646914, 0.27654105), (0.134511, -0.177194, 0.15592998), (0.13759002, -0.187122, 0.13691199), (0.13109101, -0.205676, 0.122145995), (0.12542601, -0.205194, 0.15313898), (0.11683302, -0.225947, 0.114243984), (0.11509801, -0.222991, 0.14996198), (0.09898402, -0.241439, 0.120599985), (0.08641802, -0.24641302, 0.14616698), (0.10993101, -0.222008, 0.16930398), (0.11854701, -0.201915, 0.17533799), (0.128057, -0.169432, 0.17761798), (0.11442701, -0.196852, 0.18756099), (0.12209801, -0.165975, 0.19005698), (0.10477701, -0.191267, 0.20334798), (0.112197, -0.160971, 0.20902498), (0.08802201, -0.18430401, 0.22528198), (0.09753301, -0.21766101, 0.20033999), (0.08369501, -0.21302201, 0.22016399), (0.082954004, -0.22754002, 0.20981799), (0.080607004, -0.23834002, 0.19414498), (0.10543801, -0.221485, 0.18205999), (0.082534015, -0.252934, 0.13034098), (0.08434801, -0.24656801, 0.17412698), (0.060303014, -0.276055, 0.14616098), (0.07296602, -0.26036504, 0.17280397), (0.062049016, -0.27443403, 0.17340897), (0.06771901, -0.26757002, 0.19733498), (0.07169501, -0.25768104, 0.21045098), (0.073984005, -0.24543001, 0.22638398), (0.07479101, -0.22218901, 0.23685898), (0.076505005, -0.20755301, 0.23746498), (0.082342, -0.18039201, 0.23459998), (0.10181, -0.153632, 0.23155798), (0.043552015, -0.292175, 0.14792296), (0.047850017, -0.28724602, 0.17398497), (0.05099701, -0.28163004, 0.20461898), (0.05460901, -0.27081403, 0.22115497), (0.055769008, -0.25457302, 0.23895998), (0.059534006, -0.22690001, 0.25042596), (0.060110003, -0.20351101, 0.25041696), (0.066587, -0.17942001, 0.24908598), (0.086206, -0.14869201, 0.24864599), (0.08087902, -0.279737, 0.07732598), (0.10249402, -0.256943, 0.05420998), (0.08967802, -0.272557, 0.036094982), (0.06624502, -0.296312, 0.064793974), (0.08087902, -0.279737, 0.07732598), (0.06624502, -0.296312, 0.064793974), (0.06659602, -0.28441, 0.10018798), (0.085698016, -0.271, 0.089037985), (0.104639016, -0.24937898, 0.08115899), (0.104089014, -0.242966, 0.09595598), (0.12548901, -0.238394, 0.08612899), (0.052656017, -0.297361, 0.11120098), (0.03993302, -0.305644, 0.12053897), (0.040384017, -0.31537, 0.10845997), (0.05019102, -0.306812, 0.09566197), (0.14022997, 0.32356098, 0.24297503), (0.113175966, 0.34526497, 0.26833504), (0.10689896, 0.36656797, 0.26015902), (0.12449696, 0.36249596, 0.24795403), (0.111871965, 0.39010996, 0.26123402), (0.106553964, 0.34502497, 0.27621502), (0.11967896, 0.32652798, 0.27893904), (0.11966997, 0.30147198, 0.28065702), (0.14359397, 0.25777698, 0.25399604), (0.12762697, 0.28057596, 0.27796602), (0.14359397, 0.25777698, 0.25399604), (0.12512597, 0.26232898, 0.28128102), (0.12830997, 0.24011199, 0.27527103), (0.13486497, 0.183491, 0.24881001), (0.124660976, 0.18592298, 0.26537004), (0.08637797, 0.18838798, 0.27808604), (0.08746497, 0.25902498, 0.28459802), (0.07722496, 0.32735896, 0.28186902), (0.08653496, 0.37288797, 0.26594803), (0.07722496, 0.32735896, 0.28186902), (0.07317896, 0.34803197, 0.27834702), (0.074940965, 0.37892497, 0.26854602), (0.08852096, 0.39345896, 0.26624304), (0.05394996, 0.39173296, 0.27011704), (0.06961796, 0.39490998, 0.26679504), (0.074940965, 0.37892497, 0.26854602), (0.057384964, 0.32659498, 0.28653303), (0.059801966, 0.25599796, 0.29082704), (0.059062973, 0.19130297, 0.28398603), (0.10454599, 0.09650798, 0.23967202), (0.061995983, 0.09801499, 0.25644), (0.15395299, -0.09934402, 0.466392), (0.14378898, -0.09678703, 0.436432), (0.14761299, -0.10514203, 0.435419), (0.14824499, -0.12723003, 0.45536), (0.13881698, -0.12237903, 0.429787), (0.14049898, -0.13491602, 0.42658), (0.14752798, -0.14447004, 0.453151), (0.12848799, -0.14017603, 0.42661), (0.15358499, -0.110641025, 0.463852), (0.15180598, -0.09942503, 0.475337), (0.15008998, -0.11001503, 0.485861), (0.15280598, -0.09732703, 0.490152), (0.14556699, -0.11149604, 0.493102), (0.13158199, -0.15015502, 0.454024), (0.13275199, -0.15898003, 0.473625), (0.15561599, -0.117236026, 0.460315), (0.14087999, -0.11446503, 0.430241), (0.12975898, -0.09484204, 0.472803), (0.12587398, -0.095350035, 0.49271), (0.15280598, -0.09732703, 0.490152), (0.14556699, -0.11149604, 0.493102), (0.10900099, -0.10049104, 0.489725), (0.13004698, -0.11064704, 0.499033), (0.12975898, -0.09484204, 0.472803), (0.11008398, -0.10586803, 0.468627), (0.11469199, -0.09963703, 0.431432), (0.12844099, -0.09403103, 0.439472), (0.14775799, -0.15551104, 0.476864), (0.15046698, -0.13805804, 0.478667), (0.15520298, -0.12515002, 0.482504), (0.15391098, -0.118315026, 0.484855), (0.11872799, -0.14132003, 0.4478), (0.11339299, -0.12544903, 0.492518), (0.10416899, -0.11868103, 0.464006), (0.111857995, -0.14080903, 0.478047), (0.10938099, -0.13255402, 0.452361), (0.12189499, -0.15270203, 0.47504), (0.10920499, -0.12290603, 0.428398), (0.110149994, -0.11613603, 0.427077), (0.13807194, 0.581307, 0.23745404), (0.11669094, 0.60378, 0.27004007), (0.14375094, 0.61998, 0.28165007), (0.15421294, 0.596382, 0.24201004), (0.15682594, 0.632749, 0.29934305), (0.16935894, 0.60864, 0.24537106), (0.16923293, 0.647322, 0.29624406), (0.17452393, 0.623981, 0.24312608), (0.17309093, 0.664088, 0.29347405), (0.17636093, 0.638532, 0.23525007), (0.16991194, 0.682204, 0.28834605), (0.13848394, 0.703191, 0.23341306), (0.14084694, 0.722784, 0.27672207), (0.11871893, 0.724043, 0.27698305), (0.104619935, 0.706536, 0.23354906), (0.11275994, 0.698462, 0.21461406), (0.13815694, 0.695924, 0.21450906), (0.16346192, 0.65798694, 0.40158206), (0.16528392, 0.67117095, 0.40196005), (0.16357894, 0.6735829, 0.35834306), (0.16161095, 0.65637296, 0.35535806), (0.16817693, 0.672273, 0.33173206), (0.16608495, 0.653153, 0.33166707), (0.16732293, 0.678244, 0.33065706), (0.15981093, 0.6851829, 0.40316707), (0.15638892, 0.68994594, 0.36241707), (0.15693194, 0.697137, 0.32633305), (0.15225793, 0.701932, 0.28480607), (0.14904493, 0.70024997, 0.40467405), (0.14828092, 0.7068709, 0.36250705), (0.14538993, 0.716717, 0.32658306), (0.15281194, 0.64919496, 0.39658806), (0.15361995, 0.6467819, 0.35701206), (0.15339394, 0.640834, 0.32982805), (0.13691594, 0.62868, 0.30667806), (0.13380595, 0.642644, 0.33687407), (0.13789295, 0.65041995, 0.36338606), (0.14047994, 0.65293896, 0.39480105), (0.12093794, 0.639974, 0.31107107), (0.12591594, 0.65196, 0.33900005), (0.13789295, 0.65041995, 0.36338606), (0.12591594, 0.65196, 0.33900005), (0.11934293, 0.664606, 0.33924207), (0.12093794, 0.639974, 0.31107107), (0.11196194, 0.655993, 0.30704305), (0.10900393, 0.678804, 0.29088005), (0.11844293, 0.685461, 0.33603105), (0.12786493, 0.68271697, 0.36718106), (0.12934394, 0.6682639, 0.36691305), (0.13347693, 0.6834539, 0.40181607), (0.09999294, 0.693563, 0.24867806), (0.108422935, 0.705593, 0.28738505), (0.09922194, 0.667537, 0.26524505), (0.12051793, 0.712112, 0.32555705), (0.12896292, 0.6990209, 0.36604905), (0.13432592, 0.69247395, 0.40080205), (0.13165392, 0.718573, 0.32698807), (0.13497992, 0.71043897, 0.37044907), (0.14111292, 0.70414495, 0.40397105), (0.129438, -0.13385601, 0.387148), (0.139531, -0.13021201, 0.387352), (0.139281, -0.13880001, 0.349241), (0.1264, -0.14496702, 0.345153), (0.142096, -0.14316902, 0.322586), (0.126939, -0.14861302, 0.322307), (0.142262, -0.14450401, 0.275914), (0.128535, -0.14946401, 0.27324), (0.150924, -0.146778, 0.24818999), (0.13906099, -0.09059903, 0.395156), (0.14324299, -0.09982603, 0.390732), (0.14497998, -0.085849024, 0.358476), (0.14890298, -0.09554301, 0.357251), (0.15033299, -0.082088016, 0.328154), (0.151585, -0.097057015, 0.331028), (0.153862, -0.073920004, 0.287291), (0.156737, -0.096603006, 0.284449), (0.158326, -0.06900601, 0.258343), (0.164488, -0.08608801, 0.2587), (0.13736498, -0.07601802, 0.35749), (0.13836898, -0.06704802, 0.328906), (0.14576599, -0.063809015, 0.284299), (0.148769, -0.05938801, 0.257795), (0.12268999, -0.07837302, 0.356448), (0.13158998, -0.08697403, 0.396382), (0.122489996, -0.06937302, 0.327118), (0.12455899, -0.058328014, 0.285931), (0.10932399, -0.054858014, 0.24784), (0.10831099, -0.09038002, 0.351857), (0.12268999, -0.07837302, 0.356448), (0.12317199, -0.08816203, 0.390881), (0.10724899, -0.08500102, 0.326467), (0.10647699, -0.07765902, 0.270681), (0.09680499, -0.078153014, 0.250777), (0.14596099, -0.11972003, 0.388362), (0.155692, -0.13194501, 0.276571), (0.160317, -0.131197, 0.25548), (0.156293, -0.12830701, 0.327581), (0.150569, -0.12637502, 0.358834), (0.14643098, -0.10981703, 0.39068), (0.170128, -0.110415004, 0.24864198), (0.159805, -0.112605006, 0.27618), (0.155834, -0.11581101, 0.33161), (0.15116, -0.11251401, 0.3638), (0.109744996, -0.10277103, 0.384655), (0.103241995, -0.10025101, 0.264041), (0.09346, -0.09724201, 0.24993698), (0.09680499, -0.078153014, 0.250777), (0.09926799, -0.101405025, 0.325041), (0.10647699, -0.07765902, 0.270681), (0.10022799, -0.105391026, 0.350652), (0.10724899, -0.08500102, 0.326467), (0.12317199, -0.08816203, 0.390881), (0.12844099, -0.09403103, 0.439472), (0.12029799, -0.13680403, 0.429097), (0.104715995, -0.11414903, 0.389526), (0.11401899, -0.13281101, 0.384157), (0.10146, -0.13983302, 0.274831), (0.09518, -0.13531101, 0.24972498), (0.10459799, -0.13248701, 0.316899), (0.133901, -0.150525, 0.24539699), (0.107738994, -0.12881601, 0.339218), (0.139819, -0.158661, 0.21638398), (0.146849, -0.163337, 0.19399399), (0.12209801, -0.165975, 0.19005698), (0.157068, -0.152349, 0.22160399), (0.164866, -0.156774, 0.19798398), (0.166942, -0.137051, 0.23090199), (0.18028, -0.135868, 0.192975), (0.176434, -0.10992201, 0.230313), (0.182105, -0.110459, 0.199311), (0.171785, -0.08012101, 0.23350102), (0.178345, -0.078441, 0.19835602), (0.166875, -0.065064006, 0.228359), (0.16998, -0.06204001, 0.201635), (0.152407, -0.055327006, 0.224768), (0.160014, -0.051551007, 0.204468), (0.11813099, -0.03551001, 0.212559), (0.131737, -0.038555007, 0.201457), (0.152069, -0.169028, 0.17717898), (0.128057, -0.169432, 0.17761798), (0.166385, -0.164482, 0.17329298), (0.18323, -0.144994, 0.168821), (0.187783, -0.11576, 0.170797), (0.183435, -0.08538, 0.170833), (0.178475, -0.066277, 0.17679201), (0.171524, -0.052751005, 0.18036701), (0.142694, -0.032678004, 0.178525), (0.10181, -0.153632, 0.23155798), (0.086206, -0.14869201, 0.24864599), (0.112197, -0.160971, 0.20902498), (0.158318, -0.176051, 0.15036298), (0.185196, -0.0837, 0.15160301), (0.188652, -0.120284, 0.144589), (0.181822, -0.150263, 0.146256), (0.173975, -0.16606, 0.150123), (0.159445, -0.036928, 0.148535), (0.177163, -0.051248, 0.15498202), (0.185296, -0.068107, 0.15485401), (0.010147039, -0.33526498, -0.32426503), (0.0041350364, -0.29988196, -0.31048304), (0.02207104, -0.33813596, -0.31909603), (0.025474036, -0.30416998, -0.30141804), (0.045052037, -0.34192997, -0.29351702), (0.045535035, -0.30763397, -0.27928802), (0.05228004, -0.35156098, -0.27544603), (0.052068032, -0.31208697, -0.25720602), (0.061811037, -0.35780498, -0.25009403), (0.058577035, -0.31660596, -0.23508203), (0.07028804, -0.37293696, -0.21522003), (0.07151203, -0.32412398, -0.19064602), (0.075761035, -0.381597, -0.16707003), (0.07744103, -0.328293, -0.14305504), (0.069955036, -0.386467, -0.11143104), (0.07733303, -0.342612, -0.08063703), (0.060388032, -0.395947, -0.074539036), (0.07203303, -0.349087, -0.042228024), (0.055740032, -0.399338, -0.064376034), (0.06368403, -0.355099, -0.02630503), (0.047187034, -0.40461, -0.05358103), (0.054665025, -0.358051, -0.011868029), (0.036633033, -0.408648, -0.042087037), (0.039190028, -0.367515, 0.01272697), (0.054665025, -0.358051, -0.011868029), (0.026573032, -0.414414, -0.028878033), (0.028267028, -0.379478, 0.018911969), (0.022360047, -0.41285297, -0.36347604), (0.014904043, -0.37055996, -0.33881202), (0.02793204, -0.474807, -0.09894204), (0.029840037, -0.448812, -0.06830404), (0.037671037, -0.438426, -0.075049035), (0.04595404, -0.472345, -0.10609204), (0.02793204, -0.474807, -0.09894204), (0.037671037, -0.438426, -0.075049035), (0.061815042, -0.466531, -0.12597005), (0.047835037, -0.434053, -0.088479035), (0.07693805, -0.462347, -0.16386305), (0.059674036, -0.43209, -0.10481204), (0.08364405, -0.45398396, -0.20446505), (0.07136804, -0.427964, -0.13448805), (0.07818204, -0.43786496, -0.24416904), (0.080359034, -0.41609898, -0.18670703), (0.07369904, -0.43722597, -0.27788603), (0.07405804, -0.40087697, -0.23057503), (0.06845404, -0.42666498, -0.30998102), (0.063574046, -0.39136496, -0.26792002), (0.049581047, -0.41774997, -0.34747103), (0.05954304, -0.38360196, -0.29122102), (0.036817048, -0.41577497, -0.35680404), (0.04870404, -0.37388298, -0.31152904), (0.027131043, -0.37085897, -0.33123502), (0.030432025, -0.352286, 0.06025997), (0.030627027, -0.19792198, -0.27823702), (0.052480027, -0.20514096, -0.25914702), (0.025139032, -0.25371996, -0.28792304), (0.06530003, -0.22277199, -0.23406601), (0.04517503, -0.25724798, -0.26575503), (0.07936403, -0.22825499, -0.20233901), (0.054266028, -0.26315498, -0.24237102), (0.090262026, -0.24140699, -0.16032502), (0.06379603, -0.26939896, -0.21701802), (0.095622025, -0.25879, -0.11233401), (0.07658103, -0.27552396, -0.17239103), (0.10219402, -0.268792, -0.07407601), (0.07979203, -0.29033, -0.12352202), (0.10122802, -0.282517, -0.04305002), (0.089096025, -0.308062, -0.06276602), (0.09983702, -0.285842, -0.013620021), (0.08064802, -0.291059, 0.019823978), (0.08370002, -0.319898, -0.027209025), (0.070697024, -0.324593, -0.0036200255), (0.058564022, -0.329851, 0.023922974), (0.042229023, -0.343517, 0.04705397), (0.058564022, -0.329851, 0.023922974), (0.036633033, -0.408648, -0.042087037), (0.110958025, -0.259611, -0.06333402), (0.11212702, -0.24801397, -0.108429015), (0.11176402, -0.265515, -0.034755018), (0.111643024, -0.265511, -0.007240019), (0.11176602, -0.25817, 0.020163983), (0.10488302, -0.22200797, -0.15583302), (0.109273024, -0.21709096, -0.15723701), (0.092798024, -0.20347199, -0.19572401), (0.12766801, -0.24976498, 0.05764398), (0.12548901, -0.238394, 0.08612899), (0.14620902, -0.226605, 0.085960984), (0.123934016, -0.251653, 0.030793983), (0.15314502, -0.23464699, 0.06628098), (0.13498001, -0.256627, -0.006367016), (0.15203701, -0.23668198, 0.032499984), (0.13903402, -0.256207, -0.034725014), (0.15999502, -0.24328898, -0.0052270144), (0.13242601, -0.252342, -0.062197015), (0.15835501, -0.24635999, -0.032707013), (0.11985302, -0.23617697, -0.114942014), (0.14991802, -0.23802999, -0.070712015), (0.12940803, -0.23085497, -0.11649202), (0.10080202, -0.22645597, -0.15759802), (0.027115025, -0.16193797, -0.276531), (0.052526027, -0.16990297, -0.260522), (0.084663026, -0.18852398, -0.22018701), (0.13759002, -0.187122, 0.13691199), (0.15542902, -0.179755, 0.13573499), (0.15818602, -0.195561, 0.11700899), (0.050172023, -0.15630098, -0.264363), (0.032226022, -0.15202397, -0.272125), (0.080176026, -0.17097798, -0.23140101), (0.10312102, -0.18296197, -0.20060201), (0.118136026, -0.19575498, -0.16801101), (0.14276302, -0.20394798, -0.12332201), (0.16196902, -0.21174999, -0.08363601), (0.17687501, -0.21904899, -0.039684013), (0.18287002, -0.21985598, 0.005244989), (0.17793301, -0.21231899, 0.03813599), (0.17675501, -0.21031198, 0.061944988), (0.16286801, -0.201627, 0.092866994), (0.134511, -0.177194, 0.15592998), (0.186222, -0.143238, 0.10394099), (0.02670002, -0.110832974, -0.276644), (0.19695301, -0.15824498, 0.05592399), (0.19984302, -0.16254899, 0.029261995), (0.20259902, -0.16341698, 0.008435995), (0.19691701, -0.15396298, -0.044834007), (0.17881401, -0.14479499, -0.08355401), (0.15899202, -0.13732196, -0.13053802), (0.13435002, -0.13453998, -0.17810601), (0.098226026, -0.11899297, -0.22847502), (0.062278017, -0.113092974, -0.254879), (0.03955802, -0.10943798, -0.27002), (0.04307601, 0.057473026, -0.252677), (0.024042001, 0.13838702, -0.265242), (0.071412005, 0.059353024, -0.232826), (0.044171, 0.13623501, -0.251344), (0.108977005, 0.05388202, -0.189869), (0.066416, 0.12809801, -0.23571998), (0.136273, 0.038683027, -0.155249), (0.097833, 0.12548201, -0.20456299), (0.155988, 0.028615022, -0.11916399), (0.12777, 0.13526703, -0.17870499), (0.185338, 0.02579002, -0.06005399), (0.169666, 0.123804025, -0.123828985), (0.19276, 0.027598016, -0.030982988), (0.196135, 0.088729024, -0.055962984), (0.196403, 0.024068015, -0.006992989), (0.206602, 0.08874601, -0.023593983), (0.199326, 0.025068013, 0.01564501), (0.212206, 0.09225001, 0.0029920174), (0.194347, 0.02247801, 0.04820201), (0.21436898, 0.08823601, 0.029350016), (0.178177, 0.020243006, 0.08238201), (0.21324599, 0.08753001, 0.06124402), (0.172293, 0.024287004, 0.10020701), (0.20822299, 0.086935006, 0.09933402), (0.15920998, 0.025677998, 0.140514), (0.19602899, 0.090543, 0.13549803), (0.14367199, 0.023084996, 0.16817), (0.17133899, 0.087852, 0.17802203), (0.12953399, 0.027144993, 0.191144), (0.14505398, 0.09008599, 0.20686302), (0.11334399, 0.02839599, 0.203654), (0.11910398, 0.088807985, 0.22136602), (0.08940799, 0.029970987, 0.228677), (0.11910398, 0.088807985, 0.22136602), (0.064763986, 0.029924985, 0.235639), (0.022571996, 0.20843004, -0.26560098), (0.028033992, 0.26164204, -0.26683298), (0.040694997, 0.21559203, -0.25627196), (0.04146299, 0.26131502, -0.25850996), (0.059978995, 0.21259801, -0.24652898), (0.06847499, 0.27215004, -0.24971998), (0.08442599, 0.20182702, -0.23176399), (0.09961499, 0.26763302, -0.23464698), (0.10890299, 0.20387203, -0.20568198), (0.11849798, 0.27972803, -0.21000597), (0.15154399, 0.23748203, -0.15840998), (0.13056299, 0.31685302, -0.18972597), (0.21056499, 0.19170101, -0.07239598), (0.17909898, 0.326054, -0.14206296), (0.23039998, 0.17270501, -0.025995975), (0.22962698, 0.29196304, -0.06920297), (0.23841499, 0.17073101, -0.00071697467), (0.24803099, 0.27514002, -0.028471965), (0.24152198, 0.16821301, 0.035144027), (0.26343697, 0.25803202, 0.022463033), (0.24676998, 0.17192602, 0.07877002), (0.26645398, 0.25752202, 0.09135104), (0.23658198, 0.170265, 0.13063103), (0.25767496, 0.25304103, 0.14351703), (0.21827199, 0.180117, 0.17970604), (0.23539896, 0.250236, 0.18752503), (0.19344297, 0.184896, 0.21167202), (0.20534497, 0.256061, 0.21989805), (0.16984497, 0.184953, 0.22791901), (0.18248597, 0.25635797, 0.23496005), (0.13486497, 0.183491, 0.24881001), (0.02265299, 0.31426203, -0.26973897), (0.019753985, 0.36483702, -0.27673298), (0.044856988, 0.32382104, -0.26421398), (0.042181984, 0.36673304, -0.26917896), (0.08402599, 0.33371404, -0.25324497), (0.07962898, 0.37698203, -0.26090598), (0.11849798, 0.33816904, -0.23771097), (0.11289398, 0.38417703, -0.25417498), (0.12771198, 0.34910804, -0.21934697), (0.14080499, 0.39446104, -0.24148197), (0.14772898, 0.37480304, -0.18782596), (0.16399099, 0.41769803, -0.22054897), (0.17236099, 0.362509, -0.15427595), (0.17985897, 0.41791502, -0.17785096), (0.19608799, 0.354195, -0.12739095), (0.19367597, 0.402437, -0.13794796), (0.22799698, 0.34991303, -0.066980965), (0.21150596, 0.39475104, -0.090553954), (0.24316497, 0.34308204, -0.026229959), (0.22533096, 0.40637803, -0.046798952), (0.26469898, 0.33932704, 0.05363104), (0.23649298, 0.40797102, 0.0035440458), (0.25571296, 0.34306803, 0.13656604), (0.24314398, 0.39314902, 0.109668046), (0.23417197, 0.34056, 0.17940004), (0.22715098, 0.39010802, 0.14901304), (0.21168897, 0.331133, 0.20992604), (0.20471896, 0.394227, 0.17719205), (0.18262897, 0.32344896, 0.22639704), (0.17386195, 0.39506096, 0.19421305), (0.188898, -0.085122, 0.13471201), (0.194925, -0.084479995, 0.10587), (0.033742014, -0.056537975, -0.274905), (0.044189014, -0.059892975, -0.26737), (0.061862014, -0.061986975, -0.254993), (0.09095001, -0.06321497, -0.233682), (0.115355015, -0.06513198, -0.21022), (0.15438001, -0.07355897, -0.147906), (0.16682002, -0.075370975, -0.121591), (0.18321401, -0.082902975, -0.066387), (0.18944502, -0.08588499, -0.035584), (0.194799, -0.08766799, -0.003317999), (0.198061, -0.088265985, 0.029575001), (0.201909, -0.090541996, 0.064253), (-0.0012490047, -0.07894802, 0.244715), (0.09346, -0.09724201, 0.24993698), (0.09518, -0.13531101, 0.24972498), (0.08951199, -0.016895013, 0.229462), (0.10554099, -0.01398101, 0.209095), (0.11813099, -0.03551001, 0.212559), (0.06711999, -0.018919015, 0.240885), (0.10932399, -0.054858014, 0.24784), (-0.0012490047, -0.07894802, 0.244715), (0.10554099, -0.01398101, 0.209095), (0.128248, -0.018250007, 0.191429), (0.156351, -0.023566002, 0.145878), (0.172811, -0.042487994, 0.08857201), (0.1395, -0.019973004, 0.170519), (0.104639016, -0.24937898, 0.08115899), (0.019818984, 0.38849804, -0.27870098), (0.040861983, 0.39328003, -0.27148998), (0.08202598, 0.39662504, -0.26399997), (0.11237298, 0.40415204, -0.26071998), (0.15331599, 0.42252204, -0.24690697), (0.17392197, 0.44449002, -0.21917094), (0.18464997, 0.44636202, -0.17080294), (0.18904397, 0.457961, -0.10366295), (0.19442797, 0.456188, -0.07144496), (0.20207897, 0.45851204, -0.045516953), (0.21449196, 0.45602804, -0.005527951), (0.21923797, 0.45724404, 0.04418705), (0.20264296, 0.46275103, 0.084835045), (0.18341096, 0.454107, 0.12101205), (0.16802396, 0.450118, 0.14847505), (0.017867979, 0.43852103, -0.28175798), (0.03770698, 0.44333103, -0.27529296), (0.06700798, 0.44809702, -0.27323198), (0.12562998, 0.47720602, -0.25471896), (0.16617897, 0.48765004, -0.21863995), (0.17862497, 0.48517603, -0.17869894), (0.18108398, 0.490411, -0.12782794), (0.18594997, 0.493013, -0.086429946), (0.19301797, 0.491592, -0.06508895), (0.20401797, 0.47770703, -0.03692295), (0.21364897, 0.47211802, -0.006221949), (0.21541595, 0.48048002, 0.043092053), (0.19977696, 0.49355802, 0.08249705), (0.17405696, 0.496175, 0.11861605), (0.16063796, 0.495121, 0.13753805), (0.14718495, 0.454007, 0.16031304), (0.15046395, 0.493518, 0.14292005), (0.13806595, 0.36215398, 0.22883902), (0.13945295, 0.40277097, 0.20357403), (0.14154996, 0.38864496, 0.21060503), (0.020523975, 0.500785, -0.28628096), (0.034821972, 0.504024, -0.28190598), (0.06690197, 0.5099, -0.27611598), (0.12546197, 0.515347, -0.25563493), (0.16894197, 0.520642, -0.21362595), (0.18302096, 0.534844, -0.16749194), (0.18817197, 0.53519, -0.121157944), (0.19358797, 0.528586, -0.08638295), (0.19904198, 0.513185, -0.06029895), (0.20881997, 0.49934104, -0.03295595), (0.22089696, 0.49845502, -0.003222947), (0.22011596, 0.517785, 0.058809057), (0.19826496, 0.531742, 0.108271055), (0.17625496, 0.534214, 0.14667906), (0.16312495, 0.535363, 0.16108005), (0.14999396, 0.536513, 0.17548205), (0.0093199685, 0.594139, -0.30002093), (0.033177968, 0.597987, -0.29469994), (0.060921967, 0.598892, -0.28748393), (0.09388797, 0.6008, -0.27510595), (0.13657796, 0.601153, -0.24836394), (0.17347798, 0.596031, -0.19883494), (0.19577396, 0.578307, -0.13172494), (0.19852196, 0.572615, -0.10358194), (0.19914496, 0.570229, -0.08822594), (0.20592296, 0.562804, -0.047616944), (0.21450895, 0.556448, -0.012573943), (0.21830395, 0.553517, 0.016786058), (0.21510395, 0.548512, 0.06541605), (0.19613495, 0.555998, 0.12911905), (0.18238495, 0.577435, 0.19032405), (0.006790964, 0.65396, -0.31004295), (0.032952964, 0.657826, -0.29467195), (0.055889964, 0.657454, -0.29071993), (0.087699965, 0.662761, -0.28182793), (0.122182965, 0.659081, -0.26103693), (0.14685996, 0.650157, -0.23022494), (0.17589895, 0.63464, -0.17390692), (0.18898396, 0.6182, -0.11920194), (0.19137995, 0.612662, -0.07402994), (0.19343795, 0.612093, -0.04188194), (0.20181096, 0.59636, -0.012347939), (0.20953296, 0.590429, 0.037766058), (0.21023996, 0.585258, 0.08019306), (0.19718796, 0.586578, 0.13948406), (0.18604794, 0.602457, 0.19088207), (0.05855696, 0.702013, -0.28509593), (0.048648953, 0.727377, -0.26542494), (-0.001249043, 0.725486, -0.26778194), (0.08603995, 0.707815, -0.27188995), (0.07941695, 0.72855, -0.24941994), (0.10725996, 0.698903, -0.25184593), (0.094948955, 0.72632, -0.22810595), (0.13311495, 0.689358, -0.22564694), (0.109640956, 0.720536, -0.20289195), (0.14208196, 0.684117, -0.18837593), (0.11879195, 0.715173, -0.17420495), (0.15387596, 0.676508, -0.12575693), (0.13815695, 0.705258, -0.12109193), (0.16943896, 0.663313, -0.072230935), (0.15414596, 0.693888, -0.060010932), (0.18204395, 0.652629, -0.035561938), (0.16450095, 0.685126, -0.027811933), (0.19007395, 0.641127, -0.0053079356), (0.17397195, 0.670814, 0.0026990664), (0.20039496, 0.630985, 0.054108065), (0.18164694, 0.661515, 0.055552065), (0.20078796, 0.630053, 0.09720806), (0.17813393, 0.66075, 0.104853064), (0.19061594, 0.635795, 0.15750808), (0.16632193, 0.66481, 0.15687107), (0.17711394, 0.642878, 0.19871707), (0.15625393, 0.669239, 0.19792005), (0.17039993, 0.655538, 0.22639406), (0.15036795, 0.675335, 0.22131506), (0.045197956, 0.76125, -0.25035095), (-0.0012490458, 0.754278, -0.25234094), (0.06694795, 0.755425, -0.23104094), (0.077646956, 0.753325, -0.21278694), (0.08901695, 0.748686, -0.18765195), (0.095547944, 0.746283, -0.15999694), (0.10854295, 0.737314, -0.11582193), (0.13203095, 0.724987, -0.064079925), (0.14323494, 0.712357, -0.025227932), (0.14860295, 0.7031, 0.017584067), (0.15359995, 0.691295, 0.06648707), (0.15853395, 0.682318, 0.10732107), (0.15005594, 0.683067, 0.15383106), (0.14276694, 0.689269, 0.18498106), (0.032066952, 0.757277, -0.21286593), (-0.0012490473, 0.75729, -0.22333995), (0.04130695, 0.756001, -0.20050794), (0.04860195, 0.755094, -0.18230894), (0.05617895, 0.751407, -0.16456693), (0.05708595, 0.750135, -0.14704295), (0.06487895, 0.744934, -0.11056493), (0.08127395, 0.73535, -0.060930934), (0.09607695, 0.727452, -0.022319933), (0.11387995, 0.717707, 0.019550068), (0.11620094, 0.709582, 0.053774066), (0.12366494, 0.690241, 0.114745066), (0.15080695, 0.561085, 0.20514305), (0.14376295, 0.69943, 0.24109507), (0.11089494, 0.615958, 0.28266805), (0.13227792, 0.66649497, 0.39760005), (0.17631292, 0.69318897, 0.47457907), (0.16614893, 0.69600695, 0.44462207), (0.16997392, 0.68679893, 0.44360706), (0.17060493, 0.6624559, 0.46355006), (0.16117893, 0.66780096, 0.43797705), (0.16286093, 0.65398395, 0.43477106), (0.16988893, 0.64345497, 0.46134007), (0.15084893, 0.64818794, 0.43479905), (0.17594692, 0.68073595, 0.47204006), (0.17416693, 0.69309795, 0.48352605), (0.17245193, 0.6814259, 0.49404907), (0.17516792, 0.6954119, 0.49834007), (0.16792692, 0.67979497, 0.50129205), (0.15394393, 0.6371899, 0.46221405), (0.15511292, 0.62746495, 0.48181406), (0.17797592, 0.67346996, 0.46850505), (0.16324092, 0.67652196, 0.43843007), (0.15211992, 0.69814897, 0.48099107), (0.14823593, 0.69759095, 0.50089806), (0.13136293, 0.6919249, 0.49791506), (0.15240693, 0.6807299, 0.5072241), (0.13244392, 0.6859989, 0.47681504), (0.13705193, 0.69286597, 0.43961906), (0.15080193, 0.6990429, 0.44766107), (0.17011993, 0.63128793, 0.48505306), (0.17282593, 0.65052193, 0.48685607), (0.17756392, 0.66474897, 0.49069107), (0.17627193, 0.67228097, 0.49304605), (0.14108893, 0.64692795, 0.45598805), (0.13575493, 0.6644179, 0.50070804), (0.12652993, 0.67187595, 0.47219607), (0.13575493, 0.6644179, 0.50070804), (0.13421793, 0.64748996, 0.48623607), (0.13174292, 0.6565889, 0.46055105), (0.14425592, 0.63438296, 0.48322907), (0.13174292, 0.6565889, 0.46055105), (0.13156693, 0.66722095, 0.43658605), (0.13156693, 0.66722095, 0.43658605), (0.13251193, 0.6746829, 0.43526605), (0.14265692, 0.6519029, 0.43728706), (0.14047994, 0.65293896, 0.39480105), (0.12220194, 0.689628, 0.18257606), (0.12775093, 0.685131, 0.14892706), (0.10433495, 0.711004, 0.048347067), (0.04290595, 0.733173, -0.111173935), (0.044143952, 0.736575, -0.13207394), (0.049414948, 0.730043, -0.069855936), (0.06646395, 0.726926, -0.023710933), (0.08472295, 0.719677, 0.012041067), (-0.0012490498, 0.743764, -0.14369394), (-0.001249047, 0.740271, -0.20371795), (-0.0012490575, 0.775984, -0.023723934), (0.006402943, 0.774221, -0.023921933), (0.0017659399, 0.778715, 0.029442068), (0.0071099447, 0.778475, -0.07864993), (0.007820948, 0.785221, -0.15821593), (0.008527951, 0.781049, -0.23308893), (0.009235955, 0.755574, -0.28158495), (0.009944959, 0.71951, -0.30889395), (0.010651962, 0.683087, -0.31580094), (0.012003943, 0.769405, -0.024462933), (0.0068489406, 0.772372, 0.029646067), (0.013231945, 0.773239, -0.07924093), (0.014457948, 0.779535, -0.15880193), (0.015684951, 0.774891, -0.23281692), (0.016912956, 0.749595, -0.27876893), (0.018139958, 0.715764, -0.30291593), (0.019367963, 0.6814, -0.30893195), (0.014055943, 0.762824, -0.025201933), (0.008710941, 0.763711, 0.029921068), (0.015472946, 0.766086, -0.08004993), (0.016890949, 0.771768, -0.15960293), (0.018307952, 0.766481, -0.23244394), (0.019724956, 0.74143, -0.27492195), (0.02114296, 0.710645, -0.29474795), (0.0120089445, 0.756245, -0.025941934), (0.006853942, 0.755045, 0.030198066), (0.013235946, 0.758934, -0.080856934), (0.01446395, 0.763998, -0.16040094), (0.015691953, 0.758069, -0.23207094), (0.016918957, 0.73326, -0.27107295), (0.018146958, 0.705525, -0.28658095), (0.0064109447, 0.751427, -0.026482934), (0.0017729421, 0.748702, 0.030401066), (0.0071199466, 0.753694, -0.081448935), (0.00782795, 0.758311, -0.16098695), (0.0085369535, 0.75191, -0.23179694), (0.009247957, 0.727278, -0.26825494), (0.009956959, 0.701777, -0.28059894), (-0.0012400554, 0.74966, -0.026681935), (-0.0051690578, 0.746374, 0.030474065), (-0.0012580532, 0.751773, -0.08166593), (-0.0012600501, 0.756224, -0.16120294), (-0.0012600465, 0.749652, -0.23169693), (-0.001249043, 0.725486, -0.26778194), (-0.0012600465, 0.749652, -0.23169693), (-0.0012630407, 0.700403, -0.27840695), (-0.0012400554, 0.74966, -0.026681935), (-0.008892056, 0.751419, -0.026484935), (-0.012112058, 0.748691, 0.030401066), (-0.014497056, 0.756232, -0.025942935), (-0.017199058, 0.755028, 0.030200066), (-0.016554056, 0.762809, -0.025203932), (-0.01906506, 0.76369, 0.029922066), (-0.014511057, 0.76939, -0.024464933), (-0.01721106, 0.772355, 0.029646067), (-0.008916058, 0.774213, -0.023922933), (-0.01213406, 0.778704, 0.029442068), (-0.00517606, 0.781036, 0.02936907), (0.09522106, -0.575517, -0.29628205), (0.09730406, -0.58556, -0.30658507), (0.09394806, -0.589939, -0.29760006), (0.09660306, -0.59136, -0.31521007), (0.09914006, -0.588414, -0.31830806), (0.08888406, -0.603046, -0.32308006), (0.08107406, -0.611836, -0.31649607), (0.07533306, -0.613435, -0.30148306), (0.08268906, -0.608908, -0.31381506), (0.09034606, -0.601523, -0.29289407), (0.08928106, -0.604435, -0.28988105), (0.09600206, -0.591361, -0.29199007), (0.08311606, -0.61036, -0.29501605), (0.08068806, -0.61183, -0.29045206), (0.091249056, -0.598662, -0.28286007), (0.08584306, -0.607399, -0.28083405), (0.07833106, -0.610466, -0.28448007), (0.07163306, -0.614932, -0.29537305), (0.08256806, -0.600306, -0.32828104), (0.07740706, -0.60762, -0.32338005), (0.074430056, -0.616294, -0.31151706), (0.08939306, -0.585757, -0.32898206), (0.08370806, -0.594502, -0.32983106), (0.09852706, -0.574038, -0.32119206), (0.09175506, -0.581399, -0.33354807), (0.08417106, -0.593079, -0.34001005), (0.08003106, -0.601788, -0.33958507), (0.07242306, -0.613518, -0.33158907), (0.06986506, -0.622182, -0.31538406), (0.06857806, -0.625092, -0.29937407), (0.06810806, -0.6179, -0.28779706), (0.07905706, -0.611861, -0.27732006), (0.08643506, -0.603075, -0.27367505), (0.09364506, -0.589941, -0.28601807), (0.09195006, -0.592863, -0.27423805), (0.09379106, -0.584211, -0.28314605), (0.061927058, -0.628141, -0.30885306), (0.06299806, -0.626637, -0.29740706), (0.06442406, -0.622288, -0.28162307), (0.07515006, -0.616256, -0.27402806), (0.08437706, -0.600229, -0.26483405), (0.08846106, -0.591521, -0.26525307), (0.091787055, -0.574167, -0.27142906), (0.06677506, -0.617956, -0.33103105), (0.06519506, -0.623709, -0.31931007), (0.07536706, -0.60337096, -0.34345406), (0.08218806, -0.59454596, -0.34556106), (0.08849706, -0.582893, -0.33755305), (0.09540806, -0.57049, -0.32063806), (0.096563056, -0.572597, -0.29642105), (0.08948405, -0.565555, -0.27845705), (0.08624206, -0.57286197, -0.34316906), (0.07417006, -0.58753896, -0.35203406), (0.06447406, -0.5964329, -0.34964907), (0.05296006, -0.612502, -0.33836007), (0.04742106, -0.622707, -0.32334206), (0.05048406, -0.628407, -0.30774507), (0.05336606, -0.629748, -0.29356506), (0.093794055, -0.565464, -0.29332805), (0.05696606, -0.57213795, -0.36202407), (0.04340306, -0.5868409, -0.35629007), (0.03411806, -0.608634, -0.33803007), (0.03167206, -0.62449, -0.32181606), (0.03198406, -0.633142, -0.30594507), (0.04391506, -0.63716, -0.28830707), (0.05134406, -0.634088, -0.27019706), (0.06708206, -0.629409, -0.25585306), (0.07862006, -0.610432, -0.23676306), (0.08156505, -0.601694, -0.23422606), (0.08853305, -0.581416, -0.23205605), (0.09069305, -0.568394, -0.23662505), (0.08965905, -0.552622, -0.25825107), (0.08925305, -0.542564, -0.29005206), (0.09386806, -0.564062, -0.32224905), (0.089849055, -0.539674, -0.31322205), (0.07301606, -0.5559539, -0.35639206), (0.084857054, -0.544108, -0.33588707), (0.017630061, -0.637782, -0.30596706), (0.030111061, -0.647564, -0.28404105), (0.04277506, -0.647256, -0.25777906), (0.05586506, -0.649824, -0.22722706), (0.091530055, -0.562646, -0.22659305), (0.09299605, -0.549644, -0.23832405), (0.09147705, -0.543908, -0.25264707), (0.087245055, -0.544021, -0.28114605), (0.09274905, -0.530967, -0.26583907), (0.08967805, -0.52386, -0.29589307), (0.08745905, -0.523924, -0.31883907), (0.020797057, -0.55570495, -0.37302807), (0.039062057, -0.54666895, -0.37624106), (0.06857306, -0.5301129, -0.36610806), (0.07322405, -0.51707494, -0.34491205), (0.05981106, -0.648252, -0.21606006), (0.06452706, -0.638046, -0.19486307), (0.07824505, -0.60611, -0.19485506), (0.08865205, -0.575624, -0.21472605), (0.017571064, -0.663663, -0.28278404), (0.018191064, -0.679503, -0.26544407), (0.030605061, -0.673429, -0.25510806), (0.03756906, -0.671845, -0.24275306), (0.05108906, -0.665738, -0.22097206), (0.05507706, -0.65986, -0.20834306), (0.054145057, -0.654147, -0.18658605), (0.059364054, -0.652547, -0.17696705), (0.07807505, -0.611831, -0.18327007), (0.09203605, -0.571227, -0.19338405), (0.09662205, -0.556735, -0.20251805), (0.100220054, -0.537964, -0.22027504), (0.09927505, -0.523606, -0.24190505), (0.092632055, -0.516586, -0.27889907), (0.09129805, -0.528121, -0.28016007), (0.09248605, -0.515126, -0.29476607), (0.016652063, -0.708309, -0.24353206), (0.028790064, -0.702244, -0.23607107), (0.038192064, -0.696241, -0.22686806), (0.04814106, -0.687389, -0.21192107), (0.05062506, -0.680129, -0.19920506), (0.05331706, -0.675752, -0.18502507), (0.05411706, -0.674255, -0.17639907), (0.016180065, -0.721234, -0.23622206), (0.018401066, -0.729848, -0.23060806), (0.031769063, -0.728062, -0.22615805), (0.044391062, -0.724872, -0.21435507), (0.049056064, -0.708953, -0.20762306), (0.039319064, -0.714965, -0.21969606), (0.051282063, -0.720399, -0.20205806), (0.048666064, -0.701759, -0.19463006), (0.054463062, -0.718898, -0.18353206), (-0.0011239352, -0.720128, -0.23785506), (0.028449066, -0.720945, -0.22875907), (0.05398606, -0.704519, -0.18500707), (0.05605406, -0.6886, -0.17512307), (0.019319067, -0.745632, -0.22490606), (0.020279067, -0.757107, -0.21773906), (0.025870066, -0.752671, -0.21829206), (0.018472066, -0.767229, -0.20882908), (0.026906068, -0.761255, -0.20966107), (0.029474065, -0.741088, -0.22299805), (0.043529063, -0.736448, -0.21133706), (0.03989307, -0.746559, -0.20663306), (0.032676067, -0.759696, -0.19434506), (0.015638066, -0.770176, -0.19409208), (0.010873064, -0.760186, -0.16623005), (0.012962066, -0.764449, -0.17507106), (0.022837065, -0.758488, -0.16158606), (0.04901406, -0.739131, -0.16997506), (0.03801406, -0.75236, -0.16739605), (0.036005065, -0.748094, -0.15714106), (0.038748063, -0.756654, -0.17616107), (0.028190065, -0.7641, -0.18234806), (0.026388066, -0.762718, -0.17062406), (0.046769064, -0.744968, -0.17987105), (0.049576063, -0.734824, -0.19314606), (0.047300063, -0.733466, -0.20163606), (0.057101063, -0.721721, -0.17222907), (0.052034065, -0.733337, -0.16738206), (0.054743063, -0.720298, -0.16625606), (0.05964106, -0.707271, -0.17251407), (0.05466506, -0.687208, -0.15911406), (0.05739206, -0.704429, -0.16507806), (0.05252706, -0.71893, -0.15881906), (0.05380006, -0.704508, -0.15750407), (0.05244606, -0.697343, -0.15449107), (0.05267506, -0.680061, -0.16326806), (0.050803058, -0.681515, -0.15295306), (0.048511058, -0.688761, -0.14838506), (0.05378106, -0.67284, -0.16481707), (0.031610057, -0.671925, -0.13957305), (0.051843055, -0.671462, -0.15450506), (0.037580058, -0.699098, -0.14439906), (0.026696058, -0.693624, -0.13613506), (0.033768058, -0.713577, -0.14256705), (0.02429406, -0.70807, -0.13444106), (0.03102206, -0.730924, -0.14509806), (0.01891106, -0.724002, -0.13387606), (0.059165057, -0.651128, -0.16397706), (0.039689057, -0.660181, -0.14328906), (0.055727057, -0.648311, -0.15352306), (-0.0010769373, -0.744674, -0.14906906), (0.010128061, -0.738601, -0.13873306), (0.015328063, -0.747097, -0.14644006), (0.010128061, -0.738601, -0.13873306), (0.009983059, -0.702623, -0.13159306), (0.009983059, -0.702623, -0.13159306), (0.0151010575, -0.683807, -0.13361906), (0.015830057, -0.652119, -0.13377906), (-0.0011599453, -0.646717, -0.13507406), (-0.0011729465, -0.630847, -0.13254106), (0.020514056, -0.669289, -0.13418406), (0.027338056, -0.65474, -0.13488406), (-0.0011449439, -0.663993, -0.13653105), (0.0151010575, -0.683807, -0.13361906), (-0.0011229424, -0.68703, -0.13223305), (0.020514056, -0.669289, -0.13418406), (0.027338056, -0.65474, -0.13488406), (0.046342056, -0.64422, -0.14539906), (0.021540053, -0.634703, -0.12999906), (-0.001197949, -0.600682, -0.12808307), (0.033107053, -0.637324, -0.13110806), (0.021320052, -0.607396, -0.12572806), (0.051207047, -0.567831, -0.12150005), (0.04292805, -0.612617, -0.12780206), (-0.0012339526, -0.558923, -0.11953505), (0.053077053, -0.613862, -0.14323406), (0.046342056, -0.64422, -0.14539906), (0.06260105, -0.570465, -0.13852805), (0.07090205, -0.614879, -0.16811506), (0.053077053, -0.613862, -0.14323406), (0.087401055, -0.572737, -0.16692504), (0.06256505, -0.61648, -0.14994806), (0.07601905, -0.572992, -0.14988905), (0.09984005, -0.545147, -0.18117905), (0.089929044, -0.533863, -0.16147305), (0.06260105, -0.570465, -0.13852805), (0.074515045, -0.508267, -0.14992605), (0.070946045, -0.521321, -0.14521904), (0.060407046, -0.518671, -0.13408004), (0.028378047, -0.561163, -0.11641105), (-0.0012699562, -0.515717, -0.111125045), (0.024972042, -0.512286, -0.11047105), (0.044571046, -0.50611, -0.115286045), (0.06261204, -0.489838, -0.13437404), (0.100619055, -0.526441, -0.19866504), (0.07731804, -0.478007, -0.15898904), (0.06923904, -0.502663, -0.14368404), (0.085418046, -0.499412, -0.16984105), (0.08440904, -0.46925497, -0.20306204), (0.095358044, -0.48339796, -0.21273105), (0.074515045, -0.508267, -0.14992605), (0.070946045, -0.521321, -0.14521904), (0.085418046, -0.499412, -0.16984105), (0.09796804, -0.513516, -0.17824204), (0.095358044, -0.48339796, -0.21273105), (0.100961044, -0.49477196, -0.21756604), (0.10283204, -0.507653, -0.23074104), (0.09944005, -0.504919, -0.26513502), (0.09577005, -0.519393, -0.26183707), (0.094791055, -0.503565, -0.28346902), (0.088788055, -0.503714, -0.30024603), (0.09063105, -0.49357298, -0.27877003), (0.09222605, -0.49069396, -0.26157603), (0.091141045, -0.47484896, -0.25428802), (0.082929045, -0.46642497, -0.24771404), (0.091141045, -0.47484896, -0.25428802), (0.08903004, -0.47921896, -0.27717704), (0.081740044, -0.46788496, -0.27508104), (0.08903004, -0.47921896, -0.27717704), (0.020829055, -0.5096579, -0.40639403), (0.029421056, -0.50804394, -0.40723002), (0.019245058, -0.52697194, -0.39748707), (0.039485056, -0.50922495, -0.40819904), (0.041101057, -0.52504593, -0.39527905), (0.020124054, -0.48525596, -0.40781802), (0.033235054, -0.48778397, -0.40765503), (0.040291056, -0.48909497, -0.40975603), (0.051870055, -0.48882496, -0.40945202), (0.052860055, -0.50749594, -0.40369004), (0.047037058, -0.5234339, -0.39295506), (0.055606056, -0.5304229, -0.38078806), (0.054130055, -0.5204359, -0.39364704), (0.05271805, -0.46573797, -0.39514503), (0.07015105, -0.46969497, -0.39533904), (0.07304705, -0.46814498, -0.37974602), (0.04552505, -0.46448797, -0.39445302), (0.061749052, -0.46268398, -0.37576804), (0.033078052, -0.46908897, -0.40479004), (0.040582053, -0.47180298, -0.40260503), (0.04633105, -0.47166997, -0.40316102), (0.05924905, -0.47425896, -0.40440202), (0.052870054, -0.46141896, -0.37781602), (0.048039053, -0.45580998, -0.38168904), (0.037989054, -0.46035796, -0.39663902), (-0.0014039478, -0.45960298, -0.39801702), (0.057715047, -0.44979796, -0.36966503), (0.05680405, -0.43542397, -0.36091104), (0.062097054, -0.45978397, -0.37148502), (0.07904905, -0.46799698, -0.36296904), (0.083345056, -0.45061398, -0.35911003), (0.07938405, -0.44067296, -0.35294902), (0.08073705, -0.43343896, -0.33722302), (0.081587054, -0.47371897, -0.36752403), (0.092449054, -0.47346398, -0.35992402), (0.09664105, -0.45749897, -0.35747102), (0.09562405, -0.44459996, -0.35018402), (0.09372105, -0.43885896, -0.33846304), (0.11005005, -0.47877496, -0.35870802), (0.11584705, -0.46282998, -0.35498804), (0.110590056, -0.45433596, -0.34727702), (0.10724504, -0.44721198, -0.33542103), (0.081954055, -0.50248593, -0.35592702), (0.09112805, -0.48930296, -0.36265403), (0.09723605, -0.48915797, -0.35892102), (0.10460305, -0.49187696, -0.35814402), (0.12131605, -0.48287797, -0.36268702), (0.13170704, -0.46824196, -0.35650504), (0.12686305, -0.45967796, -0.34451002), (0.11867205, -0.49874797, -0.36381003), (0.13811906, -0.48968697, -0.37009603), (0.14283404, -0.47229198, -0.36189404), (0.13849504, -0.46518797, -0.34561703), (0.18416004, -0.46554497, -0.35145304), (0.16016205, -0.47188997, -0.36214703), (0.17056206, -0.48026597, -0.37610403), (0.15742606, -0.48635396, -0.37919804), (0.13677207, -0.50411195, -0.37277204), (0.16471606, -0.49768698, -0.38129404), (0.17160206, -0.49174896, -0.38340002), (0.19414707, -0.48261398, -0.38708302), (0.19385405, -0.47111297, -0.37263304), (0.21604507, -0.47060093, -0.38200602), (0.20928304, -0.46496695, -0.36110902), (0.22729504, -0.46313694, -0.36866003), (0.15847005, -0.46325096, -0.34755403), (0.11913205, -0.45412996, -0.33364803), (0.14087504, -0.45934796, -0.33431202), (0.15646504, -0.45898598, -0.33724204), (0.16751005, -0.46160597, -0.31371903), (0.18883604, -0.45970297, -0.33171904), (0.22704305, -0.46884993, -0.34261203), (0.21332504, -0.47204694, -0.32101804), (0.19149505, -0.47973496, -0.29430303), (0.14326404, -0.46075198, -0.30995604), (0.07483505, -0.44358796, -0.31061804), (0.06615005, -0.42799696, -0.33725104), (0.08517805, -0.45054296, -0.31011802), (0.08976405, -0.47060096, -0.29753003), (0.09942105, -0.45310298, -0.31296703), (0.113871045, -0.45854697, -0.31434903), (0.14304204, -0.47943997, -0.28671902), (0.17033404, -0.47591698, -0.28794503), (0.081954055, -0.50248593, -0.35592702), (0.083818056, -0.505322, -0.33731902), (0.08004905, -0.509713, -0.33261803), (0.08362305, -0.503846, -0.32427204), (0.21539205, -0.47922495, -0.37611404), (0.21174406, -0.47930494, -0.36853504), (0.20078306, -0.48244694, -0.36314103), (0.21387005, -0.47783595, -0.36151704), (0.20078306, -0.48244694, -0.36314103), (0.20256305, -0.47809595, -0.35900104), (0.21387005, -0.47783595, -0.36151704), (0.19521606, -0.48688996, -0.37704504), (0.19590706, -0.48686996, -0.36988404), (0.18355606, -0.48715296, -0.36288604), (0.10559905, -0.49904397, -0.34957102), (0.083818056, -0.505322, -0.33731902), (0.13076405, -0.51573795, -0.34763107), (0.095507056, -0.49785298, -0.33414602), (0.095507056, -0.49785298, -0.33414602), (0.16308106, -0.5034989, -0.36956802), (0.17832805, -0.49447596, -0.37396902), (0.19590706, -0.48686996, -0.36988404), (0.17850506, -0.49016497, -0.37109601), (0.14380306, -0.51396894, -0.36187106), (0.14436506, -0.5024499, -0.35330802), (0.13385905, -0.50127196, -0.34216702), (0.17850506, -0.49016497, -0.37109601), (0.16339406, -0.49912596, -0.36528504), (0.12503105, -0.511556, -0.33115405), (0.12503105, -0.511556, -0.33115405), (0.16225205, -0.48911998, -0.35939902), (0.16339406, -0.49912596, -0.36528504), (0.14865907, -0.49084798, -0.35085303), (0.13366105, -0.48688397, -0.34076402), (0.12465505, -0.501481, -0.33262804), (0.13874805, -0.47956496, -0.33114803), (0.13366105, -0.48688397, -0.34076402), (0.12457305, -0.47989398, -0.32829702), (0.15398005, -0.47921497, -0.33836803), (0.14865907, -0.49084798, -0.35085303), (0.17647704, -0.48011297, -0.34492204), (0.16225205, -0.48911998, -0.35939902), (0.19024405, -0.47979596, -0.35200003), (0.18355606, -0.48715296, -0.36288604), (0.14379905, -0.47655398, -0.32293603), (0.16383204, -0.47467297, -0.32487804), (0.18323804, -0.47564298, -0.33397904), (0.19689505, -0.47674698, -0.34252203), (0.16569404, -0.47745198, -0.30627102), (0.18778004, -0.47841796, -0.31711003), (0.20253104, -0.47519094, -0.32861602), (0.21382305, -0.47352093, -0.34564704), (0.21902205, -0.47340494, -0.35189602), (0.21938504, -0.47623494, -0.36353403), (0.083299056, -0.49954098, -0.31127903), (0.08282905, -0.49234897, -0.29970104), (0.08976405, -0.47060096, -0.29753003), (0.12465505, -0.501481, -0.33262804), (0.12258005, -0.500051, -0.32372302), (0.121297054, -0.511639, -0.32504606), (0.12032005, -0.49437696, -0.31629303), (0.12457305, -0.47989398, -0.32829702), (0.14379905, -0.47655398, -0.32293603), (0.12457305, -0.47989398, -0.32829702), (0.12258005, -0.500051, -0.32372302), (0.14401005, -0.48084596, -0.30706802), (0.12032005, -0.49437696, -0.31629303), (0.09090606, -0.602995, -0.31747007), (0.09451306, -0.579853, -0.31936505), (0.22503404, -0.47179893, -0.36409202), (0.14401005, -0.48084596, -0.30706802), (0.14304204, -0.47943997, -0.28671902), (0.17033404, -0.47591698, -0.28794503), (0.07271604, -0.46521497, -0.29299602), (0.024972042, -0.512286, -0.11047105), (0.035465047, -0.42872897, -0.37042102), (0.07317896, 0.34803197, 0.27834702), (0.06961796, 0.39490998, 0.26679504), (-0.0012490412, 0.707409, -0.27866194), (-0.0012630407, 0.700403, -0.27840695), (0.018146958, 0.705525, -0.28658095), (0.21938504, -0.47623494, -0.36353403), (0.22503404, -0.47179893, -0.36409202), (0.11089494, 0.615958, 0.28266805), (0.10191594, 0.646914, 0.27654105), (0.009956959, 0.701777, -0.28059894), (-0.0012630407, 0.700403, -0.27840695), (-0.11589102, -0.12544906, 0.492518), (-0.10574001, -0.10025103, 0.264041), (-0.13671607, 0.64748996, 0.48623607), (-0.12470006, 0.689628, 0.18257606), (-0.09284394, -0.601523, -0.29289407), (-0.091527954, -0.47921896, -0.27717704), (-0.054367945, -0.48882496, -0.40945202), (-0.0012630407, 0.700403, -0.27840695), (-0.10441406, 0.646914, 0.27654105), (0.12762697, 0.28057596, 0.27796602), (0.13109101, -0.205676, 0.122145995), (0.11334399, 0.02839599, 0.203654), (0.09680499, -0.078153014, 0.250777), (-0.0051690578, 0.746374, 0.030474065), (0.047135063, -0.731973, -0.15826206), (0.015328063, -0.747097, -0.14644006), (0.009983059, -0.702623, -0.13159306), (0.16225205, -0.48911998, -0.35939902), (0.12457305, -0.47989398, -0.32829702), (-0.15402204, 0.50712, 0.17734104), (-0.15335205, 0.49324796, 0.17239204), (-0.15336104, 0.541383, 0.20976004), (-0.15190004, 0.513727, 0.20834404), (-0.14929405, 0.49488097, 0.20632005), (-0.14517005, 0.45314097, 0.20036204), (-0.14245304, 0.44250298, 0.20163904), (-0.14084606, 0.553995, 0.24410805), (-0.13959305, 0.523493, 0.24224004), (-0.13173604, 0.49611098, 0.24556005), (-0.12341704, 0.45347896, 0.24364504), (-0.13433404, 0.45327297, 0.23151104), (-0.13803804, 0.43890896, 0.22227904), (-0.13317704, 0.42408898, 0.22136404), (-0.117008045, 0.41780898, 0.24441303), (-0.12526305, 0.43472698, 0.24272604), (-0.096699044, 0.40647697, 0.26038602), (-0.096537046, 0.42557997, 0.25043002), (-0.08019404, 0.41263396, 0.25994304), (-0.057601046, 0.42157897, 0.26663604), (-0.001249044, 0.42690197, 0.26903602), (-0.065223046, 0.45113596, 0.27744102), (-0.0012490465, 0.45676598, 0.27557603), (-0.096652046, 0.44857898, 0.26211902), (-0.11480005, 0.568331, 0.27035207), (-0.10542705, 0.530281, 0.27569607), (-0.10459005, 0.49414197, 0.27293602), (-0.07817705, 0.47819698, 0.28761002), (-0.064433046, 0.46987897, 0.28762603), (-0.08861005, 0.49254897, 0.28499702), (-0.08037705, 0.508146, 0.29341304), (-0.07529305, 0.538227, 0.29462406), (-0.07138905, 0.516041, 0.29456407), (-0.091006055, 0.561707, 0.29202506), (-0.07899405, 0.558495, 0.29762307), (-0.09712106, 0.574444, 0.28814605), (-0.09476506, 0.590098, 0.28987405), (-0.09094506, 0.598395, 0.29088005), (-0.0012490597, 0.628637, 0.27997407), (-0.071642056, 0.595955, 0.29730007), (-0.08130206, 0.599881, 0.29552907), (-0.0012490574, 0.591614, 0.29129606), (-0.06496106, 0.584884, 0.29947206), (-0.0012490537, 0.543018, 0.29382807), (-0.06913606, 0.567533, 0.30022705), (-0.07529305, 0.538227, 0.29462406), (-0.07899405, 0.558495, 0.29762307), (-0.05828005, 0.511409, 0.29918706), (-0.07138905, 0.516041, 0.29456407), (-0.0012490506, 0.502883, 0.28918302), (-0.049607053, 0.49813098, 0.29620603), (-0.05828005, 0.511409, 0.29918706), (-0.055414047, 0.47981298, 0.29439402), (-0.10249106, 0.693563, 0.24867806), (-0.07042107, 0.695145, 0.25133607), (-0.069194056, 0.664628, 0.26846305), (-0.06519007, 0.715163, 0.23324805), (-0.07042107, 0.695145, 0.25133607), (-0.09065907, 0.729612, 0.20907006), (-0.060729064, 0.733381, 0.20836006), (-0.08080307, 0.744917, 0.18191005), (-0.05377006, 0.746238, 0.17911907), (-0.07436606, 0.750687, 0.15154806), (-0.051654063, 0.753622, 0.15002306), (-0.07147006, 0.750358, 0.11523507), (-0.053285062, 0.752063, 0.11452707), (-0.06834806, 0.739376, 0.05423506), (-0.05450806, 0.742625, 0.054863058), (-0.07004305, 0.728951, 0.010118061), (-0.055509057, 0.735328, 0.009188062), (-0.05450806, 0.742625, 0.054863058), (-0.06896205, 0.726926, -0.02371094), (-0.054506052, 0.729848, -0.030383939), (-0.051913053, 0.730043, -0.069855936), (-0.001249052, 0.731277, -0.073768936), (-0.0012490537, 0.732508, -0.03481994), (-0.001249056, 0.737455, 0.007957065), (-0.0012490617, 0.75159, 0.11314607), (-0.053285062, 0.752063, 0.11452707), (-0.0012490632, 0.752407, 0.14556105), (-0.051654063, 0.753622, 0.15002306), (-0.0012490642, 0.747969, 0.17948906), (-0.05377006, 0.746238, 0.17911907), (-0.0012490643, 0.727755, 0.21476206), (-0.060729064, 0.733381, 0.20836006), (-0.0012490639, 0.711325, 0.23486806), (-0.06519007, 0.715163, 0.23324805), (-0.001249063, 0.688249, 0.25294307), (-0.0012490617, 0.66296, 0.26591206), (-0.07088406, 0.636436, 0.28097105), (-0.0012490588, 0.745932, 0.055790067), (-0.07004305, 0.728951, 0.010118061), (-0.08949306, 0.728486, 0.049696058), (-0.10343206, 0.735288, 0.11490606), (-0.10749106, 0.732162, 0.15469506), (-0.11017406, 0.723111, 0.18549906), (-0.11581606, 0.714555, 0.11325205), (-0.12180606, 0.701522, 0.15222307), (-0.04540405, 0.733173, -0.111173935), (-0.001249051, 0.734817, -0.10363393), (-0.08005405, 0.48370898, 0.31331003), (-0.070306055, 0.47780898, 0.31332102), (-0.087452054, 0.49388596, 0.31145602), (-0.08161305, 0.504947, 0.31742504), (-0.07524105, 0.510545, 0.31824103), (-0.06594405, 0.50726, 0.32152003), (-0.07524105, 0.510545, 0.31824103), (-0.05979305, 0.49784398, 0.31940502), (-0.06594405, 0.50726, 0.32152003), (-0.06391205, 0.48485497, 0.31812203), (-0.08915206, 0.569074, 0.31644106), (-0.08063306, 0.566797, 0.32041106), (-0.09348806, 0.578108, 0.31369105), (-0.09181706, 0.589207, 0.31491706), (-0.08910906, 0.595093, 0.31562907), (-0.08130206, 0.599881, 0.29552907), (-0.08226906, 0.596146, 0.31892505), (-0.07542006, 0.593362, 0.32018206), (-0.08226906, 0.596146, 0.31892505), (-0.07068106, 0.58551, 0.32172206), (-0.07364206, 0.573207, 0.32225907), (-0.07364206, 0.573207, 0.32225907), (-0.06328305, 0.48592097, 0.33277303), (-0.059264053, 0.49859196, 0.33402702), (-0.06526405, 0.507778, 0.33608803), (-0.06594405, 0.50726, 0.32152003), (-0.07433305, 0.510981, 0.33289203), (-0.080549054, 0.50552, 0.33209503), (-0.08624505, 0.49473098, 0.32627302), (-0.079028055, 0.48480198, 0.32808203), (-0.06952005, 0.47904897, 0.32809302), (-0.07959306, 0.569008, 0.33500805), (-0.07277406, 0.57526, 0.33680907), (-0.06988606, 0.587262, 0.33628607), (-0.07068106, 0.58551, 0.32172206), (-0.07450706, 0.59492, 0.33478406), (-0.07542006, 0.593362, 0.32018206), (-0.08118806, 0.597636, 0.33355907), (-0.08786006, 0.596609, 0.33034205), (-0.09050306, 0.590869, 0.32964706), (-0.09213306, 0.58004, 0.32845107), (-0.08790206, 0.571229, 0.33113605), (-0.072185054, 0.49592197, 0.34042302), (-0.08159406, 0.58318394, 0.34223607), (-0.10441406, 0.646914, 0.27654105), (0.15152396, 0.50712, 0.17734104), (0.15085396, 0.49324796, 0.17239204), (0.15086296, 0.541383, 0.20976004), (0.14940195, 0.513727, 0.20834404), (0.14679596, 0.49488097, 0.20632005), (0.14267196, 0.45314097, 0.20036204), (0.13995495, 0.44250298, 0.20163904), (0.13834794, 0.553995, 0.24410805), (0.13709496, 0.523493, 0.24224004), (0.12923795, 0.49611098, 0.24556005), (0.13183595, 0.45327297, 0.23151104), (0.13553995, 0.43890896, 0.22227904), (0.13067895, 0.42408898, 0.22136404), (0.11450896, 0.41780898, 0.24441303), (0.12276495, 0.43472698, 0.24272604), (0.12091895, 0.45347896, 0.24364504), (0.094200954, 0.40647697, 0.26038602), (0.094038956, 0.42557997, 0.25043002), (0.07769596, 0.41263396, 0.25994304), (0.055102956, 0.42157897, 0.26663604), (0.055102956, 0.42157897, 0.26663604), (0.062724955, 0.45113596, 0.27744102), (0.094153956, 0.44857898, 0.26211902), (0.112301946, 0.568331, 0.27035207), (0.10292895, 0.530281, 0.27569607), (0.102091946, 0.49414197, 0.27293602), (0.06193495, 0.46987897, 0.28762603), (0.075678945, 0.47819698, 0.28761002), (0.08611195, 0.49254897, 0.28499702), (0.077878945, 0.508146, 0.29341304), (0.068890944, 0.516041, 0.29456407), (0.07279495, 0.538227, 0.29462406), (0.076495945, 0.558495, 0.29762307), (0.08850795, 0.561707, 0.29202506), (0.09462294, 0.574444, 0.28814605), (0.09226694, 0.590098, 0.28987405), (0.08844694, 0.598395, 0.29088005), (0.068385944, 0.636436, 0.28097105), (0.07880394, 0.599881, 0.29552907), (0.06914394, 0.595955, 0.29730007), (0.062462945, 0.584884, 0.29947206), (0.06663794, 0.567533, 0.30022705), (0.076495945, 0.558495, 0.29762307), (0.07279495, 0.538227, 0.29462406), (0.068890944, 0.516041, 0.29456407), (0.05578195, 0.511409, 0.29918706), (0.04710895, 0.49813098, 0.29620603), (0.04710895, 0.49813098, 0.29620603), (0.052915953, 0.47981298, 0.29439402), (0.06193495, 0.46987897, 0.28762603), (0.06669594, 0.664628, 0.26846305), (0.067922935, 0.695145, 0.25133607), (0.062691934, 0.715163, 0.23324805), (0.058230937, 0.733381, 0.20836006), (0.08816093, 0.729612, 0.20907006), (0.051271938, 0.746238, 0.17911907), (0.07830493, 0.744917, 0.18191005), (0.049155936, 0.753622, 0.15002306), (0.07186794, 0.750687, 0.15154806), (0.05078694, 0.752063, 0.11452707), (0.06897194, 0.750358, 0.11523507), (0.05200994, 0.742625, 0.054863065), (0.06584994, 0.739376, 0.054235067), (0.053010944, 0.735328, 0.009188066), (0.067544945, 0.728951, 0.010118066), (0.052007947, 0.729848, -0.030383935), (0.08699494, 0.728486, 0.049696065), (0.10093394, 0.735288, 0.11490607), (0.10499294, 0.732162, 0.15469506), (0.10767594, 0.723111, 0.18549906), (0.113317944, 0.714555, 0.113252066), (0.11930794, 0.701522, 0.15222307), (0.06780795, 0.47780898, 0.31332102), (0.07755595, 0.48370898, 0.31331003), (0.08495395, 0.49388596, 0.31145602), (0.07911495, 0.504947, 0.31742504), (0.07274295, 0.510545, 0.31824103), (0.06344595, 0.50726, 0.32152003), (0.06344595, 0.50726, 0.32152003), (0.057294946, 0.49784398, 0.31940502), (0.057294946, 0.49784398, 0.31940502), (0.061413947, 0.48485497, 0.31812203), (0.052915953, 0.47981298, 0.29439402), (0.061413947, 0.48485497, 0.31812203), (0.07813494, 0.566797, 0.32041106), (0.08665394, 0.569074, 0.31644106), (0.09098994, 0.578108, 0.31369105), (0.08931894, 0.589207, 0.31491706), (0.08661094, 0.595093, 0.31562907), (0.07977094, 0.596146, 0.31892505), (0.07977094, 0.596146, 0.31892505), (0.07292194, 0.593362, 0.32018206), (0.06818294, 0.58551, 0.32172206), (0.07114394, 0.573207, 0.32225907), (0.06663794, 0.567533, 0.30022705), (0.07114394, 0.573207, 0.32225907), (0.057294946, 0.49784398, 0.31940502), (0.056765947, 0.49859196, 0.33402702), (0.060784947, 0.48592097, 0.33277303), (0.06344595, 0.50726, 0.32152003), (0.06276595, 0.507778, 0.33608803), (0.071834944, 0.510981, 0.33289203), (0.07805095, 0.50552, 0.33209503), (0.08374695, 0.49473098, 0.32627302), (0.07652995, 0.48480198, 0.32808203), (0.06702195, 0.47904897, 0.32809302), (0.07027594, 0.57526, 0.33680907), (0.07709494, 0.569008, 0.33500805), (0.06818294, 0.58551, 0.32172206), (0.06738794, 0.587262, 0.33628607), (0.07292194, 0.593362, 0.32018206), (0.07200894, 0.59492, 0.33478406), (0.07868994, 0.597636, 0.33355907), (0.08536194, 0.596609, 0.33034205), (0.08800494, 0.590869, 0.32964706), (0.08963494, 0.58004, 0.32845107), (0.08540394, 0.571229, 0.33113605), (0.06968695, 0.49592197, 0.34042302), (0.07909594, 0.58318394, 0.34223607), (0.08844694, 0.598395, 0.29088005), (0.012700938, 0.75571, 0.11929807), (0.010955939, 0.752039, 0.08647907), (0.014294936, 0.755412, 0.14951606), (-0.0012490506, 0.502883, 0.28918302), (-0.10172006, 0.667537, 0.26524505), (-0.07433305, 0.510981, 0.33289203), (-0.06988606, 0.587262, 0.33628607), (0.062724955, 0.45113596, 0.27744102), (-0.17607501, -0.14602706, 0.512151), (-0.17058101, -0.16453306, 0.50663), (-0.16942002, -0.15842105, 0.495087), (-0.19237702, -0.16294207, 0.534332), (-0.17864601, -0.18012506, 0.525698), (-0.19558601, -0.18112905, 0.558445), (-0.18931401, -0.19512406, 0.551666), (-0.18699601, -0.13814805, 0.541192), (-0.19082202, -0.14511506, 0.559375), (-0.17334202, -0.12949206, 0.517213), (-0.16884701, -0.13639607, 0.494081), (-0.16603701, -0.12324206, 0.501929), (-0.15804102, -0.17288107, 0.507392), (-0.15526602, -0.16786206, 0.492924), (-0.14111501, -0.17530906, 0.49632096), (-0.16724202, -0.11988906, 0.527432), (-0.17603602, -0.12842406, 0.548398), (-0.13736302, -0.114798054, 0.518414), (-0.16091502, -0.11623006, 0.510468), (-0.14554602, -0.15352605, 0.563804), (-0.14026001, -0.115858056, 0.53553), (-0.14481501, -0.13070706, 0.55771), (-0.13254501, -0.11064705, 0.499033), (-0.109743014, -0.13005106, 0.518714), (-0.11159501, -0.13187706, 0.540174), (-0.14026001, -0.115858056, 0.53553), (-0.10951602, -0.14154007, 0.554116), (-0.14481501, -0.13070706, 0.55771), (-0.111548014, -0.16102006, 0.558248), (-0.14554602, -0.15352605, 0.563804), (-0.116564006, -0.17952307, 0.5576), (-0.14859101, -0.17225206, 0.56364), (-0.12716702, -0.17060906, 0.49717698), (-0.14160301, -0.17830506, 0.506385), (-0.18006602, -0.20197205, 0.544487), (-0.16543202, -0.18535706, 0.524981), (-0.16164702, -0.21037605, 0.551937), (-0.15201901, -0.19256106, 0.527195), (-0.12717402, -0.20055406, 0.547931), (-0.12736101, -0.18978307, 0.526117), (-0.13089302, -0.17823206, 0.510012), (-0.10744501, -0.15042706, 0.507961), (-0.107772015, -0.15809806, 0.528965), (-0.14859101, -0.17225206, 0.56364), (-0.19843708, 0.6417409, 0.52034104), (-0.19294207, 0.6213439, 0.5148181), (-0.19178008, 0.62807995, 0.50327605), (-0.21473707, 0.62309694, 0.54252106), (-0.20100707, 0.60416096, 0.5338871), (-0.21794708, 0.6030539, 0.56663406), (-0.21167508, 0.5876299, 0.55985504), (-0.20935808, 0.65042293, 0.5493811), (-0.21318308, 0.64274395, 0.5675641), (-0.19570208, 0.65996194, 0.5254031), (-0.19120808, 0.65235496, 0.50227004), (-0.18839908, 0.66685295, 0.51011807), (-0.18040207, 0.61214393, 0.51558006), (-0.17762607, 0.61767495, 0.50111204), (-0.16347508, 0.6094679, 0.50451005), (-0.18960308, 0.67054695, 0.53562105), (-0.19839707, 0.66113895, 0.55658805), (-0.15972407, 0.6761559, 0.5266021), (-0.18327707, 0.67457795, 0.5186561), (-0.16790807, 0.63347393, 0.57199305), (-0.16262007, 0.6749889, 0.54371905), (-0.16717607, 0.65862393, 0.56589806), (-0.13825308, 0.6644179, 0.50070804), (-0.13210507, 0.6593459, 0.5269021), (-0.13395607, 0.6573349, 0.5483621), (-0.13187808, 0.64668393, 0.56230605), (-0.13390808, 0.62521696, 0.5664381), (-0.13892508, 0.60482496, 0.56578803), (-0.17095107, 0.6128379, 0.57183003), (-0.14952807, 0.61464894, 0.5053651), (-0.16396408, 0.60616696, 0.51457304), (-0.20242608, 0.58008397, 0.55267704), (-0.18779208, 0.59839493, 0.53317106), (-0.18400808, 0.57082295, 0.56012505), (-0.17438108, 0.59045494, 0.53538305), (-0.14953607, 0.5816469, 0.55612105), (-0.14972207, 0.59351695, 0.53430706), (-0.15325308, 0.60624796, 0.5181991), (-0.13671607, 0.64748996, 0.48623607), (-0.12980507, 0.63689095, 0.51615006), (-0.12980507, 0.63689095, 0.51615006), (-0.13013208, 0.62843597, 0.53715503), (-0.13013208, 0.62843597, 0.53715503), (-0.13892508, 0.60482496, 0.56578803), (-0.17095107, 0.6128379, 0.57183003), (-0.17095107, 0.6128379, 0.57183003), (0.16634898, -0.13639604, 0.494081), (0.16692199, -0.15842102, 0.495087), (0.16808298, -0.16453303, 0.50663), (0.17357698, -0.14602703, 0.512151), (0.17614798, -0.18012503, 0.525698), (0.18987899, -0.16294204, 0.534332), (0.18681599, -0.19512403, 0.551666), (0.19308798, -0.18112902, 0.558445), (0.18832399, -0.14511503, 0.559375), (0.18449798, -0.13814802, 0.541192), (0.17084399, -0.12949203, 0.517213), (0.16353899, -0.12324203, 0.501929), (0.16293399, -0.18535703, 0.524981), (0.15554298, -0.17288104, 0.507392), (0.15276799, -0.16786203, 0.492924), (0.15841699, -0.11623003, 0.510468), (0.17353699, -0.12842403, 0.548398), (0.16474399, -0.11988903, 0.527432), (0.13004698, -0.11064704, 0.499033), (0.14231698, -0.13070703, 0.55771), (0.13486499, -0.11479804, 0.518414), (0.13776198, -0.11585804, 0.53553), (0.13486499, -0.11479804, 0.518414), (0.10724498, -0.13005103, 0.518714), (0.13776198, -0.11585804, 0.53553), (0.10909698, -0.13187703, 0.540174), (0.14231698, -0.13070703, 0.55771), (0.10701799, -0.14154004, 0.554116), (0.14304799, -0.15352602, 0.563804), (0.10904998, -0.16102003, 0.558248), (0.14609298, -0.17225203, 0.56364), (0.13861698, -0.17530903, 0.49632096), (0.13910499, -0.17830503, 0.506385), (0.17756799, -0.20197202, 0.544487), (0.14952098, -0.19256103, 0.527195), (0.15914899, -0.21037602, 0.551937), (0.12486199, -0.18978304, 0.526117), (0.12839499, -0.17823203, 0.510012), (0.10494699, -0.15042703, 0.507961), (0.12466899, -0.17060903, 0.49717698), (0.105273984, -0.15809803, 0.528965), (0.10701799, -0.14154004, 0.554116), (0.10904998, -0.16102003, 0.558248), (0.11406599, -0.17952304, 0.5576), (0.12467599, -0.20055403, 0.547931), (0.18870993, 0.65235496, 0.50227004), (0.18928193, 0.62807995, 0.50327605), (0.19044392, 0.6213439, 0.5148181), (0.19593893, 0.6417409, 0.52034104), (0.19850892, 0.60416096, 0.5338871), (0.21223892, 0.62309694, 0.54252106), (0.20917693, 0.5876299, 0.55985504), (0.21544893, 0.6030539, 0.56663406), (0.21068393, 0.64274395, 0.5675641), (0.20685993, 0.65042293, 0.5493811), (0.19320393, 0.65996194, 0.5254031), (0.18590093, 0.66685295, 0.51011807), (0.18529393, 0.59839493, 0.53317106), (0.17790392, 0.61214393, 0.51558006), (0.17512792, 0.61767495, 0.50111204), (0.18077892, 0.67457795, 0.5186561), (0.19589892, 0.66113895, 0.55658805), (0.18710493, 0.67054695, 0.53562105), (0.16467793, 0.65862393, 0.56589806), (0.15722592, 0.6761559, 0.5266021), (0.16012193, 0.6749889, 0.54371905), (0.12960693, 0.6593459, 0.5269021), (0.13145792, 0.6573349, 0.5483621), (0.12937993, 0.64668393, 0.56230605), (0.16540992, 0.63347393, 0.57199305), (0.13140993, 0.62521696, 0.5664381), (0.16845292, 0.6128379, 0.57183003), (0.16097693, 0.6094679, 0.50451005), (0.16146593, 0.60616696, 0.51457304), (0.19992793, 0.58008397, 0.55267704), (0.17188293, 0.59045494, 0.53538305), (0.18150993, 0.57082295, 0.56012505), (0.14722392, 0.59351695, 0.53430706), (0.15075493, 0.60624796, 0.5181991), (0.12960693, 0.6593459, 0.5269021), (0.12730692, 0.63689095, 0.51615006), (0.14702992, 0.61464894, 0.5053651), (0.13145792, 0.6573349, 0.5483621), (0.12763393, 0.62843597, 0.53715503), (0.12937993, 0.64668393, 0.56230605), (0.13140993, 0.62521696, 0.5664381), (0.13642693, 0.60482496, 0.56578803), (0.14703792, 0.5816469, 0.55612105), (0.16845292, 0.6128379, 0.57183003), (0.21544893, 0.6030539, 0.56663406), (-0.13736302, -0.114798054, 0.518414), (-0.16790807, 0.63347393, 0.57199305), (0.17353699, -0.12842403, 0.548398), (0.14609298, -0.17225203, 0.56364), (0.16845292, 0.6128379, 0.57183003), (-0.09776494, -0.601412, -0.30201906), (-0.09653694, -0.605804, -0.30046707), (-0.09443694, -0.605856, -0.30749005), (-0.09345594, -0.60871, -0.30300605), (-0.10006894, -0.597055, -0.30657905), (-0.09861894, -0.601396, -0.30790704), (-0.013926935, -0.75439, -0.15907405), (-0.0010759364, -0.750329, -0.16098106), (-0.021433936, -0.75138, -0.15548205), (-0.034405936, -0.732322, -0.15098506), (-0.021433936, -0.75138, -0.15548205), (-0.03711694, -0.71934, -0.14986005), (-0.027163934, -0.754097, -0.18636006), (-0.030691935, -0.745407, -0.19253007), (-0.034290936, -0.739548, -0.19864206), (-0.029735934, -0.746844, -0.18805106), (-0.03962294, -0.703419, -0.15014806), (-0.013926935, -0.75439, -0.15907405), (-0.0010759364, -0.750329, -0.16098106), (0.09757106, -0.597055, -0.30657905), (0.09612106, -0.601396, -0.30790704), (0.09095806, -0.60871, -0.30300605), (0.09403906, -0.605804, -0.30046707), (0.09526706, -0.601412, -0.30201906), (0.09193906, -0.605856, -0.30749005), (0.011429064, -0.75439, -0.15907405), (0.018936064, -0.75138, -0.15548205), (0.031908065, -0.732322, -0.15098506), (0.024666065, -0.754097, -0.18636006), (0.027238065, -0.746844, -0.18805106), (0.03179306, -0.739548, -0.19864206), (0.028194064, -0.745407, -0.19253007), (0.03461906, -0.71934, -0.14986005), (0.03712506, -0.703419, -0.15014806), (0.011429064, -0.75439, -0.15907405), (0.018936064, -0.75138, -0.15548205), (-0.07534994, -0.5099229, -0.40709603), (-0.07782594, -0.51994497, -0.39860007), (-0.09515394, -0.51235497, -0.41184905), (-0.07864795, -0.49115196, -0.41321504), (-0.09621494, -0.52235395, -0.40327406), (-0.11345494, -0.52054393, -0.41939807), (-0.09429694, -0.49940297, -0.41760603), (-0.11017694, -0.5307009, -0.41040307), (-0.12039894, -0.52899796, -0.42437005), (-0.11438594, -0.51191294, -0.42241406), (-0.118553944, -0.53770494, -0.41551805), (-0.12771694, -0.54180497, -0.42652106), (-0.12437394, -0.52171195, -0.42625606), (-0.12403294, -0.54619294, -0.42034805), (-0.07920094, -0.5256279, -0.38574305), (-0.10026294, -0.52514195, -0.39210406), (-0.11278794, -0.53205097, -0.39904305), (-0.12121094, -0.53763694, -0.40274307), (-0.12561993, -0.54903597, -0.40461805), (-0.12838294, -0.56194896, -0.40917307), (-0.12707195, -0.55909795, -0.42202905), (-0.13063094, -0.5575469, -0.42960507), (-0.13026494, -0.53596795, -0.42820805), (-0.12830395, -0.5705649, -0.41033205), (-0.12712894, -0.57348895, -0.42254207), (-0.13225494, -0.5704839, -0.42853507), (-0.13606894, -0.55600494, -0.43303707), (-0.12549195, -0.58502394, -0.41273907), (-0.12584694, -0.5850219, -0.42379907), (-0.13639294, -0.58189195, -0.43299305), (-0.12954794, -0.5835229, -0.42960307), (-0.12314694, -0.6282619, -0.43448704), (-0.08514695, -0.52548194, -0.36896005), (-0.11955294, -0.5304719, -0.38814905), (-0.10023794, -0.5251349, -0.37764806), (-0.108646944, -0.50624096, -0.37561104), (-0.092115946, -0.50520396, -0.36678904), (-0.12692794, -0.5159059, -0.38315406), (-0.12343594, -0.54046994, -0.39572304), (-0.13664494, -0.5257679, -0.38981405), (-0.12692794, -0.5159059, -0.38315406), (-0.11955294, -0.5304719, -0.38814905), (-0.12620895, -0.55043596, -0.39886507), (-0.13507994, -0.54303193, -0.39541805), (-0.12343594, -0.54046994, -0.39572304), (-0.13057394, -0.56331193, -0.40215304), (-0.14069194, -0.56307596, -0.40165207), (-0.12620895, -0.55043596, -0.39886507), (-0.13912994, -0.57461697, -0.40445107), (-0.13057394, -0.56331193, -0.40215304), (-0.13767594, -0.5905159, -0.40838307), (-0.13190494, -0.57189393, -0.40379405), (-0.13190494, -0.57189393, -0.40379405), (-0.13055694, -0.58631796, -0.40633607), (-0.14878194, -0.53410494, -0.40109307), (-0.14745894, -0.5758969, -0.40791407), (-0.14924894, -0.55998695, -0.40248707), (-0.14136694, -0.51127195, -0.39753804), (-0.13000494, -0.49714097, -0.39215404), (-0.10635695, -0.48612598, -0.37977102), (-0.108646944, -0.50624096, -0.37561104), (-0.09828295, -0.48630998, -0.37324104), (-0.092115946, -0.50520396, -0.36678904), (-0.13767594, -0.5905159, -0.40838307), (-0.14178094, -0.59472996, -0.41150606), (-0.14668193, -0.59031296, -0.41883406), (-0.15086395, -0.57146096, -0.41650906), (-0.15512794, -0.55266196, -0.41468605), (-0.15182494, -0.5282629, -0.41295505), (-0.14177294, -0.50979495, -0.40771103), (-0.12896794, -0.49428198, -0.40219304), (-0.10231195, -0.47761396, -0.38953304), (-0.14354093, -0.50975996, -0.41943502), (-0.12768994, -0.49284598, -0.41504803), (-0.15071894, -0.52829295, -0.42440006), (-0.15693094, -0.5540999, -0.42640707), (-0.103938945, -0.47758397, -0.40272304), (-0.09093895, -0.47498697, -0.38701904), (-0.08675495, -0.47220296, -0.39959604), (-0.15438694, -0.57427394, -0.42504206), (-0.14862494, -0.59168994, -0.42857605), (-0.07907195, -0.47957996, -0.40606204), (-0.14012994, -0.5285419, -0.42918205), (-0.14904495, -0.55281395, -0.43287605), (-0.13129795, -0.51152194, -0.42695206), (-0.11983294, -0.49881196, -0.42297804), (-0.098546945, -0.48349598, -0.41516003), (-0.14920294, -0.57150894, -0.43284407), (-0.13750294, -0.5689479, -0.43313006), (-0.14365093, -0.58603096, -0.43364906), (-0.13055694, -0.58631796, -0.40633607), (-0.13055694, -0.58631796, -0.40633607), (0.07615105, -0.49115196, -0.41321504), (0.07285206, -0.5099229, -0.40709603), (0.09179906, -0.49940297, -0.41760603), (0.09265606, -0.51235497, -0.41184905), (0.07532806, -0.51994497, -0.39860007), (0.11188806, -0.51191294, -0.42241406), (0.11095706, -0.52054393, -0.41939807), (0.09371706, -0.52235395, -0.40327406), (0.12187606, -0.52171195, -0.42625606), (0.10767906, -0.5307009, -0.41040307), (0.11605606, -0.53770494, -0.41551805), (0.12776706, -0.53596795, -0.42820805), (0.11790106, -0.52899796, -0.42437005), (0.12153506, -0.54619294, -0.42034805), (0.07670306, -0.5256279, -0.38574305), (0.09776506, -0.52514195, -0.39210406), (0.11029006, -0.53205097, -0.39904305), (0.11871306, -0.53763694, -0.40274307), (0.12457406, -0.55909795, -0.42202905), (0.12312206, -0.54903597, -0.40461805), (0.12813306, -0.5575469, -0.42960507), (0.12522006, -0.54180497, -0.42652106), (0.13357206, -0.55600494, -0.43303707), (0.12463106, -0.57348895, -0.42254207), (0.12588505, -0.56194896, -0.40917307), (0.12975806, -0.5704839, -0.42853507), (0.13500506, -0.5689479, -0.43313006), (0.12334906, -0.5850219, -0.42379907), (0.12580606, -0.5705649, -0.41033205), (0.12705006, -0.5835229, -0.42960307), (0.12064907, -0.6282619, -0.43448704), (0.13389505, -0.58189195, -0.43299305), (0.12299406, -0.58502394, -0.41273907), (0.08264905, -0.52548194, -0.36896005), (0.09774006, -0.5251349, -0.37764806), (0.08961805, -0.50520396, -0.36678904), (0.11705606, -0.5304719, -0.38814905), (0.106149055, -0.50624096, -0.37561104), (0.12093806, -0.54046994, -0.39572304), (0.12443005, -0.5159059, -0.38315406), (0.12371106, -0.55043596, -0.39886507), (0.13414706, -0.5257679, -0.38981405), (0.12807606, -0.56331193, -0.40215304), (0.13258205, -0.54303193, -0.39541805), (0.12940706, -0.57189393, -0.40379405), (0.13819405, -0.56307596, -0.40165207), (0.12805906, -0.58631796, -0.40633607), (0.12940706, -0.57189393, -0.40379405), (0.13663206, -0.57461697, -0.40445107), (0.14675106, -0.55998695, -0.40248707), (0.13819405, -0.56307596, -0.40165207), (0.13258205, -0.54303193, -0.39541805), (0.14496106, -0.5758969, -0.40791407), (0.13928306, -0.59472996, -0.41150606), (0.13517806, -0.5905159, -0.40838307), (0.13414706, -0.5257679, -0.38981405), (0.13886906, -0.51127195, -0.39753804), (0.12443005, -0.5159059, -0.38315406), (0.12750706, -0.49714097, -0.39215404), (0.106149055, -0.50624096, -0.37561104), (0.10385905, -0.48612598, -0.37977102), (0.08961805, -0.50520396, -0.36678904), (0.09578605, -0.48630998, -0.37324104), (0.13517806, -0.5905159, -0.40838307), (0.14836606, -0.57146096, -0.41650906), (0.14418405, -0.59031296, -0.41883406), (0.15263006, -0.55266196, -0.41468605), (0.14628406, -0.53410494, -0.40109307), (0.14932705, -0.5282629, -0.41295505), (0.13927506, -0.50979495, -0.40771103), (0.12647006, -0.49428198, -0.40219304), (0.09981405, -0.47761396, -0.38953304), (0.08844105, -0.47498697, -0.38701904), (0.12519206, -0.49284598, -0.41504803), (0.14104307, -0.50975996, -0.41943502), (0.14822106, -0.52829295, -0.42440006), (0.15443306, -0.5540999, -0.42640707), (0.101441056, -0.47758397, -0.40272304), (0.08425705, -0.47220296, -0.39959604), (0.15188906, -0.57427394, -0.42504206), (0.14612706, -0.59168994, -0.42857605), (0.07657405, -0.47957996, -0.40606204), (0.14654706, -0.55281395, -0.43287605), (0.13763206, -0.5285419, -0.42918205), (0.12880006, -0.51152194, -0.42695206), (0.11733506, -0.49881196, -0.42297804), (0.096049055, -0.48349598, -0.41516003), (0.14670506, -0.57150894, -0.43284407), (0.14115305, -0.58603096, -0.43364906), (0.12805906, -0.58631796, -0.40633607), (0.12805906, -0.58631796, -0.40633607), (-0.13055694, -0.58631796, -0.40633607), (0.014004936, 0.760381, 0.13652205), (0.012199938, 0.762138, 0.08755807), (0.016237935, 0.761057, 0.17940606), (0.011063936, 0.750479, 0.17916206), (0.014633933, 0.762627, 0.21485506), (0.0077489354, 0.746255, 0.19520706), (0.011579931, 0.775197, 0.24480008), (-0.017671065, 0.737172, 0.22220705), (0.011579931, 0.775197, 0.24480008), (0.0077489354, 0.746255, 0.19520706), (-0.019379066, 0.753081, 0.25021905), (0.0015219286, 0.7857, 0.27509806), (-0.01920207, 0.775959, 0.28083506), (0.0088619385, 0.768159, 0.08501007), (0.014365936, 0.772397, 0.12544407), (0.017046934, 0.778284, 0.15414907), (0.022087933, 0.784787, 0.19821608), (0.022218931, 0.789416, 0.23367907), (0.019256927, 0.805354, 0.26091307), (0.0015219286, 0.7857, 0.27509806), (0.0015219286, 0.7857, 0.27509806), (0.017655926, 0.819813, 0.28869507), (0.019256927, 0.805354, 0.26091307), (0.013159934, 0.787364, 0.12260006), (0.007493938, 0.774404, 0.081975065), (0.020906933, 0.79505, 0.15138008), (0.02459293, 0.798935, 0.18376008), (0.023004929, 0.805915, 0.22208807), (0.024845926, 0.82723, 0.26372707), (0.023153923, 0.835605, 0.30227605), (0.024845926, 0.82723, 0.26372707), (0.014371933, 0.799503, 0.12929508), (0.011004937, 0.786615, 0.098730065), (0.020197932, 0.807623, 0.16387908), (0.01774993, 0.823289, 0.19307408), (0.022539925, 0.831922, 0.25117806), (0.026712924, 0.849799, 0.29709405), (0.022539925, 0.831922, 0.25117806), (0.016145933, 0.814077, 0.14883907), (0.0046269363, 0.792325, 0.08730507), (0.009747928, 0.838764, 0.19293408), (0.016303927, 0.839004, 0.23151408), (0.022403924, 0.851682, 0.27411506), (0.029114923, 0.866727, 0.30205908), (0.001319932, 0.82064, 0.13752808), (-0.003517064, 0.799066, 0.08705207), (0.0022229285, 0.839739, 0.18328008), (0.0077099246, 0.855473, 0.24334008), (0.019337922, 0.869679, 0.2879431), (0.02859892, 0.873095, 0.3167991), (-0.027835067, 0.809667, 0.13767707), (-0.024112063, 0.790654, 0.08446207), (-0.017618071, 0.836978, 0.18238607), (-0.024161072, 0.842704, 0.22597007), (-0.008108077, 0.85508, 0.2660501), (0.0059259213, 0.863861, 0.3093541), (-0.036438067, 0.801079, 0.15122108), (-0.026921064, 0.788871, 0.09440906), (-0.04328507, 0.820557, 0.20949207), (-0.035056073, 0.834714, 0.26226807), (-0.016964076, 0.845912, 0.28277406), (0.0026879217, 0.858259, 0.3061851), (-0.04674807, 0.790026, 0.17010908), (-0.032272063, 0.783062, 0.11916207), (-0.046192072, 0.803182, 0.21618907), (-0.038757075, 0.814446, 0.25926706), (-0.023380075, 0.8306, 0.28424305), (0.002694922, 0.853496, 0.3086741), (-0.024750063, 0.762448, 0.11449507), (-0.039090067, 0.767972, 0.16516508), (-0.043701068, 0.774684, 0.19470307), (-0.044573072, 0.80295, 0.24636808), (-0.030343072, 0.79943, 0.27521607), (-0.0077500744, 0.814751, 0.29937607), (0.0014739237, 0.833232, 0.30715606), (-0.0068960604, 0.735193, 0.119573064), (-0.0068960604, 0.735193, 0.119573064), (0.0077489354, 0.746255, 0.19520706), (0.0015219286, 0.7857, 0.27509806), (0.017655926, 0.819813, 0.28869507), (0.023153923, 0.835605, 0.30227605), (0.026712924, 0.849799, 0.29709405), (0.029114923, 0.866727, 0.30205908)]
        texCoord2f[] primvars:st = [(0.6855432, -0.2239829), (0.64165777, -0.20629556), (0.6723324, -0.20676719), (0.67000407, -0.23777469), (0.63268614, -0.2319553), (0.6598926, -0.25291914), (0.7113121, -0.24617635), (0.6989683, -0.26211938), (0.72900033, -0.2318918), (0.7009084, -0.20888531), (0.7307347, -0.21864939), (0.7626397, -0.22572196), (0.7773629, -0.2460105), (0.8374918, -0.24055146), (0.8157167, -0.26043564), (0.8528765, -0.26811197), (0.8328796, -0.280961), (0.78602535, -0.2694186), (0.8094081, -0.28651583), (0.7811553, -0.28715894), (0.74383295, -0.27148563), (0.7484893, -0.25235823), (0.6829635, -0.273448), (0.75518125, -0.28669313), (0.7281488, -0.2895369), (0.7961697, -0.30235764), (0.7698046, -0.29717758), (0.8136191, -0.2972184), (0.83681965, -0.29427585), (0.8604844, -0.29373255), (0.8774289, -0.28803816), (0.90729123, -0.27501422), (0.9842244, -0.25567374), (0.80090797, -0.34112072), (0.7726573, -0.3332318), (0.8247942, -0.33374217), (0.84594953, -0.31923938), (0.8687219, -0.3103548), (0.89306885, -0.3042791), (0.92595714, -0.30182803), (0.98176837, -0.3084752), (1.0483123, -0.333733), (0.8398694, -0.39887777), (0.8095367, -0.4021784), (0.8625777, -0.38386145), (0.88384676, -0.36548826), (0.9056747, -0.34523466), (0.93329287, -0.334844), (0.9755244, -0.33965552), (1.0274054, -0.35930398), (1.0901285, -0.39682046), (0.5997579, -0.28339705), (0.5862483, -0.2596819), (0.62941563, -0.27717784), (0.6523586, -0.3127631), (0.6786553, -0.28910694), (0.6488051, -0.26614955), (0.6115057, -0.2532302), (0.6304141, -0.2473736), (0.60233915, -0.23240982), (0.7190871, -0.3192127), (0.76463175, -0.3900499), (0.82505494, -0.44998562), (0.80323106, -0.4599642), (0.76082534, -0.4328009), (0.71454495, -0.37536907), (0.75411767, 0.42404556), (0.77380824, 0.4349423), (0.7683469, 0.4172006), (0.78131026, 0.45787582), (0.79439586, 0.44169012), (0.7887687, 0.41988844), (0.7715427, 0.40041357), (0.7344967, 0.38097355), (0.77015275, 0.37786463), (0.7594485, 0.3500091), (0.74372256, 0.30578488), (0.7649641, 0.3288381), (0.76891345, 0.3149695), (0.78126097, 0.28445554), (0.752466, 0.2531325), (0.7923445, 0.34570792), (0.82453823, 0.3020869), (0.80190927, 0.40465894), (0.81217194, 0.43474096), (0.8311032, 0.46205184), (0.8139189, 0.46823072), (0.8425229, 0.48765808), (0.88459295, 0.50079936), (0.8552509, 0.44670722), (0.850468, 0.39841446), (0.8601094, 0.34198377), (0.88334244, 0.2940251), (0.8324298, 0.26042283), (0.91768175, 0.39268845), (0.93310857, 0.33385324), (0.91706365, 0.44311586), (0.9363421, 0.4919002), (0.97093374, 0.5545524), (1.2520648, -0.0052373465), (1.2049145, -0.023227774), (1.2151455, -0.001550097), (1.2164623, -0.090647966), (1.1933697, -0.1118909), (1.1842638, -0.07882555), (1.2305785, -0.11058581), (1.2086385, -0.13010855), (1.2882849, 0.023726722), (1.2530004, 0.015685968), (1.3372132, 0.035800338), (1.2965492, 0.013204135), (1.3181554, 0.014141019), (1.2480859, -0.08126828), (1.2574247, -0.099489644), (1.1723405, -0.047800463), (1.2161678, -0.040280245), (1.3146099, 0.044505596), (1.3369902, 0.023599332), (1.3355395, 0.0573936), (1.336636, 0.04766283), (1.3051091, 0.053255457), (1.3220817, 0.05636754), (1.2783602, 0.036665566), (1.233138, 0.023644172), (1.2780312, 0.05821674), (1.2300645, -0.06156687), (1.2613608, -0.05248524), (1.2595757, -0.030154992), (1.2884997, -0.0038613267), (1.2593731, -0.11905116), (1.2355977, -0.12957627), (1.3332239, 0.070205), (1.2844292, -0.15291889), (1.255812, -0.14317927), (1.2776586, -0.13189152), (1.2746474, -0.17140187), (1.2364703, -0.15981454), (1.225603, -0.14243802), (1.3290607, 0.08645502), (0.7308538, 0.6741677), (0.7499131, 0.72568464), (0.8290611, 0.7499821), (0.69021755, 0.68797404), (0.7183986, 0.7568784), (0.6434237, 0.7029651), (0.6675465, 0.770153), (0.61719066, 0.7424914), (0.63846934, 0.8031973), (0.58753633, 0.7885394), (0.6224578, 0.8391151), (0.5295274, 0.95051515), (0.55197424, 0.9520087), (0.56090844, 0.9245442), (0.54168504, 0.90240276), (0.5315893, 0.8648888), (0.5183604, 0.9120454), (0.77375466, 0.8718554), (0.7191284, 0.8767964), (0.77757597, 0.92069924), (0.7213267, 0.8176812), (0.6809405, 0.8246004), (0.6633701, 0.855655), (0.68258154, 0.9063167), (0.7304175, 0.934783), (0.6351769, 0.8874788), (0.58834845, 0.8682132), (0.6471926, 0.9422841), (0.6892602, 0.9643365), (0.6033622, 0.9272985), (0.82911265, 0.87913865), (0.820554, 0.9135553), (0.7806951, 0.82689804), (0.79944223, 0.78769165), (0.85273623, 0.855431), (0.8881463, 0.9008955), (0.86401254, 0.9151397), (0.9050526, 0.9256672), (0.94084805, 0.9054056), (0.8862984, 0.8362986), (0.5658868, 0.990865), (0.5517331, 0.9849803), (0.5550191, 0.9893068), (0.54649174, 0.9907388), (0.55419356, 0.97599626), (0.5425883, 0.9840474), (0.57229346, 0.9798383), (0.57930106, 0.9954394), (0.59632283, 0.9924064), (0.5433404, 0.9673904), (0.51968485, 0.9899718), (0.5318187, 0.99260134), (0.5618628, 0.96498644), (0.5890622, 0.9755749), (0.62160206, 0.99250317), (0.5778115, 0.9534183), (0.6148158, 0.96585155), (0.65302444, 0.98420686), (0.5592155, 0.88413143), (1.1431588, -0.14406921), (1.0891958, -0.12786765), (1.1496989, -0.116092935), (1.1008872, -0.16209042), (1.0372769, -0.15301052), (1.0620211, -0.1836007), (0.9955505, -0.17152496), (1.0214311, -0.20838264), (0.9386792, -0.1837751), (1.1726693, -0.023150384), (1.1797317, 0.001388574), (1.1316215, -0.02437358), (1.134391, 0.0023681242), (1.0798005, -0.028647732), (1.0775965, 0.0018110275), (1.0195128, -0.033756964), (1.0136331, 0.0024135653), (0.94946694, -0.03818077), (1.1999551, 0.030013949), (1.1549782, 0.033866014), (1.099877, 0.038217638), (1.0324055, 0.04485647), (0.95085615, 0.009809695), (1.2309731, 0.06022123), (1.2098459, 0.0742954), (1.1643647, 0.0858002), (1.0904728, 0.10207042), (0.9621882, 0.059725914), (1.3222357, 0.10747218), (1.3154262, 0.12611231), (1.3095931, 0.14157623), (1.2947115, 0.18230219), (0.9734501, 0.14103386), (1.1767699, -0.13152061), (0.92723316, -0.15235606), (0.98470324, -0.1326132), (1.1258162, -0.0801025), (1.0304118, -0.11090696), (1.13841, -0.045460638), (0.99070084, -0.07720815), (0.92828524, -0.09691322), (1.0434631, -0.06464763), (1.0961586, -0.05456001), (1.0734211, -0.08790165), (1.0721887, 0.21844713), (1.2819616, 0.21467632), (1.2426556, -0.25206396), (1.2229022, -0.31873292), (1.2139803, -0.33995223), (1.2511367, -0.22586608), (1.194183, -0.22149022), (1.1937176, -0.14931004), (1.1626459, -0.16624762), (1.2104002, -0.16980468), (1.2619637, -0.19824761), (1.2015296, -0.18915878), (1.1824683, -0.3777428), (1.1748677, -0.37985003), (1.1986932, -0.36469448), (1.1292235, -0.22212157), (1.1380883, -0.18698591), (0.7855041, -0.20975368), (0.880591, -0.20746142), (0.79475325, -0.18311058), (0.85873115, -0.17159317), (0.79455274, -0.14426154), (0.8546985, -0.123807564), (0.7957877, -0.09380405), (0.8605941, -0.06919855), (0.7975558, -0.053097982), (0.8664033, -0.025136873), (0.7960193, -0.017471034), (0.8678773, 0.01666473), (0.79014736, 0.022761265), (0.86651194, 0.06725763), (0.7850991, 0.07581895), (0.73494273, -0.20602138), (0.74302, -0.1837898), (0.748718, -0.1528747), (0.7506984, -0.111313686), (0.75095165, -0.07488425), (0.7498092, -0.0430199), (0.7427809, -0.010242499), (0.729374, 0.034992963), (0.701282, -0.17785266), (0.7181042, -0.09234038), (0.7138332, -0.064304456), (0.7172974, -0.11939828), (0.71295154, -0.1497244), (0.695773, -0.008165255), (0.71719235, -0.035533827), (0.0063382247, -0.47049904), (-0.026874557, -0.42359048), (0.01601157, -0.41661498), (0.085645646, -0.45546895), (0.07769115, -0.3974989), (0.17730176, -0.4425624), (0.16861531, -0.38676617), (0.26392207, -0.43408626), (0.2496722, -0.3812627), (0.3477436, -0.4307832), (0.32434842, -0.3797576), (0.43703374, -0.43413475), (0.4025006, -0.38323477), (0.5220559, -0.44300494), (0.49019858, -0.3935292), (0.5674703, -0.44534618), (0.542823, -0.39793447), (0.6040488, -0.44678652), (0.58263075, -0.4006162), (0.6352249, -0.44770268), (0.618006, -0.40644172), (0.6563927, -0.44554183), (0.6521826, -0.41851583), (0.6888951, -0.46178767), (0.6895456, -0.43731156), (0.72561306, -0.4796419), (0.73014647, -0.45987025), (0.76616657, -0.5015436), (0.7730624, -0.48485577), (-0.008707016, -0.53763235), (0.073719114, -0.5328687), (0.0592757, -0.5973005), (0.76577264, -0.5247449), (0.809795, -0.5490264), (0.82070094, -0.5879511), (0.725617, -0.50029516), (0.76962626, -0.5637785), (0.69298273, -0.49176067), (0.6653279, -0.49671507), (0.7431277, -0.5782737), (0.63438016, -0.49711215), (0.71163607, -0.5775895), (0.6007938, -0.49905068), (0.6801399, -0.57855475), (0.5610825, -0.50446147), (0.6559831, -0.6016553), (0.49837127, -0.5107506), (0.63153714, -0.6490405), (0.3850336, -0.5112506), (0.5973379, -0.7128398), (0.28280276, -0.5249747), (0.423043, -0.6608957), (0.18186931, -0.53374535), (0.2888312, -0.6613223), (0.15655485, -0.6105304), (0.78672194, -0.47268063), (0.7419019, -0.4426104), (0.07147716, -0.34238166), (-0.021968894, -0.36246315), (-0.002731258, -0.315028), (0.16320132, -0.33766174), (0.0816063, -0.31308565), (0.23948976, -0.33471143), (0.16237487, -0.3107089), (0.30863848, -0.33293954), (0.23215665, -0.30732152), (0.38039726, -0.33339286), (0.29777044, -0.30343053), (0.4598313, -0.3365604), (0.3662852, -0.3022562), (0.52071023, -0.33155605), (0.43156892, -0.3008235), (0.4739472, -0.2924325), (0.5186113, -0.2925822), (0.5704575, -0.33915412), (0.6119825, -0.3554756), (0.5620256, -0.28804663), (0.6525182, -0.38072893), (0.6147286, -0.3109909), (0.6957317, -0.408981), (0.8083733, -0.5251354), (0.40717506, -0.28311682), (0.45851865, -0.27912214), (0.5037822, -0.2741699), (0.55638283, -0.26498675), (0.5253223, -0.2658701), (0.2928886, -0.2781329), (0.3151256, -0.25951517), (0.35012713, -0.2755856), (0.6007114, -0.20813355), (0.570256, -0.21067543), (0.53955674, -0.21347158), (0.5750368, -0.23628555), (0.5070142, -0.21825373), (0.5459992, -0.24093439), (0.46729687, -0.22513735), (0.5152774, -0.24551786), (0.40531445, -0.23483245), (0.48219582, -0.25161228), (0.35285318, -0.24644913), (0.4315647, -0.25961918), (0.3820638, -0.26783162), (0.36587036, -0.285852), (0.01698102, -0.29448843), (0.093400076, -0.29275617), (0.16143277, -0.28892252), (0.22353081, -0.2839046), (0.6312892, -0.15428844), (0.6665089, -0.18214133), (0.10242911, -0.27295172), (0.15688479, -0.2691214), (0.20729548, -0.26202238), (0.2482563, -0.24970339), (0.28391105, -0.23306982), (0.3273421, -0.21430264), (0.38802376, -0.19686121), (0.46101198, -0.18460847), (0.50459933, -0.17667884), (0.54014146, -0.17376208), (0.5709892, -0.17947535), (0.5969789, -0.16545922), (0.669349, -0.09790918), (0.60042924, -0.095139176), (0.05882836, -0.2543355), (0.10761833, -0.25276324), (0.55429435, -0.11237919), (0.50948226, -0.1118464), (0.46487585, -0.11832011), (0.38843843, -0.130905), (0.30507997, -0.14870177), (0.25811574, -0.19300894), (0.2207212, -0.21820329), (0.18421438, -0.23557703), (0.14777711, -0.24704008), (0.062735386, -0.1865655), (0.0018850546, -0.081878796), (0.072681576, -0.07121533), (0.14969575, -0.12321131), (0.13726774, -0.036240894), (0.19671193, -0.07542175), (0.18793508, 0.0035475679), (0.23098849, -0.040258035), (0.23759747, 0.027319904), (0.28012624, -0.03663844), (0.29481673, 0.039914273), (0.34510684, -0.028482866), (0.36240843, 0.052359484), (0.42302278, -0.016315147), (0.43966275, 0.067098424), (0.48394275, -0.005317254), (0.4915459, 0.07909243), (0.52439207, 0.005343071), (0.52940536, 0.092438206), (0.56457865, 0.023728086), (0.5657334, 0.11194992), (0.6021511, 0.058953), (0.5993757, 0.13566643), (0.6280904, 0.09868063), (0.63215274, 0.15578131), (0.6602135, 0.11084841), (0.66757673, 0.17244284), (0.69802403, 0.13383526), (0.7059052, 0.19028199), (0.7397058, 0.15729003), (0.74548566, 0.20857887), (0.78743774, 0.18318094), (0.786122, 0.2317525), (0.8458073, 0.21484068), (0.90631974, 0.251517), (0.9576208, 0.28637022), (-0.027422693, 0.037116475), (-0.04754637, 0.13734776), (-0.006244331, 0.13156284), (0.023420557, 0.03371311), (0.042747546, 0.13427772), (0.08338157, 0.046940897), (0.096828, 0.14470509), (0.14019033, 0.06905602), (0.15040374, 0.15916128), (0.19320713, 0.08938484), (0.20456806, 0.17356592), (0.24838555, 0.10472259), (0.2628041, 0.18696088), (0.31002, 0.11763263), (0.32797515, 0.20065525), (0.3803272, 0.13140139), (0.40049487, 0.21606514), (0.45345512, 0.14667444), (0.46632984, 0.2314656), (0.4984348, 0.15854807), (0.5065855, 0.24332921), (0.5347659, 0.17196225), (0.5431182, 0.25608525), (0.5701, 0.18823212), (0.5801157, 0.2692902), (0.605153, 0.20481125), (0.61833245, 0.28107053), (0.6411345, 0.21952112), (0.65735894, 0.28998697), (0.67894536, 0.2332251), (0.6983173, 0.3008011), (0.7182751, 0.24577487), (-0.06138811, 0.23147716), (-0.07498168, 0.2964969), (-0.048163194, 0.29573822), (-0.028091107, 0.22745724), (-0.0068404214, 0.29648462), (0.015701775, 0.22825877), (0.039724573, 0.29913518), (0.062965594, 0.23439296), (0.081960075, 0.30306578), (0.11250228, 0.2443077), (0.13079305, 0.30908608), (0.16533904, 0.2555564), (0.18574388, 0.31720713), (0.22087078, 0.26690152), (0.24355721, 0.32702738), (0.2831091, 0.27913994), (0.31184286, 0.34008315), (0.35307997, 0.2932917), (0.38644448, 0.3560781), (0.42672244, 0.30916643), (0.4558189, 0.3722303), (0.48177662, 0.3219743), (0.5006883, 0.38276178), (0.5199568, 0.33137888), (0.54136515, 0.39164633), (0.5592081, 0.3408252), (0.58591497, 0.40036857), (0.6007444, 0.34974524), (0.63537705, 0.409044), (0.6451339, 0.35692337), (0.70026493, 0.4202045), (0.66205925, -0.033467166), (0.69034106, -0.047961693), (0.074043885, -0.23427035), (0.10496324, -0.23126195), (0.13138564, -0.22261448), (0.15773003, -0.19919309), (0.2012741, -0.17721939), (0.22585812, -0.13028048), (0.25853655, -0.08767223), (0.32646194, -0.085819885), (0.40446952, -0.07591036), (0.4746815, -0.0659032), (0.5179525, -0.059275027), (0.56086934, -0.048767183), (0.6126654, -0.03046472), (0.8482354, 0.11647461), (0.8578166, 0.16577335), (0.938824, 0.20801318), (0.9791037, 0.24699044), (1.0423576, 0.27419809), (1.2466203, 0.2762591), (0.7857359, 0.13230921), (0.6909785, 0.02920511), (0.65291286, 0.029615019), (0.69228417, 0.072826415), (0.73490983, 0.10106297), (1.0025047, 0.32164982), (0.6834234, 0.3551696), (-0.09165922, 0.33478686), (-0.06317646, 0.33578822), (-0.029990066, 0.33691806), (0.019318167, 0.33901948), (0.061506532, 0.3414631), (0.10130011, 0.34469503), (0.15352868, 0.3508777), (0.21033184, 0.35959652), (0.272219, 0.37119737), (0.34731793, 0.3877057), (0.42312074, 0.4068309), (0.4829336, 0.4231506), (0.52465445, 0.43393046), (0.5721065, 0.44466817), (0.62464297, 0.4549146), (0.6804307, 0.4662061), (-0.10895563, 0.38174862), (-0.07718698, 0.3822004), (-0.05073022, 0.38218647), (-0.00094536133, 0.38239256), (0.046101276, 0.38281417), (0.07955164, 0.3826873), (0.12431161, 0.38558185), (0.17986576, 0.3925423), (0.23580435, 0.40256968), (0.30454215, 0.41855693), (0.3836397, 0.4414726), (0.4548464, 0.46641323), (0.5047449, 0.48481622), (0.5526833, 0.5003901), (0.6109312, 0.5153573), (0.67222995, 0.525581), (0.72373116, 0.53047436), (0.7364326, 0.48833486), (0.75758207, 0.47046956), (0.743383, 0.4371752), (0.73179424, 0.41598478), (-0.13231455, 0.4557921), (-0.0922531, 0.45256168), (-0.0642918, 0.4460809), (-0.019086253, 0.4395326), (0.032664306, 0.43426415), (0.06644905, 0.42871448), (0.10083502, 0.42538106), (0.15014024, 0.42776105), (0.20529959, 0.43538344), (0.2616984, 0.4473142), (0.3353803, 0.46730652), (0.4132907, 0.49276176), (0.47703457, 0.51647824), (0.5235456, 0.53476036), (0.5843175, 0.55819434), (0.6603734, 0.5831495), (0.7333029, 0.59702104), (-0.17385745, 0.52596515), (-0.11230156, 0.530472), (-0.07622583, 0.52286744), (-0.03388165, 0.51016474), (0.025453225, 0.50272614), (0.060633868, 0.49288744), (0.08612522, 0.4829214), (0.12718964, 0.4773327), (0.17868435, 0.47684062), (0.22933632, 0.4802858), (0.2894543, 0.49033758), (0.3644596, 0.5097525), (0.43684313, 0.5339982), (0.4927241, 0.5563342), (0.5423277, 0.5788724), (0.6324026, 0.6173726), (-0.24073526, 0.5991138), (-0.14824305, 0.6386986), (-0.08399916, 0.66943663), (-0.03982806, 0.6003341), (0.030411065, 0.59979033), (0.06328623, 0.5751772), (0.081210166, 0.5547432), (0.114389166, 0.542501), (0.16093862, 0.5369595), (0.21086557, 0.53623044), (0.25852224, 0.53899854), (0.32443416, 0.55174387), (0.39803636, 0.57391125), (0.46128854, 0.59998155), (0.5079093, 0.6275088), (0.56564015, 0.6789503), (0.09769732, 0.93185496), (0.09940407, 0.92332554), (0.08858392, 0.807062), (0.053576834, 0.72805464), (0.084727935, 0.751728), (0.07363942, 0.693257), (0.09404609, 0.7277845), (0.085693605, 0.6622472), (0.11630407, 0.7178358), (0.112756476, 0.63553345), (0.15123105, 0.7109944), (0.15399802, 0.6204679), (0.19514431, 0.70566255), (0.20154019, 0.6131087), (0.23758382, 0.7000875), (0.24326822, 0.6078949), (0.277665, 0.6933478), (0.29629502, 0.61062837), (0.34042013, 0.699183), (0.36578074, 0.62620413), (0.40764895, 0.7151581), (0.43222886, 0.65039027), (0.46178797, 0.7394713), (0.48279947, 0.67896324), (0.50095946, 0.77070403), (0.5177454, 0.7129841), (0.52621746, 0.7989118), (0.5460662, 0.76069105), (0.5516565, 0.83500177), (0.10454364, 0.9115664), (0.10090218, 0.85755926), (0.10217042, 0.8136385), (0.11172736, 0.7903836), (0.12740305, 0.776068), (0.15057871, 0.76182246), (0.18369658, 0.7532038), (0.22401412, 0.7554594), (0.26021805, 0.75812227), (0.31128815, 0.76325727), (0.3826034, 0.77608645), (0.43764234, 0.7822765), (0.4775793, 0.8142291), (0.51068187, 0.8524443), (0.111901745, 0.90265656), (0.1094168, 0.88387764), (0.11338788, 0.86251885), (0.14794004, 0.8864861), (0.15973262, 0.8846595), (0.17110938, 0.8836471), (0.18150309, 0.8139382), (0.20952144, 0.8038946), (0.24332792, 0.80213904), (0.2774135, 0.79614556), (0.3429315, 0.808744), (0.42872897, 0.83902264), (0.73181546, 0.6394743), (0.7887519, 0.6887244), (0.037923813, -0.27406928), (0.9065272, 0.81887686), (0.935832, 0.9333747), (0.9381109, 0.92014205), (0.76830226, 1.0313231), (0.7703813, 0.9674959), (0.72696537, 0.99921066), (0.8560107, 0.9601521), (0.8560663, 0.94023114), (0.82309014, 0.94657683), (0.8836629, 0.9600837), (0.88813597, 0.93866545), (0.7228976, 1.0534476), (0.73012847, 1.0323957), (0.6974891, 1.0682641), (0.7490263, 1.0690225), (0.75576925, 1.0855273), (0.8726148, 0.97756755), (0.894398, 0.97606176), (0.7953776, 0.95037335), (0.8061794, 0.98060644), (0.68340605, 1.0480698), (0.7210157, 1.0824987), (0.65510786, 1.0408872), (0.6742775, 1.0534662), (0.66968155, 1.0331744), (0.663594, 1.0379211), (0.6975832, 1.030737), (0.6856557, 1.0024519), (0.65679467, 1.0143982), (0.841159, 0.97773075), (0.85610014, 1.0044345), (0.8221841, 1.0253233), (0.7887549, 1.0673863), (0.91146713, 0.9677163), (0.9058751, 0.95271164), (0.6462322, 1.0271069), (0.6183891, 1.0166291), (0.6380812, 1.0295626), (0.9309915, 0.95694274), (0.6228945, 1.0093367), (0.60117537, 1.0063621), (0.9163372, 0.9425124), (0.9330322, 0.9482865), (0.47980964, 0.86185265), (0.370637, 0.8420187), (0.18750958, 0.88310546), (0.20243077, 0.8832601), (0.23113611, 0.8844113), (0.25939113, 0.88497806), (0.3035918, 0.83755535), (-0.6069763, 0.7951985), (-0.6253733, 0.8511566), (-0.6132752, 0.85362786), (0.12081808, 0.89607286), (-0.60470694, 0.8559641), (-0.59556186, 0.85920346), (-0.5727497, 0.8107922), (-0.57981515, 0.793855), (-0.17339434, 0.8981456), (-0.13983785, 0.916996), (-0.13647227, 0.87103224), (-0.17721514, 0.8509817), (-0.13408105, 0.82811075), (-0.18560588, 0.807767), (-0.13587809, 0.7852352), (-0.20076934, 0.7674257), (-0.14463991, 0.7428835), (-0.2203424, 0.7319388), (-0.16279712, 0.7081116), (-0.124504805, 0.9455357), (-0.11568721, 0.90060353), (-0.10500553, 0.86042017), (-0.09517274, 0.8234124), (-0.102304436, 0.77472115), (-0.10994394, 0.72079074), (-0.108010225, 0.9749884), (-0.096869454, 0.93148404), (-0.08918498, 0.8939382), (-0.034536377, 0.8801805), (0.094026744, 0.94800216), (-0.09726286, 1.0049144), (-0.08920131, 0.9647948), (-0.050682887, 0.9369471), (0.021319423, 0.93004996), (0.092357956, 0.95209867), (-0.092599705, 1.0379864), (-0.073480465, 0.9987415), (0.018633988, 1.0038195), (0.06384091, 0.98305184), (0.084376164, 0.9651502), (-0.09126122, 1.0825068), (-0.05593269, 1.0347577), (0.009757842, 1.007064), (0.02708574, 1.0006255), (0.057827756, 0.9866463), (0.069265634, 0.97936535), (0.08060116, 0.9694949), (-0.23345537, 0.69458187), (0.27821064, -1.1397415), (0.27449602, -1.1404878), (0.2769407, -1.1367503), (0.27135888, -1.1324996), (0.26567134, -1.1287769), (0.27462366, -1.1282355), (0.2682234, -1.1358505), (0.26745597, -1.1416758), (0.2620084, -1.1373006), (0.27437913, -1.1448041), (0.26806006, -1.1495291), (0.27080008, -1.1438993), (0.2801129, -1.1442605), (0.27603588, -1.152923), (0.26777586, -1.1608571), (0.26063067, -1.1556274), (0.258888, -1.1463627), (0.25678015, -1.1317588), (0.25470993, -1.1389831), (0.2627348, -1.1195229), (0.27091876, -1.1196331), (0.27860335, -1.122311), (0.28497317, -1.1321694), (0.27871865, -1.1116029), (0.2647008, -1.1067444), (0.2581721, -1.1247665), (0.25388893, -1.117261), (0.25152767, -1.1262306), (0.24818155, -1.1340548), (0.24736488, -1.145079), (0.2512681, -1.155569), (0.25676063, -1.1653546), (0.2658503, -1.1747407), (0.27865827, -1.1661676), (0.28675336, -1.1512834), (0.2407834, -1.1539885), (0.2390089, -1.147026), (0.24243566, -1.1661917), (0.25168937, -1.1781856), (0.26012173, -1.1893233), (0.2788994, -1.1872307), (0.29553774, -1.1684915), (0.30423138, -1.1422282), (0.23792055, -1.1387419), (0.24020979, -1.122897), (0.24505892, -1.1023403), (0.2820164, -1.0882422), (0.2917436, -1.1119198), (0.28355828, -1.1195928), (0.30235803, -1.1214627), (0.3171404, -1.0958868), (0.2575976, -1.0861524), (0.26282528, -1.0594252), (0.23058017, -1.0708569), (0.22060496, -1.106984), (0.2220714, -1.1323386), (0.2296346, -1.1499652), (0.23433897, -1.1594418), (0.31260785, -1.1229523), (0.18785664, -1.0370272), (0.24170172, -1.0056266), (0.1864253, -1.0844642), (0.19307476, -1.1228718), (0.20749028, -1.1493274), (0.22401802, -1.1671509), (0.2365671, -1.1820844), (0.24717468, -1.1901926), (0.25129306, -1.1998392), (0.26445895, -1.2043618), (0.28132418, -1.2083389), (0.3035846, -1.1960438), (0.3190878, -1.1649624), (0.32620445, -1.1308781), (0.33643785, -1.1105214), (0.34835294, -1.0900978), (0.3517668, -1.0344926), (0.29694295, -1.0390595), (0.13735119, -1.1079592), (0.17377722, -1.1477467), (0.19725074, -1.1716307), (0.21692303, -1.1883336), (0.2352818, -1.2006434), (0.32600608, -1.1887485), (0.3200418, -1.2042006), (0.33704886, -1.1722964), (0.33879772, -1.1517123), (0.3533249, -1.1239024), (0.3817065, -1.0803531), (0.12651242, -0.95826316), (0.3150105, -0.9357311), (0.22689694, -0.9023109), (0.26905262, -0.823889), (0.388769, -0.8823263), (0.40191117, -0.96949095), (0.39606458, -1.025796), (0.24838236, -1.2137185), (0.26494575, -1.2257668), (0.29270375, -1.2260462), (0.31164545, -1.2154025), (0.16453351, -1.1759282), (0.137009, -1.1732281), (0.13333023, -1.1518501), (0.16681059, -1.196196), (0.14587519, -1.1896857), (0.19058453, -1.1965128), (0.21388668, -1.2087339), (0.22988419, -1.2190822), (0.24227306, -1.2306916), (0.25118583, -1.2428991), (0.2704613, -1.2506584), (0.29852772, -1.2494403), (0.31456777, -1.2323409), (0.32637343, -1.2171389), (0.33194298, -1.2028602), (0.34318215, -1.1903585), (0.35739312, -1.1643215), (0.3828365, -1.133253), (0.17516337, -1.2095999), (0.15528765, -1.2075242), (0.19348998, -1.2206975), (0.21354774, -1.2243556), (0.22365297, -1.234449), (0.2330948, -1.2461933), (0.24307987, -1.2594484), (0.25406015, -1.2755362), (0.18451263, -1.2395478), (0.17696647, -1.2520832), (0.16515426, -1.2430664), (0.2050045, -1.237461), (0.21600719, -1.2473129), (0.19624466, -1.256508), (0.22012584, -1.2606248), (0.20318522, -1.2740215), (0.22568576, -1.2779254), (0.20094106, -1.2899386), (0.16719939, -1.225418), (0.2353858, -1.2884365), (0.17494763, -1.2639326), (0.16903009, -1.2752808), (0.15861544, -1.2682506), (0.15516326, -1.2799414), (0.141969, -1.2725247), (0.16511357, -1.2834777), (0.16220967, -1.2562991), (0.14897056, -1.2486972), (0.18432368, -1.2738763), (0.17461973, -1.281458), (0.16915743, -1.2876295), (0.15693656, -1.2927297), (0.13834915, -1.2870194), (0.13670404, -1.3051568), (0.120675504, -1.2975291), (0.12714073, -1.321637), (0.11633478, -1.3157457), (0.14403857, -1.3179954), (0.1341026, -1.3283702), (0.18279912, -1.3145281), (0.19282064, -1.3204623), (0.14692953, -1.3363229), (0.16464446, -1.3118886), (0.15513405, -1.305287), (0.16392136, -1.3043839), (0.1718125, -1.3008112), (0.18431708, -1.3023525), (0.18261687, -1.2928866), (0.18863177, -1.2832657), (0.20207705, -1.3110563), (0.20056346, -1.302832), (0.21778677, -1.2941507), (0.22862244, -1.3006145), (0.21310256, -1.3037459), (0.21523578, -1.3094307), (0.20619452, -1.3145131), (0.22626811, -1.3092564), (0.24867868, -1.2926337), (0.24138862, -1.3052186), (0.23103863, -1.313655), (0.2665356, -1.2852422), (0.26359347, -1.2991222), (0.24784386, -1.3147148), (0.23534864, -1.3257641), (0.22418968, -1.321524), (0.22696105, -1.3322572), (0.21500078, -1.3295785), (0.2221325, -1.3357245), (0.21134469, -1.3347651), (0.28339243, -1.2706836), (0.28106838, -1.2868751), (0.26860872, -1.3088301), (0.28738284, -1.2980694), (0.1978483, -1.3380231), (0.2137125, -1.3374597), (0.21026616, -1.339728), (0.22591986, -1.3386258), (0.23203313, -1.3352078), (0.24016482, -1.3373331), (0.24419418, -1.3317457), (0.28606206, -1.3215841), (0.2868629, -1.3308114), (0.2782196, -1.3337294), (0.2515589, -1.3236257), (0.26296455, -1.3177503), (0.26609278, -1.3274289), (0.26853365, -1.336454), (0.25477168, -1.3394135), (0.27942017, -1.3134071), (0.30080733, -1.3175694), (0.30249262, -1.324274), (0.30314258, -1.3053337), (0.32392737, -1.3047923), (0.32293534, -1.3129963), (0.33097646, -1.2888774), (0.30978534, -1.2906736), (0.30260915, -1.2799164), (0.3208908, -1.2503828), (0.30626315, -1.263776), (0.32425073, -1.2670592), (0.3230705, -1.280003), (0.33551213, -1.2337776), (0.34439874, -1.2542177), (0.34630367, -1.2725855), (0.37187022, -1.2708918), (0.35149303, -1.279909), (0.864467, -0.7806959), (0.8712366, -0.68617016), (0.869977, -0.7356476), (0.35617217, -1.2869807), (0.34716213, -1.2950596), (0.8550516, -0.81989527), (0.77113503, -0.71464324), (0.86140734, -0.79564166), (0.36175513, -1.2338964), (0.76811963, -0.7510265), (0.8532331, -0.82579786), (0.8485533, -0.8395943), (0.8388866, -0.8635451), (0.3759152, -1.2663084), (0.38576135, -1.2543541), (0.3835894, -1.2140568), (0.34365153, -1.213101), (0.36224845, -1.1989828), (0.38320217, -1.1753601), (0.409029, -1.1476477), (0.4122691, -1.1025816), (0.4039759, -1.1901547), (0.40440682, -1.2284013), (0.740578, -0.7633537), (0.8295447, -0.8828097), (0.42122918, -1.2008313), (0.42279547, -1.171332), (0.72429544, -0.7803534), (0.8242582, -0.8924934), (0.13232237, -1.0471925), (0.14872128, -1.234927), (0.14683245, -1.260764), (0.2075068, -0.77398336), (0.12612906, -0.77897596), (0.12774295, -0.74719495), (0.26240227, -0.78103966), (0.2203982, -0.7585787), (0.31761336, -0.79769254), (0.2884908, -0.773212), (0.1549836, -0.7352528), (0.2509036, -0.7524393), (0.34877038, -0.7916157), (0.3219102, -0.7708723), (0.4051716, -0.81436914), (0.38274312, -0.7924249), (0.37865812, -0.8180616), (0.1277569, -0.83742386), (0.3542299, -0.82856375), (0.41839403, -0.77571386), (0.50176793, -0.8198757), (0.42026392, -0.78762805), (0.33501735, -0.74735045), (0.3483541, -0.7599187), (0.06777417, -0.7131259), (0.20136195, -0.7324845), (0.29375798, -0.75285524), (0.36436144, -0.77491575), (0.42591286, -0.801056), (0.26447538, -0.7362153), (0.12907138, -0.711543), (0.24737701, -0.72050184), (0.027217455, -0.6880048), (0.15681115, -0.6824419), (0.34527233, -0.7132895), (0.3475023, -0.7295736), (0.4005244, -0.75741446), (0.4743029, -0.7716278), (0.49316695, -0.78906476), (0.48418278, -0.7585206), (0.47369352, -0.7321117), (0.61104167, -0.7974866), (0.54253876, -0.8272418), (0.59619063, -0.82301974), (0.58025837, -0.8340704), (0.61361486, -0.8152047), (0.67282724, -0.8407011), (0.65861905, -0.86774206), (0.644865, -0.87310207), (0.6701253, -0.8575986), (0.6962309, -0.862707), (0.62725925, -0.8862603), (0.70839655, -1.0067824), (0.6519087, -0.89947087), (0.68223315, -0.8991656), (0.68476886, -0.92473793), (0.69062215, -0.88865566), (0.70665544, -0.8878288), (0.70855784, -0.9175358), (0.7018853, -0.9290279), (0.71450925, -0.9063677), (0.7240079, -0.9041723), (0.7413313, -0.9409881), (0.73280394, -0.94055253), (0.7272828, -0.92619294), (0.72353566, -0.9349254), (0.7182205, -0.9427078), (0.73054516, -0.94886434), (0.74120957, -0.9526466), (0.7512164, -0.9534759), (0.7546859, -0.9455059), (0.7604433, -0.95763785), (0.7700648, -0.962576), (0.729053, -0.91596234), (0.74067116, -0.9288015), (0.7076219, -0.8761778), (0.7308681, -0.89646584), (0.7385755, -0.9151058), (0.7529658, -0.9304782), (0.7662127, -0.9467142), (0.7537402, -0.91641164), (0.7674218, -0.9250479), (0.7639453, -0.9321341), (0.7697816, -0.9160701), (0.6534991, -0.7959661), (0.69930404, -0.83845645), (0.6777632, -0.7851227), (0.8191785, -0.90112835), (0.7319091, -0.87645715), (0.7527753, -0.90165406), (0.7780224, -0.90510154), (0.50878125, -1.0068802), (0.4181217, -1.0064267), (0.44814944, -0.9979405), (0.42761093, -1.0430189), (0.7674874, -0.9650224), (0.7588291, -0.96218234), (0.76563084, -0.9667491), (0.7640546, -0.968189), (0.76041555, -0.971438), (0.7759921, -0.9567146), (0.77568465, -0.9475145), (0.779505, -0.9530814), (0.7507808, -0.9625808), (0.7574459, -0.96787417), (0.7533091, -0.96899754), (0.7557104, -0.9754749), (0.49663165, -1.0227729), (0.72637486, -0.99682254), (0.71655864, -1.002556), (0.71448785, -0.96616125), (0.7297623, -0.96370935), (0.72851694, -0.9807896), (0.7375219, -0.9598152), (0.74929136, -0.9702123), (0.74413973, -0.9632083), (0.7418591, -0.97121966), (0.7367292, -0.97872627), (0.73415345, -0.9864511), (0.74991375, -0.9802061), (0.44861102, -1.0873331), (0.7293517, -0.9949457), (0.7455267, -0.9836132), (0.7404198, -0.9873976), (0.73566526, -0.99075097), (0.80185515, -0.92667353), (0.7977693, -0.93197525), (0.79506904, -0.9322592), (0.7932707, -0.9375488), (0.7900513, -0.9354632), (0.7893154, -0.9422373), (0.7846428, -0.9396294), (0.7839594, -0.9482889), (0.77976704, -0.9441696), (0.79247445, -0.92951673), (0.78559303, -0.93160063), (0.77921987, -0.93614364), (0.7756164, -0.94059944), (0.78994125, -0.9215672), (0.7773538, -0.927323), (0.77241695, -0.93375397), (0.77101237, -0.9415887), (0.77223504, -0.94928044), (0.7744538, -0.9582684), (0.77229923, -0.9541511), (0.43342182, -1.1371864), (0.4256381, -1.1191717), (0.4392377, -1.1662456), (0.46038562, -1.1174599), (0.48229298, -1.0549167), (0.4780118, -1.0681375), (0.46174943, -1.0975758), (0.45648366, -1.1272229), (0.4688815, -1.0948201), (0.8068196, -0.9198891), (0.80910265, -0.9166348), (0.27583754, -1.1336373), (0.77262616, -0.9600835), (0.72714573, -0.8021383), (-0.042728145, -0.66405934), (-0.01757653, -0.609765), (0.5789193, -0.74623936), (0.095379926, 0.94385505), (0.9444587, 0.88928574), (0.9487409, 0.8745119), (1.0619594, -0.54559606), (1.0549563, -0.54923654), (1.0462118, -0.5528055), (1.0472399, -0.5435916), (1.0284988, -0.5463908), (1.0294565, -0.5375385), (1.0032862, -0.53397536), (0.98572654, -0.51059014), (1.0213436, -0.52624977), (1.0435454, -0.53573006), (1.0689617, -0.5409421), (1.0463992, -0.5284073), (1.0727724, -0.5378073), (1.0501066, -0.5188059), (1.0784141, -0.5323897), (1.0562907, -0.50810164), (1.023683, -0.492849), (1.0319067, -0.4782689), (1.002709, -0.46499288), (0.9772906, -0.469803), (1.0127543, -0.5067792), (0.9725367, -0.5164171), (0.97106194, -0.48970062), (0.93395966, -0.48732078), (0.94756556, -0.47020128), (0.9206832, -0.4534895), (0.93711716, -0.44503608), (0.95202637, -0.44019976), (0.96845657, -0.4320091), (1.005593, -0.44205377), (1.0344845, -0.45683876), (1.0600225, -0.4921199), (1.0854686, -0.5251175), (0.8635889, -0.45470014), (0.88555425, -0.4365802), (0.90191317, -0.41874623), (0.9264109, -0.40810043), (0.94070774, -0.38433892), (0.9732187, -0.3914545), (1.0133458, -0.40775087), (1.0540682, -0.44721133), (1.0922741, -0.51735663), (-0.95638883, -0.61366284), (-0.9218072, -0.5890119), (-0.9112407, -0.5898976), (-0.9533742, -0.6163843), (0.9948491, -0.5639023), (0.9816414, -0.5661324), (0.9693968, -0.53209275), (0.9994062, -0.5482007), (1.0148128, -0.56074804), (1.0147151, -0.5497743), (1.0260986, -0.55849516), (0.9089036, -0.5067514), (0.8627447, -0.47734088), (0.8599507, -0.49479425), (0.9161212, -0.5335657), (-1.1645981, 0.11948697), (-1.2160345, 0.1189591), (-1.1934909, 0.1348622), (-1.1300455, 0.1508511), (-1.1365849, 0.17097622), (-1.257131, 0.11608727), (-1.2543734, 0.10484138), (-1.2924021, 0.07793075), (-1.3512121, 0.034946885), (1.1036319, 0.54014546), (1.1038738, 0.5216035), (1.079271, 0.5178722), (1.0670835, 0.4975742), (1.1102148, 0.48897892), (1.0571507, 0.47339004), (1.0223547, 0.47270513), (1.0483803, 0.51542467), (1.1050297, 0.5877573), (-1.2755715, 0.13005331), (-1.3552715, 0.09027675), (-1.3546973, 0.103808776), (-1.3529123, 0.12461214), (-1.2362365, 0.15797924), (1.0472149, 0.62076795), (1.102511, 0.66807663), (1.1036016, 0.6481537), (1.021222, 0.5437978), (0.98231703, 0.4821777), (0.9737865, 0.43663728), (1.0420395, 0.4326315), (0.98062086, 0.37855342), (-1.1743475, -0.28156292), (-1.1756178, -0.26291314), (-1.1463469, -0.30455738), (-1.1430849, -0.36080307), (-1.1269175, -0.36078632), (-1.1183299, -0.3845389), (-1.1352211, -0.38869843), (-1.1058091, -0.42185733), (-1.1673342, -0.30934888), (-1.1894909, -0.28163683), (-1.1993116, -0.28003338), (-1.2170376, -0.2619442), (-1.2159692, -0.26891634), (-1.1213678, -0.42363223), (-1.1429783, -0.40346813), (-1.1650289, -0.33674762), (-1.1463813, -0.3374139), (-1.2204021, -0.24986403), (-1.1238409, -0.49371517), (-1.1227895, -0.4959274), (-1.129049, -0.49155903), (-1.120835, -0.49035853), (-1.135378, -0.4867131), (-1.11136, -0.5030397), (-1.1051279, -0.49981838), (-1.0939387, -0.5079056), (-1.098234, -0.51045793), (-1.1511415, -0.38206017), (-1.1603149, -0.36190268), (-1.1772786, -0.33887282), (-1.1859928, -0.3076492), (-1.1248916, -0.4455608), (-1.1356715, -0.46977627), (-1.1140562, -0.48508716), (-1.1391941, -0.4448171), (-1.1238858, -0.46627107), (-1.1435984, -0.42180887), (-1.1057032, -0.47808295), (-1.0939342, -0.5000441), (-1.0135204, 0.39115757), (-1.1237673, 0.36278617), (-1.0597588, 0.39993024), (-1.0169209, 0.41925696), (-1.0631429, 0.4277873), (-1.0128604, 0.44239092), (-1.0499126, 0.4575696), (-1.0073192, 0.47172105), (-1.0278989, 0.4935247), (-0.96881, 0.4999325), (-0.987794, 0.54151607), (-0.9570844, 0.64863175), (-1.0012518, 0.6397234), (-1.0073724, 0.6745613), (-0.9567787, 0.70727074), (-0.89016604, 0.69080555), (-0.9023561, 0.64449126), (-1.1298498, 0.5209368), (-1.115909, 0.5636596), (-1.0751024, 0.54828376), (-1.1060339, 0.4983981), (-1.0517615, 0.5178682), (-1.0798601, 0.47628447), (-1.0277084, 0.56221807), (-1.1079954, 0.6133898), (-1.0746199, 0.6055626), (-1.034556, 0.60730505), (-0.97906405, 0.6101003), (-1.1119984, 0.64921176), (-1.0812432, 0.6468214), (-1.0425702, 0.6456815), (-1.1624607, 0.4804609), (-1.1424493, 0.45835218), (-1.1054198, 0.44424644), (-1.1509372, 0.3938586), (-1.1473521, 0.4175408), (-1.2514614, 0.41435745), (-1.2478594, 0.4307428), (-1.2619103, 0.38310513), (-1.255828, 0.3998476), (-1.1913213, 0.7199057), (-1.1884142, 0.72497886), (-1.1643862, 0.7155058), (-1.1861612, 0.73103786), (-1.1502439, 0.72449905), (-1.10911, 0.7187657), (-1.1282877, 0.7051883), (-1.1472465, 0.69901687), (-1.1692847, 0.70722353), (-1.1637906, 0.69598687), (-1.0300101, 0.73508537), (-1.0610677, 0.7041115), (-1.0930432, 0.7581895), (-1.0940334, 0.6923015), (-1.1208988, 0.68673426), (-1.1443602, 0.6844056), (-1.0620598, 0.67292154), (-1.0973407, 0.67038256), (-1.1256152, 0.66948587), (-1.0719775, -0.4632094), (-1.089984, -0.4119094), (-1.0612825, -0.4447816), (-1.0395845, -0.482082), (-1.0351981, -0.4546735), (-1.0097396, -0.5005974), (-1.0014603, -0.4704299), (-0.99186873, -0.5310486), (-0.97138196, -0.48792726), (-1.1412827, -0.2705115), (-1.1151656, -0.31245223), (-1.1102849, -0.2721253), (-1.0825182, -0.3144787), (-1.0798963, -0.2697253), (-1.0463914, -0.31375107), (-1.0435487, -0.2668859), (-1.0054779, -0.31214303), (-0.99263424, -0.27133614), (-0.96638584, -0.31140676), (-1.1611012, -0.23490016), (-1.133618, -0.22982974), (-1.1146399, -0.2178448), (-1.0793613, -0.21019171), (-1.2461985, -0.20208915), (-1.1908501, -0.23680504), (-1.2058076, -0.20110305), (-1.2044142, -0.1859194), (-1.2851039, -0.14287823), (-1.0707225, -0.51644236), (-1.0679268, -0.5280117), (-1.080109, -0.5207055), (-1.2555748, -0.18800278), (-1.2714444, -0.16427816), (-1.2776903, -0.15466839), (-1.1061887, -0.37738627), (-1.0006624, -0.41005018), (-0.96600085, -0.40464786), (-1.0377694, -0.40031576), (-1.0756806, -0.39271623), (-1.116887, -0.34752294), (-0.9671767, -0.34457818), (-1.0045632, -0.35096705), (-1.0434452, -0.3526419), (-1.0812093, -0.35105905), (-1.0812773, -0.50849557), (-1.0225018, -0.54864466), (-1.0042237, -0.5899728), (-1.0373243, -0.5542224), (-1.0397414, -0.5250241), (-1.0417432, -0.54819286), (-1.0604278, -0.5099721), (-1.0570799, -0.5351967), (-1.2370275, -0.21654753), (-1.2261068, -0.2363122), (-1.0971092, -0.463558), (-1.081915, -0.495988), (-1.0710632, -0.48764038), (-1.0078242, -0.5522728), (-0.99740547, -0.5926926), (-1.0229362, -0.5160702), (-0.99300736, -0.57685757), (-1.0492438, -0.49833965), (-0.98577225, -0.58199126), (-0.9781656, -0.5732778), (-0.9830212, -0.5983574), (-0.9678213, -0.53239197), (-0.9426888, -0.5043423), (-0.94518656, -0.46475485), (-0.91876715, -0.43987736), (-0.93456274, -0.38332617), (-0.901544, -0.36098763), (-0.9302132, -0.3314641), (-0.88625056, -0.3140915), (-0.9332645, -0.28990036), (-0.8717502, -0.26436564), (-0.98037726, -0.22860591), (-0.9145867, -0.20189434), (-1.2962228, -0.12406638), (-0.9760229, -0.14901628), (-0.95470476, -0.54508835), (-0.9808523, -0.5992761), (-0.9164156, -0.47899097), (-0.88945776, -0.41156298), (-0.8638898, -0.3418605), (-0.8308787, -0.2975734), (-0.7873236, -0.24299265), (-0.79630435, -0.1893152), (-0.8292, -0.14838564), (-0.9906502, -0.5953031), (-0.99461997, -0.59376955), (-0.98646, -0.59695345), (-0.94633013, -0.55322725), (-0.8228534, -0.3291435), (-0.8573722, -0.38122538), (-0.889323, -0.46011904), (-0.9232583, -0.5063171), (-0.70651984, -0.16379221), (-0.6977026, -0.2204369), (-0.76580775, -0.282081), (-0.0490311, -0.48101544), (-0.07335405, -0.4166373), (-0.10911535, -0.4907478), (-0.14615172, -0.42266336), (-0.21647628, -0.50098103), (-0.25368157, -0.4390973), (-0.32445928, -0.5125636), (-0.34718874, -0.4649252), (-0.40959686, -0.52211374), (-0.42938045, -0.48941815), (-0.46798614, -0.5266757), (-0.48902613, -0.50590444), (-0.5357722, -0.5370548), (-0.56442004, -0.52309453), (-0.60840946, -0.5520077), (-0.65337676, -0.544571), (-0.69650877, -0.57246), (-0.79110533, -0.578445), (-0.82831293, -0.604396), (-0.894442, -0.61031395), (-0.90254605, -0.62541074), (-0.9423474, -0.6303362), (0.9081453, -0.5932521), (0.86950386, -0.5423435), (0.93364024, -0.5791276), (0.8536384, -0.55361336), (0.8184196, -0.5115756), (-0.09477356, -0.6137055), (-0.07001985, -0.54635), (0.8804825, -0.63038105), (0.84535074, -0.56728923), (0.89271176, -0.60842955), (-0.8836264, -0.69181764), (-0.9277517, -0.67506695), (-0.93176895, -0.65652555), (-0.7854165, -0.68547934), (-0.8753815, -0.6400914), (-0.7043088, -0.6761455), (-0.7426967, -0.6105096), (-0.6431767, -0.6614377), (-0.65307325, -0.589516), (-0.58512497, -0.64409757), (-0.58497345, -0.57350534), (-0.51554024, -0.6348259), (-0.5166814, -0.56105244), (-0.44113976, -0.6091609), (-0.45716298, -0.55702585), (-0.34833682, -0.6137148), (-0.38221213, -0.55783254), (-0.21837379, -0.6149049), (-0.28356785, -0.55433106), (-0.1491782, -0.5517109), (0.8352975, -0.5018244), (-0.066362895, -0.31618544), (-0.137637, -0.3161175), (-0.099431954, -0.35458094), (-0.22977062, -0.31887868), (-0.19134475, -0.36149743), (-0.3088465, -0.33142817), (-0.2788802, -0.38111544), (-0.3863316, -0.364165), (-0.36132824, -0.41022253), (-0.4478474, -0.40791553), (-0.43537483, -0.44578528), (-0.51906127, -0.44604704), (-0.5111881, -0.48297477), (-0.596212, -0.479767), (-0.60599554, -0.512743), (-0.7119023, -0.528104), (-0.86239326, -0.57595354), (-0.7483572, -0.5536164), (-0.8842464, -0.5948436), (0.95491964, -0.5720534), (0.891193, -0.5350894), (-0.9472943, -0.6231094), (-0.9360424, -0.643382), (-0.46509248, -0.37205434), (-0.40751353, -0.3338298), (-0.533482, -0.41838095), (-0.6452268, -0.47478348), (-0.83577216, -0.5526459), (-0.32342222, -0.29283726), (-0.28714377, -0.2759445), (-0.2638095, -0.29330745), (-0.8752469, -0.5550183), (-0.9642189, -0.607892), (-0.9007131, -0.5541802), (-0.71932745, -0.47102422), (-0.7633246, -0.45792052), (-0.56403184, -0.39790368), (-0.60979646, -0.37274858), (-0.4845847, -0.34200597), (-0.5084332, -0.32455847), (-0.42652893, -0.3165347), (-0.44387832, -0.30255482), (-0.37638244, -0.30206767), (-0.38983902, -0.2886805), (-0.33735174, -0.279428), (-0.34565756, -0.31316194), (-0.041246638, -0.29520586), (-0.09718424, -0.29474202), (-0.17629738, -0.29345533), (-0.9741784, -0.602332), (-0.92509216, -0.5411153), (-0.91441953, -0.54487246), (-0.063807696, -0.27218917), (-0.016442895, -0.2737598), (-0.115720175, -0.2685666), (-0.17908598, -0.26211718), (-0.22545594, -0.25221217), (-0.273969, -0.24711953), (-0.33796152, -0.25478837), (-0.39718837, -0.27072653), (-0.46285886, -0.28930232), (-0.5382099, -0.31277874), (-0.65181166, -0.3400279), (-0.78943527, -0.43440053), (-0.977299, -0.6008536), (-0.8275439, -0.4034057), (0.009487038, -0.25235724), (-0.67749345, -0.30885014), (-0.50728565, -0.27647266), (-0.39909735, -0.24263547), (-0.3422453, -0.22363164), (-0.28214294, -0.21124601), (-0.2130322, -0.20163327), (-0.16515355, -0.21763648), (-0.11814557, -0.23246492), (-0.07409428, -0.24320553), (-0.033832207, -0.24898763), (-0.031693246, -0.16455905), (-0.05101413, -0.06669462), (-0.078363895, -0.12975273), (-0.08890767, -0.038134042), (-0.1193577, -0.10045268), (-0.12652183, -0.005696295), (-0.14811906, -0.0731259), (-0.15934348, 0.008557972), (-0.17784905, -0.07859719), (-0.19485603, 0.007304888), (-0.21693274, -0.08347803), (-0.23897506, -0.0007419996), (-0.26820233, -0.09442423), (-0.28884214, -0.015704159), (-0.320189, -0.10846461), (-0.3366149, -0.030982245), (-0.36549133, -0.12246804), (-0.37951803, -0.03846776), (-0.4193887, -0.1305694), (-0.432437, -0.03650573), (-0.4888329, -0.118016005), (-0.486871, -0.026861463), (-0.53710353, -0.0880367), (-0.54682165, -0.019672971), (-0.6029884, -0.08683841), (-0.6248209, -0.018252976), (-0.69539374, -0.07689263), (-0.74114424, -0.01970296), (-0.8694619, -0.07504341), (-0.95244414, -0.027688872), (-1.3132752, -0.09107214), (-1.3268372, -0.058720756), (1.1031228, 0.39138082), (1.1284441, 0.4389191), (1.0501119, 0.3622307), (-0.06659717, 0.053849213), (-0.07948365, 0.14914568), (-0.10253126, 0.074948356), (-0.11549007, 0.16113587), (-0.13818726, 0.088949755), (-0.1506541, 0.16708757), (-0.1730927, 0.09404622), (-0.18756555, 0.16811249), (-0.21237692, 0.09304185), (-0.22984798, 0.16609754), (-0.25905693, 0.088257015), (-0.2744395, 0.16159101), (-0.30734035, 0.079339236), (-0.323217, 0.15570563), (-0.3512158, 0.07021371), (-0.3649355, 0.14985669), (-0.3940482, 0.06364924), (-0.40772247, 0.14495757), (-0.44507986, 0.061461054), (-0.45450598, 0.1402419), (-0.4962523, 0.059487548), (-0.5068462, 0.13418187), (-0.56358916, 0.055412937), (-0.5794686, 0.12662628), (-0.6508127, 0.04773523), (-0.67217404, 0.11623271), (-0.78326434, 0.036241353), (-0.8085919, 0.10190661), (-0.9855075, 0.024400907), (-0.9984754, 0.078607), (-1.3432103, -0.004176842), (-0.09241643, 0.23777425), (-0.10690305, 0.29727265), (-0.12687519, 0.24152398), (-0.14373052, 0.2971164), (-0.16325107, 0.24153838), (-0.18395141, 0.29639035), (-0.2028901, 0.23883888), (-0.22590086, 0.2954488), (-0.24611016, 0.23463312), (-0.26356056, 0.29314846), (-0.29250878, 0.22892246), (-0.3159748, 0.28953087), (-0.3388695, 0.22322254), (-0.35843918, 0.2834336), (-0.37896302, 0.21722831), (-0.39543816, 0.27637893), (-0.4206656, 0.2112605), (-0.43187726, 0.2685074), (-0.46283185, 0.20410812), (-0.47159934, 0.25989863), (-0.5180155, 0.19653293), (-0.5297279, 0.2521999), (-0.5930309, 0.18851075), (-0.60403603, 0.24509825), (-0.6866077, 0.17920822), (-0.6938526, 0.23861165), (-0.8166174, 0.16867508), (-0.80694497, 0.23454538), (-0.9852468, 0.15432483), (-0.92783624, 0.23661196), (-0.78254586, -0.31389755), (-0.6898682, -0.272836), (0.037012782, -0.2326072), (-0.0042258324, -0.22181019), (-0.04454167, -0.21983753), (-0.07562571, -0.2010136), (-0.11756178, -0.17816846), (-0.15985498, -0.14725913), (-0.19854547, -0.137531), (-0.24246551, -0.15480316), (-0.30172893, -0.16783084), (-0.35292557, -0.18299836), (-0.40720233, -0.20059744), (-0.51334053, -0.21533874), (1.1368815, -0.4157273), (1.1086062, -0.493504), (1.0970637, -0.5112762), (1.1284522, 0.3570986), (1.1642157, 0.37503576), (1.1749839, 0.3619695), (1.1114036, 0.32015577), (1.1931189, 0.34121734), (-1.0225068, -0.58000386), (-1.3027242, -0.11220801), (-0.9666009, -0.11465965), (-0.6627006, -0.12549278), (-0.5928988, -0.16715285), (-0.77005404, -0.11931838), (-0.9611501, -0.6099659), (-0.1264752, 0.3333454), (-0.16915004, 0.33126038), (-0.21349679, 0.3289469), (-0.2523492, 0.32621592), (-0.2945055, 0.32347292), (-0.34623867, 0.3219541), (-0.3859442, 0.3200049), (-0.4187949, 0.3179792), (-0.4470245, 0.3142415), (-0.4860272, 0.30766267), (-0.544834, 0.30212024), (-0.6159639, 0.29748356), (-0.6983527, 0.2946018), (-0.7914076, 0.2956151), (-0.8817694, 0.30275115), (-0.15269546, 0.3789408), (-0.20212233, 0.37508163), (-0.24633454, 0.3702922), (-0.27708232, 0.36344934), (-0.333693, 0.35893157), (-0.37895092, 0.3541852), (-0.41367915, 0.3490471), (-0.43970743, 0.3434744), (-0.4689065, 0.33907095), (-0.51474136, 0.33785525), (-0.573933, 0.3400363), (-0.6395019, 0.34231266), (-0.7126307, 0.34398875), (-0.79144865, 0.34742054), (-0.87014526, 0.35239443), (-0.95731705, 0.312598), (-0.9312123, 0.35717702), (-1.0474762, 0.17574294), (-0.9946669, 0.2580849), (-1.0296811, 0.21229677), (-0.18885511, 0.4548704), (-0.24225208, 0.45306128), (-0.27613696, 0.44577175), (-0.32462764, 0.42928258), (-0.3755039, 0.4095038), (-0.4115406, 0.39403844), (-0.437293, 0.3817242), (-0.45826617, 0.37190083), (-0.49221316, 0.36637676), (-0.54446995, 0.3653021), (-0.60707766, 0.36722928), (-0.6760356, 0.37152308), (-0.74812776, 0.37771758), (-0.820846, 0.38531867), (-0.8915811, 0.3900623), (-0.9474511, 0.38415), (-0.24326234, 0.5239566), (-0.29120705, 0.5253244), (-0.33077434, 0.5190406), (-0.38366088, 0.5060435), (-0.41709384, 0.4860452), (-0.4402894, 0.4567302), (-0.45557678, 0.42416832), (-0.47844657, 0.4063532), (-0.5179889, 0.39800462), (-0.57236487, 0.39589253), (-0.63610154, 0.39786842), (-0.7060306, 0.40271497), (-0.780044, 0.40922612), (-0.859256, 0.41571411), (-0.955626, 0.4186821), (-0.30675617, 0.6004432), (-0.36826754, 0.6344791), (-0.41801804, 0.5892507), (-0.4411727, 0.56086737), (-0.45491645, 0.53577685), (-0.46278462, 0.5113808), (-0.4754135, 0.48616895), (-0.5013678, 0.45864597), (-0.54418105, 0.4397065), (-0.5986893, 0.4326587), (-0.661702, 0.43257493), (-0.7305084, 0.4370304), (-0.8041745, 0.4444303), (-0.8838933, 0.45351422), (-0.9581665, 0.46404272), (-0.49114218, 0.7638088), (-0.52018875, 0.7799762), (-0.5492374, 0.8976912), (-0.47992846, 0.6650873), (-0.50762475, 0.7202573), (-0.48124295, 0.60336834), (-0.5031568, 0.64578766), (-0.4820119, 0.5735275), (-0.50518805, 0.608104), (-0.48632163, 0.55026907), (-0.51332295, 0.5859777), (-0.5000264, 0.53097), (-0.5315004, 0.5696564), (-0.528541, 0.51465446), (-0.560826, 0.5557245), (-0.5709826, 0.5001436), (-0.60065675, 0.5449496), (-0.6239601, 0.48518178), (-0.6495269, 0.537924), (-0.6841259, 0.4774257), (-0.7038377, 0.5355497), (-0.7489157, 0.4793861), (-0.76068413, 0.54040265), (-0.81778556, 0.48790386), (-0.81956047, 0.5529464), (-0.8926831, 0.50290555), (-0.8725987, 0.57335764), (-0.92805815, 0.53926224), (-0.92151946, 0.5992322), (-0.5331506, 0.79187423), (-0.55565387, 0.88631546), (-0.5250789, 0.7504457), (-0.5250632, 0.7075915), (-0.5307222, 0.6541825), (-0.5436158, 0.6252982), (-0.56601655, 0.6069106), (-0.5975208, 0.5928908), (-0.63555497, 0.58108693), (-0.6777651, 0.5742229), (-0.72207797, 0.57438976), (-0.76821023, 0.58749163), (-0.82052577, 0.60050845), (-0.8661788, 0.6135666), (-0.545722, 0.803099), (-0.563636, 0.87768584), (-0.54657483, 0.7806192), (-0.5509162, 0.7546522), (-0.55953443, 0.7264986), (-0.5769971, 0.6916116), (-0.6011704, 0.6480215), (-0.63555396, 0.62671787), (-0.6722921, 0.61171764), (-0.70740217, 0.60265994), (-0.7371502, 0.60024315), (-0.7587011, 0.61402893), (-0.972884, 0.3940517), (-0.93713796, 0.6268216), (-1.2708026, 0.36179006), (-1.1831499, 0.70614856), (-1.1540781, 0.64413816), (-1.1348301, 0.6532363), (-1.134144, 0.627524), (-1.1644067, 0.5564122), (-1.1429957, 0.5600255), (-1.1515805, 0.53832275), (-1.1859206, 0.52815557), (-1.1729056, 0.5064849), (-1.1600789, 0.6112899), (-1.1735455, 0.63309157), (-1.1848577, 0.62981087), (-1.183226, 0.6439392), (-1.1956664, 0.6368903), (-1.2010866, 0.5006255), (-1.2144579, 0.51354194), (-1.1732274, 0.58018893), (-1.1417464, 0.5849753), (-1.1736394, 0.65864664), (-1.1892844, 0.6564739), (-1.1916047, 0.6741734), (-1.2034124, 0.663241), (-1.1752619, 0.6792087), (-1.1625627, 0.68476164), (-1.1520244, 0.66877115), (-1.2030045, 0.5326766), (-1.1931092, 0.55278444), (-1.1951712, 0.5771142), (-1.1874899, 0.60707086), (-1.2249988, 0.4835255), (-1.2154552, 0.6905549), (-1.1949943, 0.6910173), (-1.2537974, 0.479395), (-1.241491, 0.48656082), (-1.2474061, 0.46417508), (-1.2314097, 0.49989495), (-1.2075659, 0.70016706), (-1.2028426, 0.7055653), (-1.2461342, 0.45265436), (-1.1799046, 0.69399583), (-1.2026633, 0.47552693), (-1.1955663, 0.7141099), (-0.84006196, 0.6474544), (-0.79003483, 0.62233114), (-0.73636657, 0.6236911), (-0.60539544, 0.7450865), (-0.5931963, 0.7582138), (-0.64132273, 0.7192033), (-0.6738726, 0.65244174), (-0.70702356, 0.634757), (-0.58690536, 0.7746659), (-0.5724177, 0.87103426), (-0.17131035, 0.9481749), (-0.21908343, 0.94244474), (-0.20591937, 0.9862932), (-0.23099484, 0.88842756), (-0.2451848, 0.84158915), (-0.26323056, 0.8014533), (-0.2834843, 0.7660757), (-0.3014925, 0.73614657), (-0.3101202, 0.6978447), (-0.27959338, 0.94260615), (-0.2625629, 1.0102578), (-0.29574272, 0.8867636), (-0.3130017, 0.8428842), (-0.33103225, 0.8078642), (-0.3474431, 0.7788994), (-0.3568259, 0.7550491), (-0.34847993, 0.7149159), (-0.33386412, 0.94523716), (-0.31971434, 1.0022722), (-0.34784526, 0.8922863), (-0.36102492, 0.8528112), (-0.37118316, 0.82407326), (-0.3844621, 0.81019104), (-0.5401617, 0.9226739), (-0.37178886, 0.95336527), (-0.3614902, 1.0115756), (-0.37859473, 0.90394896), (-0.381682, 0.8685102), (-0.40220717, 0.85342914), (-0.47744238, 0.88979024), (-0.5376591, 0.9267074), (-0.38841698, 0.9653259), (-0.38614747, 1.0159647), (-0.38919064, 0.92273194), (-0.41501817, 0.9029054), (-0.49657732, 0.9569075), (-0.5125027, 0.9344839), (-0.5345601, 0.9308824), (-0.40597862, 0.9956491), (-0.39569795, 1.025298), (-0.42603368, 0.97656494), (-0.4610232, 0.96473736), (-0.49202627, 0.9584833), (-0.5203765, 0.94418263), (-0.5011515, 0.95506567), (-0.53080934, 0.935127), (-0.09821066, 1.120124), (-0.10247739, 1.0830103), (-0.113858156, 1.1215488), (-0.108859666, 1.0490457), (-0.12184086, 1.0931453), (-0.119373284, 1.020104), (-0.12648846, 1.0592192), (-0.1313334, 0.9911566), (-0.13747142, 1.0407151), (-0.14352338, 0.96465814), (-0.14686011, 1.006845), (-0.17139795, 0.9975938), (0.000737194, -1.1770083), (0.00528781, -1.1616291), (0.006967933, -1.1628915), (0.006758145, -1.1544718), (0.0035790289, -1.158724), (0.007003906, -1.1476728), (0.012337052, -1.1395005), (0.013410871, -1.1459116), (0.011307809, -1.1469258), (0.0104198465, -1.1587056), (0.01146696, -1.1621729), (0.007982769, -1.1672372), (0.013101711, -1.151086), (0.014110385, -1.1552485), (0.011214959, -1.1682078), (0.013734617, -1.1616274), (0.016680706, -1.156541), (0.019559082, -1.1417476), (0.0075875623, -1.1358181), (0.01298919, -1.1247748), (0.018135611, -1.1249229), (-0.00070358627, -1.1630903), (0.0026314436, -1.148745), (-0.005283732, -1.171686), (-0.0038427971, -1.1521045), (0.0026034033, -1.1356374), (0.008451414, -1.119193), (0.019011479, -1.1051649), (0.027589835, -1.1144005), (0.033722073, -1.1283997), (0.028349921, -1.146716), (0.020906907, -1.1582204), (0.015319937, -1.1661178), (0.0074863406, -1.1749886), (0.011537678, -1.1774052), (0.0063226996, -1.185567), (0.04461846, -1.1042265), (0.044225257, -1.1238285), (0.04119212, -1.1434027), (0.028196573, -1.1640645), (0.018234007, -1.1751794), (0.011163116, -1.1949824), (0.0011990592, -1.2040342), (0.023792427, -1.0778812), (0.033795945, -1.0860513), (0.01111728, -1.0925139), (-0.0012939954, -1.1229995), (-0.009075671, -1.1478556), (-0.014785126, -1.176035), (-0.01060712, -1.192351), (-0.009553484, -1.2139474), (-0.015779652, -1.141112), (-0.0002511954, -1.0756005), (0.019923862, -1.0581251), (0.03783301, -1.0510434), (0.0553281, -1.0702292), (0.065928094, -1.0941073), (0.05940503, -1.121679), (-0.023024045, -1.2246615), (-0.0039017024, -1.0079004), (0.032369778, -1.0005003), (0.0734222, -1.0276896), (0.08961129, -1.0737118), (0.08830142, -1.1091684), (0.081392504, -1.1351043), (0.06140113, -1.154579), (0.039614197, -1.1722318), (0.023539472, -1.1917678), (0.013981407, -1.2126781), (0.0051614745, -1.2204355), (-0.0053310553, -1.23377), (-0.018542375, -1.2541136), (-0.040940408, -1.2662328), (-0.033895556, -1.2054256), (-0.051138412, -1.265045), (-0.03219986, -1.1236221), (-0.057729717, -1.2445229), (0.1062045, -1.1322323), (0.09687366, -1.1628262), (0.07171717, -1.1769599), (0.053172268, -1.1846868), (-0.009866162, -1.265143), (-0.019877646, -1.28469), (-0.029597133, -1.2911772), (-0.030886311, -1.2673818), (-0.04174425, -1.30167), (-0.05482252, -1.2958139), (-0.06896864, -1.3135699), (0.028558683, -0.8926695), (-0.03219733, -0.9706566), (-0.07719401, -1.2306617), (-0.08688455, -1.3284358), (0.036320664, -1.2019247), (0.021209087, -1.2257797), (0.010080182, -1.2318095), (0.0011680918, -1.2467879), (0.121484324, -1.1671332), (0.12067236, -1.1825291), (0.1026252, -1.1871668), (0.08563809, -1.1897053), (0.06649411, -1.198136), (0.0498946, -1.2112867), (0.035567556, -1.2313818), (0.022913858, -1.2603897), (0.010070476, -1.2546929), (-0.0016119638, -1.276488), (-0.013623077, -1.2965134), (-0.027050989, -1.3172454), (-0.038830977, -1.3228778), (-0.053781223, -1.3294915), (-0.05078089, -1.3045813), (-0.06293967, -1.3298138), (0.13128518, -1.2034975), (0.113283485, -1.197553), (0.09871327, -1.2049669), (0.0803639, -1.2107626), (0.06365946, -1.2211262), (0.049345404, -1.2359706), (0.038215198, -1.2576114), (0.12736826, -1.2180022), (0.13193564, -1.2299451), (0.115933225, -1.2262689), (0.10243288, -1.2304045), (0.092357785, -1.2220305), (0.10463631, -1.2187799), (0.09152257, -1.2375273), (0.07809838, -1.2311162), (0.08055431, -1.2529966), (0.14355505, -1.2197663), (0.11487819, -1.2112113), (0.062824905, -1.2446383), (0.05012188, -1.2540992), (0.1350797, -1.2427324), (0.13556722, -1.2545034), (0.12415463, -1.2501837), (0.13379602, -1.2646772), (0.1251864, -1.2605835), (0.12189959, -1.2388877), (0.11026095, -1.2383393), (0.1149618, -1.246667), (0.112975225, -1.2584189), (0.11998661, -1.2756115), (0.10554946, -1.3106142), (0.10914284, -1.29274), (0.09625509, -1.2983929), (0.08615422, -1.2731675), (0.09459007, -1.2828306), (0.086862795, -1.2883986), (0.099887796, -1.2721165), (0.10812931, -1.274589), (0.10446075, -1.2825357), (0.09458588, -1.2609016), (0.09589423, -1.2491511), (0.10113279, -1.2405907), (0.06657915, -1.2598418), (0.07215839, -1.2704767), (0.062503755, -1.270326), (0.05677121, -1.2626265), (0.045674846, -1.2719156), (0.05498083, -1.2769881), (0.06323758, -1.2828499), (0.05543746, -1.2859894), (0.047879335, -1.2897743), (0.037524436, -1.2744893), (0.03684341, -1.2903191), (0.040376317, -1.3038625), (0.030090671, -1.2787763), (0.032300267, -1.3134769), (0.026356552, -1.3020827), (0.047670856, -1.3063582), (0.038333442, -1.320433), (0.05828148, -1.3093423), (0.046770003, -1.3215548), (0.073727146, -1.3149675), (0.060903177, -1.3234724), (0.020543236, -1.2894586), (0.024354946, -1.3240811), (0.015757743, -1.3179404), (0.19411744, -1.3410369), (0.21814732, -1.342837), (0.08483987, -1.3298742), (0.07574619, -1.329789), (0.2428731, -1.3411855), (0.052954726, -1.332199), (0.042923346, -1.3350719), (-0.9167179, -0.7672485), (-0.9185569, -0.7587349), (-0.9179989, -0.7550142), (0.035754953, -1.3378628), (0.028895777, -1.3411125), (-0.9187783, -0.7623505), (-0.9161055, -0.7733594), (-0.9182971, -0.7668749), (-0.91441864, -0.7755892), (-0.91227895, -0.77780885), (0.019494683, -1.3464745), (-0.91447604, -0.7637221), (-0.91786724, -0.74747634), (-0.91040236, -0.7735245), (-0.91043234, -0.7568649), (-0.8964988, -0.7558843), (-0.9054886, -0.77324307), (-0.91968834, -0.7348747), (-0.90251654, -0.7854092), (-0.9084343, -0.78108066), (-0.8924746, -0.7922833), (0.009135521, -1.2894186), (0.008565987, -1.3539063), (-0.004586785, -1.308386), (0.0041887993, -1.3216001), (-0.006308711, -1.3395265), (-0.017307146, -1.3287135), (-0.020885319, -1.3619827), (-0.0054260893, -1.3648614), (-0.87509435, -0.8049616), (-0.8792309, -0.80176705), (-0.87783563, -0.76915926), (-0.91444576, -0.73821104), (-0.9225119, -0.71600443), (-0.9244999, -0.69907415), (-0.88858277, -0.73317116), (-0.82446903, -0.734309), (-0.029889334, -1.3501953), (-0.8040365, -0.7470775), (-0.8526546, -0.76355577), (-0.86767936, -0.811059), (-0.7614156, -0.74260736), (-0.8520081, -0.82588327), (-0.023571137, -1.379989), (-0.019688837, -1.3767775), (-0.030061722, -1.385203), (-0.032964118, -1.3728563), (-0.04234711, -1.394173), (-0.04131516, -1.3733655), (-0.03917646, -1.3478624), (-0.047903795, -1.3493484), (-0.04733005, -1.3303894), (-0.054497, -1.3486065), (-0.065946005, -1.361957), (-0.057873614, -1.371831), (-0.049911913, -1.3745781), (-0.05360222, -1.400927), (-0.7190245, -0.73726964), (-0.83595335, -0.8445801), (-0.05992528, -1.4039925), (-0.6753237, -0.7318741), (-0.8263287, -0.8579673), (0.031529214, -0.7477067), (-0.020498212, -0.7670761), (0.01646591, -0.79741186), (-0.05357997, -0.8062464), (-0.031456884, -0.82533294), (0.043326482, -0.7235104), (-0.015690126, -0.7325034), (-0.05150404, -0.75590014), (-0.07978978, -0.79944485), (-0.079764254, -0.8890436), (-0.05949242, -0.91996145), (-0.07936351, -1.0930766), (-0.084050044, -0.99754804), (-0.12877604, -0.76072365), (-0.16352718, -0.85067576), (-0.20019531, -0.79663926), (-0.095226206, -0.72403365), (-0.16493887, -0.7245984), (-0.01374854, -0.7102772), (-0.054409582, -0.7251416), (-0.08468929, -0.7535871), (-0.113058664, -0.80856735), (-0.10328479, -0.7047235), (-0.1057048, -0.6864455), (-0.06411527, -0.7033657), (-0.010520624, -0.6971505), (-0.263413, -0.69339764), (-0.3111187, -0.6737561), (-0.20172049, -0.7020134), (-0.3348871, -0.72896403), (-0.37310815, -0.7045905), (-0.4217264, -0.70009524), (-0.45220986, -0.692304), (-0.3334041, -0.89590436), (-0.42276156, -0.76212156), (-0.41851, -0.7317241), (-0.46642295, -0.7271787), (-0.50319254, -0.7207835), (-0.45971456, -0.8336669), (-0.47269425, -0.7605482), (-0.5002416, -0.7512298), (-0.5294894, -0.75322855), (-0.43453464, -1.294073), (-0.4108686, -0.8626204), (-0.45379525, -1.0131902), (-0.47090626, -1.118069), (-0.48445407, -0.9667394), (-0.50025004, -0.83246386), (-0.51836026, -0.7803505), (-0.48173535, -1.1433476), (-0.49783653, -1.0714072), (-0.51487637, -0.9524693), (-0.53398937, -0.8603728), (-0.55048156, -0.9906892), (-0.53669196, -0.96482784), (-0.5378118, -1.0407313), (-0.52224666, -1.0388595), (-0.4907573, -1.166876), (-0.5113742, -1.118167), (-0.52610445, -1.0922769), (-0.5345518, -1.1086246), (-0.5455035, -1.0601813), (-0.54444706, -1.1126071), (-0.5560894, -1.0593902), (-0.55190384, -1.1217772), (-0.54531795, -0.9224441), (-0.54561234, -0.81066716), (-0.5502607, -0.87972033), (-0.5626186, -0.9354761), (-0.5979626, -0.9799156), (-0.5944822, -1.022642), (-0.5637424, -1.090273), (-0.6014578, -1.0574974), (-0.7110362, -1.0206681), (-0.60917705, -0.92254287), (-0.5025295, -0.69132876), (-0.41560057, -0.66447175), (-0.53813636, -0.72428596), (-0.8166486, -0.8734704), (-0.5755083, -0.75630254), (-0.6366657, -0.83695376), (-0.7455874, -0.9862732), (-0.72706884, -1.0059115), (-0.12617357, -1.4081837), (-0.11770665, -1.409679), (-0.08845852, -1.3565828), (-0.08535554, -1.3730582), (-0.5431319, -1.14617), (-0.54600424, -1.1436247), (-0.5473629, -1.141364), (-0.54917794, -1.1338307), (-0.563707, -1.1061774), (-0.57415056, -1.0949672), (-0.558127, -1.1113948), (-0.5243577, -1.1938349), (-0.5266442, -1.1898648), (-0.5443631, -1.1511573), (-0.46533164, -1.2170352), (-0.44465622, -1.2861389), (-0.47616202, -1.2284533), (-0.45201832, -1.2799736), (-0.111771286, -1.4104999), (-0.5059955, -1.1841573), (-0.52055764, -1.1573478), (-0.5219981, -1.1977886), (-0.5158802, -1.2074612), (-0.49190304, -1.2062224), (-0.49943078, -1.2164031), (-0.48564357, -1.2355944), (-0.5319578, -1.1800133), (-0.5369552, -1.169695), (-0.09928997, -1.4114462), (-0.46814322, -1.2651848), (-0.5045966, -1.2235538), (-0.50908566, -1.2173885), (-0.49813366, -1.2319542), (-0.4903883, -1.2413725), (-0.47295225, -1.260399), (-0.62686974, -1.074644), (-0.612146, -1.0831681), (-0.625778, -1.0764874), (-0.61634934, -1.0785452), (-0.59787315, -1.0897666), (-0.60102534, -1.0847234), (-0.58626306, -1.0948812), (-0.5859043, -1.0915223), (-0.5725311, -1.1007131), (-0.64239424, -1.0677379), (-0.6382208, -1.0668446), (-0.6236174, -1.0712465), (-0.5990219, -1.0812806), (-0.66067415, -1.0553905), (-0.65994376, -1.0524036), (-0.6295175, -1.0618788), (-0.5864915, -1.0808765), (-0.5661247, -1.0971242), (-0.5561167, -1.1139098), (-0.079858825, -1.3882982), (-0.06973527, -1.3921787), (-0.066060245, -1.4064404), (-0.09567434, -1.4114841), (-0.08159786, -1.4103881), (-0.08148137, -1.4024657), (-0.07863646, -1.4098736), (-0.08822852, -1.4111677), (-0.76834, -0.95735884), (-0.77988106, -0.9401968), (-0.79106176, -0.92164433), (-0.75847447, -0.9706295), (-0.79602283, -0.91272867), (0.009444295, -1.149186), (-0.0017761979, -1.1705621), (-0.5540874, -1.1170667), (-0.65591836, -1.0600194), (-0.6725083, -1.0496684), (-0.69418544, -1.0343357), (-0.6517901, -0.73390347), (0.8732886, -0.6588423), (-0.13221218, -0.65970343), (1.1048065, 0.6099293), (-1.3515612, 0.13549322), (-0.5463796, 0.90609586), (-0.5456272, 0.90908575), (-0.5422791, 0.9185291), (-0.54981315, -1.1305948), (-0.5504762, -1.1268152), (-1.1853079, 0.7395184), (-1.1470269, 0.7472528), (-0.54412514, 0.9139949), (0.08760853, 0.9607051), (1.2918185, -0.13931008), (1.2875403, 0.20156294), (0.92906016, 0.966204), (0.4942123, 0.8890767), (0.27274707, -1.1425225), (0.43046907, -1.1837994), (0.43752974, -0.8182918), (0.09731982, 0.93481684), (0.53895026, 0.99273854), (-1.3537995, 0.050604083), (-0.9707451, -0.6040835), (1.1470016, 0.39899895), (1.204904, 0.32791585), (-0.1105392, 1.1571914), (0.07606535, -1.2856373), (0.20897345, -1.3428394), (-0.91762024, -0.77030414), (-0.5397944, -1.1631895), (-0.48299238, -1.2497841), (0.7611179, 0.5764323), (0.758081, 0.53874564), (0.7841809, 0.6505233), (0.7937168, 0.6247181), (0.79540336, 0.5796519), (0.77395976, 0.526157), (0.76761746, 0.49968153), (0.81734544, 0.689306), (0.8416419, 0.6824138), (0.84464586, 0.6445748), (0.8347862, 0.5871634), (0.8001136, 0.5480608), (0.7869839, 0.51969314), (0.7841981, 0.50182796), (0.8006905, 0.4971098), (0.8095426, 0.5303034), (0.8248772, 0.49351794), (0.85153455, 0.5474668), (0.8639961, 0.5175335), (0.92225057, 0.5865683), (1.0106851, 0.65545595), (0.98162025, 0.7132825), (1.0522715, 0.7579211), (0.90641373, 0.6668873), (0.85581374, 0.7319794), (0.9118729, 0.753553), (0.89190763, 0.70656776), (0.9657294, 0.74661404), (0.99233973, 0.7655922), (0.94503886, 0.75476915), (0.96950614, 0.79544026), (0.99099386, 0.8285379), (0.99863017, 0.82849646), (0.9181351, 0.7792052), (0.98442525, 0.82982236), (0.8896398, 0.7728735), (0.8988048, 0.7946552), (0.9267707, 0.8216213), (-1.1251897, 0.87407285), (-1.1187466, 0.9111833), (-1.0774204, 0.92452985), (-1.1629452, 0.84220153), (-1.1369904, 0.90504456), (-1.1783992, 0.8394747), (-1.1383563, 0.91267216), (-1.143026, 0.9169424), (-1.1341692, 0.920771), (-1.1753463, 0.8714869), (-1.1517481, 0.9110782), (1.0594081, 0.8271065), (1.0377239, 0.8148533), (1.0395321, 0.8359196), (1.0163525, 0.7813813), (-0.99486226, 0.9108541), (-0.9667452, 0.90470123), (-1.0457083, 0.9116146), (0.48460653, 0.9753174), (0.502852, 0.98373276), (0.49143907, 0.93677294), (0.45935425, 0.96243787), (0.45263076, 0.92249894), (0.42815635, 0.9459605), (0.41300493, 0.90641195), (0.3965827, 0.9295973), (0.37064877, 0.88981116), (0.35873052, 0.91126704), (0.32141474, 0.87356716), (0.30358574, 0.8893703), (-0.7187123, 0.8526946), (-0.71922016, 0.8305476), (-0.7604881, 0.85927653), (-0.6927827, 0.8497544), (-0.6841306, 0.81587), (-0.65973514, 0.8480607), (-0.6516543, 0.8029259), (-0.6792981, 0.7704179), (-0.7151356, 0.7929897), (-0.79948485, 0.8320492), (-0.8166321, 0.87037194), (-0.8447282, 0.8441583), (-0.85112196, 0.8779638), (-0.88673735, 0.8530455), (-0.8805149, 0.8847027), (-0.9298918, 0.8614711), (-0.9121626, 0.89208996), (-0.97399044, 0.8720278), (-0.941628, 0.89895993), (-1.0165085, 0.88294184), (-1.069281, 0.8854469), (-1.0747455, 0.91518176), (-0.75453043, 0.81404996), (0.27402136, 0.8840117), (0.34933802, 0.8596016), (0.39276657, 0.87245214), (0.43698737, 0.8892207), (0.47900707, 0.90503556), (0.41879344, 0.8634104), (0.45983428, 0.87854165), (-0.63631487, 0.8495321), (-0.6254292, 0.79650426), (0.9766994, 0.7792335), (0.9890882, 0.7810958), (0.97785556, 0.79264206), (0.99143016, 0.8125219), (1.0079674, 0.8303676), (-1.1691326, 0.8861337), (-1.160282, 0.90202135), (1.0221971, 0.81534785), (1.030819, 0.83622104), (1.0060519, 0.7943343), (0.9254156, 0.7970444), (0.95066065, 0.8120003), (0.9180188, 0.79979676), (0.92717147, 0.81370574), (0.94456863, 0.8311127), (0.9581536, 0.8529026), (0.9631034, 0.8454125), (-1.0965537, 0.9255622), (-1.0921298, 0.9254553), (-1.1018866, 0.9255605), (-1.1204215, 0.924093), (0.97594506, 0.8335472), (1.0008506, 0.8002302), (1.0121585, 0.8131075), (1.0254072, 0.835597), (1.0198377, 0.8343423), (1.0139505, 0.83237064), (1.0021211, 0.8198288), (0.9928516, 0.80776966), (0.9886974, 0.7980874), (0.9919487, 0.79502773), (0.9436568, 0.81319934), (0.95812905, 0.8239033), (0.97059095, 0.837411), (0.96696705, 0.84085274), (0.96215814, 0.83640313), (0.96479124, 0.84329766), (0.95833725, 0.8362605), (0.9515131, 0.8319684), (0.9414998, 0.8229734), (0.9341946, 0.8140076), (0.9342435, 0.8095555), (1.0038532, 0.813803), (0.9503766, 0.82482153), (-1.038525, 0.9192985), (-0.968839, 0.3583529), (-0.97517323, 0.33600226), (-0.9901648, 0.3708495), (-1.0083793, 0.3406321), (-1.0183266, 0.30870783), (-1.0060506, 0.29509518), (-1.0083903, 0.28019), (-1.0452734, 0.3514045), (-1.0714005, 0.31600463), (-1.0984694, 0.2810399), (-1.044278, 0.27770448), (-1.0477082, 0.25550008), (-1.0520176, 0.240037), (-1.0873116, 0.21437551), (-1.0964252, 0.23132212), (-1.1235896, 0.24504235), (-1.1791786, 0.18262127), (-1.2007412, 0.19971302), (-1.2599345, 0.16699237), (-1.3484434, 0.15493244), (1.0996991, 0.70246696), (-1.3441802, 0.17548147), (-1.2420977, 0.21495417), (-1.1320525, 0.3272407), (-1.1969365, 0.28743154), (-1.2023023, 0.25014), (-1.3408669, 0.1888958), (-1.2723268, 0.22368363), (-1.2607046, 0.23985513), (-1.2586759, 0.25510874), (-1.3149196, 0.26451603), (-1.3092419, 0.27786455), (-1.303831, 0.29010183), (-1.2555131, 0.29713354), (-1.209803, 0.31259212), (-1.2014059, 0.332826), (-1.2783111, 0.3451415), (-1.1323639, 0.7985115), (-1.1713578, 0.76425874), (-1.1717476, 0.7881632), (-1.1806008, 0.79627573), (-1.1952301, 0.773796), (-1.1965483, 0.778806), (-1.1983575, 0.78699225), (-1.1994337, 0.7959604), (-1.1963316, 0.8099019), (-1.1958653, 0.82152104), (1.0739082, 0.8091157), (1.08911, 0.76799786), (1.091926, 0.755487), (-1.0766131, 0.82116526), (-1.0364093, 0.8039855), (-0.982296, 0.7867659), (-0.92788506, 0.78585446), (-0.9072578, 0.7339334), (-0.8790369, 0.79579425), (-0.8655097, 0.7285598), (-0.8342694, 0.7907723), (-0.8234098, 0.72010756), (-0.7905847, 0.7767878), (-0.7832595, 0.7061243), (-0.74960357, 0.7549643), (-0.74514776, 0.6891561), (-0.7126802, 0.7269445), (-0.7098927, 0.6703656), (-0.68224126, 0.70013785), (-0.7406605, 0.6526838), (-0.7754152, 0.6676792), (-0.81345755, 0.67887396), (-0.8486256, 0.691255), (-0.76721823, 0.6386681), (-0.79836255, 0.65116477), (-1.3265501, 0.20926441), (-1.3079675, 0.21606244), (-1.2885226, 0.22946239), (-1.285632, 0.2401263), (-1.3016595, 0.24711879), (-1.3218435, 0.24723631), (-1.199057, 0.8071945), (-1.1983839, 0.8116295), (1.0804313, 0.7954823), (1.0836545, 0.78680927), (-1.3383065, 0.19827233), (-1.3335124, 0.21417569), (-1.2883419, 0.30406028), (-1.2729217, 0.30370358), (-1.249329, 0.31011444), (-1.23784, 0.32012898), (-1.254732, 0.328442), (-1.2860931, 0.32842422), (-1.1894101, 0.7560484), (-1.1902951, 0.75847274), (-1.1913716, 0.7615138), (-1.1927906, 0.76573426), (-1.3002237, 0.29805768), (-1.2940124, 0.3115063), (-1.3307599, 0.2225754), (-1.3251222, 0.22806276), (-1.3256894, 0.22218451), (-1.3283576, 0.22956324), (-1.3251666, 0.2384253), (-1.305566, 0.23703094), (-1.3001312, 0.23182596), (-1.3055726, 0.22485429), (-1.3158106, 0.21926472), (-1.32343, 0.21850342), (-1.2848638, 0.31557092), (-1.2833501, 0.31143305), (-1.290603, 0.31880134), (-1.2833654, 0.31949663), (-1.2881032, 0.32413575), (-1.2801992, 0.32239223), (-1.2704216, 0.32334626), (-1.2584535, 0.3208638), (-1.2567652, 0.31577492), (-1.2656685, 0.3111246), (-1.2766277, 0.30939224), (-1.3157517, 0.22753587), (-1.2732078, 0.31660295), (-1.1864814, 0.74713594), (-0.37481502, 1.0742482), (-0.3790537, 1.0623552), (-0.3762303, 1.0844084), (-1.1878036, 0.84187716), (-1.0202245, 0.9159826), (-1.1648918, 0.8948893), (-1.1099724, 0.9252387), (1.0954481, 0.7358836), (1.2931591, -0.037373498), (1.2899328, -0.050442506), (1.2794408, -0.04740477), (1.3041886, -0.039643332), (1.3021046, -0.051975172), (1.3145753, -0.04270108), (1.3114895, -0.053346623), (1.3079611, -0.027084269), (1.3179113, -0.02930341), (1.2975549, -0.025731005), (1.2803942, -0.034867413), (1.2922424, -0.017536983), (1.2884811, -0.064665064), (1.2729808, -0.062805), (1.2723488, -0.081957206), (1.3144249, -0.0125629455), (1.3209409, -0.018870208), (1.3363262, 0.014361437), (1.3140634, 0.0003553629), (1.3311785, -0.019090682), (1.3354312, 0.00623936), (1.3334552, -0.006945016), (1.297027, -0.1294688), (1.2929636, -0.12300341), (1.2958347, -0.11103544), (1.3048202, -0.11347665), (1.3024892, -0.10450767), (1.3099002, -0.10144043), (1.3059989, -0.09683649), (1.3139967, -0.09005804), (1.3076879, -0.08843809), (1.3170792, -0.079993635), (1.278685, -0.09823091), (1.2902058, -0.079057276), (1.3131081, -0.056437116), (1.3045543, -0.06202748), (1.3233615, -0.053999815), (1.304114, -0.07489951), (1.3108026, -0.07722795), (1.3025178, -0.085835814), (1.2942215, -0.087862015), (1.2832083, -0.11418238), (1.2961863, -0.09883699), (1.3290116, -0.029351652), (0.8648147, 1.0453767), (0.880019, 1.0235952), (0.86594945, 1.0217031), (0.88117516, 1.0502242), (0.8939113, 1.0251552), (0.8978989, 1.0429033), (0.9039099, 1.0238093), (0.86167073, 1.0744294), (0.8824929, 1.0920926), (0.8473271, 1.063888), (0.8479949, 1.0380989), (0.8245252, 1.0655936), (0.8927553, 1.005324), (0.8774237, 1.0009124), (0.8925799, 0.9875205), (0.8329633, 1.089718), (0.8549068, 1.0971948), (0.7698805, 1.0968479), (0.79733056, 1.0897177), (0.86053926, 1.1125785), (0.8020947, 1.105148), (0.83263314, 1.1082639), (0.7409423, 1.0936631), (0.76796746, 1.1031519), (0.7939816, 1.111821), (0.81205976, 1.1135017), (0.8277958, 1.1171898), (0.82808447, 1.1217116), (0.8489212, 1.1180624), (0.910298, 0.98364365), (0.9049457, 0.99490285), (0.90762234, 1.0193509), (0.9045909, 1.0118349), (0.914255, 1.0228862), (0.9128385, 1.0009558), (0.91812503, 1.0016527), (0.9190076, 0.994821), (0.9146902, 0.9918134), (0.75905925, 1.1028281), (0.7845804, 1.1134895), (0.92707306, 0.9774594), (0.801544, 1.1185657), (0.9257393, 0.98488164), (0.92322373, 0.9953908), (0.92027503, 1.0037608), (0.90480125, 1.0499424), (-1.1903099, -0.33182558), (-1.1787733, -0.35359934), (-1.1922294, -0.3475931), (-1.2010318, -0.33089155), (-1.2019175, -0.34629175), (-1.2084609, -0.3341737), (-1.2088925, -0.34764725), (-1.2137905, -0.33893183), (-1.2167345, -0.32750162), (-1.2134625, -0.32525873), (-1.2088779, -0.31433368), (-1.1999646, -0.30771703), (-1.1949619, -0.35785353), (-1.183462, -0.3650533), (-1.1648177, -0.37769654), (-1.2093061, -0.29140264), (-1.2173277, -0.30927232), (-1.2122871, -0.2981041), (-1.2153262, -0.27605712), (-1.2194742, -0.32335407), (-1.2150167, -0.2846684), (-1.2151984, -0.291981), (-1.1429797, -0.48019204), (-1.1547378, -0.4519555), (-1.1493081, -0.47403416), (-1.1638454, -0.4488504), (-1.1739317, -0.43955085), (-1.2194823, -0.33779377), (-1.2175964, -0.33885163), (-1.218511, -0.34521425), (-1.2148584, -0.35946557), (-1.1579515, -0.40107575), (-1.1754664, -0.3843703), (-1.2038347, -0.35945228), (-1.1921979, -0.37152678), (-1.2086121, -0.37505615), (-1.1854426, -0.38981602), (-1.1671916, -0.40610898), (-1.1543747, -0.4348167), (-1.1525363, -0.4205844), (-1.1764237, -0.41449398), (-1.1850804, -0.41883063), (-1.1906053, -0.40900558), (-1.1936408, -0.39587423), (-1.1912471, -0.3930218), (-1.21023, 0.5871832), (-1.2126137, 0.56267744), (-1.2279664, 0.57264507), (-1.2290887, 0.5950433), (-1.2438046, 0.57856077), (-1.2550989, 0.6011203), (-1.2556928, 0.5789349), (-1.2498459, 0.61573875), (-1.2373339, 0.6351388), (-1.2400438, 0.6220177), (-1.2283539, 0.62171), (-1.210301, 0.6137682), (-1.2410647, 0.5626823), (-1.2312149, 0.55228317), (-1.2181133, 0.53718525), (-1.2127641, 0.64209884), (-1.2305678, 0.6394211), (-1.2227563, 0.64630604), (-1.2304529, 0.65539753), (-1.2176889, 0.6674314), (-1.2252067, 0.65809053), (-1.2209092, 0.68298864), (-1.2252706, 0.6760775), (-1.2288395, 0.66964483), (-1.2365485, 0.6461125), (-1.2332464, 0.6603834), (-1.2409769, 0.63985574), (-1.2321404, 0.51630175), (-1.2388233, 0.53257424), (-1.2539428, 0.5632816), (-1.2482628, 0.54766256), (-1.2690274, 0.5469806), (-1.2548865, 0.5294082), (-1.2469364, 0.51397043), (-1.26012, 0.48816144), (-1.2513946, 0.49573907), (-1.2410742, 0.50213426), (-1.2639462, 0.49602425), (-1.2608551, 0.5094514), (-1.266322, 0.5028536), (-1.2684098, 0.5116528), (-1.2667297, 0.524432), (-1.2632569, 0.5273444), (-1.2655617, 0.5662415), (-1.2597839, 0.58707494), (1.3013393, -0.12088932), (0.89903593, 1.0635737), (-1.1632727, -0.45715106), (-1.2002116, -0.39172295), (-1.2700285, 0.5279098), (0.2733509, -1.1381608), (0.27129063, -1.1408719), (0.27040115, -1.1388267), (0.26972112, -1.140463), (0.27461612, -1.1361095), (0.2723097, -1.1358608), (0.12243424, -1.3326432), (0.11060452, -1.3313118), (0.13051504, -1.3337809), (0.19022278, -1.3346347), (0.1634625, -1.3389727), (0.19858783, -1.3270932), (0.16377537, -1.2993861), (0.1779463, -1.286734), (0.18144786, -1.2813739), (0.17053898, -1.2934428), (0.21388644, -1.3167528), (0.17142043, -1.3400503), (0.18312316, -1.3413495), (0.00858535, -1.1552924), (0.009852574, -1.1511387), (0.01099847, -1.1506275), (0.0104263695, -1.1547035), (0.0090893535, -1.1578857), (0.010397839, -1.1494647), (0.09974315, -1.3304712), (0.09283701, -1.3301178), (0.08196489, -1.3024226), (0.10878661, -1.2686495), (0.10364078, -1.2630821), (0.10616298, -1.2480553), (0.102528244, -1.2558149), (0.06776675, -1.2979308), (0.05637917, -1.2950624), (0.19397414, -1.3422235), (0.20091394, -1.3425986), (0.456188, -0.84164417), (0.43531445, -0.8452373), (0.4987016, -0.87105393), (0.48502162, -0.8481397), (0.4845658, -0.87627876), (0.5271973, -0.89471537), (0.52183706, -0.8786999), (0.5237492, -0.9071421), (0.5465809, -0.9196459), (0.5477131, -0.9071103), (0.5502782, -0.93983144), (0.5666466, -0.94834995), (0.56660306, -0.93340766), (0.5638818, -0.9598675), (0.41662666, -0.8569698), (0.48166668, -0.8993183), (0.5208632, -0.9276454), (0.54394776, -0.9501468), (0.5588778, -0.9672376), (0.5693532, -0.9782888), (0.5748706, -0.9707232), (0.5839155, -0.9699977), (0.58238906, -0.95697314), (0.57878464, -0.988012), (0.5873989, -0.98598784), (0.59841716, -0.9880757), (0.593779, -0.974493), (0.58701545, -1.0023705), (0.6007602, -0.9995627), (0.609593, -0.9982638), (0.6077112, -1.0010599), (0.621456, -1.0174564), (0.47497502, -0.9261542), (0.5456104, -0.9905252), (0.511436, -0.9534777), (0.5247897, -0.9953515), (0.51536936, -1.0010854), (0.53631043, -0.9915449), (0.5529825, -0.99080914), (0.66367537, -0.99626845), (0.69019425, -1.0143722), (0.68407655, -1.0163308), (0.5592004, -0.9917235), (0.66425216, -1.0048581), (0.6792183, -1.0176641), (0.5674431, -0.99380416), (0.65873027, -1.0059699), (0.6751107, -1.0186361), (0.6565761, -1.0117334), (0.66964126, -1.0197071), (0.65636694, -1.0212091), (0.66608804, -1.0202614), (0.5727654, -0.9956421), (0.5818212, -0.9996204), (0.6428142, -0.9842672), (0.6453363, -1.007253), (0.6419468, -0.99480623), (0.634376, -0.9655487), (0.64475554, -0.966446), (0.6564886, -0.9677126), (0.69778234, -1.0115227), (0.6302574, -0.9248258), (0.70401466, -1.0088457), (0.65051526, -1.0213696), (0.6534673, -1.0213269), (0.63154477, -1.0094358), (0.6360128, -1.0048331), (0.6259226, -0.9880802), (0.6195374, -0.96917135), (0.6113852, -0.94858694), (0.60424405, -0.92914134), (0.6084591, -0.9202781), (0.58927244, -0.93498194), (0.57091576, -0.904466), (0.60113305, -0.9606862), (0.611946, -0.9806518), (0.54396534, -0.8687914), (0.5523747, -0.8625737), (0.48369136, -0.8222161), (0.62218595, -0.9962649), (0.6226926, -1.0052682), (0.48079726, -0.8327673), (0.58472186, -0.94973594), (0.5986889, -0.970868), (0.57362574, -0.9290457), (0.55370736, -0.90027386), (0.524293, -0.8676791), (0.6106492, -0.9865188), (0.60450673, -0.98610514), (0.6152796, -0.99826664), (0.59223396, -1.0054013), (0.6466609, -1.0213023), (-0.10545773, -0.8938663), (-0.10321073, -0.995321), (-0.13041152, -1.0087966), (-0.1261878, -1.0913132), (-0.103158474, -1.0898477), (-0.15656598, -1.1029509), (-0.15155554, -1.1785952), (-0.12540585, -1.1680592), (-0.18675658, -1.175625), (-0.14121972, -1.2222158), (-0.16025245, -1.252046), (-0.2174897, -1.230601), (-0.18317378, -1.2322727), (-0.1870114, -1.2884492), (-0.10977544, -1.1899248), (-0.12905408, -1.2325748), (-0.14433588, -1.2775637), (-0.16358635, -1.3097256), (-0.20403825, -1.3237013), (-0.1825008, -1.334104), (-0.21669766, -1.2991654), (-0.20789377, -1.2658662), (-0.24156387, -1.2781855), (-0.21923827, -1.343604), (-0.19877586, -1.351998), (-0.2243498, -1.3241318), (-0.24226926, -1.3141197), (-0.23582827, -1.3571843), (-0.21395275, -1.3644699), (-0.24286751, -1.3398286), (-0.27545324, -1.3673161), (-0.26105413, -1.3332266), (-0.23016919, -1.3713597), (-0.10286194, -1.2470139), (-0.12857834, -1.3020297), (-0.1327197, -1.4068159), (-0.14912218, -1.3432797), (-0.1425467, -1.4045006), (-0.16543938, -1.3597642), (-0.15546124, -1.4011291), (-0.18062627, -1.3693477), (-0.16556697, -1.3983368), (-0.19571267, -1.3760823), (-0.17899233, -1.394538), (-0.20783122, -1.3862149), (-0.19671397, -1.389433), (-0.34672934, -1.3431276), (-0.3577004, -1.3384925), (-0.3477634, -1.3401352), (-0.34917408, -1.3175527), (-0.36676136, -1.3344084), (-0.38164133, -1.327139), (-0.3388825, -1.3316137), (-0.3348886, -1.3477896), (-0.34015507, -1.3457576), (-0.3934974, -1.3207856), (-0.36640987, -1.2904643), (-0.40309942, -1.3152319), (-0.36447203, -1.2502798), (-0.41628, -1.3069516), (-0.34856176, -1.1670676), (-0.4270268, -1.2995833), (-0.34879953, -1.0820857), (-0.32950944, -1.3498029), (-0.31796673, -1.313531), (-0.31281722, -1.3372861), (-0.33189172, -1.2980722), (-0.35293993, -1.3019084), (-0.3322872, -1.2770828), (-0.32855436, -1.2423302), (-0.31018883, -1.1814693), (-0.26657927, -1.0862786), (-0.26762283, -0.9721067), (-0.25071844, -1.1420311), (-0.28384945, -1.2071561), (-0.30420265, -1.250126), (-0.30395848, -1.2810999), (-0.21245731, -1.0755094), (-0.19611847, -0.9912426), (-0.29197136, -1.3030351), (-0.2908979, -1.3275982), (-0.14092295, -0.92782384), (-0.27530846, -1.2832686), (-0.26663935, -1.2447289), (-0.23181735, -1.1865267), (-0.19763409, -1.1203655), (-0.16787562, -1.0383726), (-0.26875106, -1.3104357), (-0.27422476, -1.3346854), (-0.2217075, -1.3822395), (-0.3224616, -1.352352), (0.6599998, -1.020955), (-0.36813992, 1.075854), (-0.36503077, 1.0510124), (-0.37185496, 1.1084386), (-0.38436526, 1.1011573), (-0.3810051, 1.13647), (-0.39114368, 1.130912), (-0.38578695, 1.1638149), (-0.1530012, 1.2421442), (-0.18714409, 1.2651561), (-0.16490512, 1.2525221), (-0.18713318, 1.2558078), (-0.20206894, 1.2706503), (-0.21317145, 1.2736045), (-0.34745753, 1.0545014), (-0.356395, 1.0953358), (-0.36086234, 1.1222786), (-0.3689503, 1.1432611), (-0.3752318, 1.1703643), (-0.3753502, 1.1961437), (-0.38101113, 1.1814896), (-0.3272784, 1.2558681), (-0.31121564, 1.2649034), (-0.3382329, 1.2475821), (-0.3357193, 1.0924131), (-0.31165192, 1.0533475), (-0.34909463, 1.1184148), (-0.3556827, 1.1459962), (-0.36528438, 1.1762518), (-0.3703149, 1.2065207), (-0.30195904, 1.2687784), (-0.3458978, 1.2404612), (-0.30850855, 1.0969852), (-0.28402206, 1.063773), (-0.33385152, 1.136002), (-0.35204414, 1.1794356), (-0.36705717, 1.2124239), (-0.29504007, 1.2711433), (-0.35021332, 1.2358643), (-0.2774316, 1.0986129), (-0.25633237, 1.0612751), (-0.3015329, 1.1378657), (-0.32526365, 1.1800002), (-0.35911742, 1.2247413), (-0.2868736, 1.2734116), (-0.24255943, 1.095147), (-0.2141107, 1.0412823), (-0.2678903, 1.1372553), (-0.28928107, 1.1775333), (-0.30310422, 1.2206239), (-0.27931482, 1.2750472), (-0.20509085, 1.0966402), (-0.1673871, 1.0517138), (-0.23516157, 1.1386174), (-0.25866887, 1.1763135), (-0.274049, 1.2125365), (-0.2759631, 1.2499858), (-0.17504257, 1.1117734), (-0.15092143, 1.0832025), (-0.20586178, 1.1476578), (-0.2324352, 1.1806241), (-0.252043, 1.2118531), (-0.26315016, 1.239086), (-0.1525835, 1.1296102), (-0.13635215, 1.0910102), (-0.18253097, 1.1700987), (-0.21092635, 1.191621), (-0.23330039, 1.2187296), (-0.25043857, 1.2442797), (-0.13478298, 1.1516365), (-0.15843609, 1.1825858), (-0.18941838, 1.2287399), (-0.19915974, 1.2047075), (-0.2156391, 1.2290817), (-0.23929508, 1.2552894), (-0.25196737, 1.2636524), (-0.3943373, 1.0824319), (-0.13107643, 1.2035774), (-0.14360227, 1.2303563), (-0.22463077, 1.2757822), (-0.24452855, 1.2776347), (-0.25524658, 1.2776471), (-0.2629138, 1.2772263), (-0.27160382, 1.276297)] (
            interpolation = "vertex"
        )
    }
}

