#usda 1.0

def "Cow_dABF"
{
    def Mesh "Cow_dABF"
    {
        int[] faceVertexCounts = [3, 3, 3, 3, 3, 3, 3, 3, 3, 3, 3, 3, 3, 3, 3, 3, 3, 3, 3, 3, 3, 3, 3, 3, 3, 3, 3, 3, 3, 3, 3, 3, 3, 3, 3, 3, 3, 3, 3, 3, 3, 3, 3, 3, 3, 3, 3, 3, 3, 3, 3, 3, 3, 3, 3, 3, 3, 3, 3, 3, 3, 3, 3, 3, 3, 3, 3, 3, 3, 3, 3, 3, 3, 3, 3, 3, 3, 3, 3, 3, 3, 3, 3, 3, 3, 3, 3, 3, 3, 3, 3, 3, 3, 3, 3, 3, 3, 3, 3, 3, 3, 3, 3, 3, 3, 3, 3, 3, 3, 3, 3, 3, 3, 3, 3, 3, 3, 3, 3, 3, 3, 3, 3, 3, 3, 3, 3, 3, 3, 3, 3, 3, 3, 3, 3, 3, 3, 3, 3, 3, 3, 3, 3, 3, 3, 3, 3, 3, 3, 3, 3, 3, 3, 3, 3, 3, 3, 3, 3, 3, 3, 3, 3, 3, 3, 3, 3, 3, 3, 3, 3, 3, 3, 3, 3, 3, 3, 3, 3, 3, 3, 3, 3, 3, 3, 3, 3, 3, 3, 3, 3, 3, 3, 3, 3, 3, 3, 3, 3, 3, 3, 3, 3, 3, 3, 3, 3, 3, 3, 3, 3, 3, 3, 3, 3, 3, 3, 3, 3, 3, 3, 3, 3, 3, 3, 3, 3, 3, 3, 3, 3, 3, 3, 3, 3, 3, 3, 3, 3, 3, 3, 3, 3, 3, 3, 3, 3, 3, 3, 3, 3, 3, 3, 3, 3, 3, 3, 3, 3, 3, 3, 3, 3, 3, 3, 3, 3, 3, 3, 3, 3, 3, 3, 3, 3, 3, 3, 3, 3, 3, 3, 3, 3, 3, 3, 3, 3, 3, 3, 3, 3, 3, 3, 3, 3, 3, 3, 3, 3, 3, 3, 3, 3, 3, 3, 3, 3, 3, 3, 3, 3, 3, 3, 3, 3, 3, 3, 3, 3, 3, 3, 3, 3, 3, 3, 3, 3, 3, 3, 3, 3, 3, 3, 3, 3, 3, 3, 3, 3, 3, 3, 3, 3, 3, 3, 3, 3, 3, 3, 3, 3, 3, 3, 3, 3, 3, 3, 3, 3, 3, 3, 3, 3, 3, 3, 3, 3, 3, 3, 3, 3, 3, 3, 3, 3, 3, 3, 3, 3, 3, 3, 3, 3, 3, 3, 3, 3, 3, 3, 3, 3, 3, 3, 3, 3, 3, 3, 3, 3, 3, 3, 3, 3, 3, 3, 3, 3, 3, 3, 3, 3, 3, 3, 3, 3, 3, 3, 3, 3, 3, 3, 3, 3, 3, 3, 3, 3, 3, 3, 3, 3, 3, 3, 3, 3, 3, 3, 3, 3, 3, 3, 3, 3, 3, 3, 3, 3, 3, 3, 3, 3, 3, 3, 3, 3, 3, 3, 3, 3, 3, 3, 3, 3, 3, 3, 3, 3, 3, 3, 3, 3, 3, 3, 3, 3, 3, 3, 3, 3, 3, 3, 3, 3, 3, 3, 3, 3, 3, 3, 3, 3, 3, 3, 3, 3, 3, 3, 3, 3, 3, 3, 3, 3, 3, 3, 3, 3, 3, 3, 3, 3, 3, 3, 3, 3, 3, 3, 3, 3, 3, 3, 3, 3, 3, 3, 3, 3, 3, 3, 3, 3, 3, 3, 3, 3, 3, 3, 3, 3, 3, 3, 3, 3, 3, 3, 3, 3, 3, 3, 3, 3, 3, 3, 3, 3, 3, 3, 3, 3, 3, 3, 3, 3, 3, 3, 3, 3, 3, 3, 3, 3, 3, 3, 3, 3, 3, 3, 3, 3, 3, 3, 3, 3, 3, 3, 3, 3, 3, 3, 3, 3, 3, 3, 3, 3, 3, 3, 3, 3, 3, 3, 3, 3, 3, 3, 3, 3, 3, 3, 3, 3, 3, 3, 3, 3, 3, 3, 3, 3, 3, 3, 3, 3, 3, 3, 3, 3, 3, 3, 3, 3, 3, 3, 3, 3, 3, 3, 3, 3, 3, 3, 3, 3, 3, 3, 3, 3, 3, 3, 3, 3, 3, 3, 3, 3, 3, 3, 3, 3, 3, 3, 3, 3, 3, 3, 3, 3, 3, 3, 3, 3, 3, 3, 3, 3, 3, 3, 3, 3, 3, 3, 3, 3, 3, 3, 3, 3, 3, 3, 3, 3, 3, 3, 3, 3, 3, 3, 3, 3, 3, 3, 3, 3, 3, 3, 3, 3, 3, 3, 3, 3, 3, 3, 3, 3, 3, 3, 3, 3, 3, 3, 3, 3, 3, 3, 3, 3, 3, 3, 3, 3, 3, 3, 3, 3, 3, 3, 3, 3, 3, 3, 3, 3, 3, 3, 3, 3, 3, 3, 3, 3, 3, 3, 3, 3, 3, 3, 3, 3, 3, 3, 3, 3, 3, 3, 3, 3, 3, 3, 3, 3, 3, 3, 3, 3, 3, 3, 3, 3, 3, 3, 3, 3, 3, 3, 3, 3, 3, 3, 3, 3, 3, 3, 3, 3, 3, 3, 3, 3, 3, 3, 3, 3, 3, 3, 3, 3, 3, 3, 3, 3, 3, 3, 3, 3, 3, 3, 3, 3, 3, 3, 3, 3, 3, 3, 3, 3, 3, 3, 3, 3, 3, 3, 3, 3, 3, 3, 3, 3, 3, 3, 3, 3, 3, 3, 3, 3, 3, 3, 3, 3, 3, 3, 3, 3, 3, 3, 3, 3, 3, 3, 3, 3, 3, 3, 3, 3, 3, 3, 3, 3, 3, 3, 3, 3, 3, 3, 3, 3, 3, 3, 3, 3, 3, 3, 3, 3, 3, 3, 3, 3, 3, 3, 3, 3, 3, 3, 3, 3, 3, 3, 3, 3, 3, 3, 3, 3, 3, 3, 3, 3, 3, 3, 3, 3, 3, 3, 3, 3, 3, 3, 3, 3, 3, 3, 3, 3, 3, 3, 3, 3, 3, 3, 3, 3, 3, 3, 3, 3, 3, 3, 3, 3, 3, 3, 3, 3, 3, 3, 3, 3, 3, 3, 3, 3, 3, 3, 3, 3, 3, 3, 3, 3, 3, 3, 3, 3, 3, 3, 3, 3, 3, 3, 3, 3, 3, 3, 3, 3, 3, 3, 3, 3, 3, 3, 3, 3, 3, 3, 3, 3, 3, 3, 3, 3, 3, 3, 3, 3, 3, 3, 3, 3, 3, 3, 3, 3, 3, 3, 3, 3, 3, 3, 3, 3, 3, 3, 3, 3, 3, 3, 3, 3, 3, 3, 3, 3, 3, 3, 3, 3, 3, 3, 3, 3, 3, 3, 3, 3, 3, 3, 3, 3, 3, 3, 3, 3, 3, 3, 3, 3, 3, 3, 3, 3, 3, 3, 3, 3, 3, 3, 3, 3, 3, 3, 3, 3, 3, 3, 3, 3, 3, 3, 3, 3, 3, 3, 3, 3, 3, 3, 3, 3, 3, 3, 3, 3, 3, 3, 3, 3, 3, 3, 3, 3, 3, 3, 3, 3, 3, 3, 3, 3, 3, 3, 3, 3, 3, 3, 3, 3, 3, 3, 3, 3, 3, 3, 3, 3, 3, 3, 3, 3, 3, 3, 3, 3, 3, 3, 3, 3, 3, 3, 3, 3, 3, 3, 3, 3, 3, 3, 3, 3, 3, 3, 3, 3, 3, 3, 3, 3, 3, 3, 3, 3, 3, 3, 3, 3, 3, 3, 3, 3, 3, 3, 3, 3, 3, 3, 3, 3, 3, 3, 3, 3, 3, 3, 3, 3, 3, 3, 3, 3, 3, 3, 3, 3, 3, 3, 3, 3, 3, 3, 3, 3, 3, 3, 3, 3, 3, 3, 3, 3, 3, 3, 3, 3, 3, 3, 3, 3, 3, 3, 3, 3, 3, 3, 3, 3, 3, 3, 3, 3, 3, 3, 3, 3, 3, 3, 3, 3, 3, 3, 3, 3, 3, 3, 3, 3, 3, 3, 3, 3, 3, 3, 3, 3, 3, 3, 3, 3, 3, 3, 3, 3, 3, 3, 3, 3, 3, 3, 3, 3, 3, 3, 3, 3, 3, 3, 3, 3, 3, 3, 3, 3, 3, 3, 3, 3, 3, 3, 3, 3, 3, 3, 3, 3, 3, 3, 3, 3, 3, 3, 3, 3, 3, 3, 3, 3, 3, 3, 3, 3, 3, 3, 3, 3, 3, 3, 3, 3, 3, 3, 3, 3, 3, 3, 3, 3, 3, 3, 3, 3, 3, 3, 3, 3, 3, 3, 3, 3, 3, 3, 3, 3, 3, 3, 3, 3, 3, 3, 3, 3, 3, 3, 3, 3, 3, 3, 3, 3, 3, 3, 3, 3, 3, 3, 3, 3, 3, 3, 3, 3, 3, 3, 3, 3, 3, 3, 3, 3, 3, 3, 3, 3, 3, 3, 3, 3, 3, 3, 3, 3, 3, 3, 3, 3, 3, 3, 3, 3, 3, 3, 3, 3, 3, 3, 3, 3, 3, 3, 3, 3, 3, 3, 3, 3, 3, 3, 3, 3, 3, 3, 3, 3, 3, 3, 3, 3, 3, 3, 3, 3, 3, 3, 3, 3, 3, 3, 3, 3, 3, 3, 3, 3, 3, 3, 3, 3, 3, 3, 3, 3, 3, 3, 3, 3, 3, 3, 3, 3, 3, 3, 3, 3, 3, 3, 3, 3, 3, 3, 3, 3, 3, 3, 3, 3, 3, 3, 3, 3, 3, 3, 3, 3, 3, 3, 3, 3, 3, 3, 3, 3, 3, 3, 3, 3, 3, 3, 3, 3, 3, 3, 3, 3, 3, 3, 3, 3, 3, 3, 3, 3, 3, 3, 3, 3, 3, 3, 3, 3, 3, 3, 3, 3, 3, 3, 3, 3, 3, 3, 3, 3, 3, 3, 3, 3, 3, 3, 3, 3, 3, 3, 3, 3, 3, 3, 3, 3, 3, 3, 3, 3, 3, 3, 3, 3, 3, 3, 3, 3, 3, 3, 3, 3, 3, 3, 3, 3, 3, 3, 3, 3, 3, 3, 3, 3, 3, 3, 3, 3, 3, 3, 3, 3, 3, 3, 3, 3, 3, 3, 3, 3, 3, 3, 3, 3, 3, 3, 3, 3, 3, 3, 3, 3, 3, 3, 3, 3, 3, 3, 3, 3, 3, 3, 3, 3, 3, 3, 3, 3, 3, 3, 3, 3, 3, 3, 3, 3, 3, 3, 3, 3, 3, 3, 3, 3, 3, 3, 3, 3, 3, 3, 3, 3, 3, 3, 3, 3, 3, 3, 3, 3, 3, 3, 3, 3, 3, 3, 3, 3, 3, 3, 3, 3, 3, 3, 3, 3, 3, 3, 3, 3, 3, 3, 3, 3, 3, 3, 3, 3, 3, 3, 3, 3, 3, 3, 3, 3, 3, 3, 3, 3, 3, 3, 3, 3, 3, 3, 3, 3, 3, 3, 3, 3, 3, 3, 3, 3, 3, 3, 3, 3, 3, 3, 3, 3, 3, 3, 3, 3, 3, 3, 3, 3, 3, 3, 3, 3, 3, 3, 3, 3, 3, 3, 3, 3, 3, 3, 3, 3, 3, 3, 3, 3, 3, 3, 3, 3, 3, 3, 3, 3, 3, 3, 3, 3, 3, 3, 3, 3, 3, 3, 3, 3, 3, 3, 3, 3, 3, 3, 3, 3, 3, 3, 3, 3, 3, 3, 3, 3, 3, 3, 3, 3, 3, 3, 3, 3, 3, 3, 3, 3, 3, 3, 3, 3, 3, 3, 3, 3, 3, 3, 3, 3, 3, 3, 3, 3, 3, 3, 3, 3, 3, 3, 3, 3, 3, 3, 3, 3, 3, 3, 3, 3, 3, 3, 3, 3, 3, 3, 3, 3, 3, 3, 3, 3, 3, 3, 3, 3, 3, 3, 3, 3, 3, 3, 3, 3, 3, 3, 3, 3, 3, 3, 3, 3, 3, 3, 3, 3, 3, 3, 3, 3, 3, 3, 3, 3, 3, 3, 3, 3, 3, 3, 3, 3, 3, 3, 3, 3, 3, 3, 3, 3, 3, 3, 3, 3, 3, 3, 3, 3, 3, 3, 3, 3, 3, 3, 3, 3, 3, 3, 3, 3, 3, 3, 3, 3, 3, 3, 3, 3, 3, 3, 3, 3, 3, 3, 3, 3, 3, 3, 3, 3, 3, 3, 3, 3, 3, 3, 3, 3, 3, 3, 3, 3, 3, 3, 3, 3, 3, 3, 3, 3, 3, 3, 3, 3, 3, 3, 3, 3, 3, 3, 3, 3, 3, 3, 3, 3, 3, 3, 3, 3, 3, 3, 3, 3, 3, 3, 3, 3, 3, 3, 3, 3, 3, 3, 3, 3, 3, 3, 3, 3, 3, 3, 3, 3, 3, 3, 3, 3, 3, 3, 3, 3, 3, 3, 3, 3, 3, 3, 3, 3, 3, 3, 3, 3, 3, 3, 3, 3, 3, 3, 3, 3, 3, 3, 3, 3, 3, 3, 3, 3, 3, 3, 3, 3, 3, 3, 3, 3, 3, 3, 3, 3, 3, 3, 3, 3, 3, 3, 3, 3, 3, 3, 3, 3, 3, 3, 3, 3, 3, 3, 3, 3, 3, 3, 3, 3, 3, 3, 3, 3, 3, 3, 3, 3, 3, 3, 3, 3, 3, 3, 3, 3, 3, 3, 3, 3, 3, 3, 3, 3, 3, 3, 3, 3, 3, 3, 3, 3, 3, 3, 3, 3, 3, 3, 3, 3, 3, 3, 3, 3, 3, 3, 3, 3, 3, 3, 3, 3, 3, 3, 3, 3, 3, 3, 3, 3, 3, 3, 3, 3, 3, 3, 3, 3, 3, 3, 3, 3, 3, 3, 3, 3, 3, 3, 3, 3, 3, 3, 3, 3, 3, 3, 3, 3, 3, 3, 3, 3, 3, 3, 3, 3, 3, 3, 3, 3, 3, 3, 3, 3, 3, 3, 3, 3, 3, 3, 3, 3, 3, 3, 3, 3, 3, 3, 3, 3, 3, 3, 3, 3, 3, 3, 3, 3, 3, 3, 3, 3, 3, 3, 3, 3, 3, 3, 3, 3, 3, 3, 3, 3, 3, 3, 3, 3, 3, 3, 3, 3, 3, 3, 3, 3, 3, 3, 3, 3, 3, 3, 3, 3, 3, 3, 3, 3, 3, 3, 3, 3, 3, 3, 3, 3, 3, 3, 3, 3, 3, 3, 3, 3, 3, 3, 3, 3, 3, 3, 3, 3, 3, 3, 3, 3, 3, 3, 3, 3, 3, 3, 3, 3, 3, 3, 3, 3, 3, 3, 3, 3, 3, 3, 3, 3, 3, 3, 3, 3, 3, 3, 3, 3, 3, 3, 3, 3, 3, 3, 3, 3, 3, 3, 3, 3, 3, 3, 3, 3, 3, 3, 3, 3, 3, 3, 3, 3, 3, 3, 3, 3, 3, 3, 3, 3, 3, 3, 3, 3, 3, 3, 3, 3, 3, 3, 3, 3, 3, 3, 3, 3, 3, 3, 3, 3, 3, 3, 3, 3, 3, 3, 3, 3, 3, 3, 3, 3, 3, 3, 3, 3, 3, 3, 3, 3, 3, 3, 3, 3, 3, 3, 3, 3, 3, 3, 3, 3, 3, 3, 3, 3, 3, 3, 3, 3, 3, 3, 3, 3, 3, 3, 3, 3, 3, 3, 3, 3, 3, 3, 3, 3, 3, 3, 3, 3, 3, 3, 3, 3, 3, 3, 3, 3, 3, 3, 3, 3, 3, 3, 3, 3, 3, 3, 3, 3, 3, 3, 3, 3, 3, 3, 3, 3, 3, 3, 3, 3, 3, 3, 3, 3, 3, 3, 3, 3, 3, 3, 3, 3, 3, 3, 3, 3, 3, 3, 3, 3, 3, 3, 3, 3, 3, 3, 3, 3, 3, 3, 3, 3, 3, 3, 3, 3, 3, 3, 3, 3, 3, 3, 3, 3, 3, 3, 3, 3, 3, 3, 3, 3, 3, 3, 3, 3, 3, 3, 3, 3, 3, 3, 3, 3, 3, 3, 3, 3, 3, 3, 3, 3, 3, 3, 3, 3, 3, 3, 3, 3, 3, 3, 3, 3, 3, 3, 3, 3, 3, 3, 3, 3, 3, 3, 3, 3, 3, 3, 3, 3, 3, 3, 3, 3, 3, 3, 3, 3, 3, 3, 3, 3, 3, 3, 3, 3, 3, 3, 3, 3, 3, 3, 3, 3, 3, 3, 3, 3, 3, 3, 3, 3, 3, 3, 3, 3, 3, 3, 3, 3, 3, 3, 3, 3, 3, 3, 3, 3, 3, 3, 3, 3, 3, 3, 3, 3, 3, 3, 3, 3, 3, 3, 3, 3, 3, 3, 3, 3, 3, 3, 3, 3, 3, 3, 3, 3, 3, 3, 3, 3, 3, 3, 3, 3, 3, 3, 3, 3, 3, 3, 3, 3, 3, 3, 3, 3, 3, 3, 3, 3, 3, 3, 3, 3, 3, 3, 3, 3, 3, 3, 3, 3, 3, 3, 3, 3, 3, 3, 3, 3, 3, 3, 3, 3, 3, 3, 3, 3, 3, 3, 3, 3, 3, 3, 3, 3, 3, 3, 3, 3, 3, 3, 3, 3, 3, 3, 3, 3, 3, 3, 3, 3, 3, 3, 3, 3, 3, 3, 3, 3, 3, 3, 3, 3, 3, 3, 3, 3, 3, 3, 3, 3, 3, 3, 3, 3, 3, 3, 3, 3, 3, 3, 3, 3, 3, 3, 3, 3, 3, 3, 3, 3, 3, 3, 3, 3, 3, 3, 3, 3, 3, 3, 3, 3, 3, 3, 3, 3, 3, 3, 3, 3, 3, 3, 3, 3, 3, 3, 3, 3, 3, 3, 3, 3, 3, 3, 3, 3, 3, 3, 3, 3, 3, 3, 3, 3, 3, 3, 3, 3, 3, 3, 3, 3, 3, 3, 3, 3, 3, 3, 3, 3, 3, 3, 3, 3, 3, 3, 3, 3, 3, 3, 3, 3, 3, 3, 3, 3, 3, 3, 3, 3, 3, 3, 3, 3, 3, 3, 3, 3, 3, 3, 3, 3, 3, 3, 3, 3, 3, 3, 3, 3, 3, 3, 3, 3, 3, 3, 3, 3, 3, 3, 3, 3, 3, 3, 3, 3, 3, 3, 3, 3, 3, 3, 3, 3, 3, 3, 3, 3, 3, 3, 3, 3, 3, 3, 3, 3, 3, 3, 3, 3, 3, 3, 3, 3, 3, 3, 3, 3, 3, 3, 3, 3, 3, 3, 3, 3, 3, 3, 3, 3, 3, 3, 3, 3, 3, 3, 3, 3, 3, 3, 3, 3, 3, 3, 3, 3, 3, 3, 3, 3, 3, 3, 3, 3, 3, 3, 3, 3, 3, 3, 3, 3, 3, 3, 3, 3, 3, 3, 3, 3, 3, 3, 3, 3, 3, 3, 3, 3, 3, 3, 3, 3, 3, 3, 3, 3, 3, 3, 3, 3, 3, 3, 3, 3, 3, 3, 3, 3, 3, 3, 3, 3, 3, 3, 3, 3, 3, 3, 3, 3, 3, 3, 3, 3, 3, 3, 3, 3, 3, 3, 3, 3, 3, 3, 3, 3, 3, 3, 3, 3, 3, 3, 3, 3, 3, 3, 3, 3, 3, 3, 3, 3, 3, 3, 3, 3, 3, 3, 3, 3, 3, 3, 3, 3, 3, 3, 3, 3, 3, 3, 3, 3, 3, 3, 3, 3, 3, 3, 3, 3, 3, 3, 3, 3, 3, 3, 3, 3, 3, 3, 3, 3, 3, 3, 3, 3, 3, 3, 3, 3, 3, 3, 3, 3, 3, 3, 3, 3, 3, 3, 3, 3, 3, 3, 3, 3, 3, 3, 3, 3, 3, 3, 3, 3, 3, 3, 3, 3, 3, 3, 3, 3, 3, 3, 3, 3, 3, 3, 3, 3, 3, 3, 3, 3, 3, 3, 3, 3, 3, 3, 3, 3, 3, 3, 3, 3, 3, 3, 3, 3, 3, 3, 3, 3, 3, 3, 3, 3, 3, 3, 3, 3, 3, 3, 3, 3, 3, 3, 3, 3, 3, 3, 3, 3, 3, 3, 3, 3, 3, 3, 3, 3, 3, 3, 3, 3, 3, 3, 3, 3, 3, 3, 3, 3, 3, 3, 3, 3, 3, 3, 3, 3, 3, 3, 3, 3, 3, 3, 3, 3, 3, 3, 3, 3, 3, 3, 3, 3, 3, 3, 3, 3, 3, 3, 3, 3, 3, 3, 3, 3, 3, 3, 3, 3, 3, 3, 3, 3, 3, 3, 3, 3, 3, 3, 3, 3, 3, 3, 3, 3, 3, 3, 3, 3, 3, 3, 3, 3, 3, 3, 3, 3, 3, 3, 3, 3, 3, 3, 3, 3, 3, 3, 3, 3, 3, 3, 3, 3, 3, 3, 3, 3, 3, 3, 3, 3, 3, 3, 3, 3, 3, 3, 3, 3, 3, 3, 3, 3, 3, 3, 3, 3, 3, 3, 3, 3, 3, 3, 3, 3, 3, 3, 3, 3, 3, 3, 3, 3, 3, 3, 3, 3, 3, 3, 3, 3, 3, 3, 3, 3, 3, 3, 3, 3, 3, 3, 3, 3, 3, 3, 3, 3, 3, 3, 3, 3, 3, 3, 3, 3, 3, 3, 3, 3, 3, 3, 3, 3, 3, 3, 3, 3, 3, 3, 3, 3, 3, 3, 3, 3, 3, 3, 3, 3, 3, 3, 3, 3, 3, 3, 3, 3, 3, 3, 3, 3, 3, 3, 3, 3, 3, 3, 3, 3, 3, 3, 3, 3, 3, 3, 3, 3, 3, 3, 3, 3, 3, 3, 3, 3, 3, 3, 3, 3, 3, 3, 3, 3, 3, 3, 3, 3, 3, 3, 3, 3, 3, 3, 3, 3, 3, 3, 3, 3, 3, 3, 3, 3, 3, 3, 3, 3, 3, 3, 3, 3, 3, 3, 3, 3, 3, 3, 3, 3, 3, 3, 3, 3, 3, 3, 3, 3, 3, 3, 3, 3, 3, 3, 3, 3, 3, 3, 3, 3, 3, 3, 3, 3, 3, 3, 3, 3, 3, 3, 3, 3, 3, 3, 3, 3, 3, 3, 3, 3, 3, 3, 3, 3, 3, 3, 3, 3, 3, 3, 3, 3, 3, 3, 3, 3, 3, 3, 3, 3, 3, 3, 3, 3, 3, 3, 3, 3, 3, 3, 3, 3, 3, 3, 3, 3, 3, 3, 3, 3, 3, 3, 3, 3, 3, 3, 3, 3, 3, 3, 3, 3, 3, 3, 3, 3, 3, 3, 3, 3, 3, 3, 3, 3, 3, 3, 3, 3, 3, 3, 3, 3, 3, 3, 3, 3, 3, 3, 3, 3, 3, 3, 3, 3, 3, 3, 3, 3, 3, 3, 3, 3, 3, 3, 3, 3, 3, 3, 3, 3, 3, 3, 3, 3, 3, 3, 3, 3, 3, 3, 3, 3, 3, 3, 3, 3, 3, 3, 3, 3, 3, 3, 3, 3, 3, 3, 3, 3, 3, 3, 3, 3, 3, 3, 3, 3, 3, 3, 3, 3, 3, 3, 3, 3, 3, 3, 3, 3, 3, 3, 3, 3, 3, 3, 3, 3, 3, 3, 3, 3, 3, 3, 3, 3, 3, 3, 3, 3, 3, 3, 3, 3, 3, 3, 3, 3, 3, 3, 3, 3, 3, 3, 3, 3, 3, 3, 3, 3, 3, 3, 3, 3, 3, 3, 3, 3, 3, 3, 3, 3, 3, 3, 3, 3, 3, 3, 3, 3, 3, 3, 3, 3, 3, 3, 3, 3, 3, 3, 3, 3, 3, 3, 3, 3, 3, 3, 3, 3, 3, 3, 3, 3, 3, 3, 3, 3, 3, 3, 3, 3, 3, 3, 3, 3, 3, 3, 3, 3, 3, 3, 3, 3, 3, 3, 3, 3, 3, 3, 3, 3, 3, 3, 3, 3, 3, 3, 3, 3, 3, 3, 3, 3, 3, 3, 3, 3, 3, 3, 3, 3, 3, 3, 3, 3, 3, 3, 3, 3, 3, 3, 3, 3, 3, 3, 3, 3, 3, 3, 3, 3, 3, 3, 3, 3, 3, 3, 3, 3, 3, 3, 3, 3, 3, 3, 3, 3, 3, 3, 3, 3, 3, 3, 3, 3, 3, 3, 3, 3, 3, 3, 3, 3, 3, 3, 3, 3, 3, 3, 3, 3, 3, 3, 3, 3, 3, 3, 3, 3, 3, 3, 3, 3, 3, 3, 3, 3, 3, 3, 3, 3, 3, 3, 3, 3, 3, 3, 3, 3, 3, 3, 3, 3, 3, 3, 3, 3, 3, 3, 3, 3, 3, 3, 3, 3, 3, 3, 3, 3, 3, 3, 3, 3, 3, 3, 3, 3, 3, 3, 3, 3, 3, 3, 3, 3, 3, 3, 3, 3, 3, 3, 3, 3, 3, 3, 3, 3, 3, 3, 3, 3, 3, 3, 3, 3, 3, 3, 3, 3, 3, 3, 3, 3, 3, 3, 3, 3, 3, 3, 3, 3, 3, 3, 3, 3, 3, 3, 3, 3, 3, 3, 3, 3, 3, 3, 3, 3, 3, 3, 3, 3, 3, 3, 3, 3, 3, 3, 3, 3, 3, 3, 3, 3, 3, 3, 3, 3, 3, 3, 3, 3, 3, 3, 3, 3, 3, 3, 3, 3, 3, 3, 3, 3, 3, 3, 3, 3, 3, 3, 3, 3, 3, 3, 3, 3, 3, 3, 3, 3, 3, 3, 3, 3, 3, 3, 3, 3, 3, 3, 3, 3, 3, 3, 3, 3, 3, 3, 3, 3, 3, 3, 3, 3, 3, 3, 3, 3, 3, 3, 3, 3, 3, 3, 3, 3, 3, 3, 3, 3, 3, 3, 3, 3, 3, 3, 3, 3, 3, 3, 3, 3, 3, 3, 3, 3, 3, 3, 3, 3, 3, 3, 3, 3, 3, 3, 3, 3, 3, 3, 3, 3, 3, 3, 3, 3, 3, 3, 3, 3, 3, 3, 3, 3, 3, 3, 3, 3, 3, 3, 3, 3, 3, 3, 3, 3, 3, 3, 3, 3, 3, 3, 3, 3, 3, 3, 3, 3, 3, 3, 3, 3, 3, 3, 3, 3, 3, 3, 3, 3, 3, 3, 3, 3, 3, 3, 3, 3, 3, 3, 3, 3, 3, 3, 3, 3, 3, 3, 3, 3, 3, 3, 3, 3, 3, 3, 3, 3, 3, 3, 3, 3, 3, 3, 3, 3, 3, 3, 3, 3, 3, 3, 3, 3, 3, 3, 3, 3, 3, 3, 3, 3, 3, 3, 3, 3, 3, 3, 3, 3, 3, 3, 3, 3, 3, 3, 3, 3, 3, 3, 3, 3, 3, 3, 3, 3, 3, 3, 3, 3, 3, 3, 3, 3, 3, 3, 3, 3, 3, 3, 3, 3, 3, 3, 3, 3, 3, 3, 3, 3, 3, 3, 3, 3, 3, 3, 3, 3, 3, 3, 3, 3, 3, 3, 3, 3, 3, 3, 3, 3, 3, 3, 3, 3, 3, 3, 3, 3, 3, 3, 3, 3, 3, 3, 3, 3, 3, 3, 3, 3, 3, 3, 3, 3, 3, 3, 3, 3, 3, 3, 3, 3, 3, 3, 3, 3, 3, 3, 3, 3, 3, 3, 3, 3, 3, 3, 3, 3, 3, 3, 3, 3, 3, 3, 3, 3, 3, 3, 3, 3, 3, 3, 3, 3, 3, 3, 3, 3, 3, 3, 3, 3, 3, 3, 3, 3, 3, 3, 3, 3, 3, 3, 3, 3, 3, 3, 3, 3, 3, 3, 3, 3, 3, 3, 3, 3, 3, 3, 3, 3, 3, 3, 3, 3, 3, 3, 3, 3, 3, 3, 3, 3, 3, 3, 3, 3, 3, 3, 3, 3, 3, 3, 3, 3, 3, 3, 3, 3, 3, 3, 3, 3, 3, 3, 3, 3, 3, 3, 3, 3, 3, 3, 3, 3, 3, 3, 3, 3, 3, 3, 3, 3, 3, 3, 3, 3, 3, 3, 3, 3, 3, 3, 3, 3, 3, 3, 3, 3, 3, 3, 3, 3, 3, 3, 3, 3, 3, 3, 3, 3, 3, 3, 3, 3, 3, 3, 3, 3, 3, 3, 3, 3, 3, 3, 3, 3, 3, 3, 3, 3, 3, 3, 3, 3, 3, 3, 3, 3, 3, 3, 3, 3, 3, 3, 3, 3, 3, 3, 3, 3, 3, 3, 3, 3, 3, 3, 3, 3, 3, 3, 3, 3, 3, 3, 3, 3, 3, 3, 3, 3, 3, 3, 3, 3, 3, 3, 3, 3, 3, 3, 3, 3, 3, 3, 3, 3, 3, 3, 3, 3, 3, 3, 3, 3, 3, 3, 3, 3, 3, 3, 3, 3, 3, 3, 3, 3, 3, 3, 3, 3, 3, 3, 3, 3, 3, 3, 3, 3, 3, 3, 3, 3, 3, 3, 3, 3, 3, 3, 3, 3, 3, 3, 3, 3, 3, 3, 3, 3, 3, 3, 3, 3, 3, 3, 3, 3, 3, 3, 3, 3, 3, 3, 3, 3, 3, 3, 3, 3, 3, 3, 3, 3, 3, 3, 3, 3, 3, 3, 3, 3, 3, 3, 3, 3, 3, 3, 3, 3, 3, 3, 3, 3, 3, 3, 3, 3, 3, 3, 3, 3, 3, 3, 3, 3, 3, 3, 3, 3, 3, 3, 3, 3, 3, 3, 3, 3, 3, 3, 3, 3, 3, 3, 3, 3, 3, 3, 3, 3, 3, 3, 3, 3, 3, 3, 3, 3, 3, 3, 3, 3, 3, 3, 3, 3, 3, 3, 3, 3, 3, 3, 3, 3, 3, 3, 3, 3, 3, 3, 3, 3, 3, 3, 3, 3, 3, 3, 3, 3, 3, 3, 3, 3, 3, 3, 3, 3, 3, 3, 3, 3, 3, 3, 3, 3, 3, 3, 3, 3, 3, 3, 3, 3, 3, 3, 3, 3, 3, 3, 3, 3, 3, 3, 3, 3, 3, 3, 3, 3, 3, 3, 3, 3, 3, 3, 3, 3, 3, 3, 3, 3, 3, 3, 3, 3, 3, 3, 3, 3, 3, 3, 3, 3, 3, 3, 3, 3, 3, 3, 3, 3, 3, 3, 3, 3, 3, 3, 3, 3, 3, 3, 3, 3, 3, 3, 3, 3, 3, 3, 3, 3, 3, 3, 3, 3, 3, 3, 3, 3, 3, 3, 3, 3, 3, 3, 3, 3, 3, 3, 3, 3, 3, 3, 3, 3, 3, 3, 3, 3, 3, 3, 3, 3, 3, 3, 3, 3, 3, 3, 3, 3, 3, 3, 3, 3, 3, 3, 3, 3, 3, 3, 3, 3, 3, 3, 3, 3, 3, 3, 3, 3, 3, 3, 3, 3, 3, 3, 3, 3, 3, 3, 3, 3, 3, 3, 3, 3, 3, 3, 3, 3, 3, 3, 3, 3, 3, 3, 3, 3, 3, 3, 3, 3, 3, 3, 3, 3, 3, 3, 3, 3, 3, 3, 3, 3, 3, 3, 3, 3, 3, 3, 3, 3, 3, 3, 3, 3, 3, 3, 3, 3, 3, 3, 3, 3, 3, 3, 3, 3, 3, 3, 3, 3, 3, 3, 3, 3, 3, 3, 3, 3, 3, 3, 3, 3, 3, 3, 3, 3, 3, 3, 3, 3, 3, 3, 3, 3, 3, 3, 3, 3, 3, 3, 3, 3, 3, 3, 3, 3, 3, 3, 3, 3, 3, 3, 3, 3, 3, 3, 3, 3, 3, 3, 3, 3, 3, 3, 3, 3, 3, 3, 3, 3, 3, 3, 3, 3, 3, 3, 3, 3, 3, 3, 3, 3, 3, 3, 3, 3, 3, 3, 3, 3, 3, 3, 3, 3, 3, 3, 3, 3, 3, 3, 3, 3, 3, 3, 3, 3, 3, 3, 3, 3, 3, 3, 3, 3, 3, 3, 3, 3, 3, 3, 3, 3, 3, 3, 3, 3, 3, 3, 3, 3, 3, 3, 3, 3, 3, 3, 3, 3, 3, 3, 3, 3, 3, 3, 3, 3, 3, 3, 3, 3, 3, 3, 3, 3, 3, 3, 3, 3, 3, 3, 3, 3, 3, 3, 3, 3, 3, 3, 3, 3, 3, 3, 3, 3, 3, 3, 3, 3, 3, 3, 3, 3, 3, 3, 3, 3, 3, 3, 3, 3, 3, 3, 3, 3, 3, 3, 3, 3, 3, 3, 3, 3, 3, 3, 3, 3, 3, 3, 3, 3, 3, 3, 3, 3, 3, 3, 3, 3, 3, 3, 3, 3, 3, 3, 3, 3, 3, 3, 3, 3, 3, 3, 3, 3, 3, 3, 3, 3, 3, 3, 3, 3, 3, 3, 3, 3, 3, 3, 3, 3, 3, 3, 3, 3, 3, 3, 3, 3, 3, 3, 3, 3, 3, 3, 3, 3, 3, 3, 3, 3, 3, 3, 3, 3, 3, 3, 3, 3, 3, 3, 3, 3, 3, 3, 3, 3, 3, 3, 3, 3, 3, 3, 3, 3, 3, 3, 3, 3, 3, 3, 3, 3, 3, 3, 3, 3, 3, 3, 3, 3, 3, 3, 3, 3, 3, 3, 3, 3, 3, 3, 3, 3, 3, 3, 3, 3, 3, 3, 3, 3, 3, 3, 3, 3, 3, 3, 3, 3, 3, 3, 3, 3, 3, 3, 3, 3, 3, 3, 3, 3, 3, 3, 3, 3, 3, 3, 3, 3, 3, 3, 3, 3, 3, 3, 3, 3, 3, 3, 3, 3, 3, 3, 3, 3, 3, 3, 3, 3, 3, 3, 3, 3, 3, 3, 3, 3, 3, 3, 3, 3, 3, 3, 3, 3, 3, 3, 3, 3, 3, 3, 3, 3, 3, 3, 3, 3, 3, 3, 3, 3, 3, 3, 3, 3, 3, 3, 3, 3, 3, 3, 3, 3, 3, 3, 3, 3, 3, 3, 3, 3, 3, 3, 3, 3, 3, 3, 3, 3, 3, 3, 3, 3, 3, 3, 3, 3, 3, 3, 3, 3, 3, 3, 3, 3, 3, 3, 3, 3, 3, 3, 3, 3, 3, 3, 3, 3, 3, 3, 3, 3, 3, 3, 3, 3, 3, 3, 3, 3, 3, 3, 3, 3, 3, 3, 3, 3, 3, 3, 3, 3, 3, 3, 3, 3, 3, 3, 3, 3, 3, 3, 3, 3, 3, 3, 3, 3, 3, 3, 3, 3, 3, 3, 3, 3, 3, 3, 3, 3, 3, 3, 3, 3, 3, 3, 3, 3, 3, 3, 3, 3, 3, 3, 3, 3, 3, 3, 3, 3, 3, 3, 3, 3, 3, 3, 3, 3, 3, 3, 3, 3, 3, 3, 3, 3, 3, 3, 3, 3, 3, 3, 3, 3, 3, 3, 3, 3, 3, 3, 3, 3, 3, 3, 3, 3, 3, 3, 3, 3, 3, 3, 3, 3, 3, 3, 3, 3, 3, 3, 3, 3, 3, 3, 3, 3, 3, 3, 3, 3, 3, 3, 3, 3, 3, 3, 3, 3, 3, 3, 3, 3, 3, 3, 3, 3, 3, 3, 3, 3, 3, 3, 3, 3, 3, 3, 3, 3, 3, 3, 3, 3, 3, 3, 3, 3, 3, 3, 3, 3, 3, 3, 3, 3, 3, 3, 3, 3, 3, 3, 3, 3, 3, 3, 3, 3, 3, 3, 3, 3, 3, 3, 3, 3, 3, 3, 3, 3, 3, 3, 3, 3, 3, 3, 3, 3, 3, 3, 3, 3, 3, 3, 3, 3, 3, 3, 3, 3, 3, 3, 3, 3, 3, 3, 3, 3, 3, 3, 3, 3, 3, 3, 3, 3, 3, 3, 3, 3, 3, 3, 3, 3, 3, 3, 3, 3, 3, 3, 3, 3, 3, 3, 3, 3, 3, 3, 3, 3, 3, 3, 3, 3, 3, 3, 3, 3, 3, 3, 3, 3, 3, 3, 3, 3, 3, 3, 3, 3, 3, 3, 3, 3, 3, 3, 3, 3, 3, 3, 3, 3, 3, 3, 3, 3, 3, 3, 3, 3, 3, 3, 3, 3, 3, 3, 3, 3, 3, 3, 3, 3, 3, 3, 3, 3, 3, 3, 3, 3, 3, 3, 3, 3, 3, 3, 3, 3, 3, 3, 3, 3, 3, 3, 3, 3, 3, 3, 3, 3, 3, 3, 3, 3, 3, 3, 3, 3, 3, 3, 3, 3, 3, 3, 3, 3, 3, 3, 3, 3, 3, 3, 3, 3, 3, 3, 3, 3, 3, 3, 3, 3, 3, 3, 3, 3, 3, 3, 3, 3, 3, 3, 3, 3, 3, 3, 3, 3, 3, 3, 3, 3, 3, 3, 3, 3, 3, 3, 3, 3, 3, 3, 3, 3, 3, 3, 3, 3, 3, 3, 3, 3, 3, 3, 3, 3, 3, 3, 3, 3, 3, 3, 3, 3, 3, 3, 3, 3, 3, 3, 3, 3, 3, 3, 3, 3, 3, 3, 3, 3, 3, 3, 3, 3, 3, 3, 3, 3, 3, 3, 3, 3, 3, 3, 3, 3, 3, 3, 3, 3, 3, 3, 3, 3, 3, 3, 3, 3, 3, 3, 3, 3, 3, 3, 3, 3, 3, 3, 3, 3, 3, 3, 3, 3, 3, 3, 3, 3, 3, 3, 3, 3, 3, 3, 3, 3, 3, 3, 3, 3, 3, 3, 3, 3, 3, 3, 3, 3, 3, 3, 3, 3, 3]
        int[] faceVertexIndices = [0, 2, 1, 3, 1, 4, 5, 3, 4, 3, 7, 6, 0, 6, 8, 9, 8, 10, 11, 8, 12, 13, 12, 14, 15, 13, 14, 16, 14, 17, 18, 16, 17, 19, 18, 17, 20, 17, 21, 12, 17, 14, 21, 8, 6, 20, 6, 7, 22, 7, 5, 23, 20, 24, 20, 23, 19, 19, 26, 25, 24, 26, 23, 27, 19, 25, 18, 27, 28, 16, 28, 29, 30, 16, 29, 15, 30, 31, 13, 31, 32, 26, 34, 33, 25, 33, 35, 27, 35, 36, 28, 36, 37, 29, 37, 38, 30, 38, 39, 31, 39, 40, 32, 40, 41, 33, 43, 42, 35, 42, 44, 36, 44, 45, 37, 45, 46, 38, 46, 47, 39, 47, 48, 40, 48, 49, 41, 49, 50, 51, 53, 52, 53, 51, 54, 55, 53, 54, 53, 55, 56, 57, 53, 56, 58, 5, 4, 59, 58, 4, 58, 59, 57, 22, 56, 55, 24, 22, 55, 60, 24, 55, 24, 61, 34, 43, 61, 62, 63, 61, 64, 7, 24, 20, 7, 22, 24, 56, 58, 57, 56, 5, 58, 55, 65, 60, 61, 65, 64, 66, 68, 67, 69, 66, 67, 70, 68, 71, 72, 68, 73, 74, 72, 73, 75, 73, 76, 77, 75, 76, 78, 77, 76, 79, 76, 80, 81, 79, 82, 78, 81, 77, 75, 77, 81, 74, 81, 83, 72, 71, 68, 84, 71, 83, 70, 84, 85, 67, 70, 69, 86, 69, 70, 85, 88, 87, 89, 88, 85, 90, 83, 81, 91, 81, 82, 92, 82, 93, 91, 95, 94, 90, 94, 96, 89, 96, 97, 88, 97, 98, 83, 71, 72, 72, 74, 83, 99, 101, 100, 102, 104, 103, 105, 103, 106, 107, 108, 99, 109, 107, 110, 111, 109, 110, 112, 105, 113, 104, 115, 114, 115, 100, 114, 116, 107, 109, 117, 109, 111, 118, 116, 119, 120, 116, 121, 122, 124, 123, 125, 112, 126, 125, 127, 115, 99, 127, 128, 111, 110, 128, 110, 99, 128, 108, 107, 122, 129, 105, 130, 131, 121, 118, 120, 121, 131, 132, 134, 133, 133, 129, 130, 135, 133, 136, 137, 133, 130, 124, 131, 138, 139, 141, 140, 142, 140, 143, 144, 143, 145, 146, 145, 147, 148, 147, 149, 150, 152, 151, 153, 155, 154, 156, 158, 157, 159, 157, 160, 145, 160, 147, 160, 157, 161, 147, 161, 149, 157, 163, 162, 161, 162, 164, 149, 164, 165, 162, 167, 166, 164, 166, 168, 165, 168, 152, 169, 170, 156, 171, 156, 159, 143, 159, 145, 140, 172, 143, 171, 172, 173, 169, 173, 174, 175, 174, 176, 173, 178, 177, 174, 173, 177, 179, 181, 180, 181, 182, 180, 180, 184, 183, 179, 183, 185, 186, 185, 187, 188, 150, 151, 189, 184, 190, 183, 188, 191, 185, 191, 192, 187, 192, 193, 191, 151, 194, 192, 194, 195, 193, 195, 196, 195, 168, 166, 196, 166, 167, 194, 152, 168, 197, 152, 153, 198, 200, 199, 201, 199, 202, 203, 202, 204, 205, 204, 206, 101, 207, 100, 208, 209, 207, 210, 211, 209, 212, 213, 211, 214, 215, 213, 216, 210, 208, 217, 212, 210, 218, 214, 212, 219, 220, 214, 221, 217, 216, 222, 218, 217, 223, 219, 218, 224, 225, 219, 226, 222, 221, 227, 223, 222, 228, 224, 223, 229, 230, 224, 103, 231, 106, 104, 200, 103, 204, 232, 206, 202, 233, 204, 234, 199, 200, 199, 235, 202, 114, 207, 236, 114, 234, 104, 237, 215, 238, 239, 213, 237, 240, 211, 239, 236, 209, 240, 233, 238, 232, 235, 237, 233, 241, 239, 235, 234, 240, 241, 124, 226, 221, 229, 243, 242, 244, 246, 245, 247, 248, 244, 124, 216, 123, 130, 106, 137, 249, 136, 137, 250, 251, 249, 136, 252, 135, 252, 253, 247, 106, 249, 137, 254, 256, 255, 248, 257, 246, 257, 205, 256, 258, 203, 257, 250, 201, 258, 249, 198, 250, 13, 259, 11, 260, 261, 259, 262, 263, 261, 264, 265, 263, 266, 267, 265, 268, 269, 267, 270, 271, 269, 272, 273, 271, 11, 274, 10, 259, 275, 274, 261, 276, 275, 263, 277, 276, 265, 278, 277, 267, 279, 278, 269, 280, 279, 271, 281, 280, 256, 32, 41, 266, 215, 268, 264, 238, 266, 262, 232, 264, 260, 206, 262, 32, 260, 13, 9, 274, 282, 283, 278, 284, 285, 277, 283, 286, 276, 285, 282, 275, 286, 230, 272, 225, 281, 287, 280, 220, 268, 215, 225, 270, 220, 279, 284, 278, 280, 288, 279, 289, 291, 290, 292, 293, 291, 294, 295, 293, 296, 297, 295, 298, 299, 297, 300, 301, 299, 302, 303, 301, 304, 305, 303, 306, 307, 305, 308, 309, 307, 310, 311, 309, 312, 313, 311, 314, 315, 313, 316, 317, 315, 318, 320, 319, 321, 323, 322, 324, 325, 321, 326, 325, 324, 327, 328, 326, 329, 330, 327, 331, 332, 329, 333, 334, 331, 335, 336, 333, 337, 338, 335, 339, 340, 337, 341, 342, 339, 319, 343, 341, 344, 64, 345, 346, 348, 347, 349, 350, 346, 351, 352, 349, 353, 354, 351, 355, 356, 353, 357, 358, 355, 359, 360, 357, 359, 362, 361, 363, 362, 359, 364, 365, 363, 366, 367, 364, 368, 54, 366, 345, 65, 368, 289, 319, 292, 317, 345, 315, 291, 347, 290, 293, 347, 291, 295, 346, 293, 297, 349, 295, 299, 351, 297, 301, 353, 299, 303, 355, 301, 305, 357, 303, 307, 359, 305, 309, 363, 307, 311, 364, 309, 313, 366, 311, 315, 368, 313, 316, 322, 369, 314, 321, 316, 312, 324, 314, 310, 326, 312, 308, 326, 310, 306, 327, 308, 304, 329, 306, 302, 331, 304, 300, 333, 302, 298, 335, 300, 296, 337, 298, 294, 339, 296, 292, 341, 294, 367, 54, 51, 361, 370, 360, 362, 371, 361, 365, 372, 362, 373, 51, 52, 51, 365, 367, 365, 373, 374, 375, 377, 376, 378, 4, 1, 379, 59, 378, 380, 381, 379, 382, 383, 380, 384, 385, 382, 386, 387, 384, 388, 389, 386, 376, 390, 388, 57, 381, 52, 391, 377, 375, 370, 377, 391, 371, 390, 370, 372, 389, 371, 374, 387, 372, 373, 385, 374, 52, 383, 373, 360, 391, 358, 350, 392, 348, 352, 393, 350, 354, 394, 352, 356, 395, 354, 358, 375, 356, 1, 397, 396, 394, 398, 393, 395, 399, 394, 375, 400, 395, 376, 401, 375, 388, 402, 376, 386, 403, 388, 384, 404, 386, 382, 405, 384, 380, 406, 382, 379, 407, 380, 378, 408, 379, 1, 409, 378, 397, 9, 282, 410, 396, 397, 411, 396, 410, 412, 398, 413, 414, 409, 411, 414, 407, 408, 415, 407, 414, 416, 406, 415, 417, 405, 416, 418, 404, 417, 419, 403, 418, 420, 402, 419, 421, 401, 420, 422, 400, 421, 413, 399, 422, 423, 425, 424, 426, 427, 425, 428, 429, 427, 430, 431, 429, 432, 433, 431, 434, 435, 433, 436, 437, 435, 438, 439, 437, 440, 441, 439, 442, 443, 441, 444, 445, 443, 446, 447, 445, 448, 449, 447, 450, 451, 449, 452, 453, 451, 454, 455, 453, 456, 93, 455, 457, 92, 93, 458, 95, 92, 459, 461, 460, 462, 463, 461, 464, 465, 463, 466, 467, 465, 468, 469, 467, 470, 471, 469, 472, 473, 471, 474, 475, 473, 476, 477, 475, 478, 479, 477, 480, 481, 479, 482, 483, 481, 484, 485, 483, 486, 487, 485, 488, 489, 487, 490, 76, 489, 491, 493, 492, 494, 495, 493, 496, 497, 495, 498, 499, 497, 500, 501, 499, 502, 503, 501, 504, 505, 503, 506, 507, 505, 508, 509, 507, 510, 511, 509, 512, 513, 511, 514, 515, 513, 516, 517, 515, 518, 519, 517, 520, 521, 519, 410, 523, 522, 413, 524, 412, 422, 525, 413, 421, 526, 422, 420, 527, 421, 419, 528, 420, 418, 529, 419, 418, 531, 530, 417, 531, 418, 416, 532, 417, 415, 533, 416, 414, 534, 415, 411, 535, 414, 410, 536, 411, 410, 286, 285, 410, 397, 282, 410, 284, 523, 410, 283, 284, 410, 285, 283, 50, 255, 256, 230, 538, 537, 242, 539, 230, 50, 256, 41, 242, 541, 540, 243, 542, 242, 537, 543, 273, 544, 546, 545, 281, 546, 544, 273, 547, 281, 288, 523, 284, 287, 523, 288, 522, 545, 536, 287, 545, 522, 423, 524, 525, 458, 541, 548, 457, 540, 458, 456, 539, 457, 454, 538, 456, 452, 543, 454, 450, 547, 452, 448, 546, 450, 446, 545, 448, 444, 545, 446, 442, 536, 444, 440, 535, 442, 438, 534, 440, 436, 533, 438, 434, 532, 436, 432, 531, 434, 430, 530, 432, 428, 530, 430, 426, 529, 428, 426, 527, 528, 423, 527, 426, 423, 525, 526, 424, 462, 459, 425, 464, 462, 427, 466, 464, 429, 468, 466, 431, 470, 468, 433, 472, 470, 435, 474, 472, 437, 476, 474, 439, 478, 476, 441, 480, 478, 443, 482, 480, 445, 484, 482, 447, 486, 484, 449, 488, 486, 451, 490, 488, 453, 80, 490, 455, 79, 80, 79, 93, 82, 460, 494, 491, 461, 496, 494, 463, 498, 496, 465, 500, 498, 467, 502, 500, 469, 504, 502, 471, 506, 504, 473, 508, 506, 475, 510, 508, 477, 512, 510, 479, 514, 512, 481, 516, 514, 483, 518, 516, 485, 520, 518, 487, 549, 520, 489, 73, 549, 53, 57, 52, 36, 28, 27, 544, 545, 287, 492, 551, 550, 493, 552, 551, 495, 553, 552, 497, 554, 553, 499, 555, 554, 501, 556, 555, 503, 557, 556, 505, 558, 557, 507, 559, 558, 509, 560, 559, 511, 561, 560, 513, 562, 561, 515, 563, 562, 517, 564, 563, 519, 565, 564, 550, 567, 566, 551, 568, 567, 552, 569, 568, 553, 570, 569, 554, 571, 570, 555, 572, 571, 556, 573, 572, 557, 574, 573, 558, 575, 574, 559, 576, 575, 560, 577, 576, 561, 578, 577, 562, 579, 578, 563, 580, 579, 564, 581, 580, 565, 582, 581, 73, 521, 549, 521, 583, 565, 521, 585, 584, 521, 586, 585, 566, 588, 587, 567, 589, 588, 568, 590, 589, 569, 591, 590, 570, 592, 591, 571, 593, 592, 572, 594, 593, 573, 595, 594, 574, 596, 595, 575, 597, 596, 576, 598, 597, 577, 599, 598, 578, 600, 599, 579, 601, 600, 580, 602, 601, 581, 603, 602, 587, 605, 604, 588, 606, 605, 589, 607, 606, 590, 608, 607, 591, 609, 608, 592, 610, 609, 593, 611, 610, 594, 612, 611, 595, 613, 612, 596, 614, 613, 597, 615, 614, 598, 616, 615, 599, 617, 616, 600, 618, 617, 601, 619, 618, 604, 621, 620, 605, 622, 621, 606, 623, 622, 607, 624, 623, 608, 625, 624, 609, 626, 625, 610, 627, 626, 611, 628, 627, 612, 629, 628, 613, 630, 629, 614, 631, 630, 615, 632, 631, 616, 633, 632, 617, 634, 633, 618, 635, 634, 619, 144, 635, 636, 638, 637, 639, 640, 638, 641, 642, 640, 643, 644, 642, 645, 646, 644, 647, 648, 646, 649, 650, 648, 651, 652, 650, 653, 654, 652, 655, 656, 654, 657, 658, 656, 659, 660, 658, 661, 662, 660, 663, 664, 662, 637, 666, 665, 638, 667, 666, 640, 668, 667, 642, 669, 668, 644, 670, 669, 646, 671, 670, 648, 672, 671, 650, 673, 672, 652, 674, 673, 654, 675, 674, 656, 676, 675, 658, 677, 676, 660, 678, 677, 662, 154, 678, 665, 680, 679, 666, 681, 680, 667, 682, 681, 668, 683, 682, 669, 684, 683, 670, 685, 684, 671, 686, 685, 672, 687, 686, 673, 688, 687, 674, 689, 688, 675, 690, 689, 661, 635, 663, 659, 634, 661, 657, 633, 659, 655, 632, 657, 653, 631, 655, 651, 630, 653, 649, 629, 651, 647, 628, 649, 645, 627, 647, 643, 626, 645, 641, 625, 643, 639, 624, 641, 139, 142, 619, 691, 602, 603, 139, 691, 692, 253, 258, 248, 393, 693, 392, 144, 146, 635, 148, 165, 664, 635, 148, 663, 664, 153, 154, 664, 165, 197, 178, 141, 694, 141, 172, 140, 176, 696, 695, 697, 699, 698, 700, 702, 701, 703, 701, 704, 705, 706, 697, 707, 705, 708, 709, 707, 708, 710, 703, 711, 702, 713, 712, 713, 698, 712, 714, 705, 707, 715, 707, 709, 716, 714, 717, 718, 714, 719, 720, 722, 721, 723, 710, 724, 723, 725, 713, 697, 725, 726, 709, 708, 726, 708, 697, 726, 706, 705, 720, 720, 699, 706, 727, 703, 728, 729, 719, 716, 718, 719, 729, 729, 731, 730, 732, 727, 728, 733, 730, 734, 735, 732, 728, 722, 729, 733, 728, 704, 735, 170, 702, 158, 167, 721, 196, 163, 699, 167, 158, 698, 163, 158, 702, 712, 701, 175, 704, 722, 196, 721, 733, 193, 722, 734, 187, 733, 735, 695, 736, 704, 176, 735, 155, 678, 154, 677, 690, 676, 678, 737, 677, 690, 738, 689, 685, 739, 684, 686, 740, 685, 687, 741, 686, 688, 742, 687, 689, 743, 688, 744, 746, 745, 680, 747, 679, 681, 747, 680, 682, 747, 681, 748, 750, 749, 746, 751, 748, 752, 754, 753, 755, 756, 754, 757, 758, 756, 759, 760, 758, 761, 762, 760, 753, 764, 763, 754, 765, 764, 756, 766, 765, 758, 767, 766, 760, 768, 767, 763, 770, 769, 764, 771, 770, 765, 772, 771, 766, 773, 772, 767, 768, 773, 769, 775, 774, 770, 776, 775, 771, 777, 776, 772, 778, 777, 774, 780, 779, 775, 781, 780, 776, 782, 781, 777, 783, 782, 779, 785, 784, 780, 786, 785, 781, 788, 787, 782, 790, 789, 773, 768, 622, 621, 791, 620, 621, 768, 762, 622, 768, 621, 773, 622, 639, 639, 622, 623, 792, 794, 793, 795, 797, 796, 798, 800, 799, 793, 801, 792, 801, 803, 802, 804, 801, 805, 805, 802, 806, 806, 802, 807, 807, 802, 808, 796, 809, 800, 800, 809, 810, 808, 800, 810, 796, 812, 811, 813, 797, 814, 813, 815, 812, 812, 816, 811, 811, 818, 817, 817, 819, 809, 809, 820, 810, 810, 821, 808, 808, 821, 822, 807, 822, 823, 806, 823, 824, 825, 806, 824, 826, 805, 825, 826, 814, 804, 827, 821, 828, 822, 827, 829, 823, 829, 830, 824, 830, 831, 832, 824, 831, 833, 825, 832, 834, 826, 833, 820, 836, 835, 818, 836, 819, 816, 837, 818, 838, 816, 815, 839, 815, 840, 814, 839, 840, 834, 841, 814, 842, 838, 839, 838, 844, 843, 843, 845, 837, 837, 846, 836, 836, 847, 835, 835, 848, 828, 827, 848, 849, 829, 827, 849, 834, 850, 841, 845, 852, 851, 845, 853, 846, 846, 854, 847, 847, 855, 848, 848, 856, 849, 829, 856, 857, 830, 857, 858, 831, 858, 859, 860, 831, 859, 861, 832, 860, 862, 832, 861, 863, 833, 862, 864, 834, 863, 864, 842, 850, 865, 866, 842, 867, 868, 842, 866, 867, 842, 853, 869, 854, 854, 870, 855, 855, 871, 856, 856, 872, 857, 873, 857, 872, 858, 857, 873, 874, 862, 875, 876, 863, 874, 877, 863, 876, 878, 864, 877, 878, 866, 865, 879, 867, 866, 852, 880, 851, 881, 882, 852, 881, 884, 883, 885, 881, 867, 886, 885, 867, 859, 873, 887, 860, 887, 888, 861, 888, 889, 862, 889, 890, 875, 862, 890, 870, 891, 871, 891, 893, 892, 891, 895, 894, 896, 891, 894, 872, 896, 897, 873, 897, 898, 887, 898, 899, 888, 899, 900, 901, 888, 900, 889, 901, 902, 903, 889, 902, 904, 890, 903, 905, 875, 904, 906, 874, 905, 907, 876, 906, 907, 878, 877, 908, 879, 878, 894, 910, 909, 896, 909, 911, 897, 911, 912, 898, 912, 913, 899, 913, 914, 900, 914, 915, 901, 915, 916, 917, 919, 918, 920, 922, 921, 923, 922, 924, 925, 924, 926, 910, 927, 909, 911, 927, 917, 911, 920, 912, 913, 920, 921, 914, 921, 923, 915, 923, 925, 916, 925, 928, 929, 931, 930, 931, 933, 932, 930, 932, 934, 919, 936, 935, 918, 935, 929, 922, 929, 937, 937, 930, 938, 938, 934, 939, 934, 932, 940, 932, 941, 940, 939, 934, 940, 942, 941, 943, 942, 945, 944, 946, 944, 947, 948, 950, 949, 951, 952, 946, 950, 946, 947, 951, 954, 953, 955, 956, 954, 926, 957, 956, 924, 937, 957, 958, 959, 948, 959, 955, 948, 960, 926, 959, 928, 925, 960, 961, 928, 960, 962, 959, 958, 963, 958, 964, 960, 962, 961, 961, 963, 965, 966, 928, 961, 967, 966, 961, 967, 961, 965, 967, 965, 968, 969, 916, 966, 970, 966, 967, 971, 967, 968, 971, 970, 967, 971, 973, 972, 972, 975, 974, 974, 977, 976, 978, 916, 969, 979, 969, 970, 980, 970, 971, 981, 970, 980, 982, 984, 983, 977, 983, 976, 985, 983, 984, 976, 985, 986, 986, 985, 987, 974, 986, 988, 989, 991, 990, 972, 988, 992, 971, 992, 993, 994, 995, 991, 988, 987, 996, 994, 996, 995, 994, 992, 988, 993, 992, 994, 993, 980, 971, 997, 980, 993, 997, 994, 989, 998, 990, 999, 1000, 989, 998, 1001, 1000, 998, 1001, 999, 1002, 1000, 981, 997, 1003, 1004, 1000, 1005, 978, 979, 1005, 981, 1004, 1006, 902, 1007, 1008, 1007, 1005, 1009, 1005, 1004, 1010, 903, 1006, 1011, 1006, 1008, 1012, 1008, 1009, 1013, 1012, 1014, 1015, 1017, 1016, 1018, 1001, 1019, 1018, 1014, 1003, 1020, 1022, 1021, 1003, 1012, 1009, 1023, 1010, 1011, 1021, 1024, 1020, 1020, 1026, 1025, 1024, 1027, 1026, 1012, 1028, 1011, 1028, 1023, 1011, 1029, 1030, 1023, 1023, 1032, 1031, 1031, 906, 905, 1032, 907, 906, 1033, 908, 907, 1034, 1035, 908, 1036, 1034, 1033, 1030, 1033, 1032, 1037, 1036, 1030, 1038, 1039, 1027, 1040, 1041, 1036, 1042, 1043, 1039, 851, 1044, 853, 870, 869, 893, 927, 1045, 919, 935, 1046, 931, 1047, 1049, 1048, 1050, 1051, 1047, 1052, 1053, 1050, 1051, 1054, 1049, 1053, 1055, 1051, 1056, 1057, 1053, 1058, 1059, 1056, 1060, 1056, 1052, 882, 1061, 880, 883, 1061, 882, 883, 1050, 1047, 883, 1052, 1050, 1052, 1062, 1060, 883, 1062, 1052, 884, 1062, 883, 1063, 1065, 1064, 1066, 1067, 1063, 1054, 1069, 1068, 1055, 1070, 1069, 1057, 1071, 1070, 1059, 1072, 1071, 1073, 1075, 1074, 1076, 1074, 1075, 1074, 1068, 1069, 1073, 1069, 1070, 1067, 1070, 1071, 1065, 1071, 1072, 1077, 1076, 1075, 1077, 1079, 1078, 1080, 1066, 1063, 1079, 1075, 1080, 1081, 1080, 1082, 1083, 1079, 1081, 1084, 1083, 1085, 1086, 1063, 1064, 1080, 1086, 1082, 1081, 1088, 1087, 1083, 1087, 1089, 1085, 1089, 1090, 1087, 1092, 1091, 1093, 1087, 1091, 1090, 1093, 1094, 1095, 1086, 1096, 1088, 1086, 1095, 1088, 1097, 1092, 1092, 1099, 1098, 1091, 1098, 1100, 1093, 1100, 1101, 1098, 1103, 1102, 1100, 1102, 1104, 1101, 1104, 1105, 1106, 1108, 1107, 1108, 1102, 1109, 1107, 1108, 1109, 1110, 1102, 1103, 1109, 1110, 1111, 1107, 1111, 1112, 1106, 1112, 1113, 1114, 1113, 1115, 1116, 1114, 1115, 1117, 1104, 1108, 1118, 1117, 1108, 1119, 1093, 1101, 1120, 1101, 1105, 1121, 1105, 1117, 1118, 1121, 1117, 1114, 1118, 1106, 1122, 1121, 1118, 1114, 1122, 1118, 1123, 1114, 1116, 1123, 1122, 1114, 1124, 1126, 1125, 1127, 1124, 1125, 1124, 1120, 1121, 1128, 1084, 1085, 1129, 1085, 1090, 1130, 1128, 1131, 1131, 1128, 1129, 1132, 1120, 1133, 1119, 1132, 1094, 1132, 1090, 1094, 1131, 1129, 1132, 1131, 1132, 1134, 1134, 1133, 1127, 885, 1135, 884, 1136, 1137, 885, 1138, 1137, 1136, 885, 1137, 1135, 886, 1136, 885, 886, 1138, 1136, 1139, 1115, 1140, 1141, 1143, 1142, 1144, 1146, 1145, 1140, 1113, 1147, 1148, 1147, 1149, 1148, 1150, 1143, 1151, 1135, 1137, 1152, 1154, 1153, 1097, 1095, 1096, 1099, 1097, 1096, 1154, 1099, 1096, 1154, 1103, 1099, 1110, 1103, 1154, 1138, 1151, 1137, 1155, 1154, 1156, 1155, 1111, 1110, 1157, 1112, 1111, 1112, 1147, 1113, 1158, 1147, 1159, 1160, 1159, 1157, 1160, 1155, 1161, 1161, 1156, 1162, 1158, 1150, 1149, 1163, 1158, 1160, 1164, 1151, 1138, 1165, 1156, 1152, 1166, 1160, 1161, 1167, 1161, 1162, 1168, 1162, 1165, 1169, 1171, 1170, 1171, 1172, 1170, 1173, 1174, 1172, 1175, 1176, 1174, 1177, 1146, 1176, 1169, 1178, 1171, 1178, 1173, 1171, 1179, 1175, 1173, 1180, 1177, 1175, 1177, 1181, 1145, 1182, 1179, 1178, 1183, 1180, 1179, 1184, 1181, 1180, 1185, 1145, 1181, 1186, 1144, 1145, 1144, 1188, 1187, 1189, 1164, 1190, 1034, 1189, 1190, 1035, 1164, 1138, 879, 1138, 886, 1041, 1191, 1189, 1192, 1194, 1193, 1192, 1193, 1195, 1196, 1192, 1195, 1192, 1197, 1194, 1182, 1169, 1198, 1164, 1195, 1193, 1196, 1164, 1189, 1199, 1182, 1198, 952, 942, 946, 949, 958, 948, 922, 917, 918, 902, 978, 1007, 904, 1031, 905, 841, 842, 839, 814, 1200, 794, 804, 814, 792, 798, 796, 800, 814, 840, 813, 802, 799, 808, 799, 800, 808, 796, 811, 817, 868, 852, 844, 821, 835, 828, 1201, 1123, 1116, 1188, 1201, 1187, 1134, 1199, 1131, 1127, 1182, 1134, 1125, 1183, 1127, 1126, 1184, 1125, 1123, 1185, 1126, 1123, 1188, 1186, 1202, 1131, 1043, 1016, 325, 1015, 1202, 338, 1130, 1042, 338, 1202, 1038, 336, 1042, 1024, 334, 1038, 1021, 332, 1024, 1022, 330, 1021, 1015, 328, 1022, 342, 1077, 1078, 1077, 1204, 1203, 1077, 343, 320, 338, 1205, 1130, 340, 1205, 338, 340, 1084, 1205, 342, 1084, 340, 342, 1078, 1084, 1191, 1196, 1189, 123, 208, 101, 123, 108, 122, 89, 84, 83, 85, 86, 70, 639, 636, 773, 636, 1206, 773, 1140, 1141, 1139, 178, 1208, 1207, 182, 190, 184, 1209, 1211, 1210, 1212, 1213, 1211, 1214, 1215, 1213, 1215, 1217, 1216, 1214, 1218, 1217, 1212, 1219, 1218, 1219, 1220, 1218, 1221, 1222, 1220, 1223, 1224, 1222, 1224, 1225, 1222, 1226, 1227, 1225, 1227, 1228, 1225, 1228, 1229, 1225, 1229, 1222, 1225, 1220, 1217, 1218, 1229, 1216, 1217, 1216, 1230, 1215, 1231, 1233, 1232, 1233, 1231, 1228, 1233, 1235, 1234, 1234, 1232, 1233, 1228, 1236, 1235, 1228, 1237, 1236, 1227, 1238, 1237, 1226, 1239, 1238, 1226, 1240, 1239, 1224, 1241, 1240, 1232, 1243, 1242, 1234, 1244, 1243, 1235, 1245, 1244, 1245, 1237, 1246, 1237, 1247, 1246, 1238, 1248, 1247, 1239, 1249, 1248, 1240, 1250, 1249, 1242, 42, 43, 1243, 44, 42, 1244, 45, 44, 1245, 46, 45, 1246, 47, 46, 1247, 48, 47, 1248, 49, 48, 1249, 50, 49, 1251, 1253, 1252, 1253, 1251, 1254, 1255, 1257, 1256, 1257, 1255, 1258, 1255, 1259, 1258, 1215, 1260, 1213, 1260, 1261, 1213, 1261, 1260, 1259, 1215, 1257, 1258, 1230, 1232, 1257, 1232, 1262, 1257, 1262, 1242, 1263, 1242, 62, 1263, 62, 1264, 1263, 1232, 1216, 1231, 1230, 1216, 1232, 1260, 1258, 1259, 1215, 1258, 1260, 1256, 1262, 1265, 1262, 1264, 1265, 1266, 1268, 1267, 1269, 1270, 1268, 1268, 1271, 1267, 1267, 1272, 1266, 1272, 1273, 1266, 1273, 1274, 1266, 1275, 1277, 1276, 1277, 1278, 1276, 1278, 1279, 1276, 1278, 1281, 1280, 1282, 1278, 1277, 1277, 1275, 1282, 1275, 1283, 1282, 1271, 1272, 1267, 1284, 1285, 1271, 1286, 1284, 1287, 1284, 1268, 1270, 1270, 1288, 1284, 1289, 1291, 1290, 1289, 1292, 1291, 1292, 1282, 1283, 1293, 1281, 1282, 1294, 1295, 1281, 1296, 94, 95, 1294, 96, 94, 1293, 97, 96, 1292, 98, 97, 1271, 1285, 1272, 1273, 1272, 1285, 1297, 1299, 1298, 1300, 1302, 1301, 1303, 1304, 1302, 1297, 1306, 1305, 1306, 1308, 1307, 1308, 1309, 1307, 1303, 1311, 1310, 1300, 1313, 1312, 1305, 1313, 1299, 1314, 1308, 1306, 1315, 1317, 1316, 1318, 1319, 1315, 1320, 1318, 1315, 1321, 1323, 1322, 1303, 1325, 1324, 1325, 1312, 1326, 1312, 1327, 1326, 1307, 1309, 1327, 1306, 1327, 1305, 1306, 1297, 1314, 1311, 1328, 1310, 1318, 1330, 1329, 1318, 1321, 1330, 1329, 1332, 1331, 1331, 1328, 1333, 1330, 1334, 1332, 1334, 1328, 1332, 1321, 1335, 1330, 1336, 1338, 1337, 1339, 1340, 1338, 1341, 1342, 1340, 1343, 1344, 1342, 1345, 1346, 1344, 1347, 1349, 1348, 1350, 1352, 1351, 1353, 1355, 1354, 1356, 1357, 1355, 1358, 1344, 1357, 1355, 1357, 1359, 1357, 1346, 1359, 1354, 1361, 1360, 1355, 1362, 1361, 1359, 1363, 1362, 1360, 1365, 1364, 1361, 1366, 1365, 1362, 1348, 1366, 1367, 1356, 1353, 1368, 1358, 1356, 1369, 1342, 1358, 1370, 1338, 1340, 1340, 1371, 1370, 1369, 1372, 1371, 1368, 1373, 1372, 1370, 1375, 1374, 1371, 1372, 1375, 1376, 1378, 1377, 1379, 1378, 1380, 1380, 1382, 1381, 1378, 1383, 1382, 1384, 1385, 1383, 1386, 1349, 1350, 1387, 1388, 1381, 1381, 1389, 1387, 1382, 1390, 1389, 1383, 1391, 1390, 1387, 1392, 1349, 1389, 1393, 1392, 1390, 1394, 1393, 1392, 1365, 1366, 1393, 1364, 1365, 1349, 1366, 1348, 1363, 1347, 1348, 1395, 1397, 1396, 1398, 1399, 1397, 1400, 1401, 1399, 1402, 1403, 1401, 1404, 1299, 1405, 1406, 1405, 1407, 1408, 1407, 1409, 1410, 1409, 1411, 1412, 1411, 1413, 1414, 1404, 1406, 1415, 1406, 1408, 1416, 1408, 1410, 1417, 1410, 1412, 1418, 1419, 1414, 1420, 1414, 1415, 1421, 1415, 1416, 1422, 1416, 1417, 1423, 1425, 1424, 1426, 1418, 1420, 1427, 1420, 1421, 1428, 1421, 1422, 1396, 1304, 1395, 1429, 1302, 1396, 1430, 1403, 1431, 1432, 1401, 1430, 1433, 1396, 1397, 1433, 1399, 1432, 1299, 1434, 1405, 1434, 1301, 1429, 1411, 1435, 1413, 1409, 1436, 1411, 1407, 1437, 1409, 1405, 1438, 1407, 1436, 1431, 1435, 1437, 1430, 1436, 1438, 1432, 1437, 1434, 1433, 1438, 1335, 1425, 1439, 1440, 1442, 1441, 1443, 1444, 1440, 1445, 1446, 1443, 1447, 1448, 1419, 1310, 1449, 1304, 1450, 1449, 1334, 1445, 1451, 1450, 1450, 1335, 1439, 1450, 1423, 1445, 1395, 1449, 1451, 1452, 1441, 1453, 1454, 1440, 1452, 1402, 1453, 1455, 1400, 1452, 1402, 1398, 1454, 1400, 1395, 1456, 1398, 1457, 1459, 1458, 1460, 1458, 1461, 1462, 1461, 1463, 1464, 1463, 1465, 1466, 1465, 1467, 1468, 1467, 1469, 1470, 1469, 1471, 1472, 1471, 1473, 1458, 1475, 1474, 1461, 1474, 1476, 1463, 1476, 1477, 1465, 1477, 1478, 1467, 1478, 1479, 1469, 1479, 1480, 1471, 1480, 1481, 1473, 1481, 1482, 1455, 1484, 1483, 1435, 1466, 1413, 1431, 1464, 1435, 1403, 1462, 1431, 1455, 1460, 1403, 1455, 1485, 1457, 1475, 1486, 1474, 1478, 1487, 1479, 1477, 1488, 1478, 1476, 1489, 1477, 1474, 1490, 1476, 1472, 1417, 1470, 1491, 1481, 1492, 1468, 1413, 1466, 1470, 1412, 1468, 1493, 1479, 1487, 1492, 1480, 1493, 1494, 290, 1495, 1496, 1495, 1497, 1498, 1497, 1499, 1500, 1499, 1501, 1502, 1501, 1503, 1504, 1503, 1505, 1506, 1505, 1507, 1508, 1507, 1509, 1510, 1509, 1511, 1512, 1511, 1513, 1514, 1513, 1515, 1516, 1518, 1517, 1519, 1517, 1520, 369, 1520, 317, 1204, 1522, 1521, 1523, 322, 323, 1523, 1525, 1524, 1526, 1528, 1527, 1529, 1530, 1526, 1531, 1532, 1529, 1533, 1534, 1531, 1535, 1536, 1533, 1537, 1538, 1535, 1539, 1540, 1537, 1541, 1542, 1539, 1543, 1544, 1541, 1521, 1545, 1543, 63, 1546, 1264, 1547, 347, 348, 1548, 1549, 1547, 1550, 1551, 1548, 1552, 1553, 1550, 1554, 1555, 1552, 1556, 1557, 1554, 1558, 1559, 1556, 1560, 1561, 1558, 1562, 1561, 1560, 1563, 1564, 1562, 1254, 1565, 1563, 1265, 1566, 1256, 1264, 1567, 1265, 318, 1494, 1522, 344, 1520, 1546, 347, 1495, 290, 1549, 1495, 347, 1551, 1497, 1549, 1553, 1499, 1551, 1555, 1501, 1553, 1557, 1503, 1555, 1559, 1505, 1557, 1561, 1507, 1559, 1564, 1509, 1561, 1565, 1511, 1564, 1568, 1513, 1565, 1567, 1518, 1566, 1546, 1517, 1567, 1524, 369, 322, 1525, 1519, 1524, 1530, 1569, 1528, 1530, 1512, 1514, 1532, 1512, 1530, 1534, 1510, 1532, 1536, 1508, 1534, 1538, 1506, 1536, 1540, 1504, 1538, 1542, 1502, 1540, 1544, 1500, 1542, 1545, 1498, 1544, 1522, 1496, 1545, 1254, 1563, 1253, 1570, 1556, 1571, 1572, 1558, 1570, 1573, 1560, 1572, 1253, 1574, 1252, 1574, 1563, 1562, 1574, 1562, 1573, 1575, 1577, 1576, 1261, 1211, 1213, 1578, 1580, 1579, 1581, 1582, 1578, 1583, 1584, 1581, 1585, 1586, 1583, 1587, 1588, 1585, 1589, 1590, 1587, 1575, 1591, 1589, 1579, 1252, 1578, 1575, 1592, 1577, 1589, 1592, 1575, 1587, 1571, 1589, 1585, 1570, 1587, 1583, 1572, 1585, 1581, 1573, 1583, 1578, 1574, 1581, 1571, 1554, 1592, 1593, 348, 392, 1594, 1547, 1593, 1595, 1548, 1594, 1577, 1550, 1595, 1592, 1552, 1577, 1596, 1598, 1597, 1599, 1593, 1600, 1601, 1594, 1599, 1602, 1595, 1601, 1603, 1577, 1602, 1604, 1576, 1603, 1605, 1591, 1604, 1606, 1590, 1605, 1607, 1588, 1606, 1608, 1586, 1607, 1609, 1584, 1608, 1610, 1582, 1609, 1598, 1580, 1610, 1596, 1486, 1611, 1598, 1612, 1597, 1610, 1612, 1598, 693, 1613, 1600, 1609, 1614, 1610, 1608, 1615, 1609, 1607, 1615, 1608, 1606, 1616, 1607, 1605, 1617, 1606, 1604, 1618, 1605, 1603, 1619, 1604, 1602, 1620, 1603, 1601, 1621, 1602, 1599, 1622, 1601, 1600, 1623, 1599, 1624, 424, 1625, 1626, 1625, 1627, 1628, 1627, 1629, 1630, 1629, 1631, 1632, 1631, 1633, 1634, 1633, 1635, 1636, 1635, 1637, 1638, 1637, 1639, 1640, 1639, 1641, 1642, 1641, 1643, 1644, 1643, 1645, 1646, 1645, 1647, 1648, 1647, 1649, 1650, 1649, 1651, 1652, 1651, 1653, 1654, 1653, 1655, 1656, 1657, 1295, 1658, 1295, 1296, 548, 1296, 95, 1659, 460, 1660, 1661, 1660, 1662, 1663, 1662, 1664, 1665, 1664, 1666, 1667, 1666, 1668, 1669, 1668, 1670, 1671, 1670, 1672, 1673, 1672, 1674, 1675, 1674, 1676, 1677, 1676, 1678, 1679, 1678, 1680, 1681, 1680, 1682, 1683, 1682, 1684, 1685, 1684, 1686, 1687, 1686, 1688, 1689, 1688, 1274, 1690, 492, 1691, 1692, 1691, 1693, 1694, 1693, 1695, 1696, 1695, 1697, 1698, 1697, 1699, 1700, 1699, 1701, 1702, 1701, 1703, 1704, 1703, 1705, 1706, 1705, 1707, 1708, 1707, 1709, 1710, 1709, 1711, 1712, 1711, 1713, 1714, 1713, 1715, 1716, 1715, 1717, 1718, 1717, 1719, 1720, 1612, 1721, 1722, 412, 524, 1723, 1613, 1722, 1724, 1623, 1723, 1725, 1622, 1724, 1726, 1621, 1725, 1727, 1620, 1726, 1728, 1619, 1727, 1729, 1619, 1728, 1730, 1618, 1729, 1731, 1617, 1730, 1732, 1616, 1731, 1733, 1615, 1732, 1721, 1614, 1733, 1486, 1489, 1490, 1597, 1612, 1486, 1487, 1612, 1720, 1488, 1612, 1487, 1489, 1612, 1488, 1734, 1736, 1735, 1737, 1739, 1738, 1740, 1741, 1737, 1736, 50, 1250, 542, 1740, 541, 1742, 1441, 1442, 1743, 1473, 1744, 1745, 1491, 1746, 1747, 1491, 1745, 1744, 1482, 1747, 1720, 1493, 1487, 1721, 1493, 1720, 1746, 1721, 1733, 1746, 1492, 1721, 524, 423, 1722, 1740, 548, 541, 1737, 1658, 1740, 1738, 1656, 1737, 1744, 1654, 1743, 1747, 1652, 1744, 1745, 1650, 1747, 1746, 1648, 1745, 1746, 1644, 1646, 1733, 1644, 1746, 1732, 1642, 1733, 1731, 1640, 1732, 1730, 1638, 1731, 1729, 1636, 1730, 1728, 1634, 1729, 1727, 1632, 1728, 1727, 1628, 1630, 1726, 1628, 1727, 1725, 1626, 1726, 1724, 1624, 1725, 1723, 1624, 1724, 1722, 423, 1723, 1625, 459, 1659, 1627, 1659, 1661, 1629, 1661, 1663, 1631, 1663, 1665, 1633, 1665, 1667, 1635, 1667, 1669, 1637, 1669, 1671, 1639, 1671, 1673, 1641, 1673, 1675, 1643, 1675, 1677, 1645, 1677, 1679, 1647, 1679, 1681, 1649, 1681, 1683, 1651, 1683, 1685, 1653, 1685, 1687, 1655, 1687, 1689, 1295, 1279, 1280, 1295, 1280, 1281, 1660, 491, 1690, 1662, 1690, 1692, 1664, 1692, 1694, 1666, 1694, 1696, 1668, 1696, 1698, 1670, 1698, 1700, 1672, 1700, 1702, 1674, 1702, 1704, 1676, 1704, 1706, 1678, 1706, 1708, 1680, 1708, 1710, 1682, 1710, 1712, 1684, 1712, 1714, 1686, 1714, 1716, 1688, 1716, 1718, 1274, 1718, 1266, 1748, 1251, 1252, 1237, 1245, 1236, 1746, 1491, 1492, 1691, 550, 1749, 1693, 1749, 1750, 1695, 1750, 1751, 1697, 1751, 1752, 1699, 1752, 1753, 1701, 1753, 1754, 1703, 1754, 1755, 1705, 1755, 1756, 1707, 1756, 1757, 1709, 1757, 1758, 1711, 1758, 1759, 1713, 1759, 1760, 1715, 1760, 1761, 1717, 1761, 1762, 1719, 1762, 1763, 1749, 566, 1764, 1750, 1764, 1765, 1751, 1765, 1766, 1752, 1766, 1767, 1753, 1767, 1768, 1754, 1768, 1769, 1755, 1769, 1770, 1756, 1770, 1771, 1757, 1771, 1772, 1758, 1772, 1773, 1759, 1773, 1774, 1760, 1774, 1775, 1761, 1775, 1776, 1762, 1776, 1777, 1763, 1777, 1778, 1779, 1778, 1780, 1781, 1718, 1719, 1782, 1763, 1779, 1783, 1719, 1782, 1781, 1719, 1783, 1764, 587, 1784, 1765, 1784, 1785, 1766, 1785, 1786, 1767, 1786, 1787, 1768, 1787, 1788, 1769, 1788, 1789, 1770, 1789, 1790, 1771, 1790, 1791, 1772, 1791, 1792, 1773, 1792, 1793, 1774, 1793, 1794, 1775, 1794, 1795, 1776, 1795, 1796, 1777, 1796, 1797, 1778, 1797, 1798, 1780, 1798, 1799, 1784, 604, 1800, 1785, 1800, 1801, 1786, 1801, 1802, 1787, 1802, 1803, 1788, 1803, 1804, 1789, 1804, 1805, 1790, 1805, 1806, 1791, 1806, 1807, 1792, 1807, 1808, 1793, 1808, 1809, 1794, 1809, 1810, 1795, 1810, 1811, 1796, 1811, 1812, 1797, 1812, 1813, 1798, 1813, 1814, 1800, 620, 1815, 1801, 1815, 1816, 1802, 1816, 1817, 1803, 1817, 1818, 1804, 1818, 1819, 1805, 1819, 1820, 1806, 1820, 1821, 1807, 1821, 1822, 1808, 1822, 1823, 1809, 1823, 1824, 1810, 1824, 1825, 1811, 1825, 1826, 1812, 1826, 1827, 1813, 1827, 1828, 1814, 1828, 1829, 1341, 1829, 1343, 1830, 1832, 1831, 1833, 1831, 1834, 1835, 1834, 1836, 1837, 1836, 1838, 1839, 1838, 1840, 1841, 1840, 1842, 1843, 1842, 1844, 1845, 1844, 1846, 1847, 1846, 1848, 1849, 1848, 1850, 1851, 1850, 1852, 1853, 1852, 1854, 1855, 1854, 1856, 1857, 1856, 1858, 1831, 1860, 1859, 1834, 1859, 1861, 1836, 1861, 1862, 1838, 1862, 1863, 1840, 1863, 1864, 1842, 1864, 1865, 1844, 1865, 1866, 1846, 1866, 1867, 1848, 1867, 1868, 1850, 1868, 1869, 1852, 1869, 1870, 1854, 1870, 1871, 1856, 1871, 1872, 1858, 1872, 1352, 1859, 1874, 1873, 1861, 1873, 1875, 1862, 1875, 1876, 1863, 1876, 1877, 1864, 1877, 1878, 1865, 1878, 1879, 1866, 1879, 1880, 1867, 1880, 1881, 1868, 1881, 1882, 1869, 1882, 1883, 1870, 1883, 1884, 1828, 1855, 1829, 1827, 1853, 1828, 1826, 1851, 1827, 1825, 1849, 1826, 1824, 1847, 1825, 1823, 1845, 1824, 1822, 1843, 1823, 1821, 1841, 1822, 1820, 1839, 1821, 1819, 1837, 1820, 1818, 1835, 1819, 1817, 1833, 1818, 1341, 1339, 1814, 1814, 1799, 1798, 1814, 1336, 1885, 1456, 1443, 1454, 1600, 392, 693, 1345, 1343, 1829, 1346, 1858, 1363, 1345, 1855, 1857, 1886, 1352, 1347, 1363, 1858, 1886, 1370, 1887, 1337, 1370, 1337, 1338, 1376, 1888, 1384, 1889, 1891, 1890, 1892, 1894, 1893, 1895, 1896, 1894, 1889, 1898, 1897, 1898, 1900, 1899, 1900, 1901, 1899, 1895, 1903, 1902, 1892, 1905, 1904, 1897, 1905, 1891, 1906, 1900, 1898, 1907, 1901, 1900, 1908, 1909, 1907, 1906, 1908, 1907, 1910, 1912, 1911, 1895, 1914, 1913, 1914, 1904, 1915, 1904, 1916, 1915, 1899, 1901, 1916, 1898, 1916, 1897, 1898, 1889, 1906, 1912, 1889, 1890, 1903, 1917, 1902, 1908, 1919, 1918, 1908, 1910, 1919, 1920, 1922, 1921, 1921, 1917, 1923, 1919, 1925, 1924, 1926, 1917, 1922, 1910, 1927, 1919, 1902, 1928, 1896, 1894, 1354, 1893, 1890, 1394, 1912, 1891, 1364, 1890, 1905, 1360, 1891, 1893, 1354, 1905, 1353, 1896, 1367, 1391, 1912, 1394, 1385, 1911, 1391, 1888, 1927, 1385, 1929, 1925, 1888, 1367, 1928, 1373, 1930, 1352, 1872, 1931, 1870, 1884, 1930, 1871, 1931, 1932, 1884, 1883, 1933, 1878, 1934, 1935, 1879, 1933, 1936, 1880, 1935, 1937, 1881, 1936, 1932, 1882, 1937, 1938, 1934, 1878, 1939, 1873, 1874, 1939, 1875, 1873, 750, 1875, 1939, 751, 1876, 750, 1938, 1877, 751, 1940, 1942, 1941, 752, 1941, 1943, 755, 1943, 1944, 757, 1944, 1945, 759, 1945, 1946, 761, 1946, 1947, 791, 1947, 1948, 1941, 1950, 1949, 1943, 1949, 1951, 1944, 1951, 1952, 1945, 1952, 1953, 1946, 1953, 1954, 1947, 1954, 1955, 1948, 1955, 1956, 1949, 1958, 1957, 1951, 1957, 1959, 1952, 1959, 1960, 1953, 1960, 1961, 1954, 1961, 1962, 1955, 1962, 1963, 1956, 1955, 1963, 1957, 1965, 1964, 1959, 1964, 1966, 1960, 1966, 1967, 1961, 1967, 1968, 1962, 1968, 1969, 1963, 1969, 1970, 1964, 1972, 1971, 1966, 1971, 1973, 1967, 1973, 1974, 1968, 1974, 1975, 1969, 1975, 1976, 1970, 1976, 1977, 1971, 1979, 1978, 1973, 1978, 1980, 1974, 1980, 1981, 1975, 1981, 1982, 1976, 1984, 1983, 1977, 1983, 1985, 1986, 1988, 1987, 784, 1987, 779, 1987, 1990, 1989, 779, 1989, 774, 1989, 1992, 1991, 774, 1991, 769, 1991, 1994, 1993, 769, 1993, 763, 1993, 1996, 1995, 763, 1995, 753, 1995, 1997, 1940, 753, 1940, 752, 1956, 1963, 1816, 1948, 620, 791, 1956, 1815, 1948, 1956, 1816, 1815, 1816, 1963, 1830, 1816, 1830, 1817, 1998, 2000, 1999, 2001, 2003, 2002, 2004, 2006, 2005, 2007, 2009, 2008, 2007, 2011, 2010, 2009, 2012, 2008, 2008, 2013, 2011, 2011, 2013, 2014, 2011, 2014, 2015, 2016, 2004, 2017, 2017, 2004, 2018, 2004, 2015, 2018, 2002, 2020, 2019, 2019, 1998, 2002, 2021, 2019, 2022, 2022, 2020, 2023, 2023, 2016, 2024, 2024, 2017, 2025, 2025, 2018, 2026, 2026, 2015, 2027, 2027, 2015, 2028, 2015, 2029, 2028, 2014, 2030, 2029, 2012, 2030, 2013, 2031, 2032, 2012, 1998, 2033, 2031, 2027, 2035, 2034, 2027, 2036, 2035, 2028, 2037, 2036, 2029, 2038, 2037, 2032, 2038, 2030, 2033, 2039, 2032, 1998, 2040, 2033, 2025, 2042, 2041, 2043, 2025, 2041, 2044, 2024, 2043, 2044, 2022, 2023, 2045, 2046, 2022, 2047, 2021, 2046, 2047, 2048, 1998, 2049, 2046, 2045, 2049, 2044, 2050, 2050, 2043, 2051, 2051, 2041, 2052, 2052, 2042, 2053, 2053, 2034, 2054, 2034, 2055, 2054, 2035, 2036, 2055, 2056, 2048, 2047, 2050, 2058, 2057, 2058, 2052, 2059, 2059, 2053, 2060, 2060, 2054, 2061, 2061, 2055, 2062, 2055, 2063, 2062, 2036, 2064, 2063, 2037, 2065, 2064, 2039, 2065, 2038, 2039, 2067, 2066, 2040, 2067, 2039, 2048, 2068, 2040, 2056, 2069, 2048, 2070, 2056, 2071, 2072, 2070, 2071, 2073, 2071, 2049, 2074, 2072, 2071, 1044, 2060, 869, 869, 2061, 2075, 2075, 2062, 2076, 2076, 2063, 2077, 2063, 2078, 2077, 2063, 2064, 2078, 2069, 2079, 2068, 2069, 2081, 2080, 2082, 2081, 2069, 2070, 2083, 2082, 2084, 2070, 2072, 2085, 2072, 2074, 2086, 2058, 880, 2087, 2057, 2086, 2088, 2073, 2087, 2088, 2074, 2073, 2089, 2085, 2074, 2064, 2090, 2078, 2065, 2091, 2090, 2066, 2092, 2091, 2067, 2093, 2092, 2068, 2079, 2093, 893, 2076, 2094, 893, 2094, 892, 892, 2095, 895, 2076, 2095, 2094, 2076, 2097, 2096, 2077, 2098, 2097, 2078, 2099, 2098, 2090, 2100, 2099, 2091, 2101, 2100, 2091, 2102, 2101, 2093, 2102, 2092, 2079, 2103, 2093, 2080, 2104, 2079, 2081, 2105, 2080, 2083, 2106, 2081, 2107, 2083, 2108, 2109, 2108, 2084, 895, 2110, 910, 2095, 2111, 2110, 2096, 2112, 2111, 2097, 2113, 2112, 2098, 2114, 2113, 2099, 2115, 2114, 2100, 2116, 2115, 2117, 2119, 2118, 2120, 2122, 2121, 2121, 2123, 2120, 2124, 2125, 2123, 2126, 2110, 2117, 2110, 2127, 2117, 2127, 2112, 2122, 2112, 2121, 2122, 2113, 2124, 2121, 2114, 2128, 2124, 2115, 2129, 2128, 2130, 2132, 2131, 1046, 2133, 933, 2131, 2134, 2133, 1045, 2130, 936, 2118, 2135, 2130, 2119, 2136, 2135, 2135, 2137, 2132, 2132, 2138, 2134, 2133, 2134, 2139, 933, 2139, 941, 2134, 2138, 2139, 2139, 943, 941, 943, 2140, 945, 2141, 2142, 2140, 2143, 2145, 2144, 2146, 2148, 2147, 2144, 2142, 2148, 2143, 2146, 2149, 2125, 2149, 2150, 2123, 2150, 2151, 2120, 2151, 2136, 2152, 2154, 2153, 2125, 2153, 2143, 2128, 2152, 2125, 2128, 2129, 2155, 2129, 2156, 2155, 2155, 2154, 2152, 2157, 2158, 2154, 2157, 2155, 2156, 2157, 2160, 2159, 2116, 2156, 2129, 2161, 2162, 2156, 2156, 2162, 2160, 2160, 2162, 2163, 2116, 2164, 2161, 2164, 2162, 2161, 2162, 2165, 2163, 2166, 2165, 2162, 2163, 2168, 2167, 2167, 2170, 2169, 2169, 2172, 2171, 2101, 2164, 2116, 2173, 2166, 2164, 2166, 2174, 2165, 2175, 2174, 2166, 2176, 2177, 984, 2178, 2172, 2179, 2177, 985, 984, 2177, 2180, 985, 985, 2180, 987, 2172, 2182, 2181, 2183, 2185, 2184, 2170, 2186, 2182, 2168, 2187, 2186, 2188, 2183, 2184, 2180, 996, 987, 2189, 2188, 2190, 2191, 2183, 2189, 2191, 2192, 2183, 2174, 2187, 2165, 2193, 2187, 2174, 2192, 2194, 2183, 2194, 2195, 2185, 2196, 2197, 2194, 2198, 2197, 2199, 2197, 2200, 2195, 2201, 2196, 2202, 2203, 2199, 2201, 2204, 2175, 2173, 2175, 2205, 2193, 2103, 2204, 2102, 2206, 2207, 2204, 2208, 2205, 2207, 2104, 2206, 2103, 2209, 2208, 2206, 2210, 2211, 2208, 2212, 2214, 2213, 2215, 2216, 2200, 2198, 2217, 2215, 2214, 2218, 2198, 2214, 2219, 2218, 2214, 2203, 2213, 2220, 2210, 2209, 2221, 2219, 2222, 2221, 2212, 2223, 2224, 2223, 2225, 2226, 2227, 2210, 2228, 2210, 2229, 2230, 2229, 2231, 2231, 2220, 2232, 2232, 2105, 2106, 2233, 2106, 2234, 2235, 2234, 2107, 2236, 2107, 2109, 2237, 2233, 2235, 2238, 2232, 2233, 2239, 2231, 2238, 2240, 2225, 2241, 2242, 2238, 2237, 2243, 2241, 2244, 880, 2059, 1044, 869, 2075, 893, 2126, 2118, 1045, 936, 2131, 1046, 2245, 1048, 1049, 2246, 2247, 2245, 2248, 2249, 2246, 2250, 1049, 1054, 2251, 2245, 2250, 2252, 2246, 2251, 2253, 2248, 2252, 2254, 2255, 2248, 1061, 2086, 880, 2247, 1061, 1048, 2249, 2087, 2247, 2255, 2087, 2249, 2256, 2255, 2257, 2256, 2087, 2255, 2256, 2088, 2087, 2258, 2260, 2259, 2261, 2262, 2258, 2250, 1068, 2263, 2251, 2263, 2264, 2252, 2264, 2265, 2253, 2265, 2266, 2267, 2269, 2268, 2270, 2268, 2269, 2270, 2263, 1068, 2269, 2264, 2263, 2261, 2265, 2264, 2258, 2266, 2265, 1203, 2268, 1076, 2268, 2272, 2271, 2268, 2262, 2267, 2268, 2271, 2273, 2271, 2274, 2273, 2272, 2275, 2271, 2272, 2277, 2276, 2262, 2278, 2260, 2262, 2274, 2278, 2274, 2280, 2279, 2275, 2281, 2280, 2276, 2282, 2281, 2279, 2284, 2283, 2281, 2284, 2280, 2281, 2286, 2285, 2278, 2288, 2287, 2274, 2288, 2278, 2288, 2283, 2289, 2289, 2291, 2290, 2283, 2292, 2291, 2284, 2293, 2292, 2290, 2295, 2294, 2291, 2296, 2295, 2292, 2297, 2296, 2298, 2300, 2299, 2296, 2301, 2295, 2299, 2300, 2301, 2295, 2302, 2294, 2295, 2303, 2302, 2301, 2304, 2303, 2300, 2305, 2304, 2306, 2307, 2305, 2308, 2309, 2307, 2297, 2299, 2296, 2310, 2298, 2299, 2286, 2293, 2285, 2311, 2297, 2293, 2312, 2310, 2297, 2313, 2298, 2310, 2298, 2308, 2306, 2314, 2298, 2313, 2315, 2308, 2298, 2308, 2316, 2309, 2317, 2308, 2315, 2315, 2318, 2317, 2319, 2318, 2314, 2319, 2313, 2312, 2320, 2277, 2321, 2322, 2282, 2277, 2320, 2323, 2322, 2322, 2323, 2324, 2311, 2319, 2312, 2325, 2311, 2286, 2324, 2286, 2282, 2324, 2323, 2325, 2325, 2323, 2326, 2325, 2327, 2319, 2328, 2089, 2088, 2329, 2330, 2089, 2329, 2331, 2330, 2329, 2089, 2328, 2330, 2085, 2089, 2331, 2085, 2330, 2309, 2332, 2307, 2333, 2335, 2334, 2336, 2338, 2337, 2307, 2339, 2305, 2332, 2340, 2339, 2340, 2334, 2341, 2342, 2343, 2287, 2344, 2345, 2342, 2288, 2289, 2287, 2289, 2290, 2287, 2290, 2342, 2287, 2294, 2342, 2290, 2294, 2302, 2342, 2346, 2331, 2329, 2302, 2344, 2342, 2347, 2302, 2303, 2348, 2303, 2304, 2348, 2305, 2339, 2349, 2348, 2339, 2350, 2347, 2348, 2347, 2352, 2351, 2351, 2353, 2344, 2341, 2354, 2340, 2341, 2355, 2354, 2356, 2331, 2346, 2353, 2357, 2344, 2358, 2352, 2359, 2360, 2353, 2352, 2361, 2362, 2353, 2363, 2365, 2364, 2366, 2364, 2367, 2368, 2367, 2369, 2370, 2369, 2371, 2337, 2371, 2336, 2372, 2365, 2363, 2373, 2363, 2366, 2374, 2366, 2368, 2375, 2368, 2370, 2375, 2370, 2337, 2376, 2372, 2373, 2377, 2373, 2374, 2378, 2374, 2375, 2379, 2375, 2337, 2380, 2337, 2338, 2380, 2338, 2381, 2382, 2383, 2236, 2237, 2236, 2383, 2236, 2331, 2382, 2109, 2085, 2331, 2242, 2383, 2384, 2385, 2386, 2356, 2356, 2386, 2387, 2386, 2388, 2387, 2389, 2386, 2385, 2390, 2392, 2391, 2387, 2382, 2356, 2387, 2383, 2382, 2393, 2394, 2392, 2139, 2148, 2141, 2158, 2153, 2154, 2122, 2119, 2127, 2101, 2204, 2173, 2209, 2105, 2220, 2056, 2046, 2071, 2002, 1999, 2001, 1998, 2031, 2009, 2395, 2004, 2003, 2021, 1998, 2396, 2010, 2015, 2005, 2004, 2005, 2015, 2020, 2003, 2016, 2073, 2050, 2057, 2026, 2034, 2042, 2316, 2397, 2309, 2316, 2381, 2397, 2393, 2323, 2394, 2376, 2399, 2398, 2377, 2400, 2376, 2378, 2318, 2377, 2379, 2317, 2378, 2380, 2316, 2379, 2401, 2244, 2323, 323, 2402, 1523, 1537, 2243, 2401, 1535, 2243, 1537, 1533, 2240, 1535, 1531, 2224, 1533, 1529, 2221, 1531, 1526, 2219, 1529, 1527, 2218, 1526, 1543, 2272, 2403, 1521, 1203, 1204, 1543, 2403, 1521, 2320, 1537, 2401, 2320, 1539, 1537, 2321, 1539, 2320, 2321, 1541, 1539, 2272, 1541, 2321, 2388, 2384, 2383, 1419, 1298, 1404, 1298, 1314, 1297, 1291, 1283, 2404, 2405, 1284, 1288, 2406, 1830, 1963, 2407, 1963, 2408, 2333, 2410, 2409, 2411, 1380, 2412, 2412, 1381, 1388, 2407, 2408, 2413, 2414, 783, 778, 2, 0, 9, 1, 3, 0, 7, 3, 5, 6, 0, 3, 8, 9, 0, 8, 11, 10, 12, 13, 11, 14, 16, 15, 17, 20, 19, 17, 12, 21, 8, 21, 12, 6, 20, 21, 26, 19, 23, 27, 18, 19, 28, 16, 18, 30, 15, 16, 31, 13, 15, 34, 26, 24, 33, 25, 26, 35, 27, 25, 37, 29, 28, 38, 30, 29, 39, 31, 30, 40, 32, 31, 43, 33, 34, 42, 35, 33, 44, 36, 35, 45, 37, 36, 46, 38, 37, 47, 39, 38, 48, 40, 39, 49, 41, 40, 56, 22, 5, 61, 24, 60, 61, 43, 34, 61, 63, 62, 65, 55, 54, 65, 61, 60, 68, 66, 73, 68, 70, 67, 73, 75, 74, 76, 79, 78, 79, 81, 78, 81, 74, 75, 71, 84, 70, 83, 90, 89, 81, 91, 90, 82, 92, 91, 95, 91, 92, 94, 90, 91, 96, 89, 90, 97, 88, 89, 101, 99, 108, 104, 102, 125, 103, 105, 102, 105, 112, 102, 115, 104, 125, 100, 115, 99, 107, 116, 122, 109, 119, 116, 116, 118, 121, 116, 120, 122, 124, 122, 120, 112, 125, 102, 127, 125, 126, 127, 99, 115, 99, 110, 107, 105, 129, 113, 134, 132, 2415, 129, 133, 134, 133, 135, 132, 133, 137, 136, 131, 124, 120, 141, 139, 692, 140, 142, 139, 143, 144, 142, 145, 146, 144, 147, 148, 146, 152, 150, 153, 155, 153, 150, 158, 156, 170, 157, 159, 156, 160, 145, 159, 161, 147, 160, 163, 157, 158, 162, 161, 157, 164, 149, 161, 167, 162, 163, 166, 164, 162, 168, 165, 164, 170, 169, 175, 156, 171, 169, 159, 143, 171, 172, 171, 143, 173, 169, 171, 174, 175, 169, 178, 173, 172, 177, 696, 174, 1207, 177, 178, 184, 180, 182, 183, 179, 180, 185, 186, 179, 150, 188, 189, 184, 189, 188, 188, 183, 184, 191, 185, 183, 192, 187, 185, 151, 191, 188, 194, 192, 191, 195, 193, 192, 168, 195, 194, 166, 196, 195, 152, 194, 151, 152, 197, 165, 200, 198, 231, 199, 201, 198, 202, 203, 201, 204, 205, 203, 207, 101, 208, 209, 208, 210, 211, 210, 212, 213, 212, 214, 215, 214, 220, 210, 216, 217, 212, 217, 218, 214, 218, 219, 220, 219, 225, 217, 221, 222, 218, 222, 223, 219, 223, 224, 225, 224, 230, 222, 226, 227, 223, 227, 228, 224, 228, 229, 230, 229, 242, 231, 103, 200, 200, 104, 234, 232, 204, 233, 233, 202, 235, 199, 234, 241, 235, 199, 241, 207, 114, 100, 234, 114, 236, 215, 237, 213, 213, 239, 211, 211, 240, 209, 209, 236, 207, 238, 233, 237, 237, 235, 239, 239, 241, 240, 240, 234, 236, 226, 124, 138, 243, 229, 2416, 246, 244, 248, 248, 247, 253, 216, 124, 221, 106, 130, 105, 136, 249, 251, 251, 250, 253, 252, 136, 251, 253, 252, 251, 249, 106, 231, 256, 246, 257, 257, 248, 258, 205, 257, 203, 203, 258, 201, 201, 250, 198, 198, 249, 231, 259, 13, 260, 261, 260, 262, 263, 262, 264, 265, 264, 266, 267, 266, 268, 269, 268, 270, 271, 270, 272, 273, 272, 537, 274, 11, 259, 275, 259, 261, 276, 261, 263, 277, 263, 265, 278, 265, 267, 279, 267, 269, 280, 269, 271, 281, 271, 273, 32, 256, 205, 215, 266, 238, 238, 264, 232, 232, 262, 206, 206, 260, 205, 260, 32, 205, 274, 9, 10, 278, 283, 277, 277, 285, 276, 276, 286, 275, 275, 282, 274, 272, 230, 537, 287, 281, 544, 268, 220, 270, 270, 225, 272, 284, 279, 288, 288, 280, 287, 291, 289, 292, 293, 292, 294, 295, 294, 296, 297, 296, 298, 299, 298, 300, 301, 300, 302, 303, 302, 304, 305, 304, 306, 307, 306, 308, 309, 308, 310, 311, 310, 312, 313, 312, 314, 315, 314, 316, 317, 316, 369, 320, 318, 1204, 323, 321, 325, 325, 326, 328, 328, 327, 330, 330, 329, 332, 332, 331, 334, 334, 333, 336, 336, 335, 338, 338, 337, 340, 340, 339, 342, 342, 341, 343, 343, 319, 320, 64, 344, 63, 348, 346, 350, 350, 349, 352, 352, 351, 354, 354, 353, 356, 356, 355, 358, 358, 357, 360, 360, 359, 361, 362, 363, 365, 365, 364, 367, 367, 366, 54, 54, 368, 65, 65, 345, 64, 319, 289, 318, 345, 317, 344, 347, 293, 346, 346, 295, 349, 349, 297, 351, 351, 299, 353, 353, 301, 355, 355, 303, 357, 357, 305, 359, 359, 307, 363, 363, 309, 364, 364, 311, 366, 366, 313, 368, 368, 315, 345, 322, 316, 321, 321, 314, 324, 324, 312, 326, 326, 308, 327, 327, 306, 329, 329, 304, 331, 331, 302, 333, 333, 300, 335, 335, 298, 337, 337, 296, 339, 339, 294, 341, 341, 292, 319, 370, 361, 371, 371, 362, 372, 372, 365, 374, 365, 51, 373, 4, 378, 59, 59, 379, 381, 381, 380, 383, 383, 382, 385, 385, 384, 387, 387, 386, 389, 389, 388, 390, 390, 376, 377, 381, 57, 59, 377, 370, 390, 390, 371, 389, 389, 372, 387, 387, 374, 385, 385, 373, 383, 383, 52, 381, 391, 360, 370, 392, 350, 393, 393, 352, 394, 394, 354, 395, 395, 356, 375, 375, 358, 391, 397, 1, 2, 398, 394, 399, 399, 395, 400, 400, 375, 401, 401, 376, 402, 402, 388, 403, 403, 386, 404, 404, 384, 405, 405, 382, 406, 406, 380, 407, 407, 379, 408, 408, 378, 409, 409, 1, 396, 9, 397, 2, 396, 411, 409, 398, 412, 693, 409, 414, 408, 407, 415, 406, 406, 416, 405, 405, 417, 404, 404, 418, 403, 403, 419, 402, 402, 420, 401, 401, 421, 400, 400, 422, 399, 399, 413, 398, 425, 423, 426, 427, 426, 428, 429, 428, 430, 431, 430, 432, 433, 432, 434, 435, 434, 436, 437, 436, 438, 439, 438, 440, 441, 440, 442, 443, 442, 444, 445, 444, 446, 447, 446, 448, 449, 448, 450, 451, 450, 452, 453, 452, 454, 455, 454, 456, 93, 456, 457, 92, 457, 458, 95, 458, 548, 461, 459, 462, 463, 462, 464, 465, 464, 466, 467, 466, 468, 469, 468, 470, 471, 470, 472, 473, 472, 474, 475, 474, 476, 477, 476, 478, 479, 478, 480, 481, 480, 482, 483, 482, 484, 485, 484, 486, 487, 486, 488, 489, 488, 490, 76, 490, 80, 493, 491, 494, 495, 494, 496, 497, 496, 498, 499, 498, 500, 501, 500, 502, 503, 502, 504, 505, 504, 506, 507, 506, 508, 509, 508, 510, 511, 510, 512, 513, 512, 514, 515, 514, 516, 517, 516, 518, 519, 518, 520, 521, 520, 549, 524, 413, 525, 525, 422, 526, 526, 421, 527, 527, 420, 528, 528, 419, 529, 529, 418, 530, 531, 417, 532, 532, 416, 533, 533, 415, 534, 534, 414, 535, 535, 411, 536, 536, 410, 522, 286, 410, 282, 255, 50, 1734, 538, 230, 539, 539, 242, 540, 541, 242, 542, 543, 537, 538, 546, 281, 547, 547, 273, 543, 523, 287, 522, 541, 458, 540, 540, 457, 539, 539, 456, 538, 538, 454, 543, 543, 452, 547, 547, 450, 546, 546, 448, 545, 545, 444, 536, 536, 442, 535, 535, 440, 534, 534, 438, 533, 533, 436, 532, 532, 434, 531, 531, 432, 530, 530, 428, 529, 529, 426, 528, 527, 423, 526, 462, 424, 425, 464, 425, 427, 466, 427, 429, 468, 429, 431, 470, 431, 433, 472, 433, 435, 474, 435, 437, 476, 437, 439, 478, 439, 441, 480, 441, 443, 482, 443, 445, 484, 445, 447, 486, 447, 449, 488, 449, 451, 490, 451, 453, 80, 453, 455, 79, 455, 93, 494, 460, 461, 496, 461, 463, 498, 463, 465, 500, 465, 467, 502, 467, 469, 504, 469, 471, 506, 471, 473, 508, 473, 475, 510, 475, 477, 512, 477, 479, 514, 479, 481, 516, 481, 483, 518, 483, 485, 520, 485, 487, 549, 487, 489, 73, 489, 76, 551, 492, 493, 552, 493, 495, 553, 495, 497, 554, 497, 499, 555, 499, 501, 556, 501, 503, 557, 503, 505, 558, 505, 507, 559, 507, 509, 560, 509, 511, 561, 511, 513, 562, 513, 515, 563, 515, 517, 564, 517, 519, 565, 519, 521, 567, 550, 551, 568, 551, 552, 569, 552, 553, 570, 553, 554, 571, 554, 555, 572, 555, 556, 573, 556, 557, 574, 557, 558, 575, 558, 559, 576, 559, 560, 577, 560, 561, 578, 561, 562, 579, 562, 563, 580, 563, 564, 581, 564, 565, 582, 565, 583, 521, 73, 586, 583, 521, 584, 588, 566, 567, 589, 567, 568, 590, 568, 569, 591, 569, 570, 592, 570, 571, 593, 571, 572, 594, 572, 573, 595, 573, 574, 596, 574, 575, 597, 575, 576, 598, 576, 577, 599, 577, 578, 600, 578, 579, 601, 579, 580, 602, 580, 581, 603, 581, 582, 605, 587, 588, 606, 588, 589, 607, 589, 590, 608, 590, 591, 609, 591, 592, 610, 592, 593, 611, 593, 594, 612, 594, 595, 613, 595, 596, 614, 596, 597, 615, 597, 598, 616, 598, 599, 617, 599, 600, 618, 600, 601, 619, 601, 602, 621, 604, 605, 622, 605, 606, 623, 606, 607, 624, 607, 608, 625, 608, 609, 626, 609, 610, 627, 610, 611, 628, 611, 612, 629, 612, 613, 630, 613, 614, 631, 614, 615, 632, 615, 616, 633, 616, 617, 634, 617, 618, 635, 618, 619, 144, 619, 142, 638, 636, 639, 640, 639, 641, 642, 641, 643, 644, 643, 645, 646, 645, 647, 648, 647, 649, 650, 649, 651, 652, 651, 653, 654, 653, 655, 656, 655, 657, 658, 657, 659, 660, 659, 661, 662, 661, 663, 664, 663, 148, 666, 637, 638, 667, 638, 640, 668, 640, 642, 669, 642, 644, 670, 644, 646, 671, 646, 648, 672, 648, 650, 673, 650, 652, 674, 652, 654, 675, 654, 656, 676, 656, 658, 677, 658, 660, 678, 660, 662, 154, 662, 664, 680, 665, 666, 681, 666, 667, 682, 667, 668, 683, 668, 669, 684, 669, 670, 685, 670, 671, 686, 671, 672, 687, 672, 673, 688, 673, 674, 689, 674, 675, 690, 675, 676, 635, 661, 634, 634, 659, 633, 633, 657, 632, 632, 655, 631, 631, 653, 630, 630, 651, 629, 629, 649, 628, 628, 647, 627, 627, 645, 626, 626, 643, 625, 625, 641, 624, 624, 639, 623, 602, 691, 619, 691, 139, 619, 258, 253, 250, 693, 393, 398, 165, 148, 149, 148, 635, 146, 153, 664, 197, 141, 178, 172, 696, 176, 174, 699, 697, 706, 702, 700, 723, 701, 703, 700, 703, 710, 700, 713, 702, 723, 698, 713, 697, 705, 714, 720, 707, 717, 714, 714, 716, 719, 714, 718, 720, 722, 720, 718, 710, 723, 700, 725, 723, 724, 725, 697, 713, 697, 708, 705, 699, 720, 721, 703, 727, 711, 731, 729, 716, 727, 732, 2417, 730, 733, 729, 732, 735, 736, 729, 722, 718, 704, 728, 703, 702, 170, 701, 721, 167, 699, 699, 163, 698, 698, 158, 712, 175, 701, 170, 196, 722, 193, 193, 733, 187, 187, 734, 186, 695, 735, 176, 176, 704, 175, 678, 155, 2418, 690, 677, 737, 737, 678, 2418, 739, 685, 740, 740, 686, 741, 741, 687, 742, 742, 688, 743, 743, 689, 738, 746, 744, 1938, 1939, 749, 750, 750, 748, 751, 751, 746, 1938, 754, 752, 755, 756, 755, 757, 758, 757, 759, 760, 759, 761, 762, 761, 791, 764, 753, 754, 765, 754, 756, 766, 756, 758, 767, 758, 760, 768, 760, 762, 770, 763, 764, 771, 764, 765, 772, 765, 766, 773, 766, 767, 775, 769, 770, 776, 770, 771, 777, 771, 772, 778, 772, 773, 780, 774, 775, 781, 775, 776, 782, 776, 777, 783, 777, 778, 785, 779, 780, 786, 780, 781, 788, 781, 782, 790, 782, 783, 791, 621, 762, 794, 792, 814, 797, 795, 1200, 801, 793, 2419, 803, 801, 2419, 801, 804, 792, 802, 805, 801, 809, 796, 817, 812, 796, 797, 797, 813, 812, 815, 813, 840, 816, 812, 815, 818, 811, 816, 819, 817, 818, 820, 809, 819, 821, 810, 820, 822, 807, 808, 823, 806, 807, 806, 825, 805, 805, 826, 804, 827, 822, 821, 829, 823, 822, 830, 824, 823, 824, 832, 825, 825, 833, 826, 826, 834, 814, 836, 820, 819, 836, 818, 837, 837, 816, 843, 816, 838, 843, 815, 839, 838, 839, 814, 841, 838, 842, 868, 844, 838, 868, 845, 843, 844, 846, 837, 845, 847, 836, 846, 848, 835, 847, 848, 827, 828, 852, 845, 844, 853, 845, 851, 854, 846, 853, 855, 847, 854, 856, 848, 855, 856, 829, 849, 857, 830, 829, 858, 831, 830, 831, 860, 832, 832, 862, 833, 833, 863, 834, 834, 864, 850, 842, 864, 865, 868, 867, 881, 869, 853, 1044, 870, 854, 869, 871, 855, 870, 872, 856, 871, 862, 874, 863, 863, 877, 864, 864, 878, 865, 866, 878, 879, 867, 879, 886, 880, 852, 882, 882, 881, 883, 881, 885, 884, 873, 859, 858, 887, 860, 859, 888, 861, 860, 889, 862, 861, 891, 870, 893, 895, 891, 892, 891, 896, 871, 896, 872, 871, 897, 873, 872, 898, 887, 873, 899, 888, 887, 901, 889, 888, 889, 903, 890, 890, 904, 875, 875, 905, 874, 874, 906, 876, 876, 907, 877, 878, 907, 908, 879, 908, 1035, 910, 894, 895, 909, 896, 894, 911, 897, 896, 912, 898, 897, 913, 899, 898, 914, 900, 899, 915, 901, 900, 919, 917, 927, 922, 923, 921, 924, 925, 923, 927, 910, 2126, 927, 911, 909, 920, 911, 917, 920, 913, 912, 921, 914, 913, 923, 915, 914, 925, 916, 915, 931, 929, 935, 933, 931, 1046, 932, 930, 931, 936, 919, 1045, 935, 918, 919, 929, 922, 918, 930, 937, 929, 934, 938, 930, 941, 932, 933, 941, 942, 940, 945, 942, 943, 944, 946, 942, 951, 948, 955, 950, 948, 951, 952, 951, 953, 946, 950, 951, 954, 951, 955, 956, 955, 926, 957, 926, 924, 937, 924, 922, 955, 959, 926, 926, 960, 925, 959, 962, 960, 958, 963, 962, 963, 961, 962, 928, 966, 916, 966, 970, 969, 973, 971, 968, 975, 972, 973, 977, 974, 975, 916, 978, 901, 969, 979, 978, 970, 981, 979, 984, 982, 2176, 983, 977, 982, 985, 976, 983, 986, 974, 976, 991, 989, 994, 988, 972, 974, 992, 971, 972, 987, 988, 986, 996, 994, 988, 980, 997, 981, 994, 997, 993, 990, 998, 989, 989, 1000, 997, 1000, 1001, 1003, 999, 1001, 998, 981, 1000, 1004, 1004, 1003, 1009, 978, 1005, 1007, 981, 1005, 979, 902, 1006, 903, 1007, 1008, 1006, 1005, 1009, 1008, 903, 1010, 904, 1006, 1011, 1010, 1008, 1012, 1011, 1012, 1013, 1028, 1002, 1019, 1001, 1001, 1018, 1003, 1018, 1013, 1014, 1012, 1003, 1014, 1010, 1023, 1031, 1026, 1020, 1024, 1027, 1024, 1038, 1023, 1028, 1029, 1030, 1029, 1037, 1032, 1023, 1030, 906, 1031, 1032, 907, 1032, 1033, 908, 1033, 1034, 1035, 1034, 1190, 1034, 1036, 1041, 1033, 1030, 1036, 1036, 1037, 1040, 1039, 1038, 1042, 1041, 1040, 2420, 1043, 1042, 1202, 1044, 851, 880, 1045, 927, 2126, 1046, 935, 936, 1049, 1047, 1051, 1051, 1050, 1053, 1053, 1052, 1056, 1054, 1051, 1055, 1055, 1053, 1057, 1057, 1056, 1059, 1059, 1058, 2421, 1056, 1060, 1058, 1048, 883, 1047, 1061, 883, 1048, 1065, 1063, 1067, 1067, 1066, 1073, 1069, 1054, 1055, 1070, 1055, 1057, 1071, 1057, 1059, 1072, 1059, 2421, 1075, 1073, 1066, 1074, 1076, 2270, 1068, 1074, 2270, 1069, 1073, 1074, 1070, 1067, 1073, 1071, 1065, 1067, 1076, 1077, 1203, 1079, 1077, 1075, 1066, 1080, 1075, 1080, 1081, 1079, 1079, 1083, 1078, 1083, 1084, 1078, 1086, 1080, 1063, 1088, 1081, 1082, 1087, 1083, 1081, 1089, 1085, 1083, 1092, 1087, 1088, 1087, 1093, 1089, 1093, 1090, 1089, 1086, 1088, 1082, 1097, 1088, 1095, 1099, 1092, 1097, 1098, 1091, 1092, 1100, 1093, 1091, 1103, 1098, 1099, 1102, 1100, 1098, 1104, 1101, 1100, 1108, 1106, 1118, 1102, 1108, 1104, 1110, 1109, 1102, 1111, 1107, 1109, 1112, 1106, 1107, 1113, 1114, 1106, 1104, 1117, 1105, 1093, 1119, 1094, 1101, 1120, 1119, 1105, 1121, 1120, 1121, 1122, 1124, 1122, 1123, 1126, 1126, 1124, 1122, 1124, 1127, 1133, 1120, 1124, 1133, 1084, 1128, 1205, 1085, 1129, 1128, 1128, 1130, 1205, 1120, 1132, 1119, 1090, 1132, 1129, 1133, 1134, 1132, 1115, 1139, 1116, 1143, 1141, 1148, 1113, 1140, 1115, 1147, 1148, 1140, 1150, 1148, 1149, 1096, 1153, 1154, 1154, 1152, 1156, 1154, 1155, 1110, 1111, 1155, 1157, 1112, 1157, 1159, 1147, 1112, 1159, 1147, 1158, 1149, 1159, 1160, 1158, 1155, 1160, 1157, 1156, 1161, 1155, 1158, 1163, 1150, 1151, 1164, 1193, 1156, 1165, 1162, 1160, 1166, 1163, 1161, 1167, 1166, 1162, 1168, 1167, 1172, 1171, 1173, 1174, 1173, 1175, 1176, 1175, 1177, 1146, 1177, 1145, 1173, 1178, 1179, 1175, 1179, 1180, 1177, 1180, 1181, 1179, 1182, 1183, 1180, 1183, 1184, 1181, 1184, 1185, 1145, 1185, 1186, 1144, 1186, 1188, 1189, 1034, 1041, 1164, 1035, 1190, 1138, 879, 1035, 1191, 1041, 2420, 1169, 1182, 1178, 1164, 1196, 1195, 942, 952, 940, 958, 949, 964, 917, 922, 920, 978, 902, 901, 1031, 904, 1010, 842, 841, 850, 1200, 814, 797, 796, 798, 795, 799, 802, 803, 852, 868, 881, 835, 821, 820, 1201, 1188, 1123, 1199, 1134, 1182, 1182, 1127, 1183, 1183, 1125, 1184, 1184, 1126, 1185, 1185, 1123, 1186, 1131, 1202, 1130, 325, 1016, 323, 338, 1042, 336, 336, 1038, 334, 334, 1024, 332, 332, 1021, 330, 330, 1022, 328, 328, 1015, 325, 1077, 342, 343, 1204, 1077, 320, 208, 123, 216, 108, 123, 101, 84, 89, 85, 86, 85, 87, 1206, 636, 2422, 1141, 1140, 1148, 1208, 178, 694, 190, 182, 2423, 1211, 1209, 1212, 1213, 1212, 1214, 1217, 1215, 1214, 1218, 1214, 1212, 1219, 1212, 1209, 1220, 1219, 1221, 1222, 1221, 1223, 1225, 1224, 1226, 1229, 1228, 1231, 1222, 1229, 1220, 1217, 1220, 1229, 1216, 1229, 1231, 1235, 1233, 1228, 1237, 1228, 1227, 1238, 1227, 1226, 1240, 1226, 1224, 1241, 1224, 1223, 1243, 1232, 1234, 1244, 1234, 1235, 1245, 1235, 1236, 1247, 1237, 1238, 1248, 1238, 1239, 1249, 1239, 1240, 1250, 1240, 1241, 42, 1242, 1243, 44, 1243, 1244, 45, 1244, 1245, 46, 1245, 1246, 47, 1246, 1247, 48, 1247, 1248, 49, 1248, 1249, 50, 1249, 1250, 1257, 1215, 1230, 1242, 1262, 1232, 62, 1242, 43, 1264, 62, 63, 1262, 1256, 1257, 1264, 1262, 1263, 1268, 1266, 1269, 1271, 1268, 1284, 1274, 1273, 2424, 1279, 1278, 1280, 1281, 1278, 1282, 1285, 2424, 1273, 1285, 1284, 1286, 1282, 1292, 1293, 1281, 1293, 1294, 1295, 1294, 1296, 94, 1296, 1294, 96, 1294, 1293, 97, 1293, 1292, 98, 1292, 1289, 1299, 1297, 1305, 1302, 1300, 1303, 1304, 1303, 1310, 1311, 1303, 1324, 1313, 1300, 1301, 1313, 1305, 1312, 1316, 1320, 1315, 1317, 1315, 1319, 1319, 1318, 1329, 1318, 1320, 1321, 1323, 1321, 1320, 1325, 1303, 1300, 1312, 1325, 1300, 1327, 1312, 1305, 1327, 1306, 1307, 1328, 1311, 1333, 1332, 1329, 1330, 1328, 1331, 1332, 1334, 1330, 1335, 1328, 1334, 1449, 1335, 1321, 1322, 1338, 1336, 1339, 1340, 1339, 1341, 1342, 1341, 1343, 1344, 1343, 1345, 1346, 1345, 1857, 1349, 1347, 1350, 1352, 1350, 1347, 1355, 1353, 1356, 1357, 1356, 1358, 1344, 1358, 1342, 1346, 1357, 1344, 1361, 1354, 1355, 1362, 1355, 1359, 1363, 1359, 1346, 1365, 1360, 1361, 1366, 1361, 1362, 1348, 1362, 1363, 1356, 1367, 1368, 1358, 1368, 1369, 1342, 1369, 1340, 1371, 1340, 1369, 1372, 1369, 1368, 1373, 1368, 1367, 1375, 1370, 1371, 1378, 1376, 1384, 1378, 1379, 1377, 1382, 1380, 1378, 1383, 1378, 1384, 1385, 1384, 1888, 1349, 1386, 1387, 1388, 1387, 1386, 1389, 1381, 1382, 1390, 1382, 1383, 1391, 1383, 1385, 1392, 1387, 1389, 1393, 1389, 1390, 1394, 1390, 1391, 1365, 1392, 1393, 1364, 1393, 1394, 1366, 1349, 1392, 1347, 1363, 1886, 1397, 1395, 1398, 1399, 1398, 1400, 1401, 1400, 1402, 1403, 1402, 1455, 1299, 1404, 1298, 1405, 1406, 1404, 1407, 1408, 1406, 1409, 1410, 1408, 1411, 1412, 1410, 1404, 1414, 1419, 1406, 1415, 1414, 1408, 1416, 1415, 1410, 1417, 1416, 1419, 1418, 1447, 1414, 1420, 1418, 1415, 1421, 1420, 1416, 1422, 1421, 1425, 1423, 1439, 1424, 1446, 1423, 1420, 1427, 1426, 1421, 1428, 1427, 1304, 1396, 1302, 1302, 1429, 1301, 1403, 1430, 1401, 1401, 1432, 1399, 1396, 1433, 1429, 1399, 1433, 1397, 1434, 1299, 1313, 1301, 1434, 1313, 1435, 1411, 1436, 1436, 1409, 1437, 1437, 1407, 1438, 1438, 1405, 1434, 1431, 1436, 1430, 1430, 1437, 1432, 1432, 1438, 1433, 1433, 1434, 1429, 1425, 1335, 1322, 1442, 1440, 1444, 1444, 1443, 1446, 1446, 1445, 1423, 1323, 1425, 1322, 1449, 1310, 1328, 1449, 1450, 1451, 1451, 1445, 1456, 1335, 1450, 1334, 1423, 1450, 1439, 1449, 1395, 1304, 1441, 1452, 1440, 1440, 1454, 1443, 1453, 1402, 1452, 1452, 1400, 1454, 1454, 1398, 1456, 1456, 1395, 1451, 1459, 1457, 1485, 1458, 1460, 1457, 1461, 1462, 1460, 1463, 1464, 1462, 1465, 1466, 1464, 1467, 1468, 1466, 1469, 1470, 1468, 1471, 1472, 1470, 1475, 1458, 1459, 1474, 1461, 1458, 1476, 1463, 1461, 1477, 1465, 1463, 1478, 1467, 1465, 1479, 1469, 1467, 1480, 1471, 1469, 1481, 1473, 1471, 1484, 1455, 1453, 1466, 1435, 1464, 1464, 1431, 1462, 1462, 1403, 1460, 1460, 1455, 1457, 1485, 1455, 1483, 1486, 1475, 1611, 1487, 1478, 1488, 1488, 1477, 1489, 1489, 1476, 1490, 1490, 1474, 1486, 1417, 1472, 1422, 1481, 1491, 1482, 1413, 1468, 1412, 1412, 1470, 1417, 1479, 1493, 1480, 1480, 1492, 1481, 290, 1494, 289, 1495, 1496, 1494, 1497, 1498, 1496, 1499, 1500, 1498, 1501, 1502, 1500, 1503, 1504, 1502, 1505, 1506, 1504, 1507, 1508, 1506, 1509, 1510, 1508, 1511, 1512, 1510, 1513, 1514, 1512, 1515, 1569, 1514, 1517, 1519, 1516, 1520, 369, 1519, 1522, 1204, 318, 322, 1523, 1524, 1528, 1526, 1530, 1530, 1529, 1532, 1532, 1531, 1534, 1534, 1533, 1536, 1536, 1535, 1538, 1538, 1537, 1540, 1540, 1539, 1542, 1542, 1541, 1544, 1544, 1543, 1545, 1545, 1521, 1522, 1546, 63, 344, 347, 1547, 1549, 1549, 1548, 1551, 1551, 1550, 1553, 1553, 1552, 1555, 1555, 1554, 1557, 1557, 1556, 1559, 1559, 1558, 1561, 1561, 1562, 1564, 1564, 1563, 1565, 1565, 1254, 1568, 1566, 1265, 1567, 1567, 1264, 1546, 1494, 318, 289, 1520, 344, 317, 1495, 1549, 1497, 1497, 1551, 1499, 1499, 1553, 1501, 1501, 1555, 1503, 1503, 1557, 1505, 1505, 1559, 1507, 1507, 1561, 1509, 1509, 1564, 1511, 1511, 1565, 1513, 1513, 1568, 1515, 1518, 1567, 1517, 1517, 1546, 1520, 369, 1524, 1519, 1519, 1525, 1516, 1569, 1530, 1514, 1512, 1532, 1510, 1510, 1534, 1508, 1508, 1536, 1506, 1506, 1538, 1504, 1504, 1540, 1502, 1502, 1542, 1500, 1500, 1544, 1498, 1498, 1545, 1496, 1496, 1522, 1494, 1556, 1570, 1558, 1558, 1572, 1560, 1560, 1573, 1562, 1563, 1574, 1253, 2425, 1579, 1580, 1580, 1578, 1582, 1582, 1581, 1584, 1584, 1583, 1586, 1586, 1585, 1588, 1588, 1587, 1590, 1590, 1589, 1591, 1591, 1575, 1576, 1252, 1579, 1748, 1592, 1589, 1571, 1571, 1587, 1570, 1570, 1585, 1572, 1572, 1583, 1573, 1573, 1581, 1574, 1574, 1578, 1252, 1554, 1571, 1556, 348, 1593, 1547, 1547, 1594, 1548, 1548, 1595, 1550, 1550, 1577, 1552, 1552, 1592, 1554, 1598, 1596, 2425, 1593, 1599, 1594, 1594, 1601, 1595, 1595, 1602, 1577, 1577, 1603, 1576, 1576, 1604, 1591, 1591, 1605, 1590, 1590, 1606, 1588, 1588, 1607, 1586, 1586, 1608, 1584, 1584, 1609, 1582, 1582, 1610, 1580, 1580, 1598, 2425, 1486, 1596, 1597, 1612, 1610, 1614, 1613, 693, 412, 1614, 1609, 1615, 1615, 1607, 1616, 1616, 1606, 1617, 1617, 1605, 1618, 1618, 1604, 1619, 1619, 1603, 1620, 1620, 1602, 1621, 1621, 1601, 1622, 1622, 1599, 1623, 1623, 1600, 1613, 424, 1624, 423, 1625, 1626, 1624, 1627, 1628, 1626, 1629, 1630, 1628, 1631, 1632, 1630, 1633, 1634, 1632, 1635, 1636, 1634, 1637, 1638, 1636, 1639, 1640, 1638, 1641, 1642, 1640, 1643, 1644, 1642, 1645, 1646, 1644, 1647, 1648, 1646, 1649, 1650, 1648, 1651, 1652, 1650, 1653, 1654, 1652, 1657, 1656, 2426, 1295, 1658, 1656, 1296, 548, 1658, 460, 1659, 459, 1660, 1661, 1659, 1662, 1663, 1661, 1664, 1665, 1663, 1666, 1667, 1665, 1668, 1669, 1667, 1670, 1671, 1669, 1672, 1673, 1671, 1674, 1675, 1673, 1676, 1677, 1675, 1678, 1679, 1677, 1680, 1681, 1679, 1682, 1683, 1681, 1684, 1685, 1683, 1686, 1687, 1685, 1688, 1689, 1687, 492, 1690, 491, 1691, 1692, 1690, 1693, 1694, 1692, 1695, 1696, 1694, 1697, 1698, 1696, 1699, 1700, 1698, 1701, 1702, 1700, 1703, 1704, 1702, 1705, 1706, 1704, 1707, 1708, 1706, 1709, 1710, 1708, 1711, 1712, 1710, 1713, 1714, 1712, 1715, 1716, 1714, 1717, 1718, 1716, 412, 1722, 1613, 1613, 1723, 1623, 1623, 1724, 1622, 1622, 1725, 1621, 1621, 1726, 1620, 1620, 1727, 1619, 1619, 1729, 1618, 1618, 1730, 1617, 1617, 1731, 1616, 1616, 1732, 1615, 1615, 1733, 1614, 1614, 1721, 1612, 1489, 1486, 1612, 1736, 1734, 50, 1739, 1737, 1741, 1741, 1740, 2427, 1740, 542, 2427, 1473, 1743, 1472, 1491, 1747, 1482, 1482, 1744, 1473, 1493, 1721, 1492, 548, 1740, 1658, 1658, 1737, 1656, 1656, 1738, 2426, 1654, 1744, 1652, 1652, 1747, 1650, 1650, 1745, 1648, 1648, 1746, 1646, 1644, 1733, 1642, 1642, 1732, 1640, 1640, 1731, 1638, 1638, 1730, 1636, 1636, 1729, 1634, 1634, 1728, 1632, 1632, 1727, 1630, 1628, 1726, 1626, 1626, 1725, 1624, 1624, 1723, 423, 459, 1625, 424, 1659, 1627, 1625, 1661, 1629, 1627, 1663, 1631, 1629, 1665, 1633, 1631, 1667, 1635, 1633, 1669, 1637, 1635, 1671, 1639, 1637, 1673, 1641, 1639, 1675, 1643, 1641, 1677, 1645, 1643, 1679, 1647, 1645, 1681, 1649, 1647, 1683, 1651, 1649, 1685, 1653, 1651, 1687, 1655, 1653, 1279, 1295, 1657, 491, 1660, 460, 1690, 1662, 1660, 1692, 1664, 1662, 1694, 1666, 1664, 1696, 1668, 1666, 1698, 1670, 1668, 1700, 1672, 1670, 1702, 1674, 1672, 1704, 1676, 1674, 1706, 1678, 1676, 1708, 1680, 1678, 1710, 1682, 1680, 1712, 1684, 1682, 1714, 1686, 1684, 1716, 1688, 1686, 1718, 1274, 1688, 550, 1691, 492, 1749, 1693, 1691, 1750, 1695, 1693, 1751, 1697, 1695, 1752, 1699, 1697, 1753, 1701, 1699, 1754, 1703, 1701, 1755, 1705, 1703, 1756, 1707, 1705, 1757, 1709, 1707, 1758, 1711, 1709, 1759, 1713, 1711, 1760, 1715, 1713, 1761, 1717, 1715, 1762, 1719, 1717, 566, 1749, 550, 1764, 1750, 1749, 1765, 1751, 1750, 1766, 1752, 1751, 1767, 1753, 1752, 1768, 1754, 1753, 1769, 1755, 1754, 1770, 1756, 1755, 1771, 1757, 1756, 1772, 1758, 1757, 1773, 1759, 1758, 1774, 1760, 1759, 1775, 1761, 1760, 1776, 1762, 1761, 1777, 1763, 1762, 1778, 1779, 1763, 1718, 1781, 1266, 1763, 1782, 1719, 587, 1764, 566, 1784, 1765, 1764, 1785, 1766, 1765, 1786, 1767, 1766, 1787, 1768, 1767, 1788, 1769, 1768, 1789, 1770, 1769, 1790, 1771, 1770, 1791, 1772, 1771, 1792, 1773, 1772, 1793, 1774, 1773, 1794, 1775, 1774, 1795, 1776, 1775, 1796, 1777, 1776, 1797, 1778, 1777, 1798, 1780, 1778, 604, 1784, 587, 1800, 1785, 1784, 1801, 1786, 1785, 1802, 1787, 1786, 1803, 1788, 1787, 1804, 1789, 1788, 1805, 1790, 1789, 1806, 1791, 1790, 1807, 1792, 1791, 1808, 1793, 1792, 1809, 1794, 1793, 1810, 1795, 1794, 1811, 1796, 1795, 1812, 1797, 1796, 1813, 1798, 1797, 620, 1800, 604, 1815, 1801, 1800, 1816, 1802, 1801, 1817, 1803, 1802, 1818, 1804, 1803, 1819, 1805, 1804, 1820, 1806, 1805, 1821, 1807, 1806, 1822, 1808, 1807, 1823, 1809, 1808, 1824, 1810, 1809, 1825, 1811, 1810, 1826, 1812, 1811, 1827, 1813, 1812, 1828, 1814, 1813, 1829, 1341, 1814, 1832, 1830, 2406, 1831, 1833, 1830, 1834, 1835, 1833, 1836, 1837, 1835, 1838, 1839, 1837, 1840, 1841, 1839, 1842, 1843, 1841, 1844, 1845, 1843, 1846, 1847, 1845, 1848, 1849, 1847, 1850, 1851, 1849, 1852, 1853, 1851, 1854, 1855, 1853, 1856, 1857, 1855, 1860, 1831, 1832, 1859, 1834, 1831, 1861, 1836, 1834, 1862, 1838, 1836, 1863, 1840, 1838, 1864, 1842, 1840, 1865, 1844, 1842, 1866, 1846, 1844, 1867, 1848, 1846, 1868, 1850, 1848, 1869, 1852, 1850, 1870, 1854, 1852, 1871, 1856, 1854, 1872, 1858, 1856, 1874, 1859, 1860, 1873, 1861, 1859, 1875, 1862, 1861, 1876, 1863, 1862, 1877, 1864, 1863, 1878, 1865, 1864, 1879, 1866, 1865, 1880, 1867, 1866, 1881, 1868, 1867, 1882, 1869, 1868, 1883, 1870, 1869, 1855, 1828, 1853, 1853, 1827, 1851, 1851, 1826, 1849, 1849, 1825, 1847, 1847, 1824, 1845, 1845, 1823, 1843, 1843, 1822, 1841, 1841, 1821, 1839, 1839, 1820, 1837, 1837, 1819, 1835, 1835, 1818, 1833, 1833, 1817, 1830, 1799, 1814, 1885, 1336, 1814, 1339, 1443, 1456, 1445, 392, 1600, 1593, 1858, 1346, 1857, 1855, 1345, 1829, 1352, 1886, 1858, 1887, 1370, 1374, 1888, 1376, 1929, 1891, 1889, 1897, 1894, 1892, 1895, 1896, 1895, 1902, 1903, 1895, 1913, 1905, 1892, 1893, 1905, 1897, 1904, 1900, 1906, 1907, 1901, 1907, 1909, 1909, 1908, 1918, 1908, 1906, 1910, 1912, 1910, 1906, 1914, 1895, 1892, 1904, 1914, 1892, 1916, 1904, 1897, 1916, 1898, 1899, 1889, 1912, 1906, 1917, 1903, 1923, 1924, 1918, 1919, 1917, 1921, 1922, 1925, 1919, 1927, 1917, 1926, 1928, 1927, 1910, 1911, 1928, 1902, 1917, 1354, 1894, 1353, 1394, 1890, 1364, 1364, 1891, 1360, 1360, 1905, 1354, 1896, 1353, 1894, 1912, 1391, 1911, 1911, 1385, 1927, 1927, 1888, 1925, 1926, 1373, 1928, 1928, 1367, 1896, 1352, 1930, 1351, 1870, 1931, 1871, 1871, 1930, 1872, 1878, 1933, 1879, 1879, 1935, 1880, 1880, 1936, 1881, 1881, 1937, 1882, 1882, 1932, 1883, 1934, 1938, 744, 1875, 750, 1876, 1876, 751, 1877, 1877, 1938, 1878, 1942, 1940, 1997, 1941, 752, 1940, 1943, 755, 752, 1944, 757, 755, 1945, 759, 757, 1946, 761, 759, 1947, 791, 761, 1950, 1941, 1942, 1949, 1943, 1941, 1951, 1944, 1943, 1952, 1945, 1944, 1953, 1946, 1945, 1954, 1947, 1946, 1955, 1948, 1947, 1958, 1949, 1950, 1957, 1951, 1949, 1959, 1952, 1951, 1960, 1953, 1952, 1961, 1954, 1953, 1962, 1955, 1954, 1965, 1957, 1958, 1964, 1959, 1957, 1966, 1960, 1959, 1967, 1961, 1960, 1968, 1962, 1961, 1969, 1963, 1962, 1972, 1964, 1965, 1971, 1966, 1964, 1973, 1967, 1966, 1974, 1968, 1967, 1975, 1969, 1968, 1976, 1970, 1969, 1979, 1971, 1972, 1978, 1973, 1971, 1980, 1974, 1973, 1981, 1975, 1974, 1984, 1976, 1975, 1983, 1977, 1976, 1988, 1986, 2428, 1987, 784, 1986, 1990, 1987, 1988, 1989, 779, 1987, 1992, 1989, 1990, 1991, 774, 1989, 1994, 1991, 1992, 1993, 769, 1991, 1996, 1993, 1994, 1995, 763, 1993, 1997, 1995, 1996, 1940, 753, 1995, 620, 1948, 1815, 2000, 1998, 2009, 2003, 2001, 2395, 2009, 2007, 2000, 2011, 2007, 2008, 2012, 2009, 2031, 2013, 2008, 2012, 2004, 2016, 2003, 2020, 2002, 2003, 1998, 2019, 2396, 2019, 2021, 2396, 2020, 2022, 2019, 2016, 2023, 2020, 2017, 2024, 2016, 2018, 2025, 2017, 2015, 2026, 2018, 2029, 2015, 2014, 2030, 2014, 2013, 2030, 2012, 2032, 2032, 2031, 2033, 2036, 2027, 2028, 2037, 2028, 2029, 2038, 2029, 2030, 2038, 2032, 2039, 2039, 2033, 2040, 2040, 1998, 2048, 2042, 2025, 2026, 2025, 2043, 2024, 2024, 2044, 2023, 2022, 2044, 2045, 2022, 2046, 2021, 2021, 2047, 1998, 2046, 2049, 2071, 2044, 2049, 2045, 2043, 2050, 2044, 2041, 2051, 2043, 2042, 2052, 2041, 2034, 2053, 2042, 2055, 2034, 2035, 2058, 2050, 2051, 2052, 2058, 2051, 2053, 2059, 2052, 2054, 2060, 2053, 2055, 2061, 2054, 2063, 2055, 2036, 2064, 2036, 2037, 2065, 2037, 2038, 2065, 2039, 2066, 2067, 2040, 2068, 2068, 2048, 2069, 2069, 2056, 2082, 2056, 2070, 2082, 2071, 2073, 2074, 2060, 1044, 2059, 2061, 869, 2060, 2062, 2075, 2061, 2063, 2076, 2062, 2079, 2069, 2080, 2081, 2082, 2083, 2083, 2070, 2108, 2070, 2084, 2108, 2072, 2085, 2084, 2058, 2086, 2057, 2057, 2087, 2073, 2074, 2088, 2089, 2090, 2064, 2065, 2091, 2065, 2066, 2092, 2066, 2067, 2093, 2067, 2068, 2076, 893, 2075, 2095, 892, 2094, 2095, 2076, 2096, 2097, 2076, 2077, 2098, 2077, 2078, 2099, 2078, 2090, 2100, 2090, 2091, 2102, 2091, 2092, 2102, 2093, 2103, 2103, 2079, 2104, 2104, 2080, 2105, 2105, 2081, 2106, 2106, 2083, 2234, 2083, 2107, 2234, 2108, 2109, 2107, 2110, 895, 2095, 2111, 2095, 2096, 2112, 2096, 2097, 2113, 2097, 2098, 2114, 2098, 2099, 2115, 2099, 2100, 2116, 2100, 2101, 2119, 2117, 2127, 2123, 2121, 2124, 2125, 2124, 2128, 2110, 2126, 910, 2127, 2110, 2111, 2112, 2127, 2111, 2121, 2112, 2113, 2124, 2113, 2114, 2128, 2114, 2115, 2129, 2115, 2116, 2132, 2130, 2135, 2133, 1046, 2131, 2134, 2131, 2132, 2130, 1045, 2118, 2135, 2118, 2119, 2136, 2119, 2120, 2137, 2135, 2136, 2138, 2132, 2137, 2139, 933, 2133, 943, 2139, 2141, 2140, 943, 2141, 2142, 2141, 2148, 2429, 2143, 2153, 2145, 2143, 2429, 2148, 2146, 2144, 2142, 2144, 2145, 2146, 2143, 2144, 2149, 2125, 2143, 2150, 2123, 2125, 2151, 2120, 2123, 2153, 2125, 2152, 2152, 2128, 2155, 2154, 2155, 2157, 2158, 2157, 2159, 2160, 2157, 2156, 2156, 2116, 2161, 2162, 2164, 2166, 2168, 2163, 2165, 2170, 2167, 2168, 2172, 2169, 2170, 2164, 2101, 2173, 2166, 2173, 2175, 2174, 2175, 2193, 2177, 2176, 2430, 2172, 2178, 2171, 2181, 2179, 2172, 2182, 2172, 2170, 2185, 2183, 2194, 2186, 2170, 2168, 2187, 2168, 2165, 2190, 2431, 2189, 2188, 2189, 2183, 2192, 2202, 2196, 2194, 2192, 2196, 2195, 2194, 2197, 2197, 2196, 2199, 2197, 2198, 2215, 2200, 2197, 2215, 2196, 2201, 2199, 2199, 2203, 2198, 2175, 2204, 2207, 2205, 2175, 2207, 2204, 2103, 2206, 2207, 2206, 2208, 2205, 2208, 2211, 2206, 2104, 2209, 2208, 2209, 2210, 2211, 2210, 2227, 2214, 2212, 2222, 2216, 2215, 2217, 2217, 2198, 2218, 2219, 2214, 2222, 2203, 2214, 2198, 2210, 2220, 2229, 2212, 2221, 2222, 2223, 2224, 2221, 2210, 2228, 2226, 2229, 2230, 2228, 2220, 2231, 2229, 2105, 2232, 2220, 2106, 2233, 2232, 2234, 2235, 2233, 2107, 2236, 2235, 2233, 2237, 2238, 2232, 2238, 2231, 2231, 2239, 2230, 2225, 2240, 2224, 2238, 2242, 2239, 2241, 2243, 2240, 2059, 880, 2058, 2118, 2126, 2117, 2131, 936, 2130, 1048, 2245, 2247, 2247, 2246, 2249, 2249, 2248, 2255, 1049, 2250, 2245, 2245, 2251, 2246, 2246, 2252, 2248, 2248, 2253, 2254, 2255, 2254, 2257, 2086, 2247, 2087, 1061, 2247, 2086, 2260, 2258, 2262, 2262, 2261, 2267, 1068, 2250, 1054, 2263, 2251, 2250, 2264, 2252, 2251, 2265, 2253, 2252, 2269, 2267, 2261, 2268, 2270, 1076, 2263, 2270, 2269, 2264, 2269, 2261, 2265, 2261, 2258, 2266, 2258, 2259, 2268, 1203, 2403, 2272, 2268, 2403, 2262, 2268, 2273, 2274, 2271, 2275, 2275, 2272, 2276, 2277, 2272, 2321, 2274, 2262, 2273, 2280, 2274, 2275, 2281, 2275, 2276, 2282, 2276, 2277, 2284, 2279, 2280, 2284, 2281, 2285, 2286, 2281, 2282, 2288, 2274, 2279, 2283, 2288, 2279, 2291, 2289, 2283, 2292, 2283, 2284, 2293, 2284, 2285, 2295, 2290, 2291, 2296, 2291, 2292, 2297, 2292, 2293, 2300, 2298, 2306, 2301, 2296, 2299, 2303, 2295, 2301, 2304, 2301, 2300, 2305, 2300, 2306, 2307, 2306, 2308, 2299, 2297, 2310, 2293, 2286, 2311, 2297, 2311, 2312, 2310, 2312, 2313, 2298, 2314, 2315, 2308, 2317, 2316, 2318, 2315, 2314, 2318, 2319, 2327, 2313, 2319, 2314, 2277, 2320, 2322, 2282, 2322, 2324, 2323, 2320, 2401, 2319, 2311, 2325, 2286, 2324, 2325, 2327, 2325, 2326, 2332, 2309, 2410, 2335, 2333, 2409, 2339, 2307, 2332, 2340, 2332, 2333, 2334, 2340, 2333, 2343, 2342, 2345, 2345, 2344, 2357, 2344, 2302, 2351, 2302, 2347, 2351, 2303, 2348, 2347, 2305, 2348, 2304, 2348, 2349, 2350, 2347, 2350, 2359, 2352, 2347, 2359, 2353, 2351, 2352, 2355, 2341, 2432, 2331, 2356, 2382, 2357, 2353, 2362, 2352, 2358, 2360, 2353, 2360, 2361, 2362, 2361, 2433, 2364, 2366, 2363, 2367, 2368, 2366, 2369, 2370, 2368, 2371, 2337, 2370, 2363, 2373, 2372, 2366, 2374, 2373, 2368, 2375, 2374, 2372, 2376, 2398, 2373, 2377, 2376, 2374, 2378, 2377, 2375, 2379, 2378, 2337, 2380, 2379, 2236, 2237, 2235, 2331, 2236, 2109, 2085, 2109, 2084, 2383, 2242, 2237, 2392, 2390, 2393, 2383, 2387, 2388, 2148, 2139, 2147, 2153, 2158, 2429, 2119, 2122, 2120, 2204, 2101, 2102, 2105, 2209, 2104, 2046, 2056, 2047, 1999, 2002, 1998, 2004, 2395, 2006, 2015, 2010, 2011, 2050, 2073, 2049, 2034, 2026, 2027, 2381, 2316, 2380, 2323, 2393, 2326, 2399, 2376, 2400, 2400, 2377, 2318, 2318, 2378, 2317, 2317, 2379, 2316, 2244, 2401, 2243, 2402, 323, 1016, 2243, 1535, 2240, 2240, 1533, 2224, 2224, 1531, 2221, 2221, 1529, 2219, 2219, 1526, 2218, 2218, 1527, 2217, 2272, 1543, 1541, 1203, 1521, 2403, 1298, 1419, 1448, 1314, 1298, 1448, 1283, 1291, 1292, 1284, 2405, 1287, 1963, 2407, 2406, 2410, 2333, 2332, 1380, 2411, 1379, 1381, 2412, 1380, 603, 582, 2434, 2435, 2434, 582, 583, 2435, 582, 2436, 691, 603, 2437, 603, 2434, 2438, 2434, 2435, 2439, 2435, 583, 2440, 2439, 583, 584, 2440, 583, 2441, 691, 2436, 2442, 2436, 2437, 2443, 2437, 2438, 2444, 2438, 2445, 2439, 2445, 2438, 2446, 2439, 2440, 2447, 2440, 584, 2448, 2447, 584, 2447, 2448, 2449, 2446, 2447, 2449, 2445, 2449, 2444, 69, 584, 585, 66, 585, 586, 73, 66, 586, 69, 86, 2450, 2448, 69, 2450, 2451, 2448, 2450, 2452, 2451, 2450, 87, 2450, 86, 2453, 2451, 2452, 88, 2452, 87, 2453, 98, 2454, 2455, 2454, 2456, 2453, 2457, 2451, 2444, 2451, 2457, 2451, 2444, 2449, 2448, 2451, 2449, 2458, 692, 2441, 2459, 2441, 2442, 2460, 2442, 2443, 2457, 2443, 2444, 2461, 2455, 2462, 2457, 2463, 2460, 2459, 2463, 2464, 2465, 2464, 2466, 2459, 2468, 2467, 2458, 2467, 2469, 141, 2469, 2470, 694, 2470, 2471, 2472, 2474, 2473, 2475, 2473, 2476, 2477, 2476, 2478, 2479, 2478, 2480, 2477, 2482, 2481, 2483, 2485, 2484, 2456, 2484, 2486, 2455, 2486, 2462, 2487, 2489, 2488, 150, 2491, 2490, 2492, 2490, 2493, 2494, 2493, 2495, 2496, 2495, 2497, 2498, 2497, 2499, 2500, 2499, 2501, 2502, 2504, 2503, 2505, 2503, 2506, 2507, 2505, 2506, 2508, 2506, 2509, 2510, 2506, 2503, 2511, 2504, 2512, 2513, 2512, 2514, 2515, 2514, 2516, 2517, 2516, 2518, 2519, 2518, 2520, 2521, 2520, 2488, 2522, 2488, 2489, 2472, 2489, 2523, 2524, 2503, 2504, 2525, 742, 743, 2500, 743, 2526, 2498, 2526, 2527, 2496, 2527, 2528, 2494, 2528, 2529, 2492, 2529, 155, 150, 2492, 155, 2530, 738, 690, 2526, 743, 738, 2527, 738, 2530, 2528, 2530, 2531, 2529, 2531, 2418, 155, 2529, 2418, 737, 2418, 2531, 2532, 2508, 2533, 745, 2533, 744, 690, 2531, 2530, 2461, 2535, 2534, 2463, 2534, 2536, 2464, 2536, 2537, 2466, 2537, 2538, 2481, 2540, 2539, 2484, 2542, 2541, 2486, 2541, 2543, 2462, 2543, 2535, 2467, 2545, 2544, 2469, 2544, 2546, 2470, 2546, 2547, 2471, 2547, 2548, 2549, 2548, 2550, 2473, 2552, 2551, 2476, 2551, 2553, 2478, 2553, 2554, 2468, 2555, 2545, 2543, 2557, 2556, 2541, 2558, 2557, 2559, 2560, 2558, 2538, 2561, 2560, 2537, 2562, 2561, 2536, 2563, 2562, 2534, 2564, 2563, 2535, 2556, 2564, 2545, 2566, 2565, 2555, 2567, 2566, 2568, 2569, 2567, 2570, 2571, 2569, 2550, 2572, 2571, 2548, 2573, 2572, 2547, 2574, 2573, 2546, 2575, 2574, 2544, 2565, 2575, 2576, 2563, 2564, 2576, 2562, 2563, 2576, 2561, 2562, 2576, 2560, 2561, 2576, 2558, 2560, 2576, 2557, 2558, 2576, 2556, 2557, 2576, 2564, 2556, 2577, 2575, 2565, 2577, 2574, 2575, 2577, 2573, 2574, 2577, 2572, 2573, 2577, 2571, 2572, 2577, 2569, 2571, 2577, 2567, 2569, 2577, 2566, 2567, 2577, 2565, 2566, 2489, 2578, 2523, 2523, 2578, 2474, 2549, 694, 2471, 1780, 1799, 2579, 2579, 2580, 1780, 2580, 1779, 1780, 1885, 2581, 1799, 2581, 2579, 1799, 2582, 2580, 2579, 2583, 1779, 2580, 2584, 2585, 1779, 2585, 1782, 1779, 1336, 2581, 1885, 2586, 2582, 2581, 2587, 2583, 2582, 2588, 2589, 2583, 2589, 2584, 2583, 2589, 2585, 2584, 2590, 1782, 2585, 2591, 2592, 1782, 2592, 2591, 2593, 2591, 2590, 2593, 2590, 2594, 2593, 2592, 1783, 1782, 1270, 1781, 1783, 1269, 1266, 1781, 1288, 1270, 2595, 1270, 2592, 2595, 2592, 2596, 2595, 2596, 2597, 2595, 2597, 1288, 2595, 2596, 2598, 2597, 2598, 2405, 2597, 1289, 2454, 98, 2599, 2456, 2454, 2600, 2596, 2601, 2596, 2594, 2601, 2594, 2596, 2593, 2596, 2592, 2593, 1337, 2586, 1336, 2602, 2587, 2586, 2603, 2588, 2587, 2604, 2594, 2588, 2601, 2605, 2600, 2606, 2604, 2607, 2604, 2608, 2607, 2603, 2609, 2608, 2610, 2612, 2611, 2603, 2613, 2612, 2602, 2614, 2613, 1337, 2615, 2614, 2616, 2618, 2617, 2472, 2619, 2618, 2475, 2620, 2619, 2477, 2621, 2620, 2622, 2624, 2623, 2477, 2625, 2624, 2483, 2627, 2626, 2456, 2628, 2627, 1388, 2630, 2629, 1386, 2631, 2630, 1350, 2632, 2631, 2633, 2634, 2632, 2635, 2636, 2634, 2637, 2638, 2636, 2639, 2640, 2638, 2641, 2642, 2640, 2643, 2644, 2642, 1936, 1935, 2644, 1935, 2509, 2644, 2509, 2642, 2644, 2524, 2638, 2640, 2511, 2636, 2638, 2513, 2634, 2636, 2515, 2632, 2634, 2517, 2631, 2632, 2519, 2630, 2631, 2521, 2629, 2630, 2522, 2616, 2629, 2510, 2640, 2642, 1936, 2643, 1937, 2643, 2645, 1937, 2641, 2646, 2645, 2639, 2647, 2646, 2637, 2648, 2647, 2635, 1351, 2648, 2633, 1350, 1351, 1932, 2649, 1884, 1937, 2645, 1932, 2645, 2649, 1932, 2646, 2650, 2649, 2647, 1930, 2650, 2648, 1351, 1930, 1930, 1931, 2650, 1935, 2533, 2508, 1933, 744, 2533, 1931, 2649, 2650, 2605, 2652, 2651, 2606, 2653, 2652, 2607, 2654, 2653, 2608, 2655, 2654, 2609, 2656, 2655, 2624, 2658, 2657, 2626, 2660, 2659, 2661, 2651, 2662, 2611, 2664, 2663, 2612, 2665, 2664, 2613, 2666, 2665, 2614, 2667, 2666, 2615, 2668, 2667, 2617, 2670, 2669, 2618, 2671, 2670, 2619, 2672, 2671, 2673, 2663, 2674, 2675, 2677, 2676, 2678, 2676, 2679, 2655, 2679, 2680, 2654, 2680, 2681, 2653, 2681, 2682, 2652, 2682, 2683, 2651, 2683, 2684, 2662, 2684, 2677, 2674, 2686, 2685, 2687, 2685, 2688, 2689, 2688, 2690, 2668, 2690, 2691, 2667, 2691, 2692, 2666, 2692, 2693, 2665, 2693, 2694, 2664, 2694, 2695, 2663, 2695, 2686, 2683, 2696, 2684, 2682, 2696, 2683, 2681, 2696, 2682, 2680, 2696, 2681, 2679, 2696, 2680, 2676, 2696, 2679, 2677, 2696, 2676, 2684, 2696, 2677, 2695, 2697, 2686, 2694, 2697, 2695, 2693, 2697, 2694, 2692, 2697, 2693, 2691, 2697, 2692, 2690, 2697, 2691, 2688, 2697, 2690, 2685, 2697, 2688, 2686, 2697, 2685, 1388, 2616, 2412, 2412, 2616, 2617, 2412, 2698, 2411, 2699, 2701, 2700, 603, 2437, 2436, 2434, 2438, 2437, 2435, 2439, 2438, 691, 2441, 692, 2436, 2442, 2441, 2437, 2443, 2442, 2438, 2444, 2443, 2439, 2446, 2445, 2440, 2447, 2446, 2449, 2445, 2446, 584, 69, 2448, 585, 66, 69, 2450, 87, 2452, 2452, 88, 2453, 98, 2453, 88, 2454, 2455, 2453, 2457, 2453, 2455, 692, 2458, 141, 2441, 2459, 2458, 2442, 2460, 2459, 2443, 2457, 2460, 2455, 2461, 2457, 2463, 2457, 2461, 2463, 2459, 2460, 2464, 2465, 2459, 2468, 2459, 2465, 2467, 2458, 2459, 2469, 141, 2458, 2470, 694, 141, 2474, 2472, 2523, 2473, 2475, 2472, 2476, 2477, 2475, 2478, 2479, 2477, 2482, 2477, 2479, 2481, 2702, 2477, 2484, 2456, 2483, 2486, 2455, 2456, 2489, 2487, 2703, 2491, 150, 189, 2490, 2492, 150, 2493, 2494, 2492, 2495, 2496, 2494, 2497, 2498, 2496, 2499, 2500, 2498, 2501, 2525, 2500, 2503, 2505, 2502, 2506, 2508, 2507, 2506, 2510, 2509, 2504, 2511, 2524, 2512, 2513, 2511, 2514, 2515, 2513, 2516, 2517, 2515, 2518, 2519, 2517, 2520, 2521, 2519, 2488, 2522, 2521, 2489, 2472, 2522, 2503, 2524, 2510, 743, 2500, 2525, 2526, 2498, 2500, 2527, 2496, 2498, 2528, 2494, 2496, 2529, 2492, 2494, 738, 2527, 2526, 2530, 2528, 2527, 2531, 2529, 2528, 2508, 2532, 2507, 2533, 745, 2532, 2531, 690, 737, 2535, 2461, 2462, 2534, 2463, 2461, 2536, 2464, 2463, 2537, 2466, 2464, 2540, 2481, 2482, 2542, 2484, 2485, 2541, 2486, 2484, 2543, 2462, 2486, 2545, 2467, 2468, 2544, 2469, 2467, 2546, 2470, 2469, 2547, 2471, 2470, 2548, 2549, 2471, 2552, 2473, 2474, 2551, 2476, 2473, 2553, 2478, 2476, 2554, 2480, 2478, 2557, 2543, 2541, 2558, 2541, 2542, 2704, 2539, 2540, 2561, 2538, 2537, 2562, 2537, 2536, 2563, 2536, 2534, 2564, 2534, 2535, 2556, 2535, 2543, 2566, 2545, 2555, 2705, 2554, 2553, 2569, 2568, 2570, 2571, 2570, 2550, 2572, 2550, 2548, 2573, 2548, 2547, 2574, 2547, 2546, 2575, 2546, 2544, 2565, 2544, 2545, 2578, 2489, 2703, 694, 2549, 1208, 2579, 2581, 2582, 2580, 2582, 2583, 1779, 2583, 2584, 2581, 1336, 2586, 2582, 2586, 2587, 2583, 2587, 2588, 2589, 2588, 2594, 2585, 2589, 2590, 1782, 2590, 2591, 2594, 2590, 2589, 1783, 2592, 1270, 1781, 1270, 1269, 1288, 2597, 2405, 1290, 2599, 1289, 2454, 1289, 2599, 2456, 2599, 2706, 2596, 2600, 2598, 2586, 1337, 2602, 2587, 2602, 2603, 2588, 2603, 2604, 2594, 2604, 2601, 2605, 2601, 2606, 2604, 2606, 2601, 2608, 2604, 2603, 2609, 2603, 2610, 2612, 2610, 2603, 2613, 2603, 2602, 2614, 2602, 1337, 2615, 1337, 1887, 2618, 2616, 2472, 2619, 2472, 2475, 2620, 2475, 2477, 2621, 2477, 2622, 2624, 2622, 2477, 2625, 2477, 2702, 2627, 2483, 2456, 2628, 2456, 2706, 2630, 1388, 1386, 2631, 1386, 1350, 2632, 1350, 2633, 2634, 2633, 2635, 2636, 2635, 2637, 2638, 2637, 2639, 2640, 2639, 2641, 2642, 2641, 2643, 2644, 2643, 1936, 2509, 1935, 2508, 2642, 2509, 2510, 2638, 2524, 2511, 2636, 2511, 2513, 2634, 2513, 2515, 2632, 2515, 2517, 2631, 2517, 2519, 2630, 2519, 2521, 2629, 2521, 2522, 2616, 2522, 2472, 2640, 2510, 2524, 2645, 2643, 2641, 2646, 2641, 2639, 2647, 2639, 2637, 2648, 2637, 2635, 1351, 2635, 2633, 2649, 2645, 2646, 2650, 2646, 2647, 1930, 2647, 2648, 2533, 1935, 1933, 744, 1933, 1934, 2649, 1931, 1884, 2652, 2605, 2606, 2653, 2606, 2607, 2654, 2607, 2608, 2655, 2608, 2609, 2657, 2623, 2624, 2658, 2624, 2625, 2660, 2626, 2627, 2651, 2661, 2605, 2664, 2611, 2612, 2665, 2612, 2613, 2666, 2613, 2614, 2667, 2614, 2615, 2669, 2698, 2617, 2670, 2617, 2618, 2671, 2618, 2619, 2672, 2619, 2620, 2663, 2673, 2611, 2677, 2675, 2662, 2676, 2678, 2675, 2679, 2655, 2656, 2680, 2654, 2655, 2681, 2653, 2654, 2682, 2652, 2653, 2683, 2651, 2652, 2684, 2662, 2651, 2686, 2674, 2663, 2685, 2687, 2674, 2688, 2689, 2687, 2690, 2668, 2689, 2691, 2667, 2668, 2692, 2666, 2667, 2693, 2665, 2666, 2694, 2664, 2665, 2695, 2663, 2664, 2616, 1388, 2629, 2698, 2412, 2617, 2707, 2709, 2708, 2710, 2708, 2711, 2712, 2711, 2713, 2710, 2715, 2714, 2707, 2714, 2716, 2717, 2716, 2718, 2719, 2711, 2708, 2720, 2708, 2709, 2721, 112, 113, 2722, 2718, 2716, 2714, 2722, 2716, 2723, 2714, 2715, 2709, 126, 2720, 2724, 111, 2725, 2726, 2723, 2715, 2727, 2725, 2722, 2728, 2722, 2723, 2729, 2730, 2415, 2730, 2732, 2731, 2733, 2732, 2734, 2735, 2734, 2736, 2737, 2736, 2738, 2717, 126, 2709, 2718, 127, 2717, 2725, 128, 2718, 2739, 113, 129, 2719, 2721, 2740, 2713, 2742, 2741, 2743, 2742, 2744, 2740, 2742, 2719, 2745, 2744, 2746, 2747, 2744, 2740, 2739, 2740, 2721, 134, 2730, 2748, 129, 2748, 2739, 2748, 2731, 2749, 2739, 2749, 2747, 2733, 2749, 2731, 2733, 2735, 2749, 2746, 2747, 2749, 2749, 2735, 2737, 2737, 2746, 2749, 2738, 2745, 2737, 2750, 2715, 2712, 2720, 126, 112, 2743, 2713, 2741, 2751, 2753, 2752, 2754, 2752, 2755, 2756, 2755, 2757, 2754, 2759, 2758, 2751, 2758, 2760, 2761, 2760, 2762, 2763, 2755, 2752, 2764, 2752, 2753, 2765, 710, 711, 2766, 2762, 2760, 2758, 2766, 2760, 2767, 2758, 2759, 2753, 724, 2764, 2768, 709, 2769, 2770, 2767, 2759, 2771, 2769, 2766, 2772, 2766, 2767, 715, 2774, 2773, 2774, 2771, 2775, 2776, 2771, 2772, 2777, 2772, 2770, 2778, 2770, 2779, 2761, 724, 2753, 2762, 725, 2761, 2769, 726, 2762, 2780, 711, 727, 2763, 2765, 2781, 2757, 2783, 2782, 2784, 2783, 2785, 2781, 2783, 2763, 2786, 2785, 2787, 2788, 2785, 2781, 2780, 2781, 2765, 2789, 2774, 2790, 727, 2791, 2780, 2790, 2775, 2792, 2780, 2793, 2788, 2776, 2792, 2775, 2776, 2777, 2792, 2787, 2788, 2793, 2792, 2777, 2778, 2794, 2787, 2793, 2795, 2786, 2794, 2796, 2759, 2756, 2764, 724, 710, 2784, 2757, 2782, 2797, 2799, 2798, 2800, 2801, 2799, 2802, 2803, 2801, 2804, 2806, 2805, 2802, 2807, 2806, 2800, 2808, 2807, 2809, 2799, 2801, 2810, 2798, 2799, 2811, 1311, 1324, 2812, 2807, 2808, 2813, 2807, 2814, 2806, 2813, 2805, 1325, 2798, 2811, 2815, 2812, 1309, 2816, 2805, 2813, 2817, 2814, 2812, 2818, 2813, 2814, 2819, 1329, 2820, 2819, 2822, 2821, 2822, 2823, 2821, 2824, 2825, 2816, 2826, 2827, 2825, 1326, 2798, 1325, 1327, 2797, 1326, 1309, 2808, 1327, 2828, 1333, 1311, 2811, 2829, 2828, 2801, 2830, 2809, 2830, 2831, 2809, 2831, 2810, 2809, 2832, 2833, 2831, 2833, 2829, 2831, 2834, 2828, 2829, 1329, 2835, 2820, 1331, 2836, 2835, 2820, 2837, 2822, 2835, 2834, 2837, 2837, 2838, 2822, 2839, 2838, 2837, 2834, 2833, 2837, 2839, 2837, 2840, 2841, 2837, 2833, 2832, 2840, 2841, 2825, 2804, 2805, 1325, 2811, 1324, 2827, 2803, 2804, 2842, 2844, 2843, 2845, 2846, 2844, 2847, 2848, 2846, 2849, 2851, 2850, 2847, 2852, 2851, 2845, 2853, 2852, 2854, 2844, 2846, 2855, 2843, 2844, 2856, 1903, 1913, 2857, 2852, 2853, 2858, 2852, 2859, 2851, 2858, 2850, 1914, 2843, 2856, 1909, 2857, 1901, 2860, 2850, 2858, 2861, 2859, 2857, 2862, 2858, 2859, 2861, 1918, 2863, 2861, 2864, 2862, 2864, 2860, 2862, 2865, 2866, 2860, 2867, 2868, 2866, 1915, 2843, 1914, 1916, 2842, 1915, 1901, 2853, 1916, 2869, 1923, 1903, 2856, 2870, 2869, 2846, 2871, 2854, 2871, 2872, 2854, 2872, 2855, 2854, 2873, 2874, 2872, 2874, 2870, 2872, 2875, 2869, 2870, 1920, 2877, 2876, 1921, 2878, 2877, 2876, 2880, 2879, 2877, 2875, 2880, 2880, 2881, 2879, 2882, 2881, 2880, 2875, 2874, 2880, 2882, 2880, 2883, 2884, 2880, 2874, 2873, 2883, 2884, 2866, 2849, 2850, 1914, 2856, 1913, 2885, 2848, 2886, 2709, 2707, 2717, 2708, 2710, 2707, 2711, 2712, 2710, 2715, 2710, 2712, 2714, 2707, 2710, 2716, 2717, 2707, 2711, 2719, 2742, 2708, 2720, 2719, 112, 2721, 2720, 2718, 2722, 2725, 2722, 2714, 2723, 111, 2724, 117, 2723, 2726, 2728, 2725, 2727, 2724, 2722, 2728, 2727, 2730, 2729, 2887, 2732, 2730, 2887, 2732, 2733, 2731, 2734, 2735, 2733, 2736, 2737, 2735, 126, 2717, 127, 127, 2718, 128, 128, 2725, 111, 113, 2739, 2721, 2721, 2719, 2720, 2742, 2713, 2711, 2742, 2743, 2741, 2742, 2740, 2744, 2744, 2745, 2743, 2744, 2747, 2746, 2740, 2739, 2747, 2730, 134, 2415, 2748, 129, 134, 2731, 2748, 2730, 2749, 2739, 2748, 2746, 2737, 2745, 2745, 2738, 2743, 2715, 2750, 2726, 2712, 2743, 2750, 2713, 2743, 2712, 2753, 2751, 2761, 2752, 2754, 2751, 2755, 2756, 2754, 2759, 2754, 2756, 2758, 2751, 2754, 2760, 2761, 2751, 2755, 2763, 2783, 2752, 2764, 2763, 710, 2765, 2764, 2762, 2766, 2769, 2766, 2758, 2767, 709, 2768, 715, 2767, 2770, 2772, 2769, 2771, 2768, 2766, 2772, 2771, 2774, 715, 2768, 2771, 2774, 2768, 2771, 2776, 2775, 2772, 2777, 2776, 2770, 2778, 2777, 724, 2761, 725, 725, 2762, 726, 726, 2769, 709, 711, 2780, 2765, 2765, 2763, 2764, 2783, 2757, 2755, 2783, 2784, 2782, 2783, 2781, 2785, 2785, 2786, 2784, 2785, 2788, 2787, 2781, 2780, 2788, 2774, 2789, 2773, 2791, 727, 2417, 2775, 2790, 2774, 2793, 2780, 2791, 2787, 2794, 2786, 2786, 2795, 2784, 2759, 2796, 2888, 2756, 2784, 2796, 2757, 2784, 2756, 2799, 2797, 2800, 2801, 2800, 2802, 2803, 2802, 2804, 2806, 2804, 2802, 2807, 2802, 2800, 2808, 2800, 2797, 2799, 2809, 2810, 2798, 2810, 2811, 1311, 2811, 2828, 2807, 2812, 2814, 2807, 2813, 2806, 2812, 2815, 2817, 2805, 2816, 2825, 2814, 2817, 2818, 2889, 2821, 2823, 1329, 2819, 1319, 2822, 2819, 2820, 2823, 2822, 2838, 2825, 2824, 2826, 2890, 2839, 2840, 2798, 1326, 2797, 2797, 1327, 2808, 2808, 1309, 2812, 1333, 2828, 2836, 2829, 2811, 2810, 2830, 2801, 2803, 2831, 2830, 2832, 2810, 2831, 2829, 2833, 2832, 2841, 2829, 2833, 2834, 2828, 2834, 2836, 2835, 1329, 1331, 2836, 1331, 1333, 2837, 2820, 2835, 2834, 2835, 2836, 2837, 2841, 2840, 2840, 2832, 2890, 2804, 2825, 2827, 2830, 2827, 2832, 2803, 2827, 2830, 2844, 2842, 2845, 2846, 2845, 2847, 2848, 2847, 2886, 2851, 2849, 2847, 2852, 2847, 2845, 2853, 2845, 2842, 2844, 2854, 2855, 2843, 2855, 2856, 1903, 2856, 2869, 2852, 2857, 2859, 2852, 2858, 2851, 2857, 1909, 2861, 2850, 2860, 2866, 2859, 2861, 2862, 2858, 2862, 2860, 1918, 2861, 1909, 2864, 2861, 2863, 2860, 2864, 2865, 2866, 2865, 2867, 2891, 2882, 2883, 2843, 1915, 2842, 2842, 1916, 2853, 2853, 1901, 2857, 1923, 2869, 2878, 2870, 2856, 2855, 2871, 2846, 2848, 2872, 2871, 2873, 2855, 2872, 2870, 2874, 2873, 2884, 2870, 2874, 2875, 2869, 2875, 2878, 2877, 1920, 1921, 2878, 1921, 1923, 2880, 2876, 2877, 2875, 2877, 2878, 2880, 2884, 2883, 2883, 2873, 2891, 2849, 2866, 2868, 2871, 2885, 2873, 2848, 2885, 2871, 2892, 2894, 2893, 2894, 799, 2895, 2893, 799, 803, 2419, 2893, 803, 793, 2893, 2419, 794, 2892, 793, 1200, 2896, 794, 2897, 798, 2894, 944, 2899, 2898, 947, 2898, 2900, 950, 2902, 2901, 2903, 950, 2901, 953, 2904, 952, 954, 2904, 953, 957, 2905, 956, 937, 2906, 957, 938, 2906, 937, 2905, 938, 939, 2907, 2905, 939, 2907, 940, 2904, 2908, 949, 2903, 2908, 963, 964, 965, 963, 2908, 973, 2903, 975, 975, 2901, 977, 2901, 982, 977, 2909, 2910, 2176, 2902, 2176, 982, 2904, 940, 952, 2907, 956, 2905, 968, 2908, 973, 2897, 1200, 795, 2911, 2913, 2912, 2006, 2913, 2005, 2913, 2010, 2005, 2914, 2007, 2010, 2915, 2007, 2914, 2911, 2000, 2915, 2911, 2001, 1999, 2395, 2916, 2006, 945, 2917, 2899, 2140, 2918, 2917, 2142, 2919, 2918, 2429, 2919, 2145, 2920, 2146, 2147, 2921, 2146, 2920, 2922, 2150, 2923, 2922, 2136, 2151, 2922, 2137, 2136, 2922, 2138, 2137, 2923, 2921, 2138, 2138, 2920, 2139, 2158, 2924, 2429, 2159, 2925, 2158, 2159, 2160, 2925, 2925, 2169, 2924, 2924, 2171, 2919, 2918, 2171, 2178, 2910, 2926, 2176, 2926, 2430, 2176, 2139, 2920, 2147, 2149, 2923, 2150, 2160, 2167, 2925, 2911, 2395, 2001, 2897, 2892, 2896, 2894, 2892, 2897, 2893, 2894, 2895, 799, 2894, 798, 799, 2893, 2895, 2893, 793, 2892, 2892, 794, 2896, 798, 2897, 795, 2899, 944, 945, 2898, 947, 944, 2900, 950, 947, 950, 2903, 949, 2904, 954, 2907, 2905, 957, 2906, 938, 2905, 2906, 940, 2907, 939, 949, 2908, 964, 2903, 973, 2908, 2901, 975, 2903, 982, 2901, 2902, 2176, 2902, 2909, 956, 2907, 954, 2908, 968, 965, 1200, 2897, 2896, 2914, 2911, 2915, 2913, 2911, 2914, 2912, 2913, 2916, 2913, 2006, 2916, 2010, 2913, 2914, 2007, 2915, 2000, 2000, 2911, 1999, 2916, 2395, 2912, 2917, 945, 2140, 2918, 2140, 2142, 2919, 2142, 2145, 2919, 2429, 2924, 2146, 2921, 2149, 2150, 2922, 2151, 2138, 2922, 2923, 2920, 2138, 2921, 2924, 2158, 2925, 2169, 2925, 2167, 2171, 2924, 2169, 2171, 2918, 2919, 2430, 2926, 2927, 2923, 2149, 2921, 2167, 2160, 2163, 2395, 2911, 2912, 2928, 2421, 1058, 2929, 1058, 1060, 2930, 2931, 2928, 2932, 2928, 2929, 2933, 2934, 2930, 2935, 2930, 2932, 2936, 2937, 2933, 2936, 2935, 2938, 2939, 2940, 2936, 2939, 2938, 2941, 2942, 1060, 1062, 2943, 2929, 2942, 2944, 2932, 2943, 2945, 2935, 2944, 2946, 2938, 2945, 2947, 2941, 2946, 2948, 2939, 2941, 2949, 2950, 2939, 2951, 2948, 2947, 2952, 2949, 2948, 2953, 2954, 2949, 2955, 2952, 2951, 2956, 2953, 2952, 2957, 2953, 2958, 2958, 2959, 2957, 2956, 2959, 2958, 2955, 2959, 2956, 884, 2942, 1062, 2960, 2943, 2942, 2961, 2943, 2962, 2963, 2960, 2964, 1135, 2960, 884, 2965, 2962, 2963, 2966, 2944, 2961, 2967, 2969, 2968, 2970, 2945, 2966, 2971, 2972, 2967, 2973, 2946, 2970, 2974, 2975, 2971, 2976, 2977, 2974, 2978, 2979, 2976, 2980, 2947, 2973, 2981, 2951, 2980, 2982, 2974, 2971, 2976, 2984, 2983, 2983, 2978, 2976, 2982, 2967, 2985, 2986, 2967, 2968, 2987, 2968, 2988, 2989, 2988, 2990, 1096, 2989, 2990, 2991, 2992, 2959, 2992, 2994, 2993, 2983, 2995, 2994, 2984, 2996, 2995, 2982, 2997, 2996, 2985, 2998, 2997, 2986, 2999, 2998, 2959, 2992, 2993, 2989, 2999, 2987, 1064, 2989, 1086, 2997, 3001, 3000, 2996, 3000, 3002, 2995, 3002, 3003, 2998, 3004, 3001, 3005, 3004, 2999, 1064, 3006, 3005, 2995, 3007, 2994, 2993, 3007, 3008, 2421, 3009, 1072, 2950, 3011, 3010, 2940, 3010, 3012, 2937, 3012, 3013, 3014, 2931, 2934, 3006, 1072, 3009, 3013, 2934, 2937, 3004, 3009, 3014, 3001, 3014, 3013, 3000, 3013, 3012, 3002, 3012, 3010, 3011, 3016, 3015, 3016, 3017, 3015, 2959, 3017, 2957, 3002, 3011, 3003, 3003, 3015, 3007, 3017, 3007, 3015, 2959, 3008, 3017, 2959, 2993, 3008, 2959, 2955, 3018, 2959, 3019, 2991, 3020, 2254, 2253, 3021, 2257, 2254, 3022, 3021, 3020, 3023, 3024, 3021, 3025, 3023, 3022, 3026, 3027, 3023, 3028, 3026, 3025, 3026, 3030, 3029, 3031, 3032, 3028, 3032, 3033, 3030, 3024, 2256, 2257, 3027, 3034, 3024, 3029, 3035, 3027, 3030, 3036, 3029, 3033, 3037, 3030, 3038, 3039, 3033, 3040, 3033, 3041, 3042, 3041, 3031, 3043, 3044, 3038, 3045, 3038, 3040, 3046, 3040, 3042, 3047, 3048, 3043, 3049, 3043, 3045, 3046, 3049, 3045, 3050, 3049, 3051, 3050, 3047, 3049, 3050, 3052, 3047, 3053, 2256, 3034, 3054, 3034, 3035, 3036, 3054, 3035, 3054, 3055, 3053, 3055, 2088, 3053, 3056, 3057, 3054, 3037, 3056, 3036, 3058, 3059, 3056, 3039, 3058, 3037, 3060, 3061, 3058, 3044, 3060, 3039, 3062, 3063, 3060, 3064, 3065, 3062, 3066, 3068, 3067, 3048, 3062, 3044, 3052, 3064, 3048, 3069, 3071, 3070, 3070, 3072, 3069, 3073, 3068, 3074, 3071, 3076, 3075, 3076, 3077, 3075, 3078, 3079, 3077, 3080, 3081, 3079, 2278, 3081, 3082, 3073, 3083, 3050, 3072, 3085, 3084, 3069, 3084, 3086, 3087, 3086, 3088, 3076, 3088, 3089, 3078, 3089, 3090, 3080, 3090, 3091, 3073, 3050, 3085, 3092, 3080, 3091, 3092, 2278, 3082, 3090, 3094, 3093, 3089, 3095, 3094, 3088, 3096, 3095, 3091, 3093, 3097, 3098, 3091, 3097, 2259, 3092, 3098, 3096, 3084, 3099, 3084, 3100, 3099, 3020, 2266, 3101, 3042, 3103, 3102, 3031, 3104, 3103, 3028, 3105, 3104, 3101, 3022, 3020, 2259, 3101, 2266, 3106, 3025, 3022, 3098, 3106, 3101, 3097, 3105, 3106, 3093, 3104, 3105, 3094, 3103, 3104, 3042, 3107, 3046, 3051, 3107, 3108, 3108, 3050, 3051, 3103, 3096, 3102, 3102, 3099, 3107, 3100, 3107, 3099, 3100, 3050, 3108, 3085, 3050, 3100, 3052, 3050, 3109, 3110, 3050, 3083, 2421, 2928, 2931, 1058, 2929, 2928, 2931, 2930, 2934, 2928, 2932, 2930, 2934, 2933, 2937, 2930, 2935, 2933, 2937, 2936, 2940, 2935, 2936, 2933, 2940, 2939, 2950, 2938, 2939, 2936, 1060, 2942, 2929, 2929, 2943, 2932, 2932, 2944, 2935, 2935, 2945, 2938, 2938, 2946, 2941, 2941, 2947, 2948, 2939, 2948, 2949, 2950, 2949, 2954, 2948, 2951, 2952, 2949, 2952, 2953, 2954, 2953, 3016, 2952, 2955, 2956, 2953, 2956, 2958, 2953, 2957, 3016, 2942, 884, 2960, 2943, 2960, 2962, 2943, 2961, 2944, 2960, 2963, 2962, 2960, 1135, 2964, 2962, 2965, 2961, 2944, 2966, 2945, 2969, 2967, 2972, 2945, 2970, 2946, 2972, 2971, 2975, 2946, 2973, 2947, 2975, 2974, 2977, 2977, 2976, 2979, 2979, 2978, 3111, 2947, 2980, 2951, 2951, 2981, 2955, 2974, 2982, 2984, 2984, 2976, 2974, 2978, 2983, 2992, 2967, 2982, 2971, 2967, 2986, 2985, 2968, 2987, 2986, 2988, 2989, 2987, 2989, 1096, 1086, 2994, 2992, 2983, 2995, 2983, 2984, 2996, 2984, 2982, 2997, 2982, 2985, 2998, 2985, 2986, 2999, 2986, 2987, 2999, 2989, 3005, 2989, 1064, 3005, 3001, 2997, 2998, 3000, 2996, 2997, 3002, 2995, 2996, 3004, 2998, 2999, 3004, 3005, 3006, 3006, 1064, 1065, 3007, 2995, 3003, 3007, 2993, 2994, 3009, 2421, 2931, 3011, 2950, 2954, 3010, 2940, 2950, 3012, 2937, 2940, 2931, 3014, 3009, 1072, 3006, 1065, 2934, 3013, 3014, 3009, 3004, 3006, 3014, 3001, 3004, 3013, 3000, 3001, 3012, 3002, 3000, 3016, 3011, 2954, 3017, 3016, 2957, 3011, 3002, 3010, 3015, 3003, 3011, 3007, 3017, 3008, 2254, 3020, 3021, 2257, 3021, 3024, 3021, 3022, 3023, 3024, 3023, 3027, 3023, 3025, 3026, 3027, 3026, 3029, 3026, 3028, 3032, 3030, 3026, 3032, 3032, 3031, 3041, 3033, 3032, 3041, 2256, 3024, 3034, 3034, 3027, 3035, 3035, 3029, 3036, 3036, 3030, 3037, 3037, 3033, 3039, 3039, 3038, 3044, 3033, 3040, 3038, 3041, 3042, 3040, 3044, 3043, 3048, 3038, 3045, 3043, 3040, 3046, 3045, 3048, 3047, 3052, 3043, 3049, 3047, 3049, 3046, 3051, 2256, 3053, 2088, 3034, 3054, 3053, 3054, 3036, 3056, 3055, 3054, 3057, 2088, 3055, 2328, 3057, 3056, 3059, 3056, 3037, 3058, 3059, 3058, 3061, 3058, 3039, 3060, 3061, 3060, 3063, 3060, 3044, 3062, 3063, 3062, 3065, 3070, 3067, 3068, 3068, 3066, 3074, 3062, 3048, 3064, 3064, 3052, 3109, 3071, 3069, 3087, 3072, 3070, 3068, 3068, 3073, 3072, 3076, 3071, 3087, 3077, 3076, 3078, 3079, 3078, 3080, 3081, 3080, 3082, 3081, 2278, 2287, 3085, 3072, 3073, 3084, 3069, 3072, 3086, 3087, 3069, 3088, 3076, 3087, 3089, 3078, 3076, 3090, 3080, 3078, 3080, 3092, 3082, 2278, 3092, 2260, 3094, 3090, 3089, 3095, 3089, 3088, 3096, 3088, 3086, 3093, 3091, 3090, 3091, 3098, 3092, 3092, 2259, 2260, 3084, 3096, 3086, 3100, 3084, 3085, 2266, 3020, 2253, 3103, 3042, 3031, 3104, 3031, 3028, 3105, 3028, 3025, 3022, 3101, 3106, 3101, 2259, 3098, 3025, 3106, 3105, 3106, 3098, 3097, 3105, 3097, 3093, 3104, 3093, 3094, 3103, 3094, 3095, 3107, 3042, 3102, 3107, 3051, 3046, 3096, 3103, 3095, 3099, 3102, 3096, 3107, 3100, 3108, 3112, 2700, 3113, 2699, 2700, 3112, 2701, 2699, 3112, 3114, 2701, 3112, 3115, 2701, 3114, 3116, 3115, 3114, 3117, 3115, 3116, 3118, 3117, 3116, 3119, 3121, 3120, 3122, 3119, 3120, 3123, 3122, 3120, 3124, 3122, 3123, 3112, 3113, 3125, 3112, 3125, 3126, 3114, 3112, 3126, 3114, 3126, 3127, 3114, 3127, 3128, 3116, 3114, 3128, 3116, 3128, 3129, 3118, 3116, 3129, 3118, 3129, 3130, 3131, 3118, 3130, 3132, 3134, 3133, 3135, 3125, 3136, 3126, 3125, 3135, 3137, 3126, 3135, 3127, 3126, 3137, 3138, 3127, 3137, 3128, 3127, 3138, 3139, 3128, 3138, 3129, 3128, 3139, 3140, 3129, 3139, 3130, 3129, 3140, 3141, 3134, 3142, 3133, 3134, 3141, 3143, 3136, 3144, 3135, 3136, 3143, 3145, 3135, 3143, 3137, 3135, 3145, 3138, 3137, 3145, 3146, 3138, 3145, 3139, 3138, 3146, 3147, 3139, 3146, 3140, 3139, 3147, 3148, 3142, 3149, 3141, 3142, 3148, 3150, 3144, 3151, 3143, 3144, 3150, 3152, 3143, 3150, 3145, 3143, 3152, 3153, 3145, 3152, 3146, 3145, 3153, 3154, 3146, 3153, 3147, 3146, 3154, 3155, 3149, 3154, 3148, 3149, 3155, 3156, 3151, 3157, 3150, 3151, 3156, 3158, 3150, 3156, 3152, 3150, 3158, 3159, 3152, 3158, 3153, 3152, 3159, 3160, 3153, 3159, 3154, 3153, 3160, 3161, 3154, 3160, 3155, 3154, 3161, 3162, 3157, 3163, 3156, 3157, 3162, 3164, 3156, 3162, 3158, 3156, 3164, 3165, 3158, 3164, 3159, 3158, 3165, 3166, 3159, 3165, 3160, 3159, 3166, 3167, 3160, 3166, 3161, 3160, 3167, 3168, 3163, 3169, 3162, 3163, 3168, 3170, 3162, 3168, 3164, 3162, 3170, 3171, 3164, 3170, 3165, 3164, 3171, 3172, 3165, 3171, 3166, 3165, 3172, 3173, 3166, 3172, 3167, 3166, 3173, 3174, 3169, 3175, 3168, 3169, 3174, 3176, 3168, 3174, 3170, 3168, 3176, 3177, 3170, 3176, 3171, 3170, 3177, 3178, 3171, 3177, 3172, 3171, 3178, 3179, 3172, 3178, 3173, 3172, 3179, 3174, 3175, 3180, 3174, 3180, 3181, 3176, 3174, 3181, 3176, 3181, 3182, 3176, 3182, 3183, 3177, 3176, 3183, 3177, 3183, 3184, 3178, 3177, 3184, 3178, 3184, 3185, 3179, 3178, 3185, 3179, 3185, 3186, 2700, 1965, 3113, 3151, 1950, 3157, 3144, 1950, 3151, 3136, 1950, 3144, 3136, 1958, 1950, 3125, 1958, 3136, 3113, 1965, 3125, 3157, 1942, 1997, 3175, 1990, 3180, 3175, 1992, 1990, 3175, 1994, 1992, 3169, 1994, 3175, 3163, 1994, 3169, 3163, 1996, 1994, 3157, 1997, 3163, 2428, 3180, 1988, 1988, 3180, 1990, 3187, 1972, 2700, 2428, 3188, 3180, 3115, 2700, 2701, 3119, 3182, 3181, 3115, 3187, 2700, 3117, 3187, 3115, 3119, 3188, 3189, 3119, 3180, 3188, 3119, 3181, 3180, 3185, 3184, 3190, 3182, 3184, 3183, 3122, 3182, 3119, 3124, 3182, 3122, 3190, 3182, 3124, 3190, 3184, 3182, 3185, 3190, 3191, 3185, 3191, 3192, 3193, 3194, 3167, 3192, 3186, 3185, 3193, 3186, 3192, 3193, 3179, 3186, 3193, 3173, 3179, 3193, 3167, 3173, 3167, 3194, 3161, 3125, 1965, 1958, 3157, 1950, 1942, 3163, 1997, 1996, 1972, 3187, 1979, 1965, 2700, 1972]
        point3f[] points = [(-0.12792398, -0.20519403, 0.15313898), (-0.13358898, -0.20567603, 0.12214598), (-0.14008799, -0.18712203, 0.13691199), (-0.11759599, -0.22299103, 0.14996198), (-0.11933099, -0.22594702, 0.11424397), (-0.10148198, -0.24143903, 0.12059997), (-0.11242899, -0.22200803, 0.16930398), (-0.08891599, -0.24641302, 0.14616698), (-0.12104499, -0.20191503, 0.17533799), (-0.137009, -0.17719403, 0.15592998), (-0.130555, -0.16943203, 0.17761798), (-0.12459599, -0.16597503, 0.19005698), (-0.11692499, -0.19685203, 0.18756099), (-0.114695, -0.16097103, 0.20902498), (-0.107274994, -0.19126703, 0.20334798), (-0.090519994, -0.18430401, 0.22528198), (-0.086192995, -0.21302201, 0.22016399), (-0.100030996, -0.21766102, 0.20033999), (-0.08545199, -0.22754002, 0.20981799), (-0.08310499, -0.23834002, 0.19414498), (-0.086845994, -0.24656801, 0.17412698), (-0.107935995, -0.22148503, 0.18205899), (-0.085031986, -0.252934, 0.13034098), (-0.07546399, -0.26036504, 0.17280397), (-0.06280099, -0.276055, 0.14616098), (-0.07021698, -0.26757002, 0.19733498), (-0.06454699, -0.27443403, 0.17340897), (-0.07419299, -0.25768104, 0.21045098), (-0.07648199, -0.24543001, 0.22638398), (-0.07728899, -0.22218901, 0.23685898), (-0.07900299, -0.20755301, 0.23746498), (-0.08484, -0.18039201, 0.23459998), (-0.104308, -0.15363203, 0.23155798), (-0.050347984, -0.28724602, 0.17398497), (-0.046049986, -0.292175, 0.14792296), (-0.05349499, -0.28163004, 0.20461898), (-0.05710699, -0.27081403, 0.22115497), (-0.058266994, -0.25457302, 0.23895998), (-0.06203199, -0.22690001, 0.25042596), (-0.062607996, -0.20351101, 0.25041696), (-0.069085, -0.17942001, 0.24908598), (-0.088704, -0.14869201, 0.24864599), (-0.001248986, -0.28771302, 0.17747597), (-0.0012489844, -0.293872, 0.15072997), (-0.0012489877, -0.28212404, 0.20735598), (-0.0012489894, -0.27034602, 0.22497497), (-0.0012489915, -0.25234404, 0.24028799), (-0.001248994, -0.22516501, 0.25416797), (-0.0012489964, -0.19589302, 0.25535098), (-0.0012489983, -0.16741002, 0.250904), (-0.001249001, -0.12858902, 0.24635099), (-0.092175975, -0.272557, 0.036094975), (-0.10499199, -0.256943, 0.054209974), (-0.08337699, -0.279737, 0.07732598), (-0.068742976, -0.296312, 0.064793974), (-0.06909399, -0.28441, 0.10018798), (-0.08819599, -0.271, 0.08903797), (-0.10713699, -0.24937901, 0.08115897), (-0.106586985, -0.24296603, 0.09595597), (-0.12798698, -0.23839404, 0.08612897), (-0.05515398, -0.297361, 0.11120098), (-0.042430982, -0.305644, 0.12053897), (-0.001248982, -0.308763, 0.12383997), (-0.0012489809, -0.317037, 0.11049097), (-0.04288198, -0.31537, 0.10845997), (-0.052688982, -0.306812, 0.09566197), (-0.12699504, 0.36249596, 0.24795403), (-0.10939704, 0.36656797, 0.26015902), (-0.115674034, 0.34526497, 0.26833504), (-0.11437004, 0.39010996, 0.26123402), (-0.08903304, 0.37288797, 0.26594803), (-0.10905204, 0.34502497, 0.27621502), (-0.122177035, 0.32652798, 0.27893904), (-0.14272803, 0.32356098, 0.24297503), (-0.122168034, 0.30147198, 0.28065702), (-0.13012503, 0.28057596, 0.27796602), (-0.14609203, 0.25777698, 0.25399604), (-0.12762403, 0.26232898, 0.28128102), (-0.13080803, 0.24011196, 0.27527103), (-0.12715903, 0.18592295, 0.26537004), (-0.13736303, 0.18349098, 0.24881001), (-0.08996303, 0.25902498, 0.28459802), (-0.08887603, 0.18838798, 0.27808604), (-0.07972304, 0.32735896, 0.28186902), (-0.07567704, 0.34803197, 0.27834702), (-0.07743904, 0.37892497, 0.26854602), (-0.09101904, 0.39345896, 0.26624304), (-0.07211605, 0.39490998, 0.26679504), (-0.056448042, 0.39173296, 0.27011704), (-0.059883036, 0.32659498, 0.28653303), (-0.062300034, 0.25599796, 0.29082704), (-0.061561026, 0.19130297, 0.28398603), (-0.064494014, 0.09801497, 0.25644), (-0.10704401, 0.09650797, 0.23967202), (-0.0012490274, 0.19798297, 0.28740102), (-0.0012490193, 0.10331598, 0.262959), (-0.0012490322, 0.25702697, 0.29251704), (-0.001249037, 0.32399598, 0.28699803), (-0.0012490415, 0.39318296, 0.27096203), (-0.15608302, -0.110641055, 0.463852), (-0.15011102, -0.10514205, 0.435419), (-0.14628701, -0.09678704, 0.436432), (-0.15002601, -0.14447007, 0.453151), (-0.14299701, -0.13491605, 0.42658), (-0.14131501, -0.12237904, 0.429787), (-0.13408001, -0.15015505, 0.454024), (-0.13098602, -0.14017606, 0.42661), (-0.15430401, -0.09942506, 0.475337), (-0.15645102, -0.09934405, 0.466392), (-0.15530401, -0.09732706, 0.490152), (-0.15258801, -0.11001506, 0.485861), (-0.14806502, -0.11149606, 0.493102), (-0.15025601, -0.15551107, 0.476864), (-0.13525002, -0.15898006, 0.473625), (-0.14337802, -0.11446504, 0.430241), (-0.15811402, -0.117236055, 0.460315), (-0.12837201, -0.09535005, 0.49271), (-0.13254501, -0.11064705, 0.499033), (-0.11589102, -0.12544906, 0.492518), (-0.13254501, -0.11064705, 0.499033), (-0.11258201, -0.10586804, 0.468627), (-0.11149901, -0.100491054, 0.489725), (-0.13225701, -0.094842054, 0.472803), (-0.13093902, -0.09403104, 0.439472), (-0.11719002, -0.09963705, 0.431432), (-0.15074301, -0.12723006, 0.45536), (-0.15296501, -0.13805807, 0.478667), (-0.15770102, -0.12515005, 0.482504), (-0.15640901, -0.118315056, 0.484855), (-0.12439301, -0.15270206, 0.47504), (-0.121226005, -0.14132006, 0.4478), (-0.10666701, -0.11868104, 0.464006), (-0.10666701, -0.11868104, 0.464006), (-0.111879006, -0.13255405, 0.452361), (-0.11435601, -0.14080906, 0.478047), (-0.11264901, -0.116136044, 0.427077), (-0.11170301, -0.122906044, 0.428398), (-0.12279601, -0.13680406, 0.429097), (-0.11264901, -0.116136044, 0.427077), (-0.15671106, 0.596382, 0.24201004), (-0.14624906, 0.61998, 0.28165007), (-0.11918906, 0.60378, 0.27004007), (-0.17185706, 0.60864, 0.24537104), (-0.15932406, 0.632749, 0.29934305), (-0.17702205, 0.623981, 0.24312605), (-0.17173105, 0.647322, 0.29624406), (-0.17885906, 0.638532, 0.23525004), (-0.17558905, 0.664088, 0.29347405), (-0.17289805, 0.655538, 0.22639404), (-0.17241006, 0.682204, 0.28834605), (-0.10711807, 0.706536, 0.23354906), (-0.121217065, 0.724043, 0.27698305), (-0.14334506, 0.722784, 0.27672207), (-0.14098206, 0.703191, 0.23341306), (-0.14065506, 0.695924, 0.21450906), (-0.11525806, 0.698462, 0.21461406), (-0.16410907, 0.65637296, 0.35535806), (-0.16607706, 0.6735829, 0.35834306), (-0.16778207, 0.67117095, 0.40196005), (-0.16858307, 0.653153, 0.33166707), (-0.17067505, 0.672273, 0.33173206), (-0.16982105, 0.678244, 0.33065706), (-0.15888707, 0.68994594, 0.36241707), (-0.16231008, 0.6851829, 0.40316707), (-0.15943006, 0.697137, 0.32633305), (-0.15475605, 0.701932, 0.28480607), (-0.15077907, 0.7068709, 0.36250705), (-0.15154308, 0.70024997, 0.40467405), (-0.14788808, 0.716717, 0.32658306), (-0.15611807, 0.6467819, 0.35701206), (-0.16596007, 0.65798694, 0.40158206), (-0.15589206, 0.640834, 0.32982805), (-0.13941406, 0.62868, 0.30667806), (-0.13630407, 0.642644, 0.33687407), (-0.14039107, 0.65041995, 0.36338606), (-0.15531006, 0.64919496, 0.39658806), (-0.14297806, 0.65293896, 0.39480105), (-0.12841406, 0.65196, 0.33900005), (-0.123436056, 0.639974, 0.31107107), (-0.13184206, 0.6682639, 0.36691305), (-0.121841066, 0.664606, 0.33924207), (-0.12841406, 0.65196, 0.33900005), (-0.11446006, 0.655993, 0.30704305), (-0.120941065, 0.685461, 0.33603105), (-0.111502066, 0.678804, 0.29088005), (-0.13036308, 0.68271697, 0.36718106), (-0.13477607, 0.66649497, 0.39760005), (-0.13597508, 0.6834539, 0.40181607), (-0.11092107, 0.705593, 0.28738505), (-0.10249106, 0.693563, 0.24867806), (-0.10172006, 0.667537, 0.26524505), (-0.12301607, 0.712112, 0.32555705), (-0.13146107, 0.6990209, 0.36604905), (-0.13682407, 0.69247395, 0.40080205), (-0.13415207, 0.718573, 0.32698807), (-0.13747807, 0.71043897, 0.37044907), (-0.14361107, 0.70414495, 0.40397105), (-0.14626107, 0.69943, 0.24109507), (-0.128898, -0.14496705, 0.345153), (-0.141779, -0.13880004, 0.349241), (-0.142029, -0.13021204, 0.387352), (-0.129437, -0.14861305, 0.322307), (-0.144594, -0.14316905, 0.322586), (-0.131033, -0.14946404, 0.27324), (-0.14476, -0.14450404, 0.275914), (-0.136399, -0.15052503, 0.24539699), (-0.153422, -0.14677803, 0.24818999), (-0.14574102, -0.099826045, 0.390732), (-0.14155902, -0.090599045, 0.395156), (-0.15140101, -0.09554304, 0.357251), (-0.14747801, -0.08584904, 0.358476), (-0.154083, -0.097057045, 0.331028), (-0.15283102, -0.082088046, 0.328154), (-0.159235, -0.096603036, 0.284449), (-0.15636, -0.073920034, 0.287291), (-0.166986, -0.08608804, 0.2587), (-0.13408801, -0.08697405, 0.396382), (-0.13986301, -0.076018035, 0.35749), (-0.14086701, -0.067048036, 0.328906), (-0.14826402, -0.06380904, 0.284299), (-0.160824, -0.06900604, 0.258343), (-0.12567002, -0.08816204, 0.390881), (-0.12518801, -0.07837304, 0.356448), (-0.124988005, -0.069373034, 0.327118), (-0.12705702, -0.058328036, 0.285931), (-0.151267, -0.059388034, 0.257795), (-0.112243004, -0.102771044, 0.384655), (-0.110809006, -0.090380035, 0.351857), (-0.10974701, -0.08500104, 0.326467), (-0.10897501, -0.07765903, 0.270681), (-0.11182201, -0.05485803, 0.24784), (-0.131936, -0.13385604, 0.387148), (-0.162815, -0.13119704, 0.25548), (-0.15819, -0.13194504, 0.276571), (-0.14845902, -0.11972005, 0.388362), (-0.158791, -0.12830704, 0.327581), (-0.14892901, -0.10981705, 0.39068), (-0.162303, -0.112605035, 0.27618), (-0.172626, -0.110415034, 0.24864197), (-0.158332, -0.11581104, 0.33161), (-0.153658, -0.11251404, 0.3638), (-0.153067, -0.12637505, 0.358834), (-0.09930301, -0.07815303, 0.250777), (-0.095958, -0.09724203, 0.24993698), (-0.10974701, -0.08500104, 0.326467), (-0.10897501, -0.07765903, 0.270681), (-0.10574001, -0.10025103, 0.264041), (-0.110809006, -0.090380035, 0.351857), (-0.101766005, -0.10140504, 0.325041), (-0.11651701, -0.13281104, 0.384157), (-0.11023701, -0.12881604, 0.339218), (-0.107214004, -0.11414904, 0.389526), (-0.112243004, -0.102771044, 0.384655), (-0.102726005, -0.10539104, 0.350652), (-0.10574001, -0.10025103, 0.264041), (-0.095958, -0.09724203, 0.24993698), (-0.097678, -0.13531101, 0.24972498), (-0.103958, -0.13983305, 0.274831), (-0.10709601, -0.13248704, 0.316899), (-0.149347, -0.16333704, 0.19399399), (-0.142317, -0.15866102, 0.21638398), (-0.167364, -0.15677403, 0.19798398), (-0.159566, -0.15234903, 0.22160399), (-0.182778, -0.13586803, 0.19297497), (-0.16944, -0.13705103, 0.23090199), (-0.184603, -0.11045903, 0.19931097), (-0.178932, -0.10992204, 0.23031297), (-0.180843, -0.07844103, 0.19835599), (-0.174283, -0.08012104, 0.23350099), (-0.172478, -0.06204003, 0.20163499), (-0.169373, -0.065064035, 0.228359), (-0.162512, -0.05155103, 0.204468), (-0.154905, -0.055327028, 0.224768), (-0.134235, -0.03855503, 0.201457), (-0.154567, -0.16902803, 0.17717898), (-0.168883, -0.16448203, 0.17329298), (-0.185728, -0.14499404, 0.16882098), (-0.190281, -0.11576003, 0.17079698), (-0.185933, -0.08538003, 0.17083298), (-0.180973, -0.06627703, 0.17679198), (-0.174022, -0.05275103, 0.18036698), (-0.145192, -0.032678027, 0.178525), (-0.160816, -0.17605104, 0.15036298), (-0.19115, -0.12028403, 0.14458898), (-0.187694, -0.08370003, 0.15160298), (-0.18432, -0.15026303, 0.14625597), (-0.176473, -0.16606003, 0.15012297), (-0.179661, -0.05124803, 0.15498199), (-0.187794, -0.06810703, 0.15485398), (-0.0012489603, -0.33737797, -0.32648903), (-0.001248964, -0.29614797, -0.31222302), (-0.0066329637, -0.29988196, -0.31048304), (-0.012644961, -0.33526498, -0.32426503), (-0.027971964, -0.30416998, -0.30141804), (-0.02456896, -0.33813596, -0.31909603), (-0.04803296, -0.30763397, -0.27928802), (-0.047549963, -0.34192997, -0.29351702), (-0.054565966, -0.31208697, -0.25720602), (-0.05477796, -0.35156098, -0.27544603), (-0.061074965, -0.31660596, -0.23508203), (-0.06430896, -0.35780498, -0.25009403), (-0.07400997, -0.32412398, -0.19064602), (-0.072785966, -0.37293696, -0.21522003), (-0.07993897, -0.328293, -0.14305504), (-0.07825896, -0.381597, -0.16707003), (-0.07983097, -0.342612, -0.08063703), (-0.07245296, -0.386467, -0.11143104), (-0.07453097, -0.349087, -0.042228032), (-0.06288597, -0.395947, -0.074539036), (-0.06618197, -0.355099, -0.026305035), (-0.058237966, -0.399338, -0.064376034), (-0.057161976, -0.358051, -0.0118680345), (-0.049684968, -0.40461, -0.053581037), (-0.041687973, -0.367515, 0.012726966), (-0.039130967, -0.408648, -0.042087037), (-0.030764973, -0.379478, 0.018911965), (-0.029070968, -0.414414, -0.028878037), (-0.0012489726, -0.374922, 0.022025967), (-0.0012489571, -0.37003598, -0.34167904), (-0.017401958, -0.37055996, -0.33881202), (-0.024857953, -0.41285297, -0.36347604), (-0.032337964, -0.448812, -0.06830404), (-0.0012489635, -0.44466, -0.06504304), (-0.0012489596, -0.475707, -0.10128505), (-0.040168963, -0.438426, -0.075049035), (-0.03042996, -0.474807, -0.09894204), (-0.050332963, -0.434053, -0.088479035), (-0.062171962, -0.43209, -0.10481204), (-0.04845196, -0.472345, -0.10609204), (-0.073865965, -0.427964, -0.13448805), (-0.064312965, -0.466531, -0.12597005), (-0.08285696, -0.41609898, -0.18670703), (-0.07943595, -0.462347, -0.16386305), (-0.07655596, -0.40087697, -0.23057503), (-0.08614196, -0.45398396, -0.20446505), (-0.06607196, -0.39136496, -0.26792002), (-0.08067995, -0.43786496, -0.24416904), (-0.06204096, -0.38360196, -0.29122102), (-0.07619695, -0.43722597, -0.27788603), (-0.05120196, -0.37388298, -0.31152904), (-0.07095195, -0.42666498, -0.30998102), (-0.029628957, -0.37085897, -0.33123502), (-0.05207895, -0.41774997, -0.34747103), (-0.03931495, -0.41577497, -0.35680404), (-0.001248976, -0.351192, 0.05885597), (-0.03292998, -0.352286, 0.06025997), (-0.027636968, -0.25371996, -0.28792304), (-0.0012489676, -0.25494596, -0.29903403), (-0.0012489728, -0.19453996, -0.28469503), (-0.04767297, -0.25724798, -0.26575503), (-0.033124972, -0.19792198, -0.27823702), (-0.05676397, -0.26315498, -0.24237102), (-0.054977972, -0.20514096, -0.25914702), (-0.06629397, -0.26939896, -0.21701802), (-0.067797974, -0.22277199, -0.23406601), (-0.07907897, -0.27552396, -0.17239103), (-0.08186097, -0.22825499, -0.20233901), (-0.08228997, -0.29033, -0.12352202), (-0.092759974, -0.24140699, -0.16032502), (-0.09159398, -0.308062, -0.06276604), (-0.098119974, -0.25879, -0.11233403), (-0.104691975, -0.268792, -0.07407603), (-0.10372598, -0.282517, -0.04305003), (-0.08619798, -0.319898, -0.027209032), (-0.07319498, -0.324593, -0.0036200318), (-0.102334976, -0.285842, -0.01362003), (-0.06106198, -0.329851, 0.02392297), (-0.083145976, -0.291059, 0.01982397), (-0.04472698, -0.343517, 0.047053967), (-0.0012489675, -0.413575, -0.029594036), (-0.11462498, -0.248014, -0.10842903), (-0.11345598, -0.259611, -0.06333403), (-0.11426198, -0.265515, -0.034755025), (-0.11426398, -0.25817, 0.020163972), (-0.11414098, -0.265511, -0.0072400286), (-0.09529598, -0.20347199, -0.19572401), (-0.11177098, -0.217091, -0.15723701), (-0.10738098, -0.222008, -0.15583302), (-0.14870699, -0.22660503, 0.08596097), (-0.15564299, -0.23464702, 0.06628097), (-0.15453498, -0.23668201, 0.03249997), (-0.13016598, -0.24976501, 0.05764397), (-0.16249299, -0.24328901, -0.0052270284), (-0.12643199, -0.251653, 0.030793972), (-0.16085298, -0.24636002, -0.032707028), (-0.13747798, -0.256627, -0.006367028), (-0.15241599, -0.23803002, -0.07071203), (-0.14153199, -0.256207, -0.03472503), (-0.13190597, -0.230855, -0.11649203), (-0.13492398, -0.252342, -0.06219703), (-0.122350976, -0.236177, -0.11494203), (-0.103299975, -0.226456, -0.15759802), (-0.0012489755, -0.16126896, -0.281658), (-0.029612975, -0.16193797, -0.276531), (-0.055023976, -0.16990297, -0.260522), (-0.087160975, -0.18852398, -0.22018701), (-0.16068399, -0.19556104, 0.11700898), (-0.15792699, -0.17975503, 0.13573499), (-0.03472398, -0.15202397, -0.272125), (-0.052669976, -0.15630098, -0.264363), (-0.082673974, -0.17097798, -0.23140101), (-0.105618976, -0.182962, -0.20060201), (-0.120633975, -0.195755, -0.16801101), (-0.14526099, -0.203948, -0.123322025), (-0.16446699, -0.21175002, -0.08363602), (-0.17937298, -0.21904902, -0.039684027), (-0.18536799, -0.21985601, 0.005244973), (-0.18043098, -0.21231902, 0.038135976), (-0.17925298, -0.21031201, 0.061944973), (-0.16536598, -0.20162703, 0.09286698), (-0.18872, -0.14323802, 0.10394098), (-0.19945098, -0.15824501, 0.055923976), (-0.0012489795, -0.10876898, -0.28155), (-0.02919798, -0.110832974, -0.276644), (-0.20234099, -0.16254902, 0.029261976), (-0.20509699, -0.16341701, 0.008435977), (-0.19941498, -0.15396301, -0.04483402), (-0.18131198, -0.14479502, -0.08355402), (-0.16148998, -0.137322, -0.13053802), (-0.13684799, -0.13454, -0.17810601), (-0.100723974, -0.118992984, -0.22847502), (-0.06477598, -0.11309299, -0.254879), (-0.04205498, -0.10943798, -0.27002), (-0.0012489924, 0.058116022, -0.274179), (-0.0012489983, 0.13667503, -0.272488), (-0.026539998, 0.13838702, -0.265242), (-0.04557399, 0.05747302, -0.252677), (-0.046669, 0.13623501, -0.251344), (-0.07390999, 0.059353016, -0.232826), (-0.068914, 0.12809801, -0.23571998), (-0.11147499, 0.053882007, -0.189869), (-0.100331, 0.125482, -0.20456299), (-0.138771, 0.038683005, -0.155249), (-0.130268, 0.135267, -0.17870499), (-0.158486, 0.028615, -0.119164005), (-0.172164, 0.123803996, -0.123829), (-0.187836, 0.025789991, -0.060054004), (-0.198633, 0.088728994, -0.055963), (-0.195258, 0.027597986, -0.030983007), (-0.2091, 0.08874598, -0.023594001), (-0.198901, 0.024067985, -0.0069930064), (-0.214704, 0.09224998, 0.0029919988), (-0.201824, 0.025067983, 0.015644992), (-0.21686701, 0.08823598, 0.029349998), (-0.196845, 0.02247798, 0.048201997), (-0.21574402, 0.08752998, 0.061243996), (-0.180675, 0.02024298, 0.08238199), (-0.21072102, 0.08693498, 0.099334), (-0.174791, 0.024286978, 0.10020699), (-0.19852701, 0.09054297, 0.135498), (-0.16170801, 0.025677973, 0.140514), (-0.17383702, 0.08785197, 0.178022), (-0.14617002, 0.023084974, 0.16817), (-0.14755201, 0.090085976, 0.20686302), (-0.13203202, 0.027144974, 0.191144), (-0.12160201, 0.08880797, 0.22136602), (-0.115843005, 0.028395971, 0.203654), (-0.09190602, 0.029970972, 0.228677), (-0.067262016, 0.029924974, 0.235639), (-0.0012490038, 0.20959303, -0.27313998), (-0.0012490075, 0.25968102, -0.27437598), (-0.030532008, 0.26164204, -0.26683298), (-0.025070004, 0.20843004, -0.26560098), (-0.043961007, 0.26131502, -0.25850996), (-0.043193005, 0.21559203, -0.25627196), (-0.07097301, 0.27215004, -0.24971998), (-0.062477004, 0.21259801, -0.24652898), (-0.10211301, 0.26763302, -0.23464698), (-0.08692401, 0.20182702, -0.23176399), (-0.12099601, 0.27972803, -0.21000597), (-0.11140101, 0.203872, -0.20568198), (-0.13306102, 0.31685302, -0.18972597), (-0.15404202, 0.237482, -0.15840998), (-0.18159701, 0.326054, -0.14206299), (-0.21306302, 0.19170098, -0.072395995), (-0.23212501, 0.29196298, -0.06920298), (-0.23289801, 0.17270498, -0.025995994), (-0.25052902, 0.27513996, -0.028471988), (-0.24091302, 0.17073098, -0.0007169956), (-0.26593503, 0.25803196, 0.02246301), (-0.24402002, 0.16821298, 0.035144005), (-0.26895204, 0.25752196, 0.09135101), (-0.24926801, 0.17192599, 0.078770004), (-0.26017302, 0.25304097, 0.143517), (-0.23908001, 0.17026497, 0.130631), (-0.23789702, 0.25023594, 0.187525), (-0.22077002, 0.18011697, 0.179706), (-0.20784304, 0.25606093, 0.21989802), (-0.19594103, 0.18489598, 0.211672), (-0.18498403, 0.25635797, 0.23496002), (-0.17234303, 0.18495297, 0.227919), (-0.0012490113, 0.30985704, -0.27635098), (-0.0012490147, 0.35915804, -0.28138196), (-0.022252016, 0.36483702, -0.27673298), (-0.02515101, 0.31426203, -0.26973897), (-0.044680014, 0.36673304, -0.26917896), (-0.04735501, 0.32382104, -0.26421398), (-0.08212701, 0.37698203, -0.26090598), (-0.08652402, 0.33371404, -0.25324497), (-0.115391016, 0.38417703, -0.25417498), (-0.12099601, 0.33816904, -0.23771097), (-0.14330302, 0.39446104, -0.24148197), (-0.13021001, 0.34910804, -0.21934697), (-0.16648902, 0.41769803, -0.22054897), (-0.15022701, 0.37480304, -0.18782596), (-0.18235703, 0.41791502, -0.17785099), (-0.17485902, 0.362509, -0.15427598), (-0.19617403, 0.402437, -0.13794799), (-0.19858602, 0.35419497, -0.12739098), (-0.21400402, 0.39475098, -0.09055397), (-0.23049504, 0.34991297, -0.06698098), (-0.22782902, 0.40637797, -0.046798974), (-0.24566303, 0.34308198, -0.026229981), (-0.23899104, 0.40797096, 0.0035440251), (-0.26719704, 0.33932698, 0.05363102), (-0.24564204, 0.39314896, 0.10966803), (-0.25821102, 0.34306797, 0.13656601), (-0.22964904, 0.39010796, 0.14901301), (-0.23667003, 0.34055993, 0.17940001), (-0.20721704, 0.39422694, 0.17719202), (-0.21418703, 0.33113295, 0.20992601), (-0.17636004, 0.39506096, 0.19421302), (-0.197423, -0.084480025, 0.105869986), (-0.191396, -0.08512203, 0.13471198), (-0.0012489834, -0.055616975, -0.281261), (-0.036239985, -0.056537982, -0.274905), (-0.046686985, -0.059892982, -0.26737), (-0.064359985, -0.061986983, -0.254993), (-0.09344798, -0.06321499, -0.233682), (-0.117852986, -0.06513199, -0.21022), (-0.15687798, -0.073559, -0.147906), (-0.16931799, -0.075371005, -0.12159102), (-0.18571198, -0.082903005, -0.06638701), (-0.19194299, -0.08588502, -0.035584014), (-0.197297, -0.08766802, -0.0033180162), (-0.200559, -0.088266015, 0.029574983), (-0.204407, -0.090542026, 0.06425299), (-0.120629005, -0.035510026, 0.212559), (-0.10803901, -0.013981027, 0.209095), (-0.09201001, -0.016895028, 0.229462), (-0.06961801, -0.018919026, 0.240885), (-0.0012490083, -0.029308021, 0.243079), (-0.0012490047, -0.07894802, 0.244715), (-0.130746, -0.018250026, 0.191429), (-0.161943, -0.036928024, 0.148535), (-0.175309, -0.042488024, 0.08857099), (-0.158849, -0.023566024, 0.145878), (-0.141998, -0.019973027, 0.170519), (-0.0012490128, 0.02764198, 0.244949), (-0.18512703, 0.32344896, 0.22639701), (-0.0012490167, 0.38613904, -0.28458598), (-0.022317016, 0.38849804, -0.27870098), (-0.043360017, 0.39328003, -0.27148998), (-0.08452401, 0.39662504, -0.26399997), (-0.114871025, 0.40415204, -0.26071998), (-0.15581402, 0.42252204, -0.24690697), (-0.17642003, 0.44449002, -0.21917097), (-0.18714803, 0.44636202, -0.17080297), (-0.19154203, 0.457961, -0.10366297), (-0.19692603, 0.456188, -0.07144497), (-0.20457703, 0.45851198, -0.045516968), (-0.21699002, 0.45602798, -0.0055279694), (-0.22173603, 0.45724398, 0.044187028), (-0.20514104, 0.46275097, 0.08483503), (-0.18590905, 0.454107, 0.12101203), (-0.17052205, 0.450118, 0.14847504), (-0.0012490205, 0.43736404, -0.28771198), (-0.02036602, 0.43852103, -0.28175798), (-0.040205024, 0.44333103, -0.27529296), (-0.06950602, 0.44809702, -0.27323198), (-0.12812804, 0.47720602, -0.25471896), (-0.16867703, 0.48765004, -0.21863995), (-0.18112303, 0.48517603, -0.17869897), (-0.18358202, 0.490411, -0.12782797), (-0.18844803, 0.493013, -0.08642996), (-0.19551603, 0.491592, -0.065088965), (-0.20651603, 0.47770697, -0.036922965), (-0.21614704, 0.47211796, -0.006222968), (-0.21791404, 0.48047996, 0.04309203), (-0.20227504, 0.49355796, 0.08249704), (-0.17655504, 0.496175, 0.11861604), (-0.16313605, 0.495121, 0.13753805), (-0.15296204, 0.493518, 0.14292005), (-0.14968304, 0.454007, 0.16031304), (-0.14195104, 0.40277097, 0.20357403), (-0.14404805, 0.38864496, 0.21060503), (-0.14056404, 0.36215398, 0.22883902), (-0.0012490249, 0.49729103, -0.28998297), (-0.023022026, 0.500785, -0.28628096), (-0.037320025, 0.504024, -0.28190598), (-0.06940003, 0.5099, -0.27611598), (-0.12796003, 0.515347, -0.25563493), (-0.17144004, 0.520642, -0.21362597), (-0.18551902, 0.534844, -0.16749197), (-0.19067003, 0.53519, -0.12115796), (-0.19608603, 0.528586, -0.08638296), (-0.20154002, 0.513185, -0.060298964), (-0.21131803, 0.49934098, -0.032955963), (-0.22339505, 0.49845496, -0.0032229663), (-0.22261405, 0.517785, 0.058809035), (-0.20076305, 0.531742, 0.10827104), (-0.17875305, 0.534214, 0.14667803), (-0.16562304, 0.535363, 0.16108005), (-0.15249205, 0.536513, 0.17548205), (-0.001249031, 0.587303, -0.30208093), (-0.011818032, 0.594139, -0.30002093), (-0.035676032, 0.597987, -0.29469994), (-0.06341903, 0.598892, -0.28748393), (-0.09638603, 0.6008, -0.27510595), (-0.13907602, 0.601153, -0.24836394), (-0.17597602, 0.596031, -0.19883497), (-0.19827205, 0.578307, -0.13172497), (-0.20102005, 0.572615, -0.10358196), (-0.20164305, 0.570229, -0.08822595), (-0.20842105, 0.562804, -0.04761696), (-0.21700704, 0.556448, -0.012573961), (-0.22080204, 0.553517, 0.016786039), (-0.21760204, 0.548512, 0.06541604), (-0.19863304, 0.555998, 0.12911902), (-0.18488304, 0.577435, 0.19032402), (-0.0012490354, 0.651514, -0.31518993), (-0.009289036, 0.65396, -0.31004295), (-0.035451036, 0.657826, -0.29467195), (-0.058388036, 0.657454, -0.29071993), (-0.09019804, 0.662761, -0.28182793), (-0.12468104, 0.659081, -0.26103693), (-0.14935805, 0.650157, -0.23022494), (-0.17839704, 0.63464, -0.17390695), (-0.19148204, 0.6182, -0.11920196), (-0.19387804, 0.612662, -0.07402995), (-0.19593604, 0.612093, -0.041881956), (-0.20430905, 0.59636, -0.012347957), (-0.21203105, 0.590429, 0.037766043), (-0.21273805, 0.585258, 0.08019304), (-0.19968605, 0.586578, 0.13948403), (-0.18854606, 0.602457, 0.19088204), (-0.0012490412, 0.707409, -0.27866194), (-0.001249043, 0.725486, -0.26778194), (-0.051147044, 0.727377, -0.26542494), (-0.06105504, 0.702013, -0.28509593), (-0.08191504, 0.72855, -0.24941994), (-0.08853804, 0.707815, -0.27188995), (-0.097447045, 0.72632, -0.22810595), (-0.10975804, 0.698903, -0.25184593), (-0.112139046, 0.720536, -0.20289195), (-0.13561304, 0.689358, -0.22564694), (-0.12129004, 0.715173, -0.17420495), (-0.14458005, 0.684117, -0.18837593), (-0.14065404, 0.705258, -0.12109195), (-0.15637404, 0.676508, -0.12575693), (-0.15664405, 0.693888, -0.060010947), (-0.17193705, 0.663313, -0.07223095), (-0.16699904, 0.685126, -0.027811948), (-0.18454204, 0.652629, -0.035561953), (-0.17647004, 0.670814, 0.002699051), (-0.19257204, 0.641127, -0.0053079524), (-0.18414506, 0.661515, 0.05555205), (-0.20289305, 0.630985, 0.05410805), (-0.18063205, 0.66075, 0.10485305), (-0.20328605, 0.630053, 0.097208045), (-0.16882005, 0.66481, 0.15687107), (-0.19311406, 0.635795, 0.15750805), (-0.15875205, 0.669239, 0.19792005), (-0.17961206, 0.642878, 0.19871704), (-0.15286607, 0.675335, 0.22131506), (-0.0012490458, 0.754278, -0.25234094), (-0.047696047, 0.76125, -0.25035095), (-0.06944604, 0.755425, -0.23104094), (-0.080145046, 0.753325, -0.21278694), (-0.09151504, 0.748686, -0.18765195), (-0.09804605, 0.746283, -0.15999694), (-0.111041054, 0.737314, -0.11582194), (-0.13452904, 0.724987, -0.06407994), (-0.14573306, 0.712357, -0.025227943), (-0.15110105, 0.7031, 0.017584054), (-0.15609805, 0.691295, 0.06648705), (-0.16103207, 0.682318, 0.107321054), (-0.15255406, 0.683067, 0.15383106), (-0.14526506, 0.689269, 0.18498106), (-0.0012490473, 0.75729, -0.22333995), (-0.03456505, 0.757277, -0.21286593), (-0.043805048, 0.756001, -0.20050794), (-0.05110005, 0.755094, -0.18230894), (-0.058677047, 0.751407, -0.16456693), (-0.059584048, 0.750135, -0.14704295), (-0.06737705, 0.744934, -0.11056493), (-0.083772056, 0.73535, -0.06093094), (-0.098575056, 0.727452, -0.02231994), (-0.116378054, 0.717707, 0.019550057), (-0.11869906, 0.709582, 0.05377406), (-0.12616307, 0.690241, 0.11474505), (-0.15330504, 0.561085, 0.20514305), (-0.14057006, 0.581307, 0.23745404), (-0.0012489766, -0.14774898, -0.279887), (-0.11339306, 0.615958, 0.28266805), (-0.13477607, 0.66649497, 0.39760005), (-0.13184206, 0.6682639, 0.36691305), (-0.17844507, 0.68073595, 0.47204006), (-0.17247207, 0.68679893, 0.44360706), (-0.16864708, 0.69600695, 0.44462207), (-0.17238708, 0.64345497, 0.46134007), (-0.16535908, 0.65398395, 0.43477106), (-0.16367708, 0.66780096, 0.43797705), (-0.15644208, 0.6371899, 0.46221405), (-0.15334707, 0.64818794, 0.43479905), (-0.17666507, 0.69309795, 0.48352605), (-0.17881107, 0.69318897, 0.47457907), (-0.17766607, 0.6954119, 0.49834007), (-0.17495008, 0.6814259, 0.49404907), (-0.17042507, 0.67979497, 0.50129205), (-0.17261808, 0.63128793, 0.48505306), (-0.15761107, 0.62746495, 0.48181406), (-0.16573907, 0.67652196, 0.43843007), (-0.18047407, 0.67346996, 0.46850505), (-0.15073408, 0.69759095, 0.50089806), (-0.15490508, 0.6807299, 0.5072241), (-0.13825308, 0.6644179, 0.50070804), (-0.15490508, 0.6807299, 0.5072241), (-0.13494207, 0.6859989, 0.47681504), (-0.13386108, 0.6919249, 0.49791506), (-0.15461807, 0.69814897, 0.48099107), (-0.15330008, 0.6990429, 0.44766107), (-0.13955007, 0.69286597, 0.43961906), (-0.17310308, 0.6624559, 0.46355006), (-0.17532407, 0.65052193, 0.48685607), (-0.18006207, 0.66474897, 0.49069107), (-0.17877008, 0.67228097, 0.49304605), (-0.14675407, 0.63438296, 0.48322907), (-0.14358707, 0.64692795, 0.45598805), (-0.12902808, 0.67187595, 0.47219607), (-0.13424107, 0.6565889, 0.46055105), (-0.13671607, 0.64748996, 0.48623607), (-0.13424107, 0.6565889, 0.46055105), (-0.13501008, 0.6746829, 0.43526605), (-0.13406508, 0.66722095, 0.43658605), (-0.14515507, 0.6519029, 0.43728706), (-0.13406508, 0.66722095, 0.43658605), (-0.13024905, 0.685131, 0.14892706), (-0.106833056, 0.711004, 0.04834706), (-0.04664205, 0.736575, -0.13207394), (-0.04540405, 0.733173, -0.111173935), (-0.051913053, 0.730043, -0.069855936), (-0.06896205, 0.726926, -0.02371094), (-0.08722105, 0.719677, 0.012041059), (-0.0012490504, 0.739863, -0.12554394), (-0.04664205, 0.736575, -0.13207394), (-0.059584048, 0.750135, -0.14704295), (-0.001249047, 0.740271, -0.20371795), (-0.058677047, 0.751407, -0.16456693), (-0.05110005, 0.755094, -0.18230894), (-0.0012490479, 0.741362, -0.18334694), (-0.0012490492, 0.743522, -0.15845594), (-0.0012490555, 0.780392, -0.07843393), (-0.0096080545, 0.778475, -0.07864993), (-0.010319052, 0.785221, -0.15821593), (-0.0012490525, 0.787301, -0.15800293), (-0.011026048, 0.781049, -0.23308893), (-0.0012490489, 0.783302, -0.23318993), (-0.011734045, 0.755574, -0.28158495), (-0.0012490448, 0.757763, -0.28261593), (-0.012443041, 0.71951, -0.30889395), (-0.0012490408, 0.720882, -0.31108195), (-0.013150038, 0.683087, -0.31580094), (-0.015730053, 0.773239, -0.07924093), (-0.016956052, 0.779535, -0.15880193), (-0.018183049, 0.774891, -0.23281692), (-0.019411044, 0.749595, -0.27876893), (-0.020638041, 0.715764, -0.30291593), (-0.021866037, 0.6814, -0.30893195), (-0.017971054, 0.766086, -0.08004993), (-0.019389052, 0.771768, -0.15960293), (-0.020806048, 0.766481, -0.23244394), (-0.022223044, 0.74143, -0.27492195), (-0.02364104, 0.710645, -0.29474795), (-0.015734054, 0.758934, -0.080856934), (-0.01696205, 0.763998, -0.16040094), (-0.018190047, 0.758069, -0.23207094), (-0.019417042, 0.73326, -0.27107295), (-0.02064404, 0.705525, -0.28658095), (-0.009618053, 0.753694, -0.081448935), (-0.01032605, 0.758311, -0.16098695), (-0.011035047, 0.75191, -0.23179694), (-0.011746042, 0.727278, -0.26825494), (-0.012455041, 0.701777, -0.28059894), (-0.0012580532, 0.751773, -0.08166593), (-0.0012600501, 0.756224, -0.16120294), (-0.0012600465, 0.749652, -0.23169693), (-0.0012600465, 0.749652, -0.23169693), (-0.001249043, 0.725486, -0.26778194), (-0.001249043, 0.725486, -0.26778194), (-0.0012630407, 0.700403, -0.27840695), (-0.0012490377, 0.683704, -0.31831694), (-0.09849994, -0.591361, -0.29199007), (-0.09644594, -0.589939, -0.29760006), (-0.09980194, -0.58556, -0.30658507), (-0.09340394, -0.602995, -0.31747007), (-0.09138194, -0.603046, -0.32308006), (-0.10163794, -0.588414, -0.31830806), (-0.08518694, -0.608908, -0.31381506), (-0.07783094, -0.613435, -0.30148306), (-0.08357194, -0.611836, -0.31649607), (-0.09177894, -0.604435, -0.28988105), (-0.08318594, -0.61183, -0.29045206), (-0.08561394, -0.61036, -0.29501605), (-0.09614294, -0.589941, -0.28601807), (-0.09374694, -0.598662, -0.28286007), (-0.08834094, -0.607399, -0.28083405), (-0.08082894, -0.610466, -0.28448007), (-0.07413094, -0.614932, -0.29537305), (-0.07990494, -0.60762, -0.32338005), (-0.07692794, -0.616294, -0.31151706), (-0.08620594, -0.594502, -0.32983106), (-0.09189094, -0.585757, -0.32898206), (-0.09701094, -0.579853, -0.31936505), (-0.09771894, -0.575517, -0.29628205), (-0.094252944, -0.581399, -0.33354807), (-0.08666894, -0.593079, -0.34001005), (-0.08506594, -0.600306, -0.32828104), (-0.08252794, -0.601788, -0.33958507), (-0.07492094, -0.613518, -0.33158907), (-0.07236294, -0.622182, -0.31538406), (-0.07107594, -0.625092, -0.29937407), (-0.07060594, -0.6179, -0.28779706), (-0.08155494, -0.611861, -0.27732006), (-0.08893294, -0.603075, -0.27367505), (-0.09444794, -0.592863, -0.27423805), (-0.09628894, -0.584211, -0.28314605), (-0.06549594, -0.626637, -0.29740706), (-0.06442494, -0.628141, -0.30885306), (-0.06692194, -0.622288, -0.28162307), (-0.07764794, -0.616256, -0.27402806), (-0.08687494, -0.600229, -0.26483405), (-0.09095894, -0.591521, -0.26525307), (-0.094284944, -0.574167, -0.27142906), (-0.09198195, -0.565555, -0.27845705), (-0.06769294, -0.623709, -0.31931007), (-0.06927194, -0.617956, -0.33103105), (-0.07786494, -0.60337096, -0.34345406), (-0.09099494, -0.582893, -0.33755305), (-0.09790594, -0.57049, -0.32063806), (-0.10102494, -0.574038, -0.32119206), (-0.09906094, -0.572597, -0.29642105), (-0.09636594, -0.564062, -0.32224905), (-0.084685944, -0.59454596, -0.34556106), (-0.07666794, -0.58753896, -0.35203406), (-0.06697194, -0.5964329, -0.34964907), (-0.055457942, -0.612502, -0.33836007), (-0.049918942, -0.622707, -0.32334206), (-0.05298094, -0.628407, -0.30774507), (-0.05586394, -0.629748, -0.29356506), (-0.096291944, -0.565464, -0.29332805), (-0.04590094, -0.5868409, -0.35629007), (-0.05946394, -0.57213795, -0.36202407), (-0.03661594, -0.608634, -0.33803007), (-0.034169942, -0.62449, -0.32181606), (-0.03448194, -0.633142, -0.30594507), (-0.04641294, -0.63716, -0.28830707), (-0.05384194, -0.634088, -0.27019706), (-0.069579944, -0.629409, -0.25585306), (-0.08111794, -0.610432, -0.23676306), (-0.08406295, -0.601694, -0.23422606), (-0.09103095, -0.581416, -0.23205605), (-0.093190946, -0.568394, -0.23662505), (-0.09215695, -0.552622, -0.25825107), (-0.08974295, -0.544021, -0.28114605), (-0.09175095, -0.542564, -0.29005206), (-0.09234695, -0.539674, -0.31322205), (-0.08735495, -0.544108, -0.33588707), (-0.08873994, -0.57286197, -0.34316906), (-0.0012379391, -0.620953, -0.32010105), (-0.020127939, -0.637782, -0.30596706), (-0.03260894, -0.647564, -0.28404105), (-0.04527294, -0.647256, -0.25777906), (-0.058362942, -0.649824, -0.22722706), (-0.095492944, -0.549644, -0.23832405), (-0.09402795, -0.562646, -0.22659305), (-0.09397495, -0.543908, -0.25264707), (-0.09524695, -0.530967, -0.26583907), (-0.09379595, -0.528121, -0.28016007), (-0.092175946, -0.52386, -0.29589307), (-0.0012929408, -0.5734819, -0.36217907), (-0.075513944, -0.5559539, -0.35639206), (-0.023294942, -0.55570495, -0.37302807), (-0.041559946, -0.54666895, -0.37624106), (-0.07107094, -0.5301129, -0.36610806), (-0.07572195, -0.51707494, -0.34491205), (-0.08995695, -0.523924, -0.31883907), (-0.06230894, -0.648252, -0.21606006), (-0.06702494, -0.638046, -0.19486307), (-0.08074295, -0.60611, -0.19485506), (-0.09114995, -0.575624, -0.21472605), (-0.020068936, -0.663663, -0.28278404), (-0.001178937, -0.672655, -0.27851906), (-0.0012159382, -0.64107, -0.30430207), (-0.020688936, -0.679503, -0.26544407), (-0.0011699367, -0.679891, -0.27107605), (-0.033102937, -0.673429, -0.25510806), (-0.04006694, -0.671845, -0.24275306), (-0.05358694, -0.665738, -0.22097206), (-0.05757494, -0.65986, -0.20834306), (-0.056642946, -0.654147, -0.18658605), (-0.061861943, -0.652547, -0.17696705), (-0.08057295, -0.611831, -0.18327007), (-0.09453395, -0.571227, -0.19338405), (-0.09911995, -0.556735, -0.20251805), (-0.10271795, -0.537964, -0.22027504), (-0.10177295, -0.523606, -0.24190505), (-0.09826795, -0.519393, -0.26183707), (-0.095129944, -0.516586, -0.27889907), (-0.019149937, -0.708309, -0.24353206), (-0.0011409358, -0.705772, -0.24789806), (-0.03128794, -0.702244, -0.23607107), (-0.040689938, -0.696241, -0.22686806), (-0.05063894, -0.687389, -0.21192107), (-0.05312294, -0.680129, -0.19920506), (-0.05581494, -0.675752, -0.18502507), (-0.05661494, -0.674255, -0.17639907), (-0.030946935, -0.720945, -0.22875907), (-0.034266938, -0.728062, -0.22615805), (-0.020898934, -0.729848, -0.23060806), (-0.041816935, -0.714965, -0.21969606), (-0.051553935, -0.708953, -0.20762306), (-0.046888936, -0.724872, -0.21435507), (-0.051163938, -0.701759, -0.19463006), (-0.053779937, -0.720399, -0.20205806), (-0.05648394, -0.704519, -0.18500707), (-0.056960937, -0.718898, -0.18353206), (-0.018677935, -0.721234, -0.23622206), (-0.05855194, -0.6886, -0.17512307), (-0.03197193, -0.741088, -0.22299805), (-0.028367933, -0.752671, -0.21829206), (-0.022776933, -0.757107, -0.21773906), (-0.020969933, -0.767229, -0.20882908), (-0.0010759333, -0.764674, -0.20603406), (-0.029403932, -0.761255, -0.20966107), (-0.021816934, -0.745632, -0.22490606), (-0.0010999339, -0.744594, -0.22625406), (-0.046026938, -0.736448, -0.21133706), (-0.04239093, -0.746559, -0.20663306), (-0.035173934, -0.759696, -0.19434506), (-0.018135933, -0.770176, -0.19409208), (-0.0010729338, -0.764738, -0.19417606), (-0.015459935, -0.764449, -0.17507106), (-0.001072935, -0.759008, -0.17825106), (-0.013370936, -0.760186, -0.16623005), (-0.0010729356, -0.756126, -0.16813706), (-0.028885935, -0.762718, -0.17062406), (-0.025334936, -0.758488, -0.16158606), (-0.054531936, -0.733337, -0.16738206), (-0.049632937, -0.731973, -0.15826206), (-0.038502935, -0.748094, -0.15714106), (-0.040511936, -0.75236, -0.16739605), (-0.030687936, -0.7641, -0.18234806), (-0.041245937, -0.756654, -0.17616107), (-0.049266938, -0.744968, -0.17987105), (-0.051511936, -0.739131, -0.16997506), (-0.052073937, -0.734824, -0.19314606), (-0.049797937, -0.733466, -0.20163606), (-0.057240937, -0.720298, -0.16625606), (-0.059598938, -0.721721, -0.17222907), (-0.06213894, -0.707271, -0.17251407), (-0.05716294, -0.687208, -0.15911406), (-0.05988994, -0.704429, -0.16507806), (-0.05629794, -0.704508, -0.15750407), (-0.05502494, -0.71893, -0.15881906), (-0.05494394, -0.697343, -0.15449107), (-0.05517294, -0.680061, -0.16326806), (-0.05330094, -0.681515, -0.15295306), (-0.05100894, -0.688761, -0.14838506), (-0.05627894, -0.67284, -0.16481707), (-0.054340944, -0.671462, -0.15450506), (-0.034107946, -0.671925, -0.13957305), (-0.029193942, -0.693624, -0.13613506), (-0.04007794, -0.699098, -0.14439906), (-0.02679194, -0.70807, -0.13444106), (-0.03626594, -0.713577, -0.14256705), (-0.02140894, -0.724002, -0.13387606), (-0.033519935, -0.730924, -0.14509806), (-0.061662946, -0.651128, -0.16397706), (-0.058224943, -0.648311, -0.15352306), (-0.042186946, -0.660181, -0.14328906), (-0.048839945, -0.64422, -0.14539906), (-0.017825937, -0.747097, -0.14644006), (-0.012625938, -0.738601, -0.13873306), (-0.0010819383, -0.735985, -0.14050306), (-0.0010939398, -0.720069, -0.13235606), (-0.012480942, -0.702623, -0.13159306), (-0.0011069411, -0.704276, -0.13208605), (-0.017598942, -0.683807, -0.13361906), (-0.024037946, -0.634703, -0.12999906), (-0.0011729465, -0.630847, -0.13254106), (-0.0011599453, -0.646717, -0.13507406), (-0.023011943, -0.669289, -0.13418406), (-0.029835945, -0.65474, -0.13488406), (-0.018327944, -0.652119, -0.13377906), (-0.0011449439, -0.663993, -0.13653105), (-0.0011229424, -0.68703, -0.13223305), (-0.035604946, -0.637324, -0.13110806), (-0.023817947, -0.607396, -0.12572806), (-0.001197949, -0.600682, -0.12808307), (-0.045425948, -0.612617, -0.12780206), (-0.030875953, -0.561163, -0.11641105), (-0.0012339526, -0.558923, -0.11953505), (-0.05370495, -0.567831, -0.12150005), (-0.055574946, -0.613862, -0.14323406), (-0.06506295, -0.61648, -0.14994806), (-0.08989895, -0.572737, -0.16692504), (-0.073399946, -0.614879, -0.16811506), (-0.078516945, -0.572992, -0.14988905), (-0.06509895, -0.570465, -0.13852805), (-0.10233795, -0.545147, -0.18117905), (-0.092426956, -0.533863, -0.16147305), (-0.07344396, -0.521321, -0.14521904), (-0.071736954, -0.502663, -0.14368404), (-0.062904954, -0.518671, -0.13408004), (-0.027469957, -0.512286, -0.11047105), (-0.0012699562, -0.515717, -0.111125045), (-0.0012339526, -0.558923, -0.11953505), (-0.047068954, -0.50611, -0.115286045), (-0.027469957, -0.512286, -0.11047105), (-0.071736954, -0.502663, -0.14368404), (-0.06510995, -0.489838, -0.13437404), (-0.047068954, -0.50611, -0.115286045), (-0.10046595, -0.513516, -0.17824204), (-0.079815954, -0.478007, -0.15898904), (-0.077012956, -0.508267, -0.14992605), (-0.08791596, -0.499412, -0.16984105), (-0.097855955, -0.48339796, -0.21273105), (-0.077012956, -0.508267, -0.14992605), (-0.08791596, -0.499412, -0.16984105), (-0.103458956, -0.49477196, -0.21756604), (-0.103116944, -0.526441, -0.19866504), (-0.10532995, -0.507653, -0.23074104), (-0.10193795, -0.504919, -0.26513502), (-0.09728895, -0.503565, -0.28346902), (-0.09498395, -0.515126, -0.29476607), (-0.09472395, -0.49069396, -0.26157603), (-0.097855955, -0.48339796, -0.21273105), (-0.086906955, -0.46925497, -0.20306204), (-0.09363896, -0.47484896, -0.25428802), (-0.09363896, -0.47484896, -0.25428802), (-0.09312895, -0.49357298, -0.27877003), (-0.08542696, -0.46642497, -0.24771404), (-0.091527954, -0.47921896, -0.27717704), (-0.0012629398, -0.599337, -0.34054106), (-0.0011149347, -0.730197, -0.23356406), (-0.0010869333, -0.756135, -0.21881007), (-0.021742942, -0.52697194, -0.39748707), (-0.0013429428, -0.52737796, -0.39728907), (-0.001366944, -0.50576496, -0.40761304), (-0.043598942, -0.52504593, -0.39527905), (-0.023326945, -0.5096579, -0.40639403), (-0.049534943, -0.5234339, -0.39295506), (-0.031917945, -0.50804394, -0.40723002), (-0.0013849454, -0.48566896, -0.41044402), (-0.022621946, -0.48525596, -0.40781802), (-0.041982945, -0.50922495, -0.40819904), (-0.035732944, -0.48778397, -0.40765503), (-0.055357944, -0.50749594, -0.40369004), (-0.042787943, -0.48909497, -0.40975603), (-0.056627944, -0.5204359, -0.39364704), (-0.0013309424, -0.5388829, -0.38851407), (-0.058103945, -0.5304229, -0.38078806), (-0.064246945, -0.46268398, -0.37576804), (-0.075544946, -0.46814498, -0.37974602), (-0.07264895, -0.46969497, -0.39533904), (-0.055367947, -0.46141896, -0.37781602), (-0.055215947, -0.46573797, -0.39514503), (-0.001397947, -0.46835098, -0.40489602), (-0.03557595, -0.46908897, -0.40479004), (-0.043079946, -0.47180298, -0.40260503), (-0.04882895, -0.47166997, -0.40316102), (-0.061746947, -0.47425896, -0.40440202), (-0.04802295, -0.46448797, -0.39445302), (-0.040486947, -0.46035796, -0.39663902), (-0.05053695, -0.45580998, -0.38168904), (-0.0014079486, -0.45393196, -0.39199302), (-0.03796295, -0.42872897, -0.37042102), (-0.05930195, -0.43542397, -0.36091104), (-0.06021295, -0.44979796, -0.36966503), (-0.06459495, -0.45978397, -0.37148502), (-0.085842945, -0.45061398, -0.35911003), (-0.08154695, -0.46799698, -0.36296904), (-0.08188195, -0.44067296, -0.35294902), (-0.06864796, -0.42799696, -0.33725104), (-0.08323496, -0.43343896, -0.33722302), (-0.08408495, -0.47371897, -0.36752403), (-0.099138945, -0.45749897, -0.35747102), (-0.09494695, -0.47346398, -0.35992402), (-0.09812195, -0.44459996, -0.35018402), (-0.09621896, -0.43885896, -0.33846304), (-0.11834495, -0.46282998, -0.35498804), (-0.11254795, -0.47877496, -0.35870802), (-0.113087945, -0.45433596, -0.34727702), (-0.109742954, -0.44721198, -0.33542103), (-0.09362595, -0.48930296, -0.36265403), (-0.08445195, -0.50248593, -0.35592702), (-0.09973395, -0.48915797, -0.35892102), (-0.12381395, -0.48287797, -0.36268702), (-0.10710095, -0.49187696, -0.35814402), (-0.13420495, -0.46824196, -0.35650504), (-0.12936096, -0.45967796, -0.34451002), (-0.14061694, -0.48968697, -0.37009603), (-0.12116995, -0.49874797, -0.36381003), (-0.14533195, -0.47229198, -0.36189404), (-0.14099196, -0.46518797, -0.34561703), (-0.19635196, -0.47111297, -0.37263304), (-0.17305994, -0.48026597, -0.37610403), (-0.16265996, -0.47188997, -0.36214703), (-0.15992394, -0.48635396, -0.37919804), (-0.13926993, -0.50411195, -0.37277204), (-0.16721293, -0.49768698, -0.38129404), (-0.17409994, -0.49174896, -0.38340002), (-0.19664495, -0.48261398, -0.38708302), (-0.21178095, -0.464967, -0.36110902), (-0.21854293, -0.470601, -0.38200602), (-0.22979295, -0.463137, -0.36866003), (-0.16096796, -0.46325096, -0.34755403), (-0.18665795, -0.46554497, -0.35145304), (-0.121629946, -0.45412996, -0.33364803), (-0.14337295, -0.45934796, -0.33431202), (-0.15896295, -0.45898598, -0.33724204), (-0.19133395, -0.45970297, -0.33171904), (-0.22954096, -0.46885, -0.34261203), (-0.17000796, -0.46160597, -0.31371903), (-0.19399296, -0.47973496, -0.29430303), (-0.21582195, -0.472047, -0.32101804), (-0.17283195, -0.47591698, -0.28794503), (-0.08767596, -0.45054296, -0.31011802), (-0.10191896, -0.45310298, -0.31296703), (-0.075213954, -0.46521497, -0.29299602), (-0.09226195, -0.47060096, -0.29753003), (-0.11636896, -0.45854697, -0.31434903), (-0.14576195, -0.46075198, -0.30995604), (-0.14553995, -0.47943997, -0.28671902), (-0.08445195, -0.50248593, -0.35592702), (-0.08254695, -0.509713, -0.33261803), (-0.086315945, -0.505322, -0.33731902), (-0.08612095, -0.503846, -0.32427204), (-0.22753195, -0.471799, -0.36409202), (-0.21788993, -0.479225, -0.37611404), (-0.22188295, -0.476235, -0.36353403), (-0.21636696, -0.477836, -0.36151704), (-0.20328094, -0.482447, -0.36314103), (-0.21636696, -0.477836, -0.36151704), (-0.20506096, -0.478096, -0.35900104), (-0.20328094, -0.482447, -0.36314103), (-0.19771394, -0.48689, -0.37704504), (-0.21424194, -0.479305, -0.36853504), (-0.19840494, -0.48687, -0.36988404), (-0.18605395, -0.48715296, -0.36288604), (-0.098004945, -0.49785298, -0.33414602), (-0.12752894, -0.511556, -0.33115405), (-0.098004945, -0.49785298, -0.33414602), (-0.10809695, -0.49904397, -0.34957102), (-0.14630094, -0.51396894, -0.36187106), (-0.13326193, -0.51573795, -0.34763107), (-0.16557895, -0.5034989, -0.36956802), (-0.18100294, -0.49016497, -0.37109601), (-0.18082593, -0.49447596, -0.37396902), (-0.16589195, -0.49912596, -0.36528504), (-0.14686294, -0.5024499, -0.35330802), (-0.13635693, -0.50127196, -0.34216702), (-0.16474994, -0.48911998, -0.35939902), (-0.085796945, -0.49954098, -0.31127903), (-0.12715293, -0.501481, -0.33262804), (-0.15115695, -0.49084798, -0.35085303), (-0.13615896, -0.48688397, -0.34076402), (-0.12707095, -0.47989398, -0.32829702), (-0.12707095, -0.47989398, -0.32829702), (-0.13615896, -0.48688397, -0.34076402), (-0.14124596, -0.47956496, -0.33114803), (-0.15115695, -0.49084798, -0.35085303), (-0.15647796, -0.47921497, -0.33836803), (-0.16474994, -0.48911998, -0.35939902), (-0.17897496, -0.48011297, -0.34492204), (-0.18605395, -0.48715296, -0.36288604), (-0.19274196, -0.47979596, -0.35200003), (-0.14629695, -0.47655398, -0.32293603), (-0.16632995, -0.47467297, -0.32487804), (-0.18573596, -0.47564298, -0.33397904), (-0.19939296, -0.476747, -0.34252203), (-0.14650695, -0.48084596, -0.30706802), (-0.16819195, -0.47745198, -0.30627102), (-0.19027795, -0.47841796, -0.31711003), (-0.20502895, -0.475191, -0.32861602), (-0.21632096, -0.473521, -0.34564704), (-0.22188295, -0.476235, -0.36353403), (-0.22151996, -0.473405, -0.35189602), (-0.08532695, -0.49234897, -0.29970104), (-0.09128595, -0.503714, -0.30024603), (-0.09226195, -0.47060096, -0.29753003), (-0.12507795, -0.500051, -0.32372302), (-0.12752894, -0.511556, -0.33115405), (-0.12715293, -0.501481, -0.33262804), (-0.12379495, -0.511639, -0.32504606), (-0.12281795, -0.49437696, -0.31629303), (-0.12707095, -0.47989398, -0.32829702), (-0.12507795, -0.500051, -0.32372302), (-0.12281795, -0.49437696, -0.31629303), (-0.09910094, -0.59136, -0.31521007), (-0.22753195, -0.471799, -0.36409202), (-0.084237956, -0.46788496, -0.27508104), (-0.0014319515, -0.42233297, -0.37727603), (-0.0012489528, -0.41116396, -0.36898103), (-0.07733296, -0.44358796, -0.31061804), (-0.02064404, 0.705525, -0.28658095), (-0.11446006, 0.655993, 0.30704305), (-0.10441406, 0.646914, 0.27654105), (0.134511, -0.177194, 0.15592998), (0.13759002, -0.187122, 0.13691199), (0.13109101, -0.205676, 0.122145995), (0.12542601, -0.205194, 0.15313898), (0.11683302, -0.225947, 0.114243984), (0.11509801, -0.222991, 0.14996198), (0.09898402, -0.241439, 0.120599985), (0.08641802, -0.24641302, 0.14616698), (0.10993101, -0.222008, 0.16930398), (0.11854701, -0.201915, 0.17533799), (0.128057, -0.169432, 0.17761798), (0.11442701, -0.196852, 0.18756099), (0.12209801, -0.165975, 0.19005698), (0.10477701, -0.191267, 0.20334798), (0.112197, -0.160971, 0.20902498), (0.08802201, -0.18430401, 0.22528198), (0.09753301, -0.21766101, 0.20033999), (0.08369501, -0.21302201, 0.22016399), (0.082954004, -0.22754002, 0.20981799), (0.080607004, -0.23834002, 0.19414498), (0.10543801, -0.221485, 0.18205999), (0.082534015, -0.252934, 0.13034098), (0.08434801, -0.24656801, 0.17412698), (0.060303014, -0.276055, 0.14616098), (0.07296602, -0.26036504, 0.17280397), (0.062049016, -0.27443403, 0.17340897), (0.06771901, -0.26757002, 0.19733498), (0.07169501, -0.25768104, 0.21045098), (0.073984005, -0.24543001, 0.22638398), (0.07479101, -0.22218901, 0.23685898), (0.076505005, -0.20755301, 0.23746498), (0.082342, -0.18039201, 0.23459998), (0.10181, -0.153632, 0.23155798), (0.043552015, -0.292175, 0.14792296), (0.047850017, -0.28724602, 0.17398497), (0.05099701, -0.28163004, 0.20461898), (0.05460901, -0.27081403, 0.22115497), (0.055769008, -0.25457302, 0.23895998), (0.059534006, -0.22690001, 0.25042596), (0.060110003, -0.20351101, 0.25041696), (0.066587, -0.17942001, 0.24908598), (0.086206, -0.14869201, 0.24864599), (0.08087902, -0.279737, 0.07732598), (0.10249402, -0.256943, 0.05420998), (0.08967802, -0.272557, 0.036094982), (0.06624502, -0.296312, 0.064793974), (0.08087902, -0.279737, 0.07732598), (0.06624502, -0.296312, 0.064793974), (0.06659602, -0.28441, 0.10018798), (0.085698016, -0.271, 0.089037985), (0.104639016, -0.24937898, 0.08115899), (0.104089014, -0.242966, 0.09595598), (0.12548901, -0.238394, 0.08612899), (0.052656017, -0.297361, 0.11120098), (0.03993302, -0.305644, 0.12053897), (0.040384017, -0.31537, 0.10845997), (0.05019102, -0.306812, 0.09566197), (0.14022997, 0.32356098, 0.24297503), (0.113175966, 0.34526497, 0.26833504), (0.10689896, 0.36656797, 0.26015902), (0.12449696, 0.36249596, 0.24795403), (0.111871965, 0.39010996, 0.26123402), (0.106553964, 0.34502497, 0.27621502), (0.11967896, 0.32652798, 0.27893904), (0.11966997, 0.30147198, 0.28065702), (0.14359397, 0.25777698, 0.25399604), (0.12762697, 0.28057596, 0.27796602), (0.14359397, 0.25777698, 0.25399604), (0.12512597, 0.26232898, 0.28128102), (0.12830997, 0.24011199, 0.27527103), (0.13486497, 0.183491, 0.24881001), (0.124660976, 0.18592298, 0.26537004), (0.08637797, 0.18838798, 0.27808604), (0.08746497, 0.25902498, 0.28459802), (0.07722496, 0.32735896, 0.28186902), (0.08653496, 0.37288797, 0.26594803), (0.07722496, 0.32735896, 0.28186902), (0.07317896, 0.34803197, 0.27834702), (0.074940965, 0.37892497, 0.26854602), (0.08852096, 0.39345896, 0.26624304), (0.05394996, 0.39173296, 0.27011704), (0.06961796, 0.39490998, 0.26679504), (0.074940965, 0.37892497, 0.26854602), (0.057384964, 0.32659498, 0.28653303), (0.059801966, 0.25599796, 0.29082704), (0.059062973, 0.19130297, 0.28398603), (0.10454599, 0.09650798, 0.23967202), (0.061995983, 0.09801499, 0.25644), (0.15395299, -0.09934402, 0.466392), (0.14378898, -0.09678703, 0.436432), (0.14761299, -0.10514203, 0.435419), (0.14824499, -0.12723003, 0.45536), (0.13881698, -0.12237903, 0.429787), (0.14049898, -0.13491602, 0.42658), (0.14752798, -0.14447004, 0.453151), (0.12848799, -0.14017603, 0.42661), (0.15358499, -0.110641025, 0.463852), (0.15180598, -0.09942503, 0.475337), (0.15008998, -0.11001503, 0.485861), (0.15280598, -0.09732703, 0.490152), (0.14556699, -0.11149604, 0.493102), (0.13158199, -0.15015502, 0.454024), (0.13275199, -0.15898003, 0.473625), (0.15561599, -0.117236026, 0.460315), (0.14087999, -0.11446503, 0.430241), (0.12975898, -0.09484204, 0.472803), (0.12587398, -0.095350035, 0.49271), (0.15280598, -0.09732703, 0.490152), (0.14556699, -0.11149604, 0.493102), (0.10900099, -0.10049104, 0.489725), (0.13004698, -0.11064704, 0.499033), (0.12975898, -0.09484204, 0.472803), (0.11008398, -0.10586803, 0.468627), (0.11469199, -0.09963703, 0.431432), (0.12844099, -0.09403103, 0.439472), (0.14775799, -0.15551104, 0.476864), (0.15046698, -0.13805804, 0.478667), (0.15520298, -0.12515002, 0.482504), (0.15391098, -0.118315026, 0.484855), (0.11872799, -0.14132003, 0.4478), (0.11339299, -0.12544903, 0.492518), (0.10416899, -0.11868103, 0.464006), (0.111857995, -0.14080903, 0.478047), (0.10938099, -0.13255402, 0.452361), (0.12189499, -0.15270203, 0.47504), (0.10920499, -0.12290603, 0.428398), (0.110149994, -0.11613603, 0.427077), (0.13807194, 0.581307, 0.23745404), (0.11669094, 0.60378, 0.27004007), (0.14375094, 0.61998, 0.28165007), (0.15421294, 0.596382, 0.24201004), (0.15682594, 0.632749, 0.29934305), (0.16935894, 0.60864, 0.24537106), (0.16923293, 0.647322, 0.29624406), (0.17452393, 0.623981, 0.24312608), (0.17309093, 0.664088, 0.29347405), (0.17636093, 0.638532, 0.23525007), (0.16991194, 0.682204, 0.28834605), (0.13848394, 0.703191, 0.23341306), (0.14084694, 0.722784, 0.27672207), (0.11871893, 0.724043, 0.27698305), (0.104619935, 0.706536, 0.23354906), (0.11275994, 0.698462, 0.21461406), (0.13815694, 0.695924, 0.21450906), (0.16346192, 0.65798694, 0.40158206), (0.16528392, 0.67117095, 0.40196005), (0.16357894, 0.6735829, 0.35834306), (0.16161095, 0.65637296, 0.35535806), (0.16817693, 0.672273, 0.33173206), (0.16608495, 0.653153, 0.33166707), (0.16732293, 0.678244, 0.33065706), (0.15981093, 0.6851829, 0.40316707), (0.15638892, 0.68994594, 0.36241707), (0.15693194, 0.697137, 0.32633305), (0.15225793, 0.701932, 0.28480607), (0.14904493, 0.70024997, 0.40467405), (0.14828092, 0.7068709, 0.36250705), (0.14538993, 0.716717, 0.32658306), (0.15281194, 0.64919496, 0.39658806), (0.15361995, 0.6467819, 0.35701206), (0.15339394, 0.640834, 0.32982805), (0.13691594, 0.62868, 0.30667806), (0.13380595, 0.642644, 0.33687407), (0.13789295, 0.65041995, 0.36338606), (0.14047994, 0.65293896, 0.39480105), (0.12093794, 0.639974, 0.31107107), (0.12591594, 0.65196, 0.33900005), (0.13789295, 0.65041995, 0.36338606), (0.12591594, 0.65196, 0.33900005), (0.11934293, 0.664606, 0.33924207), (0.12093794, 0.639974, 0.31107107), (0.11196194, 0.655993, 0.30704305), (0.10900393, 0.678804, 0.29088005), (0.11844293, 0.685461, 0.33603105), (0.12786493, 0.68271697, 0.36718106), (0.12934394, 0.6682639, 0.36691305), (0.13347693, 0.6834539, 0.40181607), (0.09999294, 0.693563, 0.24867806), (0.108422935, 0.705593, 0.28738505), (0.09922194, 0.667537, 0.26524505), (0.12051793, 0.712112, 0.32555705), (0.12896292, 0.6990209, 0.36604905), (0.13432592, 0.69247395, 0.40080205), (0.13165392, 0.718573, 0.32698807), (0.13497992, 0.71043897, 0.37044907), (0.14111292, 0.70414495, 0.40397105), (0.129438, -0.13385601, 0.387148), (0.139531, -0.13021201, 0.387352), (0.139281, -0.13880001, 0.349241), (0.1264, -0.14496702, 0.345153), (0.142096, -0.14316902, 0.322586), (0.126939, -0.14861302, 0.322307), (0.142262, -0.14450401, 0.275914), (0.128535, -0.14946401, 0.27324), (0.150924, -0.146778, 0.24818999), (0.13906099, -0.09059903, 0.395156), (0.14324299, -0.09982603, 0.390732), (0.14497998, -0.085849024, 0.358476), (0.14890298, -0.09554301, 0.357251), (0.15033299, -0.082088016, 0.328154), (0.151585, -0.097057015, 0.331028), (0.153862, -0.073920004, 0.287291), (0.156737, -0.096603006, 0.284449), (0.158326, -0.06900601, 0.258343), (0.164488, -0.08608801, 0.2587), (0.13736498, -0.07601802, 0.35749), (0.13836898, -0.06704802, 0.328906), (0.14576599, -0.063809015, 0.284299), (0.148769, -0.05938801, 0.257795), (0.12268999, -0.07837302, 0.356448), (0.13158998, -0.08697403, 0.396382), (0.122489996, -0.06937302, 0.327118), (0.12455899, -0.058328014, 0.285931), (0.10932399, -0.054858014, 0.24784), (0.10831099, -0.09038002, 0.351857), (0.12268999, -0.07837302, 0.356448), (0.12317199, -0.08816203, 0.390881), (0.10724899, -0.08500102, 0.326467), (0.10647699, -0.07765902, 0.270681), (0.09680499, -0.078153014, 0.250777), (0.14596099, -0.11972003, 0.388362), (0.155692, -0.13194501, 0.276571), (0.160317, -0.131197, 0.25548), (0.156293, -0.12830701, 0.327581), (0.150569, -0.12637502, 0.358834), (0.14643098, -0.10981703, 0.39068), (0.170128, -0.110415004, 0.24864198), (0.159805, -0.112605006, 0.27618), (0.155834, -0.11581101, 0.33161), (0.15116, -0.11251401, 0.3638), (0.109744996, -0.10277103, 0.384655), (0.103241995, -0.10025101, 0.264041), (0.09346, -0.09724201, 0.24993698), (0.09680499, -0.078153014, 0.250777), (0.09926799, -0.101405025, 0.325041), (0.10647699, -0.07765902, 0.270681), (0.10022799, -0.105391026, 0.350652), (0.10724899, -0.08500102, 0.326467), (0.12317199, -0.08816203, 0.390881), (0.12844099, -0.09403103, 0.439472), (0.12029799, -0.13680403, 0.429097), (0.104715995, -0.11414903, 0.389526), (0.11401899, -0.13281101, 0.384157), (0.10146, -0.13983302, 0.274831), (0.09518, -0.13531101, 0.24972498), (0.10459799, -0.13248701, 0.316899), (0.133901, -0.150525, 0.24539699), (0.107738994, -0.12881601, 0.339218), (0.139819, -0.158661, 0.21638398), (0.146849, -0.163337, 0.19399399), (0.12209801, -0.165975, 0.19005698), (0.157068, -0.152349, 0.22160399), (0.164866, -0.156774, 0.19798398), (0.166942, -0.137051, 0.23090199), (0.18028, -0.135868, 0.192975), (0.176434, -0.10992201, 0.230313), (0.182105, -0.110459, 0.199311), (0.171785, -0.08012101, 0.23350102), (0.178345, -0.078441, 0.19835602), (0.166875, -0.065064006, 0.228359), (0.16998, -0.06204001, 0.201635), (0.152407, -0.055327006, 0.224768), (0.160014, -0.051551007, 0.204468), (0.11813099, -0.03551001, 0.212559), (0.131737, -0.038555007, 0.201457), (0.152069, -0.169028, 0.17717898), (0.128057, -0.169432, 0.17761798), (0.166385, -0.164482, 0.17329298), (0.18323, -0.144994, 0.168821), (0.187783, -0.11576, 0.170797), (0.183435, -0.08538, 0.170833), (0.178475, -0.066277, 0.17679201), (0.171524, -0.052751005, 0.18036701), (0.142694, -0.032678004, 0.178525), (0.10181, -0.153632, 0.23155798), (0.086206, -0.14869201, 0.24864599), (0.112197, -0.160971, 0.20902498), (0.158318, -0.176051, 0.15036298), (0.185196, -0.0837, 0.15160301), (0.188652, -0.120284, 0.144589), (0.181822, -0.150263, 0.146256), (0.173975, -0.16606, 0.150123), (0.159445, -0.036928, 0.148535), (0.177163, -0.051248, 0.15498202), (0.185296, -0.068107, 0.15485401), (0.010147039, -0.33526498, -0.32426503), (0.0041350364, -0.29988196, -0.31048304), (0.02207104, -0.33813596, -0.31909603), (0.025474036, -0.30416998, -0.30141804), (0.045052037, -0.34192997, -0.29351702), (0.045535035, -0.30763397, -0.27928802), (0.05228004, -0.35156098, -0.27544603), (0.052068032, -0.31208697, -0.25720602), (0.061811037, -0.35780498, -0.25009403), (0.058577035, -0.31660596, -0.23508203), (0.07028804, -0.37293696, -0.21522003), (0.07151203, -0.32412398, -0.19064602), (0.075761035, -0.381597, -0.16707003), (0.07744103, -0.328293, -0.14305504), (0.069955036, -0.386467, -0.11143104), (0.07733303, -0.342612, -0.08063703), (0.060388032, -0.395947, -0.074539036), (0.07203303, -0.349087, -0.042228024), (0.055740032, -0.399338, -0.064376034), (0.06368403, -0.355099, -0.02630503), (0.047187034, -0.40461, -0.05358103), (0.054665025, -0.358051, -0.011868029), (0.036633033, -0.408648, -0.042087037), (0.039190028, -0.367515, 0.01272697), (0.054665025, -0.358051, -0.011868029), (0.026573032, -0.414414, -0.028878033), (0.028267028, -0.379478, 0.018911969), (0.022360047, -0.41285297, -0.36347604), (0.014904043, -0.37055996, -0.33881202), (0.02793204, -0.474807, -0.09894204), (0.029840037, -0.448812, -0.06830404), (0.037671037, -0.438426, -0.075049035), (0.04595404, -0.472345, -0.10609204), (0.02793204, -0.474807, -0.09894204), (0.037671037, -0.438426, -0.075049035), (0.061815042, -0.466531, -0.12597005), (0.047835037, -0.434053, -0.088479035), (0.07693805, -0.462347, -0.16386305), (0.059674036, -0.43209, -0.10481204), (0.08364405, -0.45398396, -0.20446505), (0.07136804, -0.427964, -0.13448805), (0.07818204, -0.43786496, -0.24416904), (0.080359034, -0.41609898, -0.18670703), (0.07369904, -0.43722597, -0.27788603), (0.07405804, -0.40087697, -0.23057503), (0.06845404, -0.42666498, -0.30998102), (0.063574046, -0.39136496, -0.26792002), (0.049581047, -0.41774997, -0.34747103), (0.05954304, -0.38360196, -0.29122102), (0.036817048, -0.41577497, -0.35680404), (0.04870404, -0.37388298, -0.31152904), (0.027131043, -0.37085897, -0.33123502), (0.030432025, -0.352286, 0.06025997), (0.030627027, -0.19792198, -0.27823702), (0.052480027, -0.20514096, -0.25914702), (0.025139032, -0.25371996, -0.28792304), (0.06530003, -0.22277199, -0.23406601), (0.04517503, -0.25724798, -0.26575503), (0.07936403, -0.22825499, -0.20233901), (0.054266028, -0.26315498, -0.24237102), (0.090262026, -0.24140699, -0.16032502), (0.06379603, -0.26939896, -0.21701802), (0.095622025, -0.25879, -0.11233401), (0.07658103, -0.27552396, -0.17239103), (0.10219402, -0.268792, -0.07407601), (0.07979203, -0.29033, -0.12352202), (0.10122802, -0.282517, -0.04305002), (0.089096025, -0.308062, -0.06276602), (0.09983702, -0.285842, -0.013620021), (0.08064802, -0.291059, 0.019823978), (0.08370002, -0.319898, -0.027209025), (0.070697024, -0.324593, -0.0036200255), (0.058564022, -0.329851, 0.023922974), (0.042229023, -0.343517, 0.04705397), (0.058564022, -0.329851, 0.023922974), (0.036633033, -0.408648, -0.042087037), (0.110958025, -0.259611, -0.06333402), (0.11212702, -0.24801397, -0.108429015), (0.11176402, -0.265515, -0.034755018), (0.111643024, -0.265511, -0.007240019), (0.11176602, -0.25817, 0.020163983), (0.10488302, -0.22200797, -0.15583302), (0.109273024, -0.21709096, -0.15723701), (0.092798024, -0.20347199, -0.19572401), (0.12766801, -0.24976498, 0.05764398), (0.12548901, -0.238394, 0.08612899), (0.14620902, -0.226605, 0.085960984), (0.123934016, -0.251653, 0.030793983), (0.15314502, -0.23464699, 0.06628098), (0.13498001, -0.256627, -0.006367016), (0.15203701, -0.23668198, 0.032499984), (0.13903402, -0.256207, -0.034725014), (0.15999502, -0.24328898, -0.0052270144), (0.13242601, -0.252342, -0.062197015), (0.15835501, -0.24635999, -0.032707013), (0.11985302, -0.23617697, -0.114942014), (0.14991802, -0.23802999, -0.070712015), (0.12940803, -0.23085497, -0.11649202), (0.10080202, -0.22645597, -0.15759802), (0.027115025, -0.16193797, -0.276531), (0.052526027, -0.16990297, -0.260522), (0.084663026, -0.18852398, -0.22018701), (0.13759002, -0.187122, 0.13691199), (0.15542902, -0.179755, 0.13573499), (0.15818602, -0.195561, 0.11700899), (0.050172023, -0.15630098, -0.264363), (0.032226022, -0.15202397, -0.272125), (0.080176026, -0.17097798, -0.23140101), (0.10312102, -0.18296197, -0.20060201), (0.118136026, -0.19575498, -0.16801101), (0.14276302, -0.20394798, -0.12332201), (0.16196902, -0.21174999, -0.08363601), (0.17687501, -0.21904899, -0.039684013), (0.18287002, -0.21985598, 0.005244989), (0.17793301, -0.21231899, 0.03813599), (0.17675501, -0.21031198, 0.061944988), (0.16286801, -0.201627, 0.092866994), (0.134511, -0.177194, 0.15592998), (0.186222, -0.143238, 0.10394099), (0.02670002, -0.110832974, -0.276644), (0.19695301, -0.15824498, 0.05592399), (0.19984302, -0.16254899, 0.029261995), (0.20259902, -0.16341698, 0.008435995), (0.19691701, -0.15396298, -0.044834007), (0.17881401, -0.14479499, -0.08355401), (0.15899202, -0.13732196, -0.13053802), (0.13435002, -0.13453998, -0.17810601), (0.098226026, -0.11899297, -0.22847502), (0.062278017, -0.113092974, -0.254879), (0.03955802, -0.10943798, -0.27002), (0.04307601, 0.057473026, -0.252677), (0.024042001, 0.13838702, -0.265242), (0.071412005, 0.059353024, -0.232826), (0.044171, 0.13623501, -0.251344), (0.108977005, 0.05388202, -0.189869), (0.066416, 0.12809801, -0.23571998), (0.136273, 0.038683027, -0.155249), (0.097833, 0.12548201, -0.20456299), (0.155988, 0.028615022, -0.11916399), (0.12777, 0.13526703, -0.17870499), (0.185338, 0.02579002, -0.06005399), (0.169666, 0.123804025, -0.123828985), (0.19276, 0.027598016, -0.030982988), (0.196135, 0.088729024, -0.055962984), (0.196403, 0.024068015, -0.006992989), (0.206602, 0.08874601, -0.023593983), (0.199326, 0.025068013, 0.01564501), (0.212206, 0.09225001, 0.0029920174), (0.194347, 0.02247801, 0.04820201), (0.21436898, 0.08823601, 0.029350016), (0.178177, 0.020243006, 0.08238201), (0.21324599, 0.08753001, 0.06124402), (0.172293, 0.024287004, 0.10020701), (0.20822299, 0.086935006, 0.09933402), (0.15920998, 0.025677998, 0.140514), (0.19602899, 0.090543, 0.13549803), (0.14367199, 0.023084996, 0.16817), (0.17133899, 0.087852, 0.17802203), (0.12953399, 0.027144993, 0.191144), (0.14505398, 0.09008599, 0.20686302), (0.11334399, 0.02839599, 0.203654), (0.11910398, 0.088807985, 0.22136602), (0.08940799, 0.029970987, 0.228677), (0.11910398, 0.088807985, 0.22136602), (0.064763986, 0.029924985, 0.235639), (0.022571996, 0.20843004, -0.26560098), (0.028033992, 0.26164204, -0.26683298), (0.040694997, 0.21559203, -0.25627196), (0.04146299, 0.26131502, -0.25850996), (0.059978995, 0.21259801, -0.24652898), (0.06847499, 0.27215004, -0.24971998), (0.08442599, 0.20182702, -0.23176399), (0.09961499, 0.26763302, -0.23464698), (0.10890299, 0.20387203, -0.20568198), (0.11849798, 0.27972803, -0.21000597), (0.15154399, 0.23748203, -0.15840998), (0.13056299, 0.31685302, -0.18972597), (0.21056499, 0.19170101, -0.07239598), (0.17909898, 0.326054, -0.14206296), (0.23039998, 0.17270501, -0.025995975), (0.22962698, 0.29196304, -0.06920297), (0.23841499, 0.17073101, -0.00071697467), (0.24803099, 0.27514002, -0.028471965), (0.24152198, 0.16821301, 0.035144027), (0.26343697, 0.25803202, 0.022463033), (0.24676998, 0.17192602, 0.07877002), (0.26645398, 0.25752202, 0.09135104), (0.23658198, 0.170265, 0.13063103), (0.25767496, 0.25304103, 0.14351703), (0.21827199, 0.180117, 0.17970604), (0.23539896, 0.250236, 0.18752503), (0.19344297, 0.184896, 0.21167202), (0.20534497, 0.256061, 0.21989805), (0.16984497, 0.184953, 0.22791901), (0.18248597, 0.25635797, 0.23496005), (0.13486497, 0.183491, 0.24881001), (0.02265299, 0.31426203, -0.26973897), (0.019753985, 0.36483702, -0.27673298), (0.044856988, 0.32382104, -0.26421398), (0.042181984, 0.36673304, -0.26917896), (0.08402599, 0.33371404, -0.25324497), (0.07962898, 0.37698203, -0.26090598), (0.11849798, 0.33816904, -0.23771097), (0.11289398, 0.38417703, -0.25417498), (0.12771198, 0.34910804, -0.21934697), (0.14080499, 0.39446104, -0.24148197), (0.14772898, 0.37480304, -0.18782596), (0.16399099, 0.41769803, -0.22054897), (0.17236099, 0.362509, -0.15427595), (0.17985897, 0.41791502, -0.17785096), (0.19608799, 0.354195, -0.12739095), (0.19367597, 0.402437, -0.13794796), (0.22799698, 0.34991303, -0.066980965), (0.21150596, 0.39475104, -0.090553954), (0.24316497, 0.34308204, -0.026229959), (0.22533096, 0.40637803, -0.046798952), (0.26469898, 0.33932704, 0.05363104), (0.23649298, 0.40797102, 0.0035440458), (0.25571296, 0.34306803, 0.13656604), (0.24314398, 0.39314902, 0.109668046), (0.23417197, 0.34056, 0.17940004), (0.22715098, 0.39010802, 0.14901304), (0.21168897, 0.331133, 0.20992604), (0.20471896, 0.394227, 0.17719205), (0.18262897, 0.32344896, 0.22639704), (0.17386195, 0.39506096, 0.19421305), (0.188898, -0.085122, 0.13471201), (0.194925, -0.084479995, 0.10587), (0.033742014, -0.056537975, -0.274905), (0.044189014, -0.059892975, -0.26737), (0.061862014, -0.061986975, -0.254993), (0.09095001, -0.06321497, -0.233682), (0.115355015, -0.06513198, -0.21022), (0.15438001, -0.07355897, -0.147906), (0.16682002, -0.075370975, -0.121591), (0.18321401, -0.082902975, -0.066387), (0.18944502, -0.08588499, -0.035584), (0.194799, -0.08766799, -0.003317999), (0.198061, -0.088265985, 0.029575001), (0.201909, -0.090541996, 0.064253), (-0.0012490047, -0.07894802, 0.244715), (0.09346, -0.09724201, 0.24993698), (0.09518, -0.13531101, 0.24972498), (0.08951199, -0.016895013, 0.229462), (0.10554099, -0.01398101, 0.209095), (0.11813099, -0.03551001, 0.212559), (0.06711999, -0.018919015, 0.240885), (0.10932399, -0.054858014, 0.24784), (-0.0012490047, -0.07894802, 0.244715), (0.10554099, -0.01398101, 0.209095), (0.128248, -0.018250007, 0.191429), (0.156351, -0.023566002, 0.145878), (0.172811, -0.042487994, 0.08857201), (0.1395, -0.019973004, 0.170519), (0.104639016, -0.24937898, 0.08115899), (0.019818984, 0.38849804, -0.27870098), (0.040861983, 0.39328003, -0.27148998), (0.08202598, 0.39662504, -0.26399997), (0.11237298, 0.40415204, -0.26071998), (0.15331599, 0.42252204, -0.24690697), (0.17392197, 0.44449002, -0.21917094), (0.18464997, 0.44636202, -0.17080294), (0.18904397, 0.457961, -0.10366295), (0.19442797, 0.456188, -0.07144496), (0.20207897, 0.45851204, -0.045516953), (0.21449196, 0.45602804, -0.005527951), (0.21923797, 0.45724404, 0.04418705), (0.20264296, 0.46275103, 0.084835045), (0.18341096, 0.454107, 0.12101205), (0.16802396, 0.450118, 0.14847505), (0.017867979, 0.43852103, -0.28175798), (0.03770698, 0.44333103, -0.27529296), (0.06700798, 0.44809702, -0.27323198), (0.12562998, 0.47720602, -0.25471896), (0.16617897, 0.48765004, -0.21863995), (0.17862497, 0.48517603, -0.17869894), (0.18108398, 0.490411, -0.12782794), (0.18594997, 0.493013, -0.086429946), (0.19301797, 0.491592, -0.06508895), (0.20401797, 0.47770703, -0.03692295), (0.21364897, 0.47211802, -0.006221949), (0.21541595, 0.48048002, 0.043092053), (0.19977696, 0.49355802, 0.08249705), (0.17405696, 0.496175, 0.11861605), (0.16063796, 0.495121, 0.13753805), (0.14718495, 0.454007, 0.16031304), (0.15046395, 0.493518, 0.14292005), (0.13806595, 0.36215398, 0.22883902), (0.13945295, 0.40277097, 0.20357403), (0.14154996, 0.38864496, 0.21060503), (0.020523975, 0.500785, -0.28628096), (0.034821972, 0.504024, -0.28190598), (0.06690197, 0.5099, -0.27611598), (0.12546197, 0.515347, -0.25563493), (0.16894197, 0.520642, -0.21362595), (0.18302096, 0.534844, -0.16749194), (0.18817197, 0.53519, -0.121157944), (0.19358797, 0.528586, -0.08638295), (0.19904198, 0.513185, -0.06029895), (0.20881997, 0.49934104, -0.03295595), (0.22089696, 0.49845502, -0.003222947), (0.22011596, 0.517785, 0.058809057), (0.19826496, 0.531742, 0.108271055), (0.17625496, 0.534214, 0.14667906), (0.16312495, 0.535363, 0.16108005), (0.14999396, 0.536513, 0.17548205), (0.0093199685, 0.594139, -0.30002093), (0.033177968, 0.597987, -0.29469994), (0.060921967, 0.598892, -0.28748393), (0.09388797, 0.6008, -0.27510595), (0.13657796, 0.601153, -0.24836394), (0.17347798, 0.596031, -0.19883494), (0.19577396, 0.578307, -0.13172494), (0.19852196, 0.572615, -0.10358194), (0.19914496, 0.570229, -0.08822594), (0.20592296, 0.562804, -0.047616944), (0.21450895, 0.556448, -0.012573943), (0.21830395, 0.553517, 0.016786058), (0.21510395, 0.548512, 0.06541605), (0.19613495, 0.555998, 0.12911905), (0.18238495, 0.577435, 0.19032405), (0.006790964, 0.65396, -0.31004295), (0.032952964, 0.657826, -0.29467195), (0.055889964, 0.657454, -0.29071993), (0.087699965, 0.662761, -0.28182793), (0.122182965, 0.659081, -0.26103693), (0.14685996, 0.650157, -0.23022494), (0.17589895, 0.63464, -0.17390692), (0.18898396, 0.6182, -0.11920194), (0.19137995, 0.612662, -0.07402994), (0.19343795, 0.612093, -0.04188194), (0.20181096, 0.59636, -0.012347939), (0.20953296, 0.590429, 0.037766058), (0.21023996, 0.585258, 0.08019306), (0.19718796, 0.586578, 0.13948406), (0.18604794, 0.602457, 0.19088207), (0.05855696, 0.702013, -0.28509593), (0.048648953, 0.727377, -0.26542494), (-0.001249043, 0.725486, -0.26778194), (0.08603995, 0.707815, -0.27188995), (0.07941695, 0.72855, -0.24941994), (0.10725996, 0.698903, -0.25184593), (0.094948955, 0.72632, -0.22810595), (0.13311495, 0.689358, -0.22564694), (0.109640956, 0.720536, -0.20289195), (0.14208196, 0.684117, -0.18837593), (0.11879195, 0.715173, -0.17420495), (0.15387596, 0.676508, -0.12575693), (0.13815695, 0.705258, -0.12109193), (0.16943896, 0.663313, -0.072230935), (0.15414596, 0.693888, -0.060010932), (0.18204395, 0.652629, -0.035561938), (0.16450095, 0.685126, -0.027811933), (0.19007395, 0.641127, -0.0053079356), (0.17397195, 0.670814, 0.0026990664), (0.20039496, 0.630985, 0.054108065), (0.18164694, 0.661515, 0.055552065), (0.20078796, 0.630053, 0.09720806), (0.17813393, 0.66075, 0.104853064), (0.19061594, 0.635795, 0.15750808), (0.16632193, 0.66481, 0.15687107), (0.17711394, 0.642878, 0.19871707), (0.15625393, 0.669239, 0.19792005), (0.17039993, 0.655538, 0.22639406), (0.15036795, 0.675335, 0.22131506), (0.045197956, 0.76125, -0.25035095), (-0.0012490458, 0.754278, -0.25234094), (0.06694795, 0.755425, -0.23104094), (0.077646956, 0.753325, -0.21278694), (0.08901695, 0.748686, -0.18765195), (0.095547944, 0.746283, -0.15999694), (0.10854295, 0.737314, -0.11582193), (0.13203095, 0.724987, -0.064079925), (0.14323494, 0.712357, -0.025227932), (0.14860295, 0.7031, 0.017584067), (0.15359995, 0.691295, 0.06648707), (0.15853395, 0.682318, 0.10732107), (0.15005594, 0.683067, 0.15383106), (0.14276694, 0.689269, 0.18498106), (0.032066952, 0.757277, -0.21286593), (-0.0012490473, 0.75729, -0.22333995), (0.04130695, 0.756001, -0.20050794), (0.04860195, 0.755094, -0.18230894), (0.05617895, 0.751407, -0.16456693), (0.05708595, 0.750135, -0.14704295), (0.06487895, 0.744934, -0.11056493), (0.08127395, 0.73535, -0.060930934), (0.09607695, 0.727452, -0.022319933), (0.11387995, 0.717707, 0.019550068), (0.11620094, 0.709582, 0.053774066), (0.12366494, 0.690241, 0.114745066), (0.15080695, 0.561085, 0.20514305), (0.14376295, 0.69943, 0.24109507), (0.11089494, 0.615958, 0.28266805), (0.13227792, 0.66649497, 0.39760005), (0.17631292, 0.69318897, 0.47457907), (0.16614893, 0.69600695, 0.44462207), (0.16997392, 0.68679893, 0.44360706), (0.17060493, 0.6624559, 0.46355006), (0.16117893, 0.66780096, 0.43797705), (0.16286093, 0.65398395, 0.43477106), (0.16988893, 0.64345497, 0.46134007), (0.15084893, 0.64818794, 0.43479905), (0.17594692, 0.68073595, 0.47204006), (0.17416693, 0.69309795, 0.48352605), (0.17245193, 0.6814259, 0.49404907), (0.17516792, 0.6954119, 0.49834007), (0.16792692, 0.67979497, 0.50129205), (0.15394393, 0.6371899, 0.46221405), (0.15511292, 0.62746495, 0.48181406), (0.17797592, 0.67346996, 0.46850505), (0.16324092, 0.67652196, 0.43843007), (0.15211992, 0.69814897, 0.48099107), (0.14823593, 0.69759095, 0.50089806), (0.13136293, 0.6919249, 0.49791506), (0.15240693, 0.6807299, 0.5072241), (0.13244392, 0.6859989, 0.47681504), (0.13705193, 0.69286597, 0.43961906), (0.15080193, 0.6990429, 0.44766107), (0.17011993, 0.63128793, 0.48505306), (0.17282593, 0.65052193, 0.48685607), (0.17756392, 0.66474897, 0.49069107), (0.17627193, 0.67228097, 0.49304605), (0.14108893, 0.64692795, 0.45598805), (0.13575493, 0.6644179, 0.50070804), (0.12652993, 0.67187595, 0.47219607), (0.13575493, 0.6644179, 0.50070804), (0.13421793, 0.64748996, 0.48623607), (0.13174292, 0.6565889, 0.46055105), (0.14425592, 0.63438296, 0.48322907), (0.13174292, 0.6565889, 0.46055105), (0.13156693, 0.66722095, 0.43658605), (0.13156693, 0.66722095, 0.43658605), (0.13251193, 0.6746829, 0.43526605), (0.14265692, 0.6519029, 0.43728706), (0.14047994, 0.65293896, 0.39480105), (0.12220194, 0.689628, 0.18257606), (0.12775093, 0.685131, 0.14892706), (0.10433495, 0.711004, 0.048347067), (0.04290595, 0.733173, -0.111173935), (0.044143952, 0.736575, -0.13207394), (0.049414948, 0.730043, -0.069855936), (0.06646395, 0.726926, -0.023710933), (0.08472295, 0.719677, 0.012041067), (-0.0012490498, 0.743764, -0.14369394), (-0.001249047, 0.740271, -0.20371795), (-0.0012490575, 0.775984, -0.023723934), (0.006402943, 0.774221, -0.023921933), (0.0017659399, 0.778715, 0.029442068), (0.0071099447, 0.778475, -0.07864993), (0.007820948, 0.785221, -0.15821593), (0.008527951, 0.781049, -0.23308893), (0.009235955, 0.755574, -0.28158495), (0.009944959, 0.71951, -0.30889395), (0.010651962, 0.683087, -0.31580094), (0.012003943, 0.769405, -0.024462933), (0.0068489406, 0.772372, 0.029646067), (0.013231945, 0.773239, -0.07924093), (0.014457948, 0.779535, -0.15880193), (0.015684951, 0.774891, -0.23281692), (0.016912956, 0.749595, -0.27876893), (0.018139958, 0.715764, -0.30291593), (0.019367963, 0.6814, -0.30893195), (0.014055943, 0.762824, -0.025201933), (0.008710941, 0.763711, 0.029921068), (0.015472946, 0.766086, -0.08004993), (0.016890949, 0.771768, -0.15960293), (0.018307952, 0.766481, -0.23244394), (0.019724956, 0.74143, -0.27492195), (0.02114296, 0.710645, -0.29474795), (0.0120089445, 0.756245, -0.025941934), (0.006853942, 0.755045, 0.030198066), (0.013235946, 0.758934, -0.080856934), (0.01446395, 0.763998, -0.16040094), (0.015691953, 0.758069, -0.23207094), (0.016918957, 0.73326, -0.27107295), (0.018146958, 0.705525, -0.28658095), (0.0064109447, 0.751427, -0.026482934), (0.0017729421, 0.748702, 0.030401066), (0.0071199466, 0.753694, -0.081448935), (0.00782795, 0.758311, -0.16098695), (0.0085369535, 0.75191, -0.23179694), (0.009247957, 0.727278, -0.26825494), (0.009956959, 0.701777, -0.28059894), (-0.0012400554, 0.74966, -0.026681935), (-0.0051690578, 0.746374, 0.030474065), (-0.0012580532, 0.751773, -0.08166593), (-0.0012600501, 0.756224, -0.16120294), (-0.0012600465, 0.749652, -0.23169693), (-0.001249043, 0.725486, -0.26778194), (-0.0012600465, 0.749652, -0.23169693), (-0.0012630407, 0.700403, -0.27840695), (-0.0012400554, 0.74966, -0.026681935), (-0.008892056, 0.751419, -0.026484935), (-0.012112058, 0.748691, 0.030401066), (-0.014497056, 0.756232, -0.025942935), (-0.017199058, 0.755028, 0.030200066), (-0.016554056, 0.762809, -0.025203932), (-0.01906506, 0.76369, 0.029922066), (-0.014511057, 0.76939, -0.024464933), (-0.01721106, 0.772355, 0.029646067), (-0.008916058, 0.774213, -0.023922933), (-0.01213406, 0.778704, 0.029442068), (-0.00517606, 0.781036, 0.02936907), (0.09522106, -0.575517, -0.29628205), (0.09730406, -0.58556, -0.30658507), (0.09394806, -0.589939, -0.29760006), (0.09660306, -0.59136, -0.31521007), (0.09914006, -0.588414, -0.31830806), (0.08888406, -0.603046, -0.32308006), (0.08107406, -0.611836, -0.31649607), (0.07533306, -0.613435, -0.30148306), (0.08268906, -0.608908, -0.31381506), (0.09034606, -0.601523, -0.29289407), (0.08928106, -0.604435, -0.28988105), (0.09600206, -0.591361, -0.29199007), (0.08311606, -0.61036, -0.29501605), (0.08068806, -0.61183, -0.29045206), (0.091249056, -0.598662, -0.28286007), (0.08584306, -0.607399, -0.28083405), (0.07833106, -0.610466, -0.28448007), (0.07163306, -0.614932, -0.29537305), (0.08256806, -0.600306, -0.32828104), (0.07740706, -0.60762, -0.32338005), (0.074430056, -0.616294, -0.31151706), (0.08939306, -0.585757, -0.32898206), (0.08370806, -0.594502, -0.32983106), (0.09852706, -0.574038, -0.32119206), (0.09175506, -0.581399, -0.33354807), (0.08417106, -0.593079, -0.34001005), (0.08003106, -0.601788, -0.33958507), (0.07242306, -0.613518, -0.33158907), (0.06986506, -0.622182, -0.31538406), (0.06857806, -0.625092, -0.29937407), (0.06810806, -0.6179, -0.28779706), (0.07905706, -0.611861, -0.27732006), (0.08643506, -0.603075, -0.27367505), (0.09364506, -0.589941, -0.28601807), (0.09195006, -0.592863, -0.27423805), (0.09379106, -0.584211, -0.28314605), (0.061927058, -0.628141, -0.30885306), (0.06299806, -0.626637, -0.29740706), (0.06442406, -0.622288, -0.28162307), (0.07515006, -0.616256, -0.27402806), (0.08437706, -0.600229, -0.26483405), (0.08846106, -0.591521, -0.26525307), (0.091787055, -0.574167, -0.27142906), (0.06677506, -0.617956, -0.33103105), (0.06519506, -0.623709, -0.31931007), (0.07536706, -0.60337096, -0.34345406), (0.08218806, -0.59454596, -0.34556106), (0.08849706, -0.582893, -0.33755305), (0.09540806, -0.57049, -0.32063806), (0.096563056, -0.572597, -0.29642105), (0.08948405, -0.565555, -0.27845705), (0.08624206, -0.57286197, -0.34316906), (0.07417006, -0.58753896, -0.35203406), (0.06447406, -0.5964329, -0.34964907), (0.05296006, -0.612502, -0.33836007), (0.04742106, -0.622707, -0.32334206), (0.05048406, -0.628407, -0.30774507), (0.05336606, -0.629748, -0.29356506), (0.093794055, -0.565464, -0.29332805), (0.05696606, -0.57213795, -0.36202407), (0.04340306, -0.5868409, -0.35629007), (0.03411806, -0.608634, -0.33803007), (0.03167206, -0.62449, -0.32181606), (0.03198406, -0.633142, -0.30594507), (0.04391506, -0.63716, -0.28830707), (0.05134406, -0.634088, -0.27019706), (0.06708206, -0.629409, -0.25585306), (0.07862006, -0.610432, -0.23676306), (0.08156505, -0.601694, -0.23422606), (0.08853305, -0.581416, -0.23205605), (0.09069305, -0.568394, -0.23662505), (0.08965905, -0.552622, -0.25825107), (0.08925305, -0.542564, -0.29005206), (0.09386806, -0.564062, -0.32224905), (0.089849055, -0.539674, -0.31322205), (0.07301606, -0.5559539, -0.35639206), (0.084857054, -0.544108, -0.33588707), (0.017630061, -0.637782, -0.30596706), (0.030111061, -0.647564, -0.28404105), (0.04277506, -0.647256, -0.25777906), (0.05586506, -0.649824, -0.22722706), (0.091530055, -0.562646, -0.22659305), (0.09299605, -0.549644, -0.23832405), (0.09147705, -0.543908, -0.25264707), (0.087245055, -0.544021, -0.28114605), (0.09274905, -0.530967, -0.26583907), (0.08967805, -0.52386, -0.29589307), (0.08745905, -0.523924, -0.31883907), (0.020797057, -0.55570495, -0.37302807), (0.039062057, -0.54666895, -0.37624106), (0.06857306, -0.5301129, -0.36610806), (0.07322405, -0.51707494, -0.34491205), (0.05981106, -0.648252, -0.21606006), (0.06452706, -0.638046, -0.19486307), (0.07824505, -0.60611, -0.19485506), (0.08865205, -0.575624, -0.21472605), (0.017571064, -0.663663, -0.28278404), (0.018191064, -0.679503, -0.26544407), (0.030605061, -0.673429, -0.25510806), (0.03756906, -0.671845, -0.24275306), (0.05108906, -0.665738, -0.22097206), (0.05507706, -0.65986, -0.20834306), (0.054145057, -0.654147, -0.18658605), (0.059364054, -0.652547, -0.17696705), (0.07807505, -0.611831, -0.18327007), (0.09203605, -0.571227, -0.19338405), (0.09662205, -0.556735, -0.20251805), (0.100220054, -0.537964, -0.22027504), (0.09927505, -0.523606, -0.24190505), (0.092632055, -0.516586, -0.27889907), (0.09129805, -0.528121, -0.28016007), (0.09248605, -0.515126, -0.29476607), (0.016652063, -0.708309, -0.24353206), (0.028790064, -0.702244, -0.23607107), (0.038192064, -0.696241, -0.22686806), (0.04814106, -0.687389, -0.21192107), (0.05062506, -0.680129, -0.19920506), (0.05331706, -0.675752, -0.18502507), (0.05411706, -0.674255, -0.17639907), (0.016180065, -0.721234, -0.23622206), (0.018401066, -0.729848, -0.23060806), (0.031769063, -0.728062, -0.22615805), (0.044391062, -0.724872, -0.21435507), (0.049056064, -0.708953, -0.20762306), (0.039319064, -0.714965, -0.21969606), (0.051282063, -0.720399, -0.20205806), (0.048666064, -0.701759, -0.19463006), (0.054463062, -0.718898, -0.18353206), (-0.0011239352, -0.720128, -0.23785506), (0.028449066, -0.720945, -0.22875907), (0.05398606, -0.704519, -0.18500707), (0.05605406, -0.6886, -0.17512307), (0.019319067, -0.745632, -0.22490606), (0.020279067, -0.757107, -0.21773906), (0.025870066, -0.752671, -0.21829206), (0.018472066, -0.767229, -0.20882908), (0.026906068, -0.761255, -0.20966107), (0.029474065, -0.741088, -0.22299805), (0.043529063, -0.736448, -0.21133706), (0.03989307, -0.746559, -0.20663306), (0.032676067, -0.759696, -0.19434506), (0.015638066, -0.770176, -0.19409208), (0.010873064, -0.760186, -0.16623005), (0.012962066, -0.764449, -0.17507106), (0.022837065, -0.758488, -0.16158606), (0.04901406, -0.739131, -0.16997506), (0.03801406, -0.75236, -0.16739605), (0.036005065, -0.748094, -0.15714106), (0.038748063, -0.756654, -0.17616107), (0.028190065, -0.7641, -0.18234806), (0.026388066, -0.762718, -0.17062406), (0.046769064, -0.744968, -0.17987105), (0.049576063, -0.734824, -0.19314606), (0.047300063, -0.733466, -0.20163606), (0.057101063, -0.721721, -0.17222907), (0.052034065, -0.733337, -0.16738206), (0.054743063, -0.720298, -0.16625606), (0.05964106, -0.707271, -0.17251407), (0.05466506, -0.687208, -0.15911406), (0.05739206, -0.704429, -0.16507806), (0.05252706, -0.71893, -0.15881906), (0.05380006, -0.704508, -0.15750407), (0.05244606, -0.697343, -0.15449107), (0.05267506, -0.680061, -0.16326806), (0.050803058, -0.681515, -0.15295306), (0.048511058, -0.688761, -0.14838506), (0.05378106, -0.67284, -0.16481707), (0.031610057, -0.671925, -0.13957305), (0.051843055, -0.671462, -0.15450506), (0.037580058, -0.699098, -0.14439906), (0.026696058, -0.693624, -0.13613506), (0.033768058, -0.713577, -0.14256705), (0.02429406, -0.70807, -0.13444106), (0.03102206, -0.730924, -0.14509806), (0.01891106, -0.724002, -0.13387606), (0.059165057, -0.651128, -0.16397706), (0.039689057, -0.660181, -0.14328906), (0.055727057, -0.648311, -0.15352306), (-0.0010769373, -0.744674, -0.14906906), (0.010128061, -0.738601, -0.13873306), (0.015328063, -0.747097, -0.14644006), (0.010128061, -0.738601, -0.13873306), (0.009983059, -0.702623, -0.13159306), (0.009983059, -0.702623, -0.13159306), (0.0151010575, -0.683807, -0.13361906), (0.015830057, -0.652119, -0.13377906), (-0.0011599453, -0.646717, -0.13507406), (-0.0011729465, -0.630847, -0.13254106), (0.020514056, -0.669289, -0.13418406), (0.027338056, -0.65474, -0.13488406), (-0.0011449439, -0.663993, -0.13653105), (0.0151010575, -0.683807, -0.13361906), (-0.0011229424, -0.68703, -0.13223305), (0.020514056, -0.669289, -0.13418406), (0.027338056, -0.65474, -0.13488406), (0.046342056, -0.64422, -0.14539906), (0.021540053, -0.634703, -0.12999906), (-0.001197949, -0.600682, -0.12808307), (0.033107053, -0.637324, -0.13110806), (0.021320052, -0.607396, -0.12572806), (0.051207047, -0.567831, -0.12150005), (0.04292805, -0.612617, -0.12780206), (-0.0012339526, -0.558923, -0.11953505), (0.053077053, -0.613862, -0.14323406), (0.046342056, -0.64422, -0.14539906), (0.06260105, -0.570465, -0.13852805), (0.07090205, -0.614879, -0.16811506), (0.053077053, -0.613862, -0.14323406), (0.087401055, -0.572737, -0.16692504), (0.06256505, -0.61648, -0.14994806), (0.07601905, -0.572992, -0.14988905), (0.09984005, -0.545147, -0.18117905), (0.089929044, -0.533863, -0.16147305), (0.06260105, -0.570465, -0.13852805), (0.074515045, -0.508267, -0.14992605), (0.070946045, -0.521321, -0.14521904), (0.060407046, -0.518671, -0.13408004), (0.028378047, -0.561163, -0.11641105), (-0.0012699562, -0.515717, -0.111125045), (0.024972042, -0.512286, -0.11047105), (0.044571046, -0.50611, -0.115286045), (0.06261204, -0.489838, -0.13437404), (0.100619055, -0.526441, -0.19866504), (0.07731804, -0.478007, -0.15898904), (0.06923904, -0.502663, -0.14368404), (0.085418046, -0.499412, -0.16984105), (0.08440904, -0.46925497, -0.20306204), (0.095358044, -0.48339796, -0.21273105), (0.074515045, -0.508267, -0.14992605), (0.070946045, -0.521321, -0.14521904), (0.085418046, -0.499412, -0.16984105), (0.09796804, -0.513516, -0.17824204), (0.095358044, -0.48339796, -0.21273105), (0.100961044, -0.49477196, -0.21756604), (0.10283204, -0.507653, -0.23074104), (0.09944005, -0.504919, -0.26513502), (0.09577005, -0.519393, -0.26183707), (0.094791055, -0.503565, -0.28346902), (0.088788055, -0.503714, -0.30024603), (0.09063105, -0.49357298, -0.27877003), (0.09222605, -0.49069396, -0.26157603), (0.091141045, -0.47484896, -0.25428802), (0.082929045, -0.46642497, -0.24771404), (0.091141045, -0.47484896, -0.25428802), (0.08903004, -0.47921896, -0.27717704), (0.081740044, -0.46788496, -0.27508104), (0.08903004, -0.47921896, -0.27717704), (0.020829055, -0.5096579, -0.40639403), (0.029421056, -0.50804394, -0.40723002), (0.019245058, -0.52697194, -0.39748707), (0.039485056, -0.50922495, -0.40819904), (0.041101057, -0.52504593, -0.39527905), (0.020124054, -0.48525596, -0.40781802), (0.033235054, -0.48778397, -0.40765503), (0.040291056, -0.48909497, -0.40975603), (0.051870055, -0.48882496, -0.40945202), (0.052860055, -0.50749594, -0.40369004), (0.047037058, -0.5234339, -0.39295506), (0.055606056, -0.5304229, -0.38078806), (0.054130055, -0.5204359, -0.39364704), (0.05271805, -0.46573797, -0.39514503), (0.07015105, -0.46969497, -0.39533904), (0.07304705, -0.46814498, -0.37974602), (0.04552505, -0.46448797, -0.39445302), (0.061749052, -0.46268398, -0.37576804), (0.033078052, -0.46908897, -0.40479004), (0.040582053, -0.47180298, -0.40260503), (0.04633105, -0.47166997, -0.40316102), (0.05924905, -0.47425896, -0.40440202), (0.052870054, -0.46141896, -0.37781602), (0.048039053, -0.45580998, -0.38168904), (0.037989054, -0.46035796, -0.39663902), (-0.0014039478, -0.45960298, -0.39801702), (0.057715047, -0.44979796, -0.36966503), (0.05680405, -0.43542397, -0.36091104), (0.062097054, -0.45978397, -0.37148502), (0.07904905, -0.46799698, -0.36296904), (0.083345056, -0.45061398, -0.35911003), (0.07938405, -0.44067296, -0.35294902), (0.08073705, -0.43343896, -0.33722302), (0.081587054, -0.47371897, -0.36752403), (0.092449054, -0.47346398, -0.35992402), (0.09664105, -0.45749897, -0.35747102), (0.09562405, -0.44459996, -0.35018402), (0.09372105, -0.43885896, -0.33846304), (0.11005005, -0.47877496, -0.35870802), (0.11584705, -0.46282998, -0.35498804), (0.110590056, -0.45433596, -0.34727702), (0.10724504, -0.44721198, -0.33542103), (0.081954055, -0.50248593, -0.35592702), (0.09112805, -0.48930296, -0.36265403), (0.09723605, -0.48915797, -0.35892102), (0.10460305, -0.49187696, -0.35814402), (0.12131605, -0.48287797, -0.36268702), (0.13170704, -0.46824196, -0.35650504), (0.12686305, -0.45967796, -0.34451002), (0.11867205, -0.49874797, -0.36381003), (0.13811906, -0.48968697, -0.37009603), (0.14283404, -0.47229198, -0.36189404), (0.13849504, -0.46518797, -0.34561703), (0.18416004, -0.46554497, -0.35145304), (0.16016205, -0.47188997, -0.36214703), (0.17056206, -0.48026597, -0.37610403), (0.15742606, -0.48635396, -0.37919804), (0.13677207, -0.50411195, -0.37277204), (0.16471606, -0.49768698, -0.38129404), (0.17160206, -0.49174896, -0.38340002), (0.19414707, -0.48261398, -0.38708302), (0.19385405, -0.47111297, -0.37263304), (0.21604507, -0.47060093, -0.38200602), (0.20928304, -0.46496695, -0.36110902), (0.22729504, -0.46313694, -0.36866003), (0.15847005, -0.46325096, -0.34755403), (0.11913205, -0.45412996, -0.33364803), (0.14087504, -0.45934796, -0.33431202), (0.15646504, -0.45898598, -0.33724204), (0.16751005, -0.46160597, -0.31371903), (0.18883604, -0.45970297, -0.33171904), (0.22704305, -0.46884993, -0.34261203), (0.21332504, -0.47204694, -0.32101804), (0.19149505, -0.47973496, -0.29430303), (0.14326404, -0.46075198, -0.30995604), (0.07483505, -0.44358796, -0.31061804), (0.06615005, -0.42799696, -0.33725104), (0.08517805, -0.45054296, -0.31011802), (0.08976405, -0.47060096, -0.29753003), (0.09942105, -0.45310298, -0.31296703), (0.113871045, -0.45854697, -0.31434903), (0.14304204, -0.47943997, -0.28671902), (0.17033404, -0.47591698, -0.28794503), (0.081954055, -0.50248593, -0.35592702), (0.083818056, -0.505322, -0.33731902), (0.08004905, -0.509713, -0.33261803), (0.08362305, -0.503846, -0.32427204), (0.21539205, -0.47922495, -0.37611404), (0.21174406, -0.47930494, -0.36853504), (0.20078306, -0.48244694, -0.36314103), (0.21387005, -0.47783595, -0.36151704), (0.20078306, -0.48244694, -0.36314103), (0.20256305, -0.47809595, -0.35900104), (0.21387005, -0.47783595, -0.36151704), (0.19521606, -0.48688996, -0.37704504), (0.19590706, -0.48686996, -0.36988404), (0.18355606, -0.48715296, -0.36288604), (0.10559905, -0.49904397, -0.34957102), (0.083818056, -0.505322, -0.33731902), (0.13076405, -0.51573795, -0.34763107), (0.095507056, -0.49785298, -0.33414602), (0.095507056, -0.49785298, -0.33414602), (0.16308106, -0.5034989, -0.36956802), (0.17832805, -0.49447596, -0.37396902), (0.19590706, -0.48686996, -0.36988404), (0.17850506, -0.49016497, -0.37109601), (0.14380306, -0.51396894, -0.36187106), (0.14436506, -0.5024499, -0.35330802), (0.13385905, -0.50127196, -0.34216702), (0.17850506, -0.49016497, -0.37109601), (0.16339406, -0.49912596, -0.36528504), (0.12503105, -0.511556, -0.33115405), (0.12503105, -0.511556, -0.33115405), (0.16225205, -0.48911998, -0.35939902), (0.16339406, -0.49912596, -0.36528504), (0.14865907, -0.49084798, -0.35085303), (0.13366105, -0.48688397, -0.34076402), (0.12465505, -0.501481, -0.33262804), (0.13874805, -0.47956496, -0.33114803), (0.13366105, -0.48688397, -0.34076402), (0.12457305, -0.47989398, -0.32829702), (0.15398005, -0.47921497, -0.33836803), (0.14865907, -0.49084798, -0.35085303), (0.17647704, -0.48011297, -0.34492204), (0.16225205, -0.48911998, -0.35939902), (0.19024405, -0.47979596, -0.35200003), (0.18355606, -0.48715296, -0.36288604), (0.14379905, -0.47655398, -0.32293603), (0.16383204, -0.47467297, -0.32487804), (0.18323804, -0.47564298, -0.33397904), (0.19689505, -0.47674698, -0.34252203), (0.16569404, -0.47745198, -0.30627102), (0.18778004, -0.47841796, -0.31711003), (0.20253104, -0.47519094, -0.32861602), (0.21382305, -0.47352093, -0.34564704), (0.21902205, -0.47340494, -0.35189602), (0.21938504, -0.47623494, -0.36353403), (0.083299056, -0.49954098, -0.31127903), (0.08282905, -0.49234897, -0.29970104), (0.08976405, -0.47060096, -0.29753003), (0.12465505, -0.501481, -0.33262804), (0.12258005, -0.500051, -0.32372302), (0.121297054, -0.511639, -0.32504606), (0.12032005, -0.49437696, -0.31629303), (0.12457305, -0.47989398, -0.32829702), (0.14379905, -0.47655398, -0.32293603), (0.12457305, -0.47989398, -0.32829702), (0.12258005, -0.500051, -0.32372302), (0.14401005, -0.48084596, -0.30706802), (0.12032005, -0.49437696, -0.31629303), (0.09090606, -0.602995, -0.31747007), (0.09451306, -0.579853, -0.31936505), (0.22503404, -0.47179893, -0.36409202), (0.14401005, -0.48084596, -0.30706802), (0.14304204, -0.47943997, -0.28671902), (0.17033404, -0.47591698, -0.28794503), (0.07271604, -0.46521497, -0.29299602), (0.024972042, -0.512286, -0.11047105), (0.035465047, -0.42872897, -0.37042102), (0.07317896, 0.34803197, 0.27834702), (0.06961796, 0.39490998, 0.26679504), (-0.0012490412, 0.707409, -0.27866194), (-0.0012630407, 0.700403, -0.27840695), (0.018146958, 0.705525, -0.28658095), (0.21938504, -0.47623494, -0.36353403), (0.22503404, -0.47179893, -0.36409202), (0.11089494, 0.615958, 0.28266805), (0.10191594, 0.646914, 0.27654105), (0.009956959, 0.701777, -0.28059894), (-0.0012630407, 0.700403, -0.27840695), (-0.11589102, -0.12544906, 0.492518), (-0.10574001, -0.10025103, 0.264041), (-0.13671607, 0.64748996, 0.48623607), (-0.12470006, 0.689628, 0.18257606), (-0.09284394, -0.601523, -0.29289407), (-0.091527954, -0.47921896, -0.27717704), (-0.054367945, -0.48882496, -0.40945202), (-0.0012630407, 0.700403, -0.27840695), (-0.10441406, 0.646914, 0.27654105), (0.12762697, 0.28057596, 0.27796602), (0.13109101, -0.205676, 0.122145995), (0.11334399, 0.02839599, 0.203654), (0.09680499, -0.078153014, 0.250777), (-0.0051690578, 0.746374, 0.030474065), (0.047135063, -0.731973, -0.15826206), (0.015328063, -0.747097, -0.14644006), (0.009983059, -0.702623, -0.13159306), (0.16225205, -0.48911998, -0.35939902), (0.12457305, -0.47989398, -0.32829702), (-0.15402204, 0.50712, 0.17734104), (-0.15335205, 0.49324796, 0.17239204), (-0.15336104, 0.541383, 0.20976004), (-0.15190004, 0.513727, 0.20834404), (-0.14929405, 0.49488097, 0.20632005), (-0.14517005, 0.45314097, 0.20036204), (-0.14245304, 0.44250298, 0.20163904), (-0.14084606, 0.553995, 0.24410805), (-0.13959305, 0.523493, 0.24224004), (-0.13173604, 0.49611098, 0.24556005), (-0.12341704, 0.45347896, 0.24364504), (-0.13433404, 0.45327297, 0.23151104), (-0.13803804, 0.43890896, 0.22227904), (-0.13317704, 0.42408898, 0.22136404), (-0.117008045, 0.41780898, 0.24441303), (-0.12526305, 0.43472698, 0.24272604), (-0.096699044, 0.40647697, 0.26038602), (-0.096537046, 0.42557997, 0.25043002), (-0.08019404, 0.41263396, 0.25994304), (-0.057601046, 0.42157897, 0.26663604), (-0.001249044, 0.42690197, 0.26903602), (-0.065223046, 0.45113596, 0.27744102), (-0.0012490465, 0.45676598, 0.27557603), (-0.096652046, 0.44857898, 0.26211902), (-0.11480005, 0.568331, 0.27035207), (-0.10542705, 0.530281, 0.27569607), (-0.10459005, 0.49414197, 0.27293602), (-0.07817705, 0.47819698, 0.28761002), (-0.064433046, 0.46987897, 0.28762603), (-0.08861005, 0.49254897, 0.28499702), (-0.08037705, 0.508146, 0.29341304), (-0.07529305, 0.538227, 0.29462406), (-0.07138905, 0.516041, 0.29456407), (-0.091006055, 0.561707, 0.29202506), (-0.07899405, 0.558495, 0.29762307), (-0.09712106, 0.574444, 0.28814605), (-0.09476506, 0.590098, 0.28987405), (-0.09094506, 0.598395, 0.29088005), (-0.0012490597, 0.628637, 0.27997407), (-0.071642056, 0.595955, 0.29730007), (-0.08130206, 0.599881, 0.29552907), (-0.0012490574, 0.591614, 0.29129606), (-0.06496106, 0.584884, 0.29947206), (-0.0012490537, 0.543018, 0.29382807), (-0.06913606, 0.567533, 0.30022705), (-0.07529305, 0.538227, 0.29462406), (-0.07899405, 0.558495, 0.29762307), (-0.05828005, 0.511409, 0.29918706), (-0.07138905, 0.516041, 0.29456407), (-0.0012490506, 0.502883, 0.28918302), (-0.049607053, 0.49813098, 0.29620603), (-0.05828005, 0.511409, 0.29918706), (-0.055414047, 0.47981298, 0.29439402), (-0.10249106, 0.693563, 0.24867806), (-0.07042107, 0.695145, 0.25133607), (-0.069194056, 0.664628, 0.26846305), (-0.06519007, 0.715163, 0.23324805), (-0.07042107, 0.695145, 0.25133607), (-0.09065907, 0.729612, 0.20907006), (-0.060729064, 0.733381, 0.20836006), (-0.08080307, 0.744917, 0.18191005), (-0.05377006, 0.746238, 0.17911907), (-0.07436606, 0.750687, 0.15154806), (-0.051654063, 0.753622, 0.15002306), (-0.07147006, 0.750358, 0.11523507), (-0.053285062, 0.752063, 0.11452707), (-0.06834806, 0.739376, 0.05423506), (-0.05450806, 0.742625, 0.054863058), (-0.07004305, 0.728951, 0.010118061), (-0.055509057, 0.735328, 0.009188062), (-0.05450806, 0.742625, 0.054863058), (-0.06896205, 0.726926, -0.02371094), (-0.054506052, 0.729848, -0.030383939), (-0.051913053, 0.730043, -0.069855936), (-0.001249052, 0.731277, -0.073768936), (-0.0012490537, 0.732508, -0.03481994), (-0.001249056, 0.737455, 0.007957065), (-0.0012490617, 0.75159, 0.11314607), (-0.053285062, 0.752063, 0.11452707), (-0.0012490632, 0.752407, 0.14556105), (-0.051654063, 0.753622, 0.15002306), (-0.0012490642, 0.747969, 0.17948906), (-0.05377006, 0.746238, 0.17911907), (-0.0012490643, 0.727755, 0.21476206), (-0.060729064, 0.733381, 0.20836006), (-0.0012490639, 0.711325, 0.23486806), (-0.06519007, 0.715163, 0.23324805), (-0.001249063, 0.688249, 0.25294307), (-0.0012490617, 0.66296, 0.26591206), (-0.07088406, 0.636436, 0.28097105), (-0.0012490588, 0.745932, 0.055790067), (-0.07004305, 0.728951, 0.010118061), (-0.08949306, 0.728486, 0.049696058), (-0.10343206, 0.735288, 0.11490606), (-0.10749106, 0.732162, 0.15469506), (-0.11017406, 0.723111, 0.18549906), (-0.11581606, 0.714555, 0.11325205), (-0.12180606, 0.701522, 0.15222307), (-0.04540405, 0.733173, -0.111173935), (-0.001249051, 0.734817, -0.10363393), (-0.08005405, 0.48370898, 0.31331003), (-0.070306055, 0.47780898, 0.31332102), (-0.087452054, 0.49388596, 0.31145602), (-0.08161305, 0.504947, 0.31742504), (-0.07524105, 0.510545, 0.31824103), (-0.06594405, 0.50726, 0.32152003), (-0.07524105, 0.510545, 0.31824103), (-0.05979305, 0.49784398, 0.31940502), (-0.06594405, 0.50726, 0.32152003), (-0.06391205, 0.48485497, 0.31812203), (-0.08915206, 0.569074, 0.31644106), (-0.08063306, 0.566797, 0.32041106), (-0.09348806, 0.578108, 0.31369105), (-0.09181706, 0.589207, 0.31491706), (-0.08910906, 0.595093, 0.31562907), (-0.08130206, 0.599881, 0.29552907), (-0.08226906, 0.596146, 0.31892505), (-0.07542006, 0.593362, 0.32018206), (-0.08226906, 0.596146, 0.31892505), (-0.07068106, 0.58551, 0.32172206), (-0.07364206, 0.573207, 0.32225907), (-0.07364206, 0.573207, 0.32225907), (-0.06328305, 0.48592097, 0.33277303), (-0.059264053, 0.49859196, 0.33402702), (-0.06526405, 0.507778, 0.33608803), (-0.06594405, 0.50726, 0.32152003), (-0.07433305, 0.510981, 0.33289203), (-0.080549054, 0.50552, 0.33209503), (-0.08624505, 0.49473098, 0.32627302), (-0.079028055, 0.48480198, 0.32808203), (-0.06952005, 0.47904897, 0.32809302), (-0.07959306, 0.569008, 0.33500805), (-0.07277406, 0.57526, 0.33680907), (-0.06988606, 0.587262, 0.33628607), (-0.07068106, 0.58551, 0.32172206), (-0.07450706, 0.59492, 0.33478406), (-0.07542006, 0.593362, 0.32018206), (-0.08118806, 0.597636, 0.33355907), (-0.08786006, 0.596609, 0.33034205), (-0.09050306, 0.590869, 0.32964706), (-0.09213306, 0.58004, 0.32845107), (-0.08790206, 0.571229, 0.33113605), (-0.072185054, 0.49592197, 0.34042302), (-0.08159406, 0.58318394, 0.34223607), (-0.10441406, 0.646914, 0.27654105), (0.15152396, 0.50712, 0.17734104), (0.15085396, 0.49324796, 0.17239204), (0.15086296, 0.541383, 0.20976004), (0.14940195, 0.513727, 0.20834404), (0.14679596, 0.49488097, 0.20632005), (0.14267196, 0.45314097, 0.20036204), (0.13995495, 0.44250298, 0.20163904), (0.13834794, 0.553995, 0.24410805), (0.13709496, 0.523493, 0.24224004), (0.12923795, 0.49611098, 0.24556005), (0.13183595, 0.45327297, 0.23151104), (0.13553995, 0.43890896, 0.22227904), (0.13067895, 0.42408898, 0.22136404), (0.11450896, 0.41780898, 0.24441303), (0.12276495, 0.43472698, 0.24272604), (0.12091895, 0.45347896, 0.24364504), (0.094200954, 0.40647697, 0.26038602), (0.094038956, 0.42557997, 0.25043002), (0.07769596, 0.41263396, 0.25994304), (0.055102956, 0.42157897, 0.26663604), (0.055102956, 0.42157897, 0.26663604), (0.062724955, 0.45113596, 0.27744102), (0.094153956, 0.44857898, 0.26211902), (0.112301946, 0.568331, 0.27035207), (0.10292895, 0.530281, 0.27569607), (0.102091946, 0.49414197, 0.27293602), (0.06193495, 0.46987897, 0.28762603), (0.075678945, 0.47819698, 0.28761002), (0.08611195, 0.49254897, 0.28499702), (0.077878945, 0.508146, 0.29341304), (0.068890944, 0.516041, 0.29456407), (0.07279495, 0.538227, 0.29462406), (0.076495945, 0.558495, 0.29762307), (0.08850795, 0.561707, 0.29202506), (0.09462294, 0.574444, 0.28814605), (0.09226694, 0.590098, 0.28987405), (0.08844694, 0.598395, 0.29088005), (0.068385944, 0.636436, 0.28097105), (0.07880394, 0.599881, 0.29552907), (0.06914394, 0.595955, 0.29730007), (0.062462945, 0.584884, 0.29947206), (0.06663794, 0.567533, 0.30022705), (0.076495945, 0.558495, 0.29762307), (0.07279495, 0.538227, 0.29462406), (0.068890944, 0.516041, 0.29456407), (0.05578195, 0.511409, 0.29918706), (0.04710895, 0.49813098, 0.29620603), (0.04710895, 0.49813098, 0.29620603), (0.052915953, 0.47981298, 0.29439402), (0.06193495, 0.46987897, 0.28762603), (0.06669594, 0.664628, 0.26846305), (0.067922935, 0.695145, 0.25133607), (0.062691934, 0.715163, 0.23324805), (0.058230937, 0.733381, 0.20836006), (0.08816093, 0.729612, 0.20907006), (0.051271938, 0.746238, 0.17911907), (0.07830493, 0.744917, 0.18191005), (0.049155936, 0.753622, 0.15002306), (0.07186794, 0.750687, 0.15154806), (0.05078694, 0.752063, 0.11452707), (0.06897194, 0.750358, 0.11523507), (0.05200994, 0.742625, 0.054863065), (0.06584994, 0.739376, 0.054235067), (0.053010944, 0.735328, 0.009188066), (0.067544945, 0.728951, 0.010118066), (0.052007947, 0.729848, -0.030383935), (0.08699494, 0.728486, 0.049696065), (0.10093394, 0.735288, 0.11490607), (0.10499294, 0.732162, 0.15469506), (0.10767594, 0.723111, 0.18549906), (0.113317944, 0.714555, 0.113252066), (0.11930794, 0.701522, 0.15222307), (0.06780795, 0.47780898, 0.31332102), (0.07755595, 0.48370898, 0.31331003), (0.08495395, 0.49388596, 0.31145602), (0.07911495, 0.504947, 0.31742504), (0.07274295, 0.510545, 0.31824103), (0.06344595, 0.50726, 0.32152003), (0.06344595, 0.50726, 0.32152003), (0.057294946, 0.49784398, 0.31940502), (0.057294946, 0.49784398, 0.31940502), (0.061413947, 0.48485497, 0.31812203), (0.052915953, 0.47981298, 0.29439402), (0.061413947, 0.48485497, 0.31812203), (0.07813494, 0.566797, 0.32041106), (0.08665394, 0.569074, 0.31644106), (0.09098994, 0.578108, 0.31369105), (0.08931894, 0.589207, 0.31491706), (0.08661094, 0.595093, 0.31562907), (0.07977094, 0.596146, 0.31892505), (0.07977094, 0.596146, 0.31892505), (0.07292194, 0.593362, 0.32018206), (0.06818294, 0.58551, 0.32172206), (0.07114394, 0.573207, 0.32225907), (0.06663794, 0.567533, 0.30022705), (0.07114394, 0.573207, 0.32225907), (0.057294946, 0.49784398, 0.31940502), (0.056765947, 0.49859196, 0.33402702), (0.060784947, 0.48592097, 0.33277303), (0.06344595, 0.50726, 0.32152003), (0.06276595, 0.507778, 0.33608803), (0.071834944, 0.510981, 0.33289203), (0.07805095, 0.50552, 0.33209503), (0.08374695, 0.49473098, 0.32627302), (0.07652995, 0.48480198, 0.32808203), (0.06702195, 0.47904897, 0.32809302), (0.07027594, 0.57526, 0.33680907), (0.07709494, 0.569008, 0.33500805), (0.06818294, 0.58551, 0.32172206), (0.06738794, 0.587262, 0.33628607), (0.07292194, 0.593362, 0.32018206), (0.07200894, 0.59492, 0.33478406), (0.07868994, 0.597636, 0.33355907), (0.08536194, 0.596609, 0.33034205), (0.08800494, 0.590869, 0.32964706), (0.08963494, 0.58004, 0.32845107), (0.08540394, 0.571229, 0.33113605), (0.06968695, 0.49592197, 0.34042302), (0.07909594, 0.58318394, 0.34223607), (0.08844694, 0.598395, 0.29088005), (0.012700938, 0.75571, 0.11929807), (0.010955939, 0.752039, 0.08647907), (0.014294936, 0.755412, 0.14951606), (-0.0012490506, 0.502883, 0.28918302), (-0.10172006, 0.667537, 0.26524505), (-0.07433305, 0.510981, 0.33289203), (-0.06988606, 0.587262, 0.33628607), (0.062724955, 0.45113596, 0.27744102), (-0.17607501, -0.14602706, 0.512151), (-0.17058101, -0.16453306, 0.50663), (-0.16942002, -0.15842105, 0.495087), (-0.19237702, -0.16294207, 0.534332), (-0.17864601, -0.18012506, 0.525698), (-0.19558601, -0.18112905, 0.558445), (-0.18931401, -0.19512406, 0.551666), (-0.18699601, -0.13814805, 0.541192), (-0.19082202, -0.14511506, 0.559375), (-0.17334202, -0.12949206, 0.517213), (-0.16884701, -0.13639607, 0.494081), (-0.16603701, -0.12324206, 0.501929), (-0.15804102, -0.17288107, 0.507392), (-0.15526602, -0.16786206, 0.492924), (-0.14111501, -0.17530906, 0.49632096), (-0.16724202, -0.11988906, 0.527432), (-0.17603602, -0.12842406, 0.548398), (-0.13736302, -0.114798054, 0.518414), (-0.16091502, -0.11623006, 0.510468), (-0.14554602, -0.15352605, 0.563804), (-0.14026001, -0.115858056, 0.53553), (-0.14481501, -0.13070706, 0.55771), (-0.13254501, -0.11064705, 0.499033), (-0.109743014, -0.13005106, 0.518714), (-0.11159501, -0.13187706, 0.540174), (-0.14026001, -0.115858056, 0.53553), (-0.10951602, -0.14154007, 0.554116), (-0.14481501, -0.13070706, 0.55771), (-0.111548014, -0.16102006, 0.558248), (-0.14554602, -0.15352605, 0.563804), (-0.116564006, -0.17952307, 0.5576), (-0.14859101, -0.17225206, 0.56364), (-0.12716702, -0.17060906, 0.49717698), (-0.14160301, -0.17830506, 0.506385), (-0.18006602, -0.20197205, 0.544487), (-0.16543202, -0.18535706, 0.524981), (-0.16164702, -0.21037605, 0.551937), (-0.15201901, -0.19256106, 0.527195), (-0.12717402, -0.20055406, 0.547931), (-0.12736101, -0.18978307, 0.526117), (-0.13089302, -0.17823206, 0.510012), (-0.10744501, -0.15042706, 0.507961), (-0.107772015, -0.15809806, 0.528965), (-0.14859101, -0.17225206, 0.56364), (-0.19843708, 0.6417409, 0.52034104), (-0.19294207, 0.6213439, 0.5148181), (-0.19178008, 0.62807995, 0.50327605), (-0.21473707, 0.62309694, 0.54252106), (-0.20100707, 0.60416096, 0.5338871), (-0.21794708, 0.6030539, 0.56663406), (-0.21167508, 0.5876299, 0.55985504), (-0.20935808, 0.65042293, 0.5493811), (-0.21318308, 0.64274395, 0.5675641), (-0.19570208, 0.65996194, 0.5254031), (-0.19120808, 0.65235496, 0.50227004), (-0.18839908, 0.66685295, 0.51011807), (-0.18040207, 0.61214393, 0.51558006), (-0.17762607, 0.61767495, 0.50111204), (-0.16347508, 0.6094679, 0.50451005), (-0.18960308, 0.67054695, 0.53562105), (-0.19839707, 0.66113895, 0.55658805), (-0.15972407, 0.6761559, 0.5266021), (-0.18327707, 0.67457795, 0.5186561), (-0.16790807, 0.63347393, 0.57199305), (-0.16262007, 0.6749889, 0.54371905), (-0.16717607, 0.65862393, 0.56589806), (-0.13825308, 0.6644179, 0.50070804), (-0.13210507, 0.6593459, 0.5269021), (-0.13395607, 0.6573349, 0.5483621), (-0.13187808, 0.64668393, 0.56230605), (-0.13390808, 0.62521696, 0.5664381), (-0.13892508, 0.60482496, 0.56578803), (-0.17095107, 0.6128379, 0.57183003), (-0.14952807, 0.61464894, 0.5053651), (-0.16396408, 0.60616696, 0.51457304), (-0.20242608, 0.58008397, 0.55267704), (-0.18779208, 0.59839493, 0.53317106), (-0.18400808, 0.57082295, 0.56012505), (-0.17438108, 0.59045494, 0.53538305), (-0.14953607, 0.5816469, 0.55612105), (-0.14972207, 0.59351695, 0.53430706), (-0.15325308, 0.60624796, 0.5181991), (-0.13671607, 0.64748996, 0.48623607), (-0.12980507, 0.63689095, 0.51615006), (-0.12980507, 0.63689095, 0.51615006), (-0.13013208, 0.62843597, 0.53715503), (-0.13013208, 0.62843597, 0.53715503), (-0.13892508, 0.60482496, 0.56578803), (-0.17095107, 0.6128379, 0.57183003), (-0.17095107, 0.6128379, 0.57183003), (0.16634898, -0.13639604, 0.494081), (0.16692199, -0.15842102, 0.495087), (0.16808298, -0.16453303, 0.50663), (0.17357698, -0.14602703, 0.512151), (0.17614798, -0.18012503, 0.525698), (0.18987899, -0.16294204, 0.534332), (0.18681599, -0.19512403, 0.551666), (0.19308798, -0.18112902, 0.558445), (0.18832399, -0.14511503, 0.559375), (0.18449798, -0.13814802, 0.541192), (0.17084399, -0.12949203, 0.517213), (0.16353899, -0.12324203, 0.501929), (0.16293399, -0.18535703, 0.524981), (0.15554298, -0.17288104, 0.507392), (0.15276799, -0.16786203, 0.492924), (0.15841699, -0.11623003, 0.510468), (0.17353699, -0.12842403, 0.548398), (0.16474399, -0.11988903, 0.527432), (0.13004698, -0.11064704, 0.499033), (0.14231698, -0.13070703, 0.55771), (0.13486499, -0.11479804, 0.518414), (0.13776198, -0.11585804, 0.53553), (0.13486499, -0.11479804, 0.518414), (0.10724498, -0.13005103, 0.518714), (0.13776198, -0.11585804, 0.53553), (0.10909698, -0.13187703, 0.540174), (0.14231698, -0.13070703, 0.55771), (0.10701799, -0.14154004, 0.554116), (0.14304799, -0.15352602, 0.563804), (0.10904998, -0.16102003, 0.558248), (0.14609298, -0.17225203, 0.56364), (0.13861698, -0.17530903, 0.49632096), (0.13910499, -0.17830503, 0.506385), (0.17756799, -0.20197202, 0.544487), (0.14952098, -0.19256103, 0.527195), (0.15914899, -0.21037602, 0.551937), (0.12486199, -0.18978304, 0.526117), (0.12839499, -0.17823203, 0.510012), (0.10494699, -0.15042703, 0.507961), (0.12466899, -0.17060903, 0.49717698), (0.105273984, -0.15809803, 0.528965), (0.10701799, -0.14154004, 0.554116), (0.10904998, -0.16102003, 0.558248), (0.11406599, -0.17952304, 0.5576), (0.12467599, -0.20055403, 0.547931), (0.18870993, 0.65235496, 0.50227004), (0.18928193, 0.62807995, 0.50327605), (0.19044392, 0.6213439, 0.5148181), (0.19593893, 0.6417409, 0.52034104), (0.19850892, 0.60416096, 0.5338871), (0.21223892, 0.62309694, 0.54252106), (0.20917693, 0.5876299, 0.55985504), (0.21544893, 0.6030539, 0.56663406), (0.21068393, 0.64274395, 0.5675641), (0.20685993, 0.65042293, 0.5493811), (0.19320393, 0.65996194, 0.5254031), (0.18590093, 0.66685295, 0.51011807), (0.18529393, 0.59839493, 0.53317106), (0.17790392, 0.61214393, 0.51558006), (0.17512792, 0.61767495, 0.50111204), (0.18077892, 0.67457795, 0.5186561), (0.19589892, 0.66113895, 0.55658805), (0.18710493, 0.67054695, 0.53562105), (0.16467793, 0.65862393, 0.56589806), (0.15722592, 0.6761559, 0.5266021), (0.16012193, 0.6749889, 0.54371905), (0.12960693, 0.6593459, 0.5269021), (0.13145792, 0.6573349, 0.5483621), (0.12937993, 0.64668393, 0.56230605), (0.16540992, 0.63347393, 0.57199305), (0.13140993, 0.62521696, 0.5664381), (0.16845292, 0.6128379, 0.57183003), (0.16097693, 0.6094679, 0.50451005), (0.16146593, 0.60616696, 0.51457304), (0.19992793, 0.58008397, 0.55267704), (0.17188293, 0.59045494, 0.53538305), (0.18150993, 0.57082295, 0.56012505), (0.14722392, 0.59351695, 0.53430706), (0.15075493, 0.60624796, 0.5181991), (0.12960693, 0.6593459, 0.5269021), (0.12730692, 0.63689095, 0.51615006), (0.14702992, 0.61464894, 0.5053651), (0.13145792, 0.6573349, 0.5483621), (0.12763393, 0.62843597, 0.53715503), (0.12937993, 0.64668393, 0.56230605), (0.13140993, 0.62521696, 0.5664381), (0.13642693, 0.60482496, 0.56578803), (0.14703792, 0.5816469, 0.55612105), (0.16845292, 0.6128379, 0.57183003), (0.21544893, 0.6030539, 0.56663406), (-0.13736302, -0.114798054, 0.518414), (-0.16790807, 0.63347393, 0.57199305), (0.17353699, -0.12842403, 0.548398), (0.14609298, -0.17225203, 0.56364), (0.16845292, 0.6128379, 0.57183003), (-0.09776494, -0.601412, -0.30201906), (-0.09653694, -0.605804, -0.30046707), (-0.09443694, -0.605856, -0.30749005), (-0.09345594, -0.60871, -0.30300605), (-0.10006894, -0.597055, -0.30657905), (-0.09861894, -0.601396, -0.30790704), (-0.013926935, -0.75439, -0.15907405), (-0.0010759364, -0.750329, -0.16098106), (-0.021433936, -0.75138, -0.15548205), (-0.034405936, -0.732322, -0.15098506), (-0.021433936, -0.75138, -0.15548205), (-0.03711694, -0.71934, -0.14986005), (-0.027163934, -0.754097, -0.18636006), (-0.030691935, -0.745407, -0.19253007), (-0.034290936, -0.739548, -0.19864206), (-0.029735934, -0.746844, -0.18805106), (-0.03962294, -0.703419, -0.15014806), (-0.013926935, -0.75439, -0.15907405), (-0.0010759364, -0.750329, -0.16098106), (0.09757106, -0.597055, -0.30657905), (0.09612106, -0.601396, -0.30790704), (0.09095806, -0.60871, -0.30300605), (0.09403906, -0.605804, -0.30046707), (0.09526706, -0.601412, -0.30201906), (0.09193906, -0.605856, -0.30749005), (0.011429064, -0.75439, -0.15907405), (0.018936064, -0.75138, -0.15548205), (0.031908065, -0.732322, -0.15098506), (0.024666065, -0.754097, -0.18636006), (0.027238065, -0.746844, -0.18805106), (0.03179306, -0.739548, -0.19864206), (0.028194064, -0.745407, -0.19253007), (0.03461906, -0.71934, -0.14986005), (0.03712506, -0.703419, -0.15014806), (0.011429064, -0.75439, -0.15907405), (0.018936064, -0.75138, -0.15548205), (-0.07534994, -0.5099229, -0.40709603), (-0.07782594, -0.51994497, -0.39860007), (-0.09515394, -0.51235497, -0.41184905), (-0.07864795, -0.49115196, -0.41321504), (-0.09621494, -0.52235395, -0.40327406), (-0.11345494, -0.52054393, -0.41939807), (-0.09429694, -0.49940297, -0.41760603), (-0.11017694, -0.5307009, -0.41040307), (-0.12039894, -0.52899796, -0.42437005), (-0.11438594, -0.51191294, -0.42241406), (-0.118553944, -0.53770494, -0.41551805), (-0.12771694, -0.54180497, -0.42652106), (-0.12437394, -0.52171195, -0.42625606), (-0.12403294, -0.54619294, -0.42034805), (-0.07920094, -0.5256279, -0.38574305), (-0.10026294, -0.52514195, -0.39210406), (-0.11278794, -0.53205097, -0.39904305), (-0.12121094, -0.53763694, -0.40274307), (-0.12561993, -0.54903597, -0.40461805), (-0.12838294, -0.56194896, -0.40917307), (-0.12707195, -0.55909795, -0.42202905), (-0.13063094, -0.5575469, -0.42960507), (-0.13026494, -0.53596795, -0.42820805), (-0.12830395, -0.5705649, -0.41033205), (-0.12712894, -0.57348895, -0.42254207), (-0.13225494, -0.5704839, -0.42853507), (-0.13606894, -0.55600494, -0.43303707), (-0.12549195, -0.58502394, -0.41273907), (-0.12584694, -0.5850219, -0.42379907), (-0.13639294, -0.58189195, -0.43299305), (-0.12954794, -0.5835229, -0.42960307), (-0.12314694, -0.6282619, -0.43448704), (-0.08514695, -0.52548194, -0.36896005), (-0.11955294, -0.5304719, -0.38814905), (-0.10023794, -0.5251349, -0.37764806), (-0.108646944, -0.50624096, -0.37561104), (-0.092115946, -0.50520396, -0.36678904), (-0.12692794, -0.5159059, -0.38315406), (-0.12343594, -0.54046994, -0.39572304), (-0.13664494, -0.5257679, -0.38981405), (-0.12692794, -0.5159059, -0.38315406), (-0.11955294, -0.5304719, -0.38814905), (-0.12620895, -0.55043596, -0.39886507), (-0.13507994, -0.54303193, -0.39541805), (-0.12343594, -0.54046994, -0.39572304), (-0.13057394, -0.56331193, -0.40215304), (-0.14069194, -0.56307596, -0.40165207), (-0.12620895, -0.55043596, -0.39886507), (-0.13912994, -0.57461697, -0.40445107), (-0.13057394, -0.56331193, -0.40215304), (-0.13767594, -0.5905159, -0.40838307), (-0.13190494, -0.57189393, -0.40379405), (-0.13190494, -0.57189393, -0.40379405), (-0.13055694, -0.58631796, -0.40633607), (-0.14878194, -0.53410494, -0.40109307), (-0.14745894, -0.5758969, -0.40791407), (-0.14924894, -0.55998695, -0.40248707), (-0.14136694, -0.51127195, -0.39753804), (-0.13000494, -0.49714097, -0.39215404), (-0.10635695, -0.48612598, -0.37977102), (-0.108646944, -0.50624096, -0.37561104), (-0.09828295, -0.48630998, -0.37324104), (-0.092115946, -0.50520396, -0.36678904), (-0.13767594, -0.5905159, -0.40838307), (-0.14178094, -0.59472996, -0.41150606), (-0.14668193, -0.59031296, -0.41883406), (-0.15086395, -0.57146096, -0.41650906), (-0.15512794, -0.55266196, -0.41468605), (-0.15182494, -0.5282629, -0.41295505), (-0.14177294, -0.50979495, -0.40771103), (-0.12896794, -0.49428198, -0.40219304), (-0.10231195, -0.47761396, -0.38953304), (-0.14354093, -0.50975996, -0.41943502), (-0.12768994, -0.49284598, -0.41504803), (-0.15071894, -0.52829295, -0.42440006), (-0.15693094, -0.5540999, -0.42640707), (-0.103938945, -0.47758397, -0.40272304), (-0.09093895, -0.47498697, -0.38701904), (-0.08675495, -0.47220296, -0.39959604), (-0.15438694, -0.57427394, -0.42504206), (-0.14862494, -0.59168994, -0.42857605), (-0.07907195, -0.47957996, -0.40606204), (-0.14012994, -0.5285419, -0.42918205), (-0.14904495, -0.55281395, -0.43287605), (-0.13129795, -0.51152194, -0.42695206), (-0.11983294, -0.49881196, -0.42297804), (-0.098546945, -0.48349598, -0.41516003), (-0.14920294, -0.57150894, -0.43284407), (-0.13750294, -0.5689479, -0.43313006), (-0.14365093, -0.58603096, -0.43364906), (-0.13055694, -0.58631796, -0.40633607), (-0.13055694, -0.58631796, -0.40633607), (0.07615105, -0.49115196, -0.41321504), (0.07285206, -0.5099229, -0.40709603), (0.09179906, -0.49940297, -0.41760603), (0.09265606, -0.51235497, -0.41184905), (0.07532806, -0.51994497, -0.39860007), (0.11188806, -0.51191294, -0.42241406), (0.11095706, -0.52054393, -0.41939807), (0.09371706, -0.52235395, -0.40327406), (0.12187606, -0.52171195, -0.42625606), (0.10767906, -0.5307009, -0.41040307), (0.11605606, -0.53770494, -0.41551805), (0.12776706, -0.53596795, -0.42820805), (0.11790106, -0.52899796, -0.42437005), (0.12153506, -0.54619294, -0.42034805), (0.07670306, -0.5256279, -0.38574305), (0.09776506, -0.52514195, -0.39210406), (0.11029006, -0.53205097, -0.39904305), (0.11871306, -0.53763694, -0.40274307), (0.12457406, -0.55909795, -0.42202905), (0.12312206, -0.54903597, -0.40461805), (0.12813306, -0.5575469, -0.42960507), (0.12522006, -0.54180497, -0.42652106), (0.13357206, -0.55600494, -0.43303707), (0.12463106, -0.57348895, -0.42254207), (0.12588505, -0.56194896, -0.40917307), (0.12975806, -0.5704839, -0.42853507), (0.13500506, -0.5689479, -0.43313006), (0.12334906, -0.5850219, -0.42379907), (0.12580606, -0.5705649, -0.41033205), (0.12705006, -0.5835229, -0.42960307), (0.12064907, -0.6282619, -0.43448704), (0.13389505, -0.58189195, -0.43299305), (0.12299406, -0.58502394, -0.41273907), (0.08264905, -0.52548194, -0.36896005), (0.09774006, -0.5251349, -0.37764806), (0.08961805, -0.50520396, -0.36678904), (0.11705606, -0.5304719, -0.38814905), (0.106149055, -0.50624096, -0.37561104), (0.12093806, -0.54046994, -0.39572304), (0.12443005, -0.5159059, -0.38315406), (0.12371106, -0.55043596, -0.39886507), (0.13414706, -0.5257679, -0.38981405), (0.12807606, -0.56331193, -0.40215304), (0.13258205, -0.54303193, -0.39541805), (0.12940706, -0.57189393, -0.40379405), (0.13819405, -0.56307596, -0.40165207), (0.12805906, -0.58631796, -0.40633607), (0.12940706, -0.57189393, -0.40379405), (0.13663206, -0.57461697, -0.40445107), (0.14675106, -0.55998695, -0.40248707), (0.13819405, -0.56307596, -0.40165207), (0.13258205, -0.54303193, -0.39541805), (0.14496106, -0.5758969, -0.40791407), (0.13928306, -0.59472996, -0.41150606), (0.13517806, -0.5905159, -0.40838307), (0.13414706, -0.5257679, -0.38981405), (0.13886906, -0.51127195, -0.39753804), (0.12443005, -0.5159059, -0.38315406), (0.12750706, -0.49714097, -0.39215404), (0.106149055, -0.50624096, -0.37561104), (0.10385905, -0.48612598, -0.37977102), (0.08961805, -0.50520396, -0.36678904), (0.09578605, -0.48630998, -0.37324104), (0.13517806, -0.5905159, -0.40838307), (0.14836606, -0.57146096, -0.41650906), (0.14418405, -0.59031296, -0.41883406), (0.15263006, -0.55266196, -0.41468605), (0.14628406, -0.53410494, -0.40109307), (0.14932705, -0.5282629, -0.41295505), (0.13927506, -0.50979495, -0.40771103), (0.12647006, -0.49428198, -0.40219304), (0.09981405, -0.47761396, -0.38953304), (0.08844105, -0.47498697, -0.38701904), (0.12519206, -0.49284598, -0.41504803), (0.14104307, -0.50975996, -0.41943502), (0.14822106, -0.52829295, -0.42440006), (0.15443306, -0.5540999, -0.42640707), (0.101441056, -0.47758397, -0.40272304), (0.08425705, -0.47220296, -0.39959604), (0.15188906, -0.57427394, -0.42504206), (0.14612706, -0.59168994, -0.42857605), (0.07657405, -0.47957996, -0.40606204), (0.14654706, -0.55281395, -0.43287605), (0.13763206, -0.5285419, -0.42918205), (0.12880006, -0.51152194, -0.42695206), (0.11733506, -0.49881196, -0.42297804), (0.096049055, -0.48349598, -0.41516003), (0.14670506, -0.57150894, -0.43284407), (0.14115305, -0.58603096, -0.43364906), (0.12805906, -0.58631796, -0.40633607), (0.12805906, -0.58631796, -0.40633607), (-0.13055694, -0.58631796, -0.40633607), (0.014004936, 0.760381, 0.13652205), (0.012199938, 0.762138, 0.08755807), (0.016237935, 0.761057, 0.17940606), (0.011063936, 0.750479, 0.17916206), (0.014633933, 0.762627, 0.21485506), (0.0077489354, 0.746255, 0.19520706), (0.011579931, 0.775197, 0.24480008), (-0.017671065, 0.737172, 0.22220705), (0.011579931, 0.775197, 0.24480008), (0.0077489354, 0.746255, 0.19520706), (-0.019379066, 0.753081, 0.25021905), (0.0015219286, 0.7857, 0.27509806), (-0.01920207, 0.775959, 0.28083506), (0.0088619385, 0.768159, 0.08501007), (0.014365936, 0.772397, 0.12544407), (0.017046934, 0.778284, 0.15414907), (0.022087933, 0.784787, 0.19821608), (0.022218931, 0.789416, 0.23367907), (0.019256927, 0.805354, 0.26091307), (0.0015219286, 0.7857, 0.27509806), (0.0015219286, 0.7857, 0.27509806), (0.017655926, 0.819813, 0.28869507), (0.019256927, 0.805354, 0.26091307), (0.013159934, 0.787364, 0.12260006), (0.007493938, 0.774404, 0.081975065), (0.020906933, 0.79505, 0.15138008), (0.02459293, 0.798935, 0.18376008), (0.023004929, 0.805915, 0.22208807), (0.024845926, 0.82723, 0.26372707), (0.023153923, 0.835605, 0.30227605), (0.024845926, 0.82723, 0.26372707), (0.014371933, 0.799503, 0.12929508), (0.011004937, 0.786615, 0.098730065), (0.020197932, 0.807623, 0.16387908), (0.01774993, 0.823289, 0.19307408), (0.022539925, 0.831922, 0.25117806), (0.026712924, 0.849799, 0.29709405), (0.022539925, 0.831922, 0.25117806), (0.016145933, 0.814077, 0.14883907), (0.0046269363, 0.792325, 0.08730507), (0.009747928, 0.838764, 0.19293408), (0.016303927, 0.839004, 0.23151408), (0.022403924, 0.851682, 0.27411506), (0.029114923, 0.866727, 0.30205908), (0.001319932, 0.82064, 0.13752808), (-0.003517064, 0.799066, 0.08705207), (0.0022229285, 0.839739, 0.18328008), (0.0077099246, 0.855473, 0.24334008), (0.019337922, 0.869679, 0.2879431), (0.02859892, 0.873095, 0.3167991), (-0.027835067, 0.809667, 0.13767707), (-0.024112063, 0.790654, 0.08446207), (-0.017618071, 0.836978, 0.18238607), (-0.024161072, 0.842704, 0.22597007), (-0.008108077, 0.85508, 0.2660501), (0.0059259213, 0.863861, 0.3093541), (-0.036438067, 0.801079, 0.15122108), (-0.026921064, 0.788871, 0.09440906), (-0.04328507, 0.820557, 0.20949207), (-0.035056073, 0.834714, 0.26226807), (-0.016964076, 0.845912, 0.28277406), (0.0026879217, 0.858259, 0.3061851), (-0.04674807, 0.790026, 0.17010908), (-0.032272063, 0.783062, 0.11916207), (-0.046192072, 0.803182, 0.21618907), (-0.038757075, 0.814446, 0.25926706), (-0.023380075, 0.8306, 0.28424305), (0.002694922, 0.853496, 0.3086741), (-0.024750063, 0.762448, 0.11449507), (-0.039090067, 0.767972, 0.16516508), (-0.043701068, 0.774684, 0.19470307), (-0.044573072, 0.80295, 0.24636808), (-0.030343072, 0.79943, 0.27521607), (-0.0077500744, 0.814751, 0.29937607), (0.0014739237, 0.833232, 0.30715606), (-0.0068960604, 0.735193, 0.119573064), (-0.0068960604, 0.735193, 0.119573064), (0.0077489354, 0.746255, 0.19520706), (0.0015219286, 0.7857, 0.27509806), (0.017655926, 0.819813, 0.28869507), (0.023153923, 0.835605, 0.30227605), (0.026712924, 0.849799, 0.29709405), (0.029114923, 0.866727, 0.30205908)]
        texCoord2f[] primvars:st = [(2.3586156, 0.019636123), (2.3069694, 0.1449523), (2.3544297, 0.13903429), (2.319952, -0.08493061), (2.266537, -0.036145497), (2.2827103, -0.20768625), (2.3675358, -0.15385191), (2.3303874, -0.27543464), (2.4057167, -0.047524665), (2.3920677, 0.12110856), (2.4203627, 0.04876311), (2.447833, -0.010031506), (2.4428248, -0.15717247), (2.4984782, -0.12796128), (2.4658985, -0.24795838), (2.4906461, -0.2831515), (2.4655273, -0.36300835), (2.4298742, -0.3085128), (2.4385881, -0.41606712), (2.407432, -0.4407997), (2.3798347, -0.33370486), (2.4057314, -0.20024957), (2.2908998, -0.36720634), (2.3768427, -0.4526404), (2.3361368, -0.50346917), (2.409827, -0.5392893), (2.3829744, -0.5324191), (2.432079, -0.50228167), (2.457018, -0.46544123), (2.478293, -0.43950385), (2.4966147, -0.3798711), (2.5247014, -0.29677132), (2.578841, -0.19003563), (2.3989892, -0.62457585), (2.3675935, -0.6329306), (2.4269552, -0.59601206), (2.4518023, -0.5556115), (2.4748256, -0.5159075), (2.496828, -0.47305876), (2.5223918, -0.42341244), (2.558125, -0.37534103), (2.6037383, -0.36095268), (2.4203527, -0.70312953), (2.3852072, -0.7429781), (2.4477832, -0.6507418), (2.4713032, -0.6029227), (2.4929516, -0.5586361), (2.5149744, -0.52078384), (2.541574, -0.49430022), (2.5743544, -0.48625883), (2.6164067, -0.49930754), (2.1176286, -0.50062156), (2.1345007, -0.27719903), (2.1897247, -0.4201963), (2.1831017, -0.6763571), (2.258512, -0.5301004), (2.243697, -0.31770596), (2.1957502, -0.21551849), (2.2404072, -0.16349493), (2.2102242, -0.03958786), (2.2980633, -0.6433252), (2.3331814, -0.76013976), (2.3746397, -0.8877099), (2.3378394, -0.97211516), (2.299068, -0.91658276), (2.2627208, -0.7783453), (2.1484613, 1.9759662), (2.1610937, 1.9929823), (2.185211, 1.9456218), (2.127589, 2.052168), (2.182124, 1.9970458), (2.2131548, 1.9382445), (2.2177372, 1.8966993), (2.186996, 1.8706243), (2.2459576, 1.8406441), (2.2600718, 1.7857502), (2.273166, 1.7107213), (2.2849207, 1.7433912), (2.3000953, 1.7158222), (2.3354342, 1.647598), (2.3209102, 1.594873), (2.3059454, 1.7607825), (2.3681352, 1.6604391), (2.2561476, 1.8870176), (2.2230961, 1.9633967), (2.2007706, 2.0274518), (2.1614418, 2.0566704), (2.1682556, 2.0880504), (2.2055995, 2.0911741), (2.26147, 1.9652807), (2.3208253, 1.8392467), (2.3741353, 1.7207297), (2.4213238, 1.608068), (2.4002526, 1.562721), (2.3866723, 1.7868835), (2.4365854, 1.665228), (2.3343353, 1.9091798), (2.2824392, 2.0320206), (2.2326415, 2.1488004), (2.7197719, 0.6434426), (2.7085726, 0.60813373), (2.707812, 0.67150617), (2.718695, 0.42340466), (2.7124875, 0.37098494), (2.7083516, 0.46394342), (2.723479, 0.3561649), (2.7169724, 0.29540375), (2.7243388, 0.7224103), (2.7156885, 0.7111307), (2.7356536, 0.7423416), (2.7291656, 0.68345755), (2.7352386, 0.6769325), (2.7274048, 0.43511307), (2.730863, 0.37896225), (2.7017379, 0.54975885), (2.714475, 0.55352676), (2.7267303, 0.7824685), (2.7385693, 0.70037246), (2.729164, 0.8190038), (2.7322984, 0.7841878), (2.7214313, 0.8170688), (2.7255223, 0.82090366), (2.718107, 0.7710377), (2.7076945, 0.74684966), (2.7118385, 0.84575105), (2.7208726, 0.49051473), (2.7291214, 0.5019873), (2.7260141, 0.5645876), (2.730226, 0.63174844), (2.7316704, 0.30800828), (2.7247653, 0.28077942), (2.7245471, 0.8649422), (2.736581, 0.15848275), (2.7296138, 0.21127583), (2.7363007, 0.24456123), (2.7320452, 0.09992909), (2.7225926, 0.15384096), (2.7212207, 0.23281054), (2.7181933, 0.92079747), (1.5397732, 2.6279106), (1.4860135, 2.7023785), (1.6415105, 2.672586), (1.4042552, 2.6881979), (1.350725, 2.7707336), (1.257504, 2.7450328), (1.1977364, 2.832232), (1.1206692, 2.8282428), (1.0780933, 2.8961053), (0.9810043, 2.9068913), (0.98174065, 2.9571433), (0.49550018, 3.143857), (0.6195629, 3.1361852), (0.71146834, 3.087618), (0.6732373, 3.0645237), (0.6903376, 3.0208123), (0.5438054, 3.0820394), (1.272536, 2.8907397), (1.1360645, 2.940404), (1.179983, 2.9614747), (1.2448832, 2.858244), (1.1405395, 2.896137), (1.0472113, 2.9524555), (1.006923, 3.007524), (1.0608904, 3.0111887), (0.9376651, 3.0115752), (0.8611785, 3.0117013), (0.8991108, 3.0609624), (0.95569146, 3.059426), (0.823119, 3.0686908), (1.3973047, 2.85412), (1.3042122, 2.9105105), (1.3776869, 2.8205009), (1.4981866, 2.7522073), (1.5093347, 2.799243), (1.5124375, 2.8302722), (1.4125932, 2.8751738), (1.5046338, 2.850463), (1.6449636, 2.7907748), (1.6295878, 2.747755), (0.59095263, 3.1947398), (0.5378661, 3.1902673), (0.5452609, 3.1954973), (0.49513194, 3.1953998), (0.57047975, 3.1780705), (0.48618326, 3.1865864), (0.6410925, 3.1727896), (0.63366985, 3.1931555), (0.7015312, 3.1680303), (0.5300939, 3.1665502), (0.36636594, 3.1921177), (0.41206414, 3.1936493), (0.6331451, 3.1539094), (0.71310246, 3.1442087), (0.77836835, 3.1378336), (0.71824145, 3.1181538), (0.80048543, 3.1068447), (0.8637717, 3.1009781), (0.76597726, 3.039752), (2.6959043, 0.276538), (2.6770341, 0.36556378), (2.6987433, 0.3778518), (2.678929, 0.21954142), (2.6519947, 0.29300585), (2.6577137, 0.13295218), (2.6221042, 0.22370398), (2.6237133, 0.017614603), (2.5859551, 0.18379459), (2.6982858, 0.6220109), (2.695866, 0.6969309), (2.6845155, 0.6355891), (2.6800525, 0.7209965), (2.6654544, 0.6438134), (2.6580005, 0.74594945), (2.6376438, 0.6510078), (2.6260457, 0.7784544), (2.593526, 0.66004795), (2.6954904, 0.78384006), (2.6791546, 0.8187454), (2.657034, 0.8611054), (2.6238854, 0.9162359), (2.582159, 0.8340384), (2.6966827, 0.87259316), (2.6856058, 0.9264489), (2.6667979, 0.9786752), (2.6338816, 1.050655), (2.573773, 0.9920088), (2.709635, 0.98674095), (2.702103, 1.0385164), (2.6960838, 1.0766987), (2.6817522, 1.1589775), (2.5574949, 1.179364), (2.7073126, 0.30872673), (2.5860975, 0.33164147), (2.621337, 0.38290355), (2.6892126, 0.4806878), (2.6504803, 0.43268538), (2.6901321, 0.56959397), (2.6249328, 0.5274656), (2.5877666, 0.48809847), (2.6544569, 0.54882383), (2.6758769, 0.55945486), (2.6697607, 0.4775535), (2.5905008, 1.3106874), (2.6701367, 1.2188163), (2.7147734, -0.06572686), (2.702858, -0.15451273), (2.6972644, -0.1921028), (2.71964, -0.024848225), (2.7011564, -0.030087562), (2.7113554, 0.22258931), (2.6996772, 0.16454552), (2.713774, 0.12592298), (2.7255764, 0.0302631), (2.708201, 0.058307666), (2.676754, -0.31490034), (2.6716614, -0.34259787), (2.687444, -0.25344124), (2.676782, -0.040420257), (2.687614, 0.08414457), (2.4813716, 0.092955664), (2.5467527, 0.070446864), (2.5010245, 0.24241087), (2.5467532, 0.275841), (2.5068092, 0.39140382), (2.5478072, 0.43505058), (2.5068984, 0.53244823), (2.5474246, 0.5901327), (2.5017576, 0.6752591), (2.5414932, 0.7484737), (2.4897642, 0.8230697), (2.528862, 0.90645814), (2.4699056, 0.97649115), (2.5107062, 1.0623425), (2.446486, 1.1278582), (2.4343503, 0.1316953), (2.4533246, 0.251953), (2.4653146, 0.37241828), (2.4684548, 0.49001768), (2.4647613, 0.6120685), (2.4555254, 0.7440356), (2.4358952, 0.8858547), (2.401991, 1.0510213), (2.4069476, 0.28582746), (2.4313548, 0.5594451), (2.4209387, 0.6703898), (2.4323416, 0.47208044), (2.4261312, 0.38680676), (2.3769054, 0.92245877), (2.4156775, 0.79604703), (0.7860699, -1.9054724), (0.74213177, -1.7784908), (0.87332606, -1.7530416), (0.96035224, -1.8618587), (1.0232178, -1.6576861), (1.1447338, -1.7953231), (1.209292, -1.560924), (1.332844, -1.715056), (1.3797728, -1.4698219), (1.5031618, -1.6269567), (1.5294169, -1.3817686), (1.6455371, -1.5373204), (1.658214, -1.2982954), (1.762696, -1.4529228), (1.7690659, -1.2206246), (1.8622683, -1.3773075), (1.8670346, -1.1453314), (1.9496439, -1.3102691), (1.9567157, -1.083467), (2.025617, -1.2487767), (2.0353165, -1.046491), (2.079489, -1.189406), (2.102482, -1.0433908), (2.1322079, -1.2178862), (2.1639037, -1.0710708), (2.1857772, -1.2462963), (2.2190206, -1.1168315), (2.2337723, -1.2885884), (2.2656095, -1.1745232), (0.6641219, -2.064149), (0.86321765, -2.0340543), (0.7640273, -2.1812074), (2.2054777, -1.4135578), (2.2510777, -1.4448755), (2.2310307, -1.566957), (2.1592305, -1.3665615), (2.1709363, -1.564606), (2.1010332, -1.3871413), (2.030511, -1.4689927), (2.1079986, -1.6442584), (1.9545722, -1.5291029), (2.0438163, -1.6843609), (1.8692793, -1.5956141), (1.9721358, -1.7269852), (1.7699434, -1.6765282), (1.8944571, -1.7980504), (1.6466092, -1.7725347), (1.8015047, -1.886461), (1.4790225, -1.8660722), (1.6805639, -2.0187988), (1.2710905, -1.9478037), (1.4372305, -2.0836847), (1.0582719, -2.0035553), (1.1642163, -2.1888592), (0.9352415, -2.1647115), (2.301156, -1.0734991), (2.2590053, -0.997132), (1.0898045, -1.4036591), (0.84394515, -1.548645), (0.9925409, -1.2056334), (1.269861, -1.303672), (1.1741343, -1.1213825), (1.4239237, -1.2148353), (1.3295466, -1.0384045), (1.559872, -1.1310537), (1.4682877, -0.95483017), (1.679246, -1.0560787), (1.5965439, -0.8726048), (1.7828674, -0.98531497), (1.7070951, -0.8217007), (1.8800017, -0.88723177), (1.7936112, -0.77472526), (1.8526591, -0.6913163), (1.9241607, -0.6672739), (1.9813863, -0.855703), (2.0649405, -0.85335165), (2.0249052, -0.59046316), (2.1378462, -0.8781579), (2.105979, -0.7005479), (2.2046478, -0.92030644), (2.2746224, -1.3325881), (1.7995898, -0.5994182), (1.8651723, -0.5253833), (1.9384243, -0.4488815), (2.0630763, -0.33441812), (1.9973826, -0.3542448), (1.6508616, -0.5768468), (1.7265897, -0.35057545), (1.7439156, -0.52192605), (2.2322314, 0.13459416), (2.169484, 0.11705324), (2.1027699, 0.09540024), (2.1506982, -0.073006675), (2.0300112, 0.056608755), (2.0838313, -0.11649692), (1.9542009, -0.002410207), (2.0132744, -0.16403255), (1.8771538, -0.08945311), (1.9432786, -0.23048653), (1.8007096, -0.20579538), (1.8720564, -0.3207982), (1.8019097, -0.42118007), (1.7390379, -0.6594143), (1.1007518, -0.91553646), (1.2508982, -0.8517892), (1.385381, -0.7772472), (1.512375, -0.6886905), (2.3080254, 0.37780085), (2.3579688, 0.2705619), (1.3190248, -0.60001886), (1.4317693, -0.5247888), (1.5400769, -0.41966808), (1.6364642, -0.2707901), (1.7184622, -0.10271804), (1.7984929, 0.053353503), (1.8821642, 0.1721115), (1.9666004, 0.2427044), (2.0469763, 0.28578374), (2.1243687, 0.30329788), (2.1878548, 0.28230864), (2.243657, 0.3394218), (2.3682745, 0.55240744), (2.2523634, 0.57968515), (1.2777402, -0.41838807), (1.3719032, -0.3697873), (2.160848, 0.51677674), (2.0636303, 0.5210391), (1.9776629, 0.49439365), (1.8897077, 0.44863057), (1.7851881, 0.3794329), (1.7058775, 0.16741893), (1.6278166, -0.0069813463), (1.5442057, -0.16275841), (1.4592375, -0.2884354), (1.3597872, 0.11597855), (1.2250187, 0.5993452), (1.3733566, 0.7118865), (1.5308182, 0.46571785), (1.4720364, 0.88738036), (1.6004322, 0.7378774), (1.5395937, 1.029019), (1.6385515, 0.89637744), (1.6079133, 1.1097745), (1.7131822, 0.9125473), (1.6880245, 1.1508702), (1.7985966, 0.93872976), (1.7724485, 1.1829814), (1.884197, 0.9691749), (1.857073, 1.2126063), (1.9690721, 0.9996178), (1.9399701, 1.2431371), (2.052636, 1.0348666), (2.018692, 1.2794058), (2.1320233, 1.0852873), (2.0884264, 1.3265543), (2.1932404, 1.1697587), (2.1449351, 1.3804251), (2.222546, 1.2668155), (2.1962092, 1.4201082), (2.2719393, 1.2845615), (2.2481034, 1.4457133), (2.318118, 1.3256902), (2.2967944, 1.4698479), (2.3619013, 1.3627446), (2.3398886, 1.4919777), (2.4019618, 1.3995445), (2.373357, 1.5235698), (2.4365351, 1.4414754), (2.461896, 1.4924256), (2.482362, 1.5442015), (1.0612392, 0.95631117), (0.84375286, 1.2331443), (0.97648346, 1.2874125), (1.1961584, 1.0197212), (1.0982597, 1.3496959), (1.3073, 1.113815), (1.2044361, 1.4172891), (1.3949447, 1.213957), (1.2996641, 1.4803717), (1.4738417, 1.2934749), (1.3913951, 1.5317662), (1.5554074, 1.3473141), (1.4836138, 1.5711143), (1.6411326, 1.3845427), (1.5763968, 1.6018785), (1.7281073, 1.4143339), (1.6683831, 1.6275543), (1.8139912, 1.4413235), (1.758201, 1.6504796), (1.8968204, 1.4686358), (1.8445989, 1.6719612), (1.9743241, 1.4985073), (1.9266248, 1.691933), (2.044642, 1.5301949), (2.0042465, 1.7084199), (2.1088405, 1.5579325), (2.078153, 1.7183774), (2.1694536, 1.5770321), (2.1471384, 1.7200733), (2.2264507, 1.5901003), (2.2091084, 1.7226939), (2.2788706, 1.5976286), (0.5703723, 1.4451841), (0.26989275, 1.620768), (0.41129494, 1.6754938), (0.7069088, 1.5000856), (0.5562471, 1.7245451), (0.8413298, 1.5532225), (0.6973991, 1.7703947), (0.9666373, 1.6060226), (0.8308993, 1.8135737), (1.0817809, 1.6565635), (0.95644116, 1.8533634), (1.1898568, 1.7017068), (1.0757229, 1.8889222), (1.2943543, 1.7397661), (1.1906415, 1.92002), (1.3970282, 1.7711433), (1.3024354, 1.9470272), (1.4980947, 1.7972615), (1.4117898, 1.9704382), (1.597187, 1.8194199), (1.5192404, 1.9903439), (1.693901, 1.8382471), (1.6253554, 2.006069), (1.787945, 1.8535078), (1.7305232, 2.0161662), (1.879259, 1.8641194), (1.8345941, 2.0192184), (1.9682539, 1.8684341), (1.938251, 2.0152142), (2.055767, 1.8635155), (2.055214, 2.0039911), (2.3388612, 0.83673203), (2.3855255, 0.756227), (1.3382444, -0.21477641), (1.4000294, -0.16821471), (1.4603422, -0.08187119), (1.5283681, 0.09450254), (1.6157835, 0.2338875), (1.6636444, 0.44560394), (1.7070457, 0.6781084), (1.8041066, 0.6812556), (1.8943048, 0.7153059), (1.9809476, 0.74735916), (2.0689344, 0.773753), (2.1581368, 0.8125594), (2.2536201, 0.87457186), (2.4825277, 1.1890868), (2.4694312, 1.3067484), (2.5069296, 1.3612441), (2.5191903, 1.434599), (2.550431, 1.4633108), (2.639151, 1.3577286), (2.4251237, 1.2677561), (2.3542838, 1.0541754), (2.2964902, 1.0735378), (2.3388875, 1.1685015), (2.3832242, 1.2178847), (2.4999247, 1.5994058), (2.1326745, 1.8381249), (-0.0004311821, 1.8045218), (0.14423457, 1.8571925), (0.29285347, 1.8985394), (0.43978837, 1.9340944), (0.58166915, 1.9669156), (0.7171041, 1.9980168), (0.84630585, 2.0273933), (0.9703743, 2.0548365), (1.0905555, 2.0803096), (1.207962, 2.103888), (1.3237466, 2.1254246), (1.4393886, 2.144071), (1.5565692, 2.1577897), (1.6758265, 2.1634624), (1.7939718, 2.1595495), (1.9021194, 2.1520495), (-0.22691892, 2.0104887), (-0.075364806, 2.067197), (0.078494355, 2.1018486), (0.22779956, 2.124791), (0.37044853, 2.1427498), (0.50639224, 2.159202), (0.63638735, 2.1758294), (0.76162124, 2.1931398), (0.88333285, 2.2111945), (1.0026407, 2.229981), (1.1207317, 2.2493927), (1.2393837, 2.268897), (1.3616096, 2.2868202), (1.4915222, 2.2990518), (1.6299278, 2.2982836), (1.765118, 2.281636), (1.8706039, 2.259482), (1.9724352, 2.1691942), (2.0555956, 2.105777), (2.1026614, 2.0219495), (2.1241968, 1.9689329), (-0.46997714, 2.2060933), (-0.30346888, 2.2831182), (-0.12866154, 2.318761), (0.036052726, 2.3330867), (0.18767974, 2.3394563), (0.3277672, 2.3422372), (0.45814687, 2.344913), (0.58142006, 2.3490198), (0.6999813, 2.3552217), (0.815659, 2.3639562), (0.9298381, 2.375635), (1.0440387, 2.390535), (1.1611105, 2.4083474), (1.2872869, 2.4269588), (1.4349034, 2.43846), (1.6079944, 2.421307), (1.7739024, 2.37638), (-0.7698015, 2.3350523), (-0.5924297, 2.473274), (-0.3738635, 2.5310926), (-0.17584057, 2.5353897), (-0.0051756324, 2.535075), (0.15070534, 2.5273373), (0.29064655, 2.5200653), (0.418304, 2.5146885), (0.53747314, 2.511292), (0.65104264, 2.5101972), (0.7609725, 2.512237), (0.8686065, 2.518727), (0.97556937, 2.531148), (1.085701, 2.5506408), (1.2103198, 2.5769725), (1.3948276, 2.5964513), (-1.0913426, 2.3446681), (-0.95154977, 2.562196), (-0.6685003, 2.7675412), (-0.38909954, 2.7140043), (-0.22350918, 2.727239), (-0.04370944, 2.7027755), (0.11186391, 2.6840918), (0.2496797, 2.6716437), (0.3755995, 2.6629233), (0.49319863, 2.6564932), (0.6045705, 2.6521094), (0.7105932, 2.6509783), (0.8113973, 2.655838), (0.9075218, 2.6703403), (1.0009032, 2.699425), (1.0929971, 2.7598767), (-0.66554594, 3.176333), (-0.6342797, 3.179608), (-0.53153837, 3.1055923), (-0.4902229, 2.9558294), (-0.3902214, 3.0251737), (-0.24466994, 2.874998), (-0.24358854, 2.9779925), (-0.075114764, 2.83643), (-0.110609785, 2.9472072), (0.06930384, 2.8138528), (0.018560056, 2.9235308), (0.2014825, 2.7991467), (0.14429046, 2.9068105), (0.32551286, 2.7891967), (0.26684618, 2.8960025), (0.4433006, 2.7818556), (0.38759208, 2.8873756), (0.5549419, 2.776201), (0.5026794, 2.8796856), (0.6583962, 2.773997), (0.6040288, 2.8754642), (0.7505973, 2.780239), (0.68164337, 2.8850327), (0.8300151, 2.800497), (0.7379684, 2.9123535), (0.89400584, 2.8377497), (0.7818139, 2.9463067), (0.91363245, 2.8903491), (0.8121089, 2.986711), (-0.5855012, 3.1835225), (-0.5383031, 3.156799), (-0.45578188, 3.1243513), (-0.3625113, 3.0976865), (-0.272351, 3.075456), (-0.16362275, 3.0461264), (-0.041831978, 3.0165634), (0.07566713, 2.9997208), (0.19998568, 2.987155), (0.33133462, 2.974055), (0.4560822, 2.9615276), (0.556622, 2.9475822), (0.5955509, 2.971915), (0.62795776, 3.0073385), (-0.54161876, 3.1859126), (-0.53145385, 3.176307), (-0.4891419, 3.1669292), (-0.41633114, 3.18806), (-0.38611025, 3.18781), (-0.3589588, 3.187413), (-0.21557742, 3.1205692), (-0.117225185, 3.0987277), (-0.012033244, 3.0860274), (0.12967202, 3.065565), (0.2884579, 3.0415092), (0.43312016, 3.0277674), (1.6473417, 2.51478), (1.6689812, 2.5889854), (1.1954925, -0.6532634), (1.7109704, 2.7059803), (1.5749412, 2.832257), (1.6090293, 2.8122084), (1.0299858, 3.0731618), (1.0943608, 3.020919), (0.9886769, 3.0696533), (1.2832234, 2.9537435), (1.3356812, 2.9191108), (1.2308612, 2.963211), (1.3609772, 2.9249115), (1.424765, 2.8878062), (0.9272337, 3.1225939), (0.9624849, 3.0968187), (0.85309863, 3.166707), (0.9609935, 3.117713), (0.9568069, 3.1286695), (1.2793113, 2.969269), (1.3469174, 2.9422224), (1.1618745, 2.990202), (1.1421587, 3.014209), (0.84898394, 3.1535552), (0.88829386, 3.15893), (0.78640765, 3.1785204), (0.817295, 3.173509), (0.8377076, 3.1473775), (0.81517786, 3.1616075), (0.9019849, 3.1186657), (0.90950453, 3.0977633), (0.83372754, 3.134517), (1.2103573, 2.9921834), (1.2026818, 3.009437), (1.1240873, 3.041673), (1.032796, 3.0896873), (1.4188563, 2.9105742), (1.4405924, 2.89244), (0.7867675, 3.1657674), (0.72159255, 3.1866505), (0.7575211, 3.1825278), (1.5032538, 2.8738017), (0.7521362, 3.1647453), (0.68662983, 3.1898093), (1.4964635, 2.865598), (1.5320107, 2.857216), (0.51900566, 3.0297978), (0.2629939, 3.087808), (-0.321829, 3.1866732), (-0.28890467, 3.1858902), (-0.22359003, 3.1842046), (-0.14659573, 3.1824307), (0.09785394, 3.1195211), (-1.599609, 1.6674998), (-1.7517745, 1.7348721), (-1.7672272, 1.7516531), (-0.50227034, 3.1872551), (-1.7785217, 1.7638346), (-1.7910506, 1.7773238), (-1.6914517, 1.7555417), (-1.6249546, 1.7128855), (-1.4752096, 2.720082), (-1.380682, 2.8115284), (-1.3416878, 2.812161), (-1.4542007, 2.698714), (-1.298896, 2.8048484), (-1.4311334, 2.66353), (-1.2616203, 2.7714517), (-1.4025948, 2.6083462), (-1.2184846, 2.7057312), (-1.3552865, 2.5349917), (-1.1649784, 2.6160946), (-1.3011632, 2.8858132), (-1.2435498, 2.9049532), (-1.1741796, 2.9264867), (-1.0931684, 2.9456463), (-1.0741632, 2.8867419), (-0.9919641, 2.7975845), (-1.2379214, 2.9435222), (-1.165717, 2.974462), (-1.0799899, 3.0098038), (-0.9584609, 3.062241), (-0.7224633, 3.1686997), (-1.1918594, 2.9857862), (-1.1059514, 3.0259397), (-1.0120869, 3.0653718), (-0.90701705, 3.1048539), (-0.73717386, 3.1663587), (-1.1642965, 3.0142167), (-1.0713705, 3.056978), (-0.9449396, 3.1159759), (-0.85552603, 3.1416938), (-0.78511584, 3.1576352), (-1.157609, 3.0310175), (-1.0541474, 3.0763857), (-0.9587132, 3.1114712), (-0.931106, 3.1203544), (-0.870551, 3.1378), (-0.84043837, 3.1454272), (-0.80160695, 3.1542394), (-1.2535312, 2.4558153), (0.56191087, -3.2364643), (0.5536268, -3.236856), (0.55989414, -3.2351367), (0.54886526, -3.2333035), (0.5376593, -3.2317026), (0.5569936, -3.231363), (0.5413095, -3.2348473), (0.5382098, -3.2374904), (0.5278198, -3.235576), (0.55227524, -3.2388117), (0.5375041, -3.2410645), (0.54478675, -3.2384531), (0.5649382, -3.2384737), (0.5537982, -3.2424943), (0.534007, -3.2463048), (0.5203246, -3.2439895), (0.5190488, -3.239743), (0.5183421, -3.2331347), (0.5122959, -3.236429), (0.5337659, -3.227618), (0.551135, -3.227597), (0.56717074, -3.2286963), (0.5787898, -3.2329693), (0.57009345, -3.2240193), (0.541052, -3.2220058), (0.52295136, -3.2299874), (0.5159805, -3.2266898), (0.5089711, -3.2307098), (0.50029176, -3.2342746), (0.49592716, -3.2393188), (0.5011452, -3.2441096), (0.5098532, -3.2485943), (0.5263513, -3.2528667), (0.55609965, -3.2485802), (0.57787955, -3.2415385), (0.48071215, -3.2435493), (0.47897938, -3.24035), (0.4808948, -3.2492452), (0.49625528, -3.254774), (0.5106, -3.259975), (0.55109787, -3.2585611), (0.5932606, -3.2492409), (0.62019557, -3.2369878), (0.47890437, -3.2365575), (0.48723018, -3.2293441), (0.50177395, -3.220194), (0.5831257, -3.2140367), (0.59913266, -3.224005), (0.578806, -3.2274456), (0.62113905, -3.227911), (0.6624475, -3.2166345), (0.5311629, -3.2131763), (0.5484607, -3.2020404), (0.48098886, -3.2067184), (0.45387217, -3.2225287), (0.45053443, -3.2339253), (0.4603276, -3.241892), (0.4669122, -3.246225), (0.644855, -3.2282345), (0.4128023, -3.192964), (0.5175455, -3.1801913), (0.3999226, -3.2134342), (0.40209565, -3.2304227), (0.4203799, -3.2421632), (0.44565257, -3.2501056), (0.4655111, -3.2569616), (0.48414114, -3.2606628), (0.48986614, -3.2652984), (0.5156663, -3.267247), (0.5507561, -3.2688062), (0.6044238, -3.262026), (0.64942324, -3.2466187), (0.67550474, -3.231013), (0.7057061, -3.221699), (0.74026436, -3.2124064), (0.76185596, -3.1908815), (0.6286706, -3.1941965), (0.32129475, -3.2263348), (0.3655531, -3.242778), (0.39758995, -3.253092), (0.42754352, -3.2605073), (0.458339, -3.2660563), (0.6597305, -3.2572758), (0.6410837, -3.2651196), (0.6912198, -3.2487016), (0.70099014, -3.239237), (0.7443079, -3.2257621), (0.8261884, -3.2042477), (0.33663177, -3.161999), (0.69609743, -3.1543298), (0.5133331, -3.1372695), (0.63970345, -3.0778747), (0.90172064, -3.1123044), (0.9017072, -3.1594648), (0.87405545, -3.1818702), (0.48042554, -3.272263), (0.5109542, -3.277975), (0.5712388, -3.2773287), (0.6179762, -3.2711377), (0.34516215, -3.2566984), (0.30650192, -3.256931), (0.30590898, -3.2468717), (0.3438414, -3.2664666), (0.31540865, -3.264491), (0.38064793, -3.265473), (0.41707274, -3.2706769), (0.44344494, -3.2754147), (0.4639715, -3.281019), (0.4782421, -3.2871246), (0.51572835, -3.2907367), (0.5778764, -3.2891893), (0.6201244, -3.2795117), (0.65276474, -3.2710454), (0.67033434, -3.2635837), (0.7015297, -3.2565315), (0.74410266, -3.242828), (0.81633013, -3.2251477), (0.35325503, -3.2726886), (0.3245178, -3.272736), (0.37950405, -3.2774432), (0.4125491, -3.27857), (0.42802083, -3.2834342), (0.44237977, -3.2892814), (0.4578572, -3.29604), (0.47505093, -3.3044689), (0.36051062, -3.2874713), (0.3457764, -3.2943285), (0.33035472, -3.2902188), (0.39449757, -3.2855818), (0.4110196, -3.290344), (0.37510517, -3.2958496), (0.41486752, -3.29725), (0.38212052, -3.3049488), (0.42029452, -3.3064182), (0.37427685, -3.3136876), (0.33755064, -3.2810686), (0.43532872, -3.3119602), (0.33982217, -3.3006587), (0.3282428, -3.3069737), (0.31494427, -3.3037386), (0.30729654, -3.310142), (0.2908504, -3.3068209), (0.32053837, -3.3115604), (0.32292807, -3.297257), (0.30615145, -3.2940214), (0.35171717, -3.3055596), (0.33501136, -3.3100457), (0.3253977, -3.3136244), (0.30668214, -3.316954), (0.28238085, -3.3146589), (0.27578187, -3.3245044), (0.2546906, -3.3204744), (0.25836062, -3.3336296), (0.24401829, -3.3302217), (0.28288287, -3.3313801), (0.26659364, -3.337343), (0.33907256, -3.3279488), (0.35317114, -3.3309946), (0.28237092, -3.3415647), (0.3128648, -3.3271434), (0.3011254, -3.3239014), (0.31369, -3.3230176), (0.3260292, -3.320719), (0.34451774, -3.3210986), (0.34429786, -3.3159413), (0.35610917, -3.3104644), (0.37062794, -3.3254116), (0.370297, -3.3208396), (0.40186027, -3.315539), (0.41950476, -3.318894), (0.39115193, -3.3210094), (0.39331365, -3.3241608), (0.3765535, -3.3272583), (0.4128707, -3.3238215), (0.45962858, -3.314016), (0.44202778, -3.321237), (0.42033485, -3.3262334), (0.49776077, -3.309529), (0.48770887, -3.3173602), (0.45176923, -3.3265457), (0.42490277, -3.3331435), (0.40576816, -3.330876), (0.40775684, -3.3370616), (0.38744426, -3.3357067), (0.3981875, -3.3391678), (0.37977663, -3.3387926), (0.5379102, -3.3010938), (0.528164, -3.3100696), (0.49526617, -3.3227844), (0.5386901, -3.3161676), (0.35657468, -3.3409681), (0.38307527, -3.3403263), (0.37659788, -3.3417165), (0.40410876, -3.340819), (0.41613004, -3.3387184), (0.43061888, -3.3398643), (0.43986484, -3.3365138), (0.52874637, -3.329782), (0.52769333, -3.3352275), (0.5081207, -3.3371694), (0.45647338, -3.331649), (0.48102418, -3.3280425), (0.48459, -3.3336494), (0.48694235, -3.3389707), (0.45820984, -3.3409266), (0.51679456, -3.3251808), (0.5629003, -3.3269303), (0.5646803, -3.330817), (0.5719758, -3.319724), (0.62099576, -3.3181963), (0.61606586, -3.3230329), (0.6429474, -3.308564), (0.5917943, -3.3110602), (0.57837194, -3.3054278), (0.630026, -3.2884538), (0.5915636, -3.2964563), (0.6332109, -3.2970996), (0.62650114, -3.3042645), (0.6703803, -3.2786415), (0.68643737, -3.288308), (0.68571, -3.297939), (0.7507981, -3.2930024), (0.69647545, -3.3012903), (2.1592028, -1.8578281), (2.2313406, -1.7062929), (2.199567, -1.7744775), (0.70608056, -3.30456), (0.68098307, -3.310345), (2.113933, -1.9472123), (2.0572371, -1.8332615), (2.1431522, -1.8900014), (0.7359681, -3.2753932), (2.015782, -1.9092726), (2.1061628, -1.9621379), (2.08687, -1.9986856), (2.0490487, -2.068278), (0.7624886, -3.2897143), (0.7911631, -3.2811706), (0.79707146, -3.2613657), (0.6964001, -3.2674444), (0.74702114, -3.2581549), (0.8065096, -3.2433527), (0.8785833, -3.224763), (0.8972188, -3.2057362), (0.85519123, -3.2448623), (0.8459997, -3.2629123), (1.9414524, -1.977308), (2.0137973, -2.1307807), (0.89557976, -3.2441874), (0.90690047, -3.2304268), (1.8799073, -2.054006), (1.9941182, -2.1647174), (0.32689077, -3.199455), (0.30901507, -3.2869508), (0.30036914, -3.3004181), (0.55238074, -3.014247), (0.40357053, -3.0337672), (0.44264543, -2.97013), (0.6674124, -3.0138237), (0.60605127, -2.968784), (0.7874323, -3.0263903), (0.7501173, -2.9759219), (0.52115536, -2.909692), (0.69954616, -2.9193718), (0.88528043, -2.9842918), (0.85263276, -2.9323957), (1.0075709, -2.9883013), (0.9831168, -2.9434907), (0.9287057, -3.0280201), (0.37055564, -3.099312), (0.8502492, -3.0652463), (1.1342858, -2.7776096), (1.2558669, -2.8136888), (1.1050332, -2.8491101), (0.9808373, -2.74671), (0.97075564, -2.8227618), (0.41396764, -2.8326058), (0.6399888, -2.8469594), (0.8239073, -2.8688605), (0.97129345, -2.889378), (1.0897595, -2.9049447), (0.80568546, -2.7847655), (0.57014227, -2.7473752), (0.8432732, -2.6504662), (0.4546851, -2.6016936), (0.8168621, -2.3889518), (1.1811954, -2.378185), (1.1126839, -2.5322337), (1.1471328, -2.6765556), (1.306619, -2.588117), (1.3040738, -2.661875), (1.3740435, -2.4518754), (1.4282856, -2.2760098), (1.5660858, -2.360394), (1.3423518, -2.730908), (1.4793795, -2.537022), (1.4195122, -2.6422844), (1.5379272, -2.445517), (1.6508213, -2.3962357), (1.5714276, -2.5410597), (1.5265942, -2.6010206), (1.6178511, -2.4698396), (1.6845734, -2.4142835), (1.463623, -2.6971436), (1.579761, -2.7416394), (1.5132594, -2.6653144), (1.5980606, -2.5752249), (1.577841, -2.6391401), (1.6347177, -2.5178704), (1.682305, -2.4681675), (1.6543733, -2.5496044), (1.6231036, -2.5997736), (1.6839086, -2.5006678), (1.7142863, -2.466247), (1.7284633, -2.5113742), (1.7035464, -2.5360253), (1.7009228, -2.516613), (1.6812936, -2.5500646), (1.6582226, -2.584983), (1.689276, -2.5625725), (1.7176813, -2.539143), (1.7466304, -2.5107462), (1.7637957, -2.4818301), (1.770247, -2.4921515), (1.794205, -2.4738395), (1.7165504, -2.4841728), (1.737989, -2.4831738), (1.6995748, -2.4278924), (1.7429446, -2.4238098), (1.7454716, -2.4535623), (1.7724695, -2.4506266), (1.796296, -2.4499474), (1.7883024, -2.4123518), (1.8191578, -2.3943822), (1.8027099, -2.4220726), (1.8342407, -2.364966), (1.6749588, -2.2511725), (1.7278707, -2.3172128), (1.755663, -2.1547024), (1.9753029, -2.1965408), (1.7692462, -2.3602493), (1.800565, -2.3754358), (1.8674083, -2.3137088), (1.1349782, -3.122499), (0.9320607, -3.1699467), (1.0048074, -3.1565545), (0.94720167, -3.179722), (1.7847635, -2.4869437), (1.761747, -2.50708), (1.7779716, -2.4962912), (1.7722179, -2.50416), (1.7589608, -2.5221121), (1.8159833, -2.4431243), (1.8227237, -2.4234438), (1.8289154, -2.4245596), (1.7376623, -2.5323887), (1.75305, -2.52359), (1.7399194, -2.5385575), (1.7419052, -2.5448475), (1.1056855, -3.1402829), (1.6388324, -2.673891), (1.6061101, -2.7119625), (1.6269019, -2.64866), (1.6741778, -2.598242), (1.6568934, -2.6372786), (1.7005566, -2.5664165), (1.727028, -2.5533276), (1.7174232, -2.5538828), (1.7041043, -2.577922), (1.6829119, -2.608777), (1.6693885, -2.6317003), (1.7210461, -2.572109), (0.98763806, -3.1875489), (1.6489592, -2.661832), (1.7053958, -2.592175), (1.6873466, -2.6149092), (1.6707205, -2.6354685), (1.9113675, -2.300284), (1.8962969, -2.3237784), (1.8889054, -2.332046), (1.8796976, -2.349248), (1.8727438, -2.3537192), (1.8650986, -2.3712976), (1.8544434, -2.3789644), (1.8453373, -2.4006288), (1.837052, -2.403695), (1.8842926, -2.3330498), (1.863906, -2.3575487), (1.8423824, -2.3867056), (1.8284197, -2.407724), (1.8843806, -2.3214297), (1.8449631, -2.3711), (1.8253795, -2.4009898), (1.8145044, -2.4236875), (1.811413, -2.437767), (1.8103236, -2.451172), (1.8075262, -2.448545), (0.9409205, -3.2123103), (0.92618066, -3.2079756), (0.94816005, -3.2219696), (1.0085275, -3.1933937), (1.0687722, -3.1615152), (1.0572242, -3.1678905), (1.0156672, -3.1855514), (0.99753404, -3.1988454), (1.0322047, -3.1812694), (1.929682, -2.2712452), (1.9381042, -2.2577107), (0.5582745, -3.233756), (1.8036077, -2.4606616), (1.8558006, -2.1218927), (0.3161802, -2.4186742), (0.5348205, -2.2360296), (1.595523, -2.161207), (-0.7077037, 3.1708937), (1.683759, 2.7671802), (1.7205623, 2.7442446), (2.5309198, -0.91354245), (2.5202813, -0.9482874), (2.5079415, -0.98770016), (2.5168672, -0.93532413), (2.495875, -0.9913061), (2.5042465, -0.9414132), (2.4833736, -0.97663015), (2.4866998, -0.8922795), (2.5054986, -0.90084946), (2.519356, -0.90304846), (2.5423992, -0.8751899), (2.5275702, -0.8625226), (2.5490894, -0.8523937), (2.5376241, -0.8142494), (2.5592332, -0.81716913), (2.5500495, -0.76329374), (2.528317, -0.76057374), (2.5421581, -0.7049474), (2.5245113, -0.70367044), (2.5039072, -0.7477583), (2.5112698, -0.8292671), (2.4713156, -0.9451647), (2.4886467, -0.82640076), (2.459583, -0.8751989), (2.4812942, -0.7874882), (2.4684415, -0.76622397), (2.4853487, -0.72192556), (2.4983232, -0.69359267), (2.5127106, -0.6588672), (2.535145, -0.64607686), (2.5527413, -0.6490653), (2.5618148, -0.7067825), (2.5708697, -0.7757007), (2.4151437, -0.8479561), (2.4468226, -0.75575054), (2.4685826, -0.69058925), (2.4911196, -0.6457183), (2.5079126, -0.5932005), (2.527332, -0.58187705), (2.550895, -0.5778788), (2.5732622, -0.6095091), (2.5812163, -0.73778826), (-1.6680981, -0.87897956), (-1.5472761, -0.98879564), (-1.5413647, -1.0449157), (-1.6696205, -0.9041554), (2.4482565, -1.1667459), (2.4338884, -1.2073753), (2.4551907, -1.0363932), (2.46737, -1.0650365), (2.469592, -1.1047539), (2.4798167, -1.0407655), (2.482508, -1.0661845), (2.4204156, -1.0182194), (2.3971808, -0.95111066), (2.3779373, -1.0500314), (2.4017434, -1.1576829), (-1.165872, 0.31809986), (-1.1965815, 0.33506885), (-1.1777903, 0.33739796), (-1.1324126, 0.32650483), (-1.1297404, 0.34271052), (-1.22147, 0.34622422), (-1.2235949, 0.3391547), (-1.2547088, 0.33656698), (-1.3079776, 0.32933733), (2.3831282, 2.0441523), (2.407231, 1.99824), (2.3925848, 2.0041873), (2.4102676, 1.9560422), (2.4535315, 1.9023657), (2.4326832, 1.8949625), (2.4043043, 1.91691), (2.3692067, 2.0178196), (2.3353424, 2.1281528), (-1.2280219, 0.35934612), (-1.2869095, 0.36172992), (-1.282562, 0.36814937), (-1.2758948, 0.37784228), (-1.1965796, 0.3641714), (2.2617934, 2.1916645), (2.2826583, 2.2113097), (2.2956073, 2.19171), (2.3046393, 2.0985003), (2.349824, 1.9722568), (2.3986228, 1.8536516), (2.4612508, 1.8033161), (2.4497843, 1.7288493), (-1.4509175, 0.025728833), (-1.4364874, 0.04993796), (-1.4667499, -0.036487564), (-1.529589, -0.1268351), (-1.5305343, -0.14591749), (-1.556706, -0.18125866), (-1.5597233, -0.16504724), (-1.5879624, -0.22249448), (-1.472872, -0.021885622), (-1.453588, 0.039133377), (-1.454188, 0.049606375), (-1.4450581, 0.083731), (-1.4496915, 0.075780414), (-1.5888878, -0.20528924), (-1.5723428, -0.16767222), (-1.5006452, -0.067802325), (-1.5016749, -0.09034319), (-1.437008, 0.097706385), (-1.6475664, -0.2450161), (-1.6502026, -0.24795939), (-1.6444831, -0.23708165), (-1.6442232, -0.24621262), (-1.6384318, -0.22596286), (-1.6599625, -0.26757613), (-1.6567075, -0.27283144), (-1.667347, -0.29394174), (-1.6703322, -0.29042512), (-1.5519751, -0.14053491), (-1.5296875, -0.10811432), (-1.5029153, -0.057256784), (-1.4734371, -0.00036654857), (-1.6034396, -0.21263061), (-1.6220539, -0.21428114), (-1.6392546, -0.2506676), (-1.6019628, -0.19565865), (-1.6201005, -0.22603801), (-1.5863972, -0.17868306), (-1.632635, -0.25590456), (-1.657705, -0.28735888), (-0.9461088, 0.5029098), (-1.0770483, 0.48405063), (-1.0003622, 0.51245284), (-0.92624277, 0.53950197), (-0.9831077, 0.5437248), (-0.8892601, 0.59167254), (-0.92808133, 0.6034774), (-0.87698597, 0.6534697), (-0.9021989, 0.6799484), (-0.8711986, 0.7354111), (-0.92238003, 0.78501624), (-1.1176102, 0.9574783), (-1.0603846, 0.8944111), (-1.1603464, 0.95611453), (-1.2995794, 1.0777094), (-1.3106633, 1.1197021), (-1.1558757, 1.0088335), (-1.0028836, 0.6627942), (-1.009118, 0.72174054), (-0.97168815, 0.7291661), (-0.9794196, 0.6432378), (-0.9346592, 0.7031804), (-0.9558076, 0.62168574), (-0.9553952, 0.7804727), (-1.0362855, 0.77391946), (-1.0133381, 0.78933203), (-0.9998553, 0.8208182), (-1.0049312, 0.86938184), (-1.0706582, 0.80684274), (-1.0604824, 0.82969415), (-1.0591444, 0.864295), (-1.0431619, 0.5986534), (-1.0420761, 0.5731001), (-1.0169619, 0.5595556), (-1.0934278, 0.50933564), (-1.082531, 0.52769417), (-1.1720841, 0.526234), (-1.1660049, 0.5366278), (-1.1837256, 0.5075854), (-1.1774756, 0.5174219), (-1.1993518, 0.8481161), (-1.2112488, 0.8608456), (-1.1939151, 0.8667453), (-1.2257265, 0.8753169), (-1.2199072, 0.90052885), (-1.2220657, 0.9350238), (-1.1782678, 0.8844739), (-1.1589415, 0.85235536), (-1.1741307, 0.845869), (-1.1513071, 0.8311408), (-1.3124408, 1.0507157), (-1.2103751, 0.9584669), (-1.3222852, 1.0245504), (-1.1566013, 0.8963763), (-1.1354856, 0.856157), (-1.1293135, 0.82960105), (-1.117779, 0.89291173), (-1.1031088, 0.85090256), (-1.102215, 0.82304454), (-1.6181074, -0.28765672), (-1.5806391, -0.23545781), (-1.6012785, -0.28911236), (-1.6315728, -0.34799513), (-1.60406, -0.33140218), (-1.6385587, -0.41562903), (-1.6042794, -0.396623), (-1.6414399, -0.50218534), (-1.5918858, -0.47803125), (-1.436168, 0.010061025), (-1.4722409, -0.08528407), (-1.4326085, -0.02318764), (-1.4728506, -0.12759614), (-1.4255177, -0.05264034), (-1.4690726, -0.1701323), (-1.4168508, -0.08856761), (-1.4607277, -0.21764202), (-1.4121919, -0.15403505), (-1.4486296, -0.26642254), (-1.4099315, 0.0679153), (-1.398717, 0.0511107), (-1.3825393, 0.04761193), (-1.3654132, 0.024349932), (-1.4069821, 0.15162316), (-1.4189823, 0.088386685), (-1.3930614, 0.12786451), (-1.3797554, 0.13815098), (-1.3762442, 0.20890628), (-1.6774558, -0.33422107), (-1.6914631, -0.34985456), (-1.6835862, -0.32461494), (-1.3990155, 0.16634025), (-1.3865546, 0.18958493), (-1.3818232, 0.19844984), (-1.5499212, -0.18900765), (-1.5594753, -0.35038075), (-1.5350621, -0.39925876), (-1.5657693, -0.29239118), (-1.5644466, -0.23935014), (-1.5149188, -0.14034514), (-1.4878309, -0.329284), (-1.5098686, -0.28604287), (-1.5194436, -0.23772608), (-1.5197818, -0.18865521), (-1.6681952, -0.31169996), (-1.6881593, -0.45586464), (-1.693457, -0.5846913), (-1.7052417, -0.43172935), (-1.6799747, -0.39182532), (-1.703901, -0.41534325), (-1.6680585, -0.34324557), (-1.6974845, -0.37440345), (-1.415611, 0.13585448), (-1.4280967, 0.11342122), (-1.6190741, -0.2565448), (-1.6530347, -0.29994315), (-1.6429721, -0.30769745), (-1.670194, -0.4984989), (-1.6882215, -0.6167682), (-1.662266, -0.41047648), (-1.6491393, -0.59783995), (-1.6520276, -0.34877437), (-1.6412288, -0.63941866), (-1.6126798, -0.6482039), (-1.6765314, -0.693502), (-1.5958127, -0.5787589), (-1.545635, -0.59370047), (-1.5425078, -0.50501883), (-1.4891431, -0.5347591), (-1.4938898, -0.4349966), (-1.440089, -0.47066966), (-1.4513832, -0.36104637), (-1.3974476, -0.39187118), (-1.4116974, -0.26230532), (-1.3560082, -0.28328305), (-1.3606876, -0.09990823), (-1.3055657, -0.13091385), (-1.3678077, 0.22468114), (-1.2619114, -0.010615349), (-1.5553184, -0.6642927), (-1.6749011, -0.7063323), (-1.4881094, -0.6197), (-1.4262936, -0.5741013), (-1.3703227, -0.5166414), (-1.3185583, -0.4425993), (-1.2690772, -0.34347358), (-1.2239372, -0.23087767), (-1.1918478, -0.14185885), (-1.6826844, -0.65110654), (-1.6859598, -0.6305936), (-1.679249, -0.6738816), (-1.5272616, -0.72780603), (-1.2827042, -0.58438873), (-1.3528637, -0.6230254), (-1.4246753, -0.6678863), (-1.4974, -0.67170966), (-1.1001134, -0.28369904), (-1.125982, -0.41706264), (-1.2041438, -0.51523465), (0.5996533, -1.92015), (0.59066916, -1.7455), (0.37251425, -1.9182888), (0.35584676, -1.7371455), (0.102055185, -1.9125291), (0.08862372, -1.7392241), (-0.19278887, -1.9064295), (-0.1992427, -1.7458872), (-0.49650508, -1.8949343), (-0.494071, -1.7467763), (-0.7892597, -1.8573786), (-0.7806625, -1.7204517), (-1.05036, -1.7771626), (-1.0496526, -1.6467917), (-1.2709241, -1.6571152), (-1.29032, -1.5228196), (-1.4462289, -1.5064843), (-1.4779217, -1.3583621), (-1.5698943, -1.3355314), (-1.601115, -1.175596), (-1.6400244, -1.1771755), (-1.6811737, -1.0042324), (2.3362513, -1.463233), (2.3395402, -1.3027462), (2.3750422, -1.3654588), (2.3078437, -1.3884693), (2.3048563, -1.2360659), (0.20602965, -2.243007), (0.4221234, -2.0816004), (2.2772272, -1.6035414), (2.283705, -1.4608859), (2.3072364, -1.5334126), (-1.6957531, -1.3089054), (-1.7112805, -1.1605144), (-1.7013279, -1.1138269), (-1.6591175, -1.4601209), (-1.650462, -1.2821195), (-1.5960255, -1.6063993), (-1.5687207, -1.4762303), (-1.5034678, -1.7400448), (-1.4530656, -1.6347216), (-1.379682, -1.8718296), (-1.2969824, -1.7765781), (-1.2042884, -2.0219462), (-1.0933969, -1.9036871), (-0.84130657, -2.1440816), (-0.8207224, -2.0004885), (-0.4986166, -2.20927), (-0.50175095, -2.048803), (-0.14705865, -2.237737), (-0.17973827, -2.0693157), (0.13377634, -2.080015), (2.3392594, -1.1425339), (0.78571784, -1.259511), (0.56455326, -1.2841092), (0.5904823, -1.5269288), (0.32112062, -1.3176072), (0.34381014, -1.5366279), (0.04502167, -1.3826909), (0.07521717, -1.5605242), (-0.24634531, -1.4500192), (-0.2130815, -1.5904375), (-0.5298226, -1.4817408), (-0.50579184, -1.6081187), (-0.799126, -1.4710205), (-0.79257977, -1.5901297), (-1.0045224, -1.4176384), (-1.0832715, -1.5045537), (-1.2314416, -1.3533894), (-1.4589531, -1.192836), (-1.3599229, -1.369558), (-1.5463003, -1.1745026), (2.4027312, -1.2926486), (2.3728867, -1.2188197), (-1.6747965, -0.95773995), (-1.6921338, -1.0676475), (-0.5616032, -1.3677047), (-0.29576764, -1.3297809), (-0.81832296, -1.366435), (-1.072849, -1.3221719), (-1.3493251, -1.1932979), (0.080363974, -1.0676509), (0.19260249, -0.9022108), (0.27130857, -1.0571613), (-1.3865485, -1.0703223), (-1.6670429, -0.8177554), (-1.4222016, -0.9547416), (-1.1303283, -1.2092197), (-1.1621857, -1.0920485), (-0.8643155, -1.2650484), (-0.903811, -1.1572515), (-0.60253435, -1.2616549), (-0.6510621, -1.1574987), (-0.34637356, -1.2193023), (-0.3976797, -1.1084723), (-0.10927721, -1.1500843), (-0.16112481, -1.033235), (0.03958501, -0.9520685), (-0.029622173, -1.2502304), (0.93156034, -0.9649688), (0.74444383, -0.99705994), (0.5357253, -1.0225586), (-1.6705413, -0.74816936), (-1.4770312, -0.7848462), (-1.4474823, -0.8508313), (0.8985952, -0.713054), (1.0556386, -0.6901455), (0.72539026, -0.7230017), (0.53541046, -0.72491485), (0.35827652, -0.7020067), (0.18886526, -0.717878), (-0.0023835674, -0.80535144), (-0.21716903, -0.9057158), (-0.46509004, -0.9961613), (-0.7005993, -1.0608021), (-0.91099846, -1.0313106), (-1.1899799, -0.9572115), (-1.6724334, -0.7281529), (-1.2748876, -0.75866306), (1.1692351, -0.43822634), (-0.9319375, -0.8594685), (-0.6001884, -0.8809504), (-0.2906237, -0.76911974), (-0.058988016, -0.6509878), (0.15248525, -0.5313459), (0.38728228, -0.39283273), (0.57621425, -0.40077594), (0.7440839, -0.42467815), (0.89780146, -0.44671193), (1.0399722, -0.4495387), (1.1269531, 0.1416962), (1.0595452, 0.57863986), (0.96012527, 0.22131905), (0.9109077, 0.5756795), (0.82036144, 0.2533953), (0.78332525, 0.5589306), (0.7200829, 0.29292253), (0.67168117, 0.50154305), (0.60735023, 0.18894836), (0.5584441, 0.39732343), (0.46433204, 0.074495405), (0.42787004, 0.26806143), (0.29001138, -0.06104536), (0.27020362, 0.12770183), (0.084242694, -0.19153845), (0.08214614, -0.004392267), (-0.14140822, -0.30442438), (-0.12608512, -0.10914318), (-0.3749854, -0.37781054), (-0.3295312, -0.167668), (-0.5815462, -0.36184856), (-0.503133, -0.1767445), (-0.69850296, -0.28683525), (-0.6585461, -0.16326313), (-0.8451069, -0.24931787), (-0.8151969, -0.13022791), (-0.98553205, -0.16181377), (-0.97087336, -0.05702471), (-1.1263137, -0.024999952), (-1.1274056, 0.08187611), (-1.3541594, 0.24991783), (-1.34186, 0.27212852), (2.5236416, 1.6923538), (2.5093489, 1.7707524), (2.5098917, 1.6607279), (0.9195822, 0.91585195), (0.7121109, 1.1799877), (0.78779787, 0.87487054), (0.593279, 1.1178775), (0.67253786, 0.8155486), (0.49335828, 1.0385196), (0.57118785, 0.7273061), (0.41093966, 0.9372178), (0.47308165, 0.6103968), (0.3375942, 0.81373507), (0.36504745, 0.4727505), (0.26049432, 0.6726677), (0.2353266, 0.32712448), (0.16642433, 0.5243013), (0.07837844, 0.19147184), (0.0473634, 0.38380358), (-0.09881612, 0.08399724), (-0.09508321, 0.26577246), (-0.2789146, 0.013893922), (-0.25203827, 0.17705613), (-0.45099115, -0.02401719), (-0.41527525, 0.1167801), (-0.61755687, -0.037042525), (-0.580507, 0.083963506), (-0.78222364, -0.02113431), (-0.7446661, 0.08277776), (-0.94344044, 0.03698414), (-0.90493494, 0.12165421), (-1.1041826, 0.15001827), (-1.0703733, 0.20699637), (-1.3225865, 0.3054588), (0.44237876, 1.3842812), (0.14139825, 1.5563469), (0.33304638, 1.3122644), (0.03541368, 1.4782097), (0.24856368, 1.2247239), (-0.03997451, 1.3840333), (0.18887678, 1.1189007), (-0.081116386, 1.2735733), (0.14635824, 0.994347), (-0.093261495, 1.1478704), (0.10683934, 0.8540343), (-0.09241879, 1.0092913), (0.054299973, 0.70571816), (-0.09955644, 0.86305976), (-0.022644415, 0.56130886), (-0.13101937, 0.71784157), (-0.12694453, 0.43286946), (-0.19366361, 0.5836508), (-0.25451326, 0.3282183), (-0.28611988, 0.468926), (-0.39828756, 0.25056693), (-0.4020588, 0.3792763), (-0.55085146, 0.20170297), (-0.5326969, 0.3181304), (-0.7053286, 0.18475619), (-0.66865015, 0.28790417), (-0.85767305, 0.20404647), (-0.8014027, 0.28997552), (-1.0153548, 0.26264533), (-0.9187529, 0.32134968), (-1.192833, -0.6313502), (-1.0288488, -0.6341693), (1.26736, -0.22872525), (1.1730738, -0.18102536), (1.0396327, -0.2171676), (0.9355253, -0.13946287), (0.7913046, -0.09243957), (0.6421675, -0.039822746), (0.4917797, -0.08535667), (0.31762227, -0.2325883), (0.106991075, -0.36483827), (-0.114924334, -0.48724207), (-0.3597641, -0.5943999), (-0.6666454, -0.628151), (2.6403193, -0.4965045), (2.603856, -0.6509112), (2.5881133, -0.7119231), (2.554521, 1.6061101), (2.5619576, 1.6259551), (2.5733576, 1.5912203), (2.5648165, 1.5314373), (2.5911875, 1.5339907), (-1.7037551, -0.5067105), (-1.3627496, 0.23408861), (-1.2193712, 0.015112828), (-0.9932466, -0.2636998), (-0.8839047, -0.41677147), (-1.11243, -0.15560924), (-1.6669903, -0.84104747), (-0.13320945, 1.7342805), (-0.24461445, 1.6431127), (-0.324212, 1.5326504), (-0.36204398, 1.4082015), (-0.35598552, 1.275158), (-0.32108274, 1.1362228), (-0.2847857, 0.9933747), (-0.2708153, 0.8512609), (-0.2906032, 0.7171619), (-0.34495494, 0.5988598), (-0.42815608, 0.50282085), (-0.5309016, 0.4334145), (-0.64217454, 0.39288446), (-0.74990594, 0.38095632), (-0.84045655, 0.3922708), (-0.3653524, 1.9238602), (-0.48149928, 1.8081349), (-0.5677072, 1.6702653), (-0.61254144, 1.5208901), (-0.605045, 1.3728664), (-0.5524829, 1.2319719), (-0.48436183, 1.0952399), (-0.43165278, 0.96097255), (-0.4116796, 0.8327026), (-0.42840222, 0.7167096), (-0.4774777, 0.6193096), (-0.55008835, 0.5451376), (-0.6353964, 0.4961404), (-0.72258246, 0.4706119), (-0.8036559, 0.462086), (-0.91587734, 0.41285855), (-0.8667822, 0.46359265), (-1.061479, 0.31264442), (-0.97681445, 0.36529875), (-1.0303266, 0.33598545), (-0.6083611, 2.0877316), (-0.71511036, 1.9434892), (-0.7878624, 1.7802869), (-0.82222795, 1.6061258), (-0.8134873, 1.4405757), (-0.7597805, 1.2965975), (-0.67892915, 1.1684759), (-0.60138136, 1.0467435), (-0.5497242, 0.92942286), (-0.53278905, 0.82053655), (-0.54927915, 0.72572875), (-0.5922786, 0.64933395), (-0.6528475, 0.5925566), (-0.7234121, 0.5524644), (-0.7998719, 0.52287346), (-0.8688409, 0.4985172), (-0.896358, 2.1746523), (-0.9911747, 2.011713), (-1.0207081, 1.8380202), (-1.0030686, 1.6555713), (-0.97715354, 1.4849707), (-0.9289048, 1.3399539), (-0.853195, 1.2188959), (-0.768066, 1.1103971), (-0.69658047, 1.0068352), (-0.6529091, 0.908404), (-0.64058554, 0.81927997), (-0.6559702, 0.74316096), (-0.69282895, 0.68036133), (-0.74811894, 0.62599075), (-0.8397107, 0.56638503), (-1.2173123, 2.1675117), (-1.3624341, 1.9899884), (-1.2419759, 1.8287452), (-1.1539006, 1.6701115), (-1.10469, 1.5140247), (-1.0611634, 1.3745494), (-1.0000163, 1.2576468), (-0.92186284, 1.1578661), (-0.84338534, 1.0664443), (-0.7819511, 0.97949827), (-0.7467642, 0.89863735), (-0.7384194, 0.82672787), (-0.7531276, 0.764139), (-0.7882293, 0.7089757), (-0.836331, 0.6720881), (-1.614378, 1.8863566), (-1.6433585, 1.8359693), (-1.8768071, 1.8742552), (-1.3870958, 1.7908354), (-1.4699703, 1.7634628), (-1.2692683, 1.6687752), (-1.3600585, 1.6688412), (-1.206749, 1.5367087), (-1.2941893, 1.5604079), (-1.1657435, 1.4087113), (-1.2530067, 1.4467133), (-1.1195887, 1.2948947), (-1.2163906, 1.3364247), (-1.05597, 1.197662), (-1.1667919, 1.2367581), (-0.980995, 1.1127427), (-1.1006619, 1.1514903), (-0.91161054, 1.0352511), (-1.0321273, 1.0792676), (-0.8622568, 0.9643535), (-0.9798377, 1.0185966), (-0.83823454, 0.90201306), (-0.95453095, 0.9709571), (-0.83759207, 0.8490442), (-0.9512892, 0.934015), (-0.8587847, 0.8057308), (-0.96923625, 0.91352457), (-0.9120166, 0.82943946), (-1.0023593, 0.9056058), (-1.6719737, 1.80936), (-1.8586544, 1.8524259), (-1.5371525, 1.7506609), (-1.4432831, 1.6767714), (-1.3769107, 1.5885589), (-1.3328601, 1.4906777), (-1.2968314, 1.3834679), (-1.253605, 1.2766789), (-1.1955874, 1.1856982), (-1.1330123, 1.1150247), (-1.0889292, 1.0645491), (-1.0888927, 1.0394148), (-1.0819886, 1.0084602), (-1.0826089, 0.98521674), (-1.6965886, 1.7951626), (-1.8417114, 1.8329111), (-1.6157788, 1.752814), (-1.5286753, 1.69143), (-1.4634161, 1.6221111), (-1.4190079, 1.5444239), (-1.3644339, 1.4288757), (-1.3189017, 1.3124107), (-1.2613947, 1.2113025), (-1.2057152, 1.1422625), (-1.1676834, 1.1003757), (-1.195371, 1.1056082), (-0.89215565, 0.50918466), (-1.0643615, 0.9361702), (-1.191725, 0.49546704), (-1.1709394, 0.8308366), (-1.0812554, 0.77203554), (-1.0822263, 0.7943571), (-1.0593103, 0.76957417), (-1.0403938, 0.6882703), (-1.0260645, 0.7028237), (-1.0247955, 0.67399627), (-1.0525966, 0.64797765), (-1.0426812, 0.627548), (-1.0641124, 0.74241245), (-1.0839903, 0.7519455), (-1.0888503, 0.7438483), (-1.0957606, 0.7550366), (-1.098955, 0.7435104), (-1.0721595, 0.61216784), (-1.0807946, 0.6225726), (-1.0564791, 0.7081405), (-1.0380574, 0.72905684), (-1.1021928, 0.77380645), (-1.10754, 0.76223123), (-1.1244696, 0.7786533), (-1.1196454, 0.76019883), (-1.1254044, 0.7964084), (-1.1312382, 0.8143058), (-1.1059057, 0.8004821), (-1.0677668, 0.64670277), (-1.0617902, 0.67169654), (-1.0708218, 0.694911), (-1.0788386, 0.7250093), (-1.1083306, 0.5869615), (-1.1512583, 0.7816915), (-1.1462946, 0.79728615), (-1.1465313, 0.5750494), (-1.1234921, 0.586905), (-1.1532067, 0.5607091), (-1.1030833, 0.603681), (-1.1624116, 0.80046874), (-1.1705977, 0.8125307), (-1.1577512, 0.5517388), (-1.148462, 0.8137744), (-1.091709, 0.5821727), (-1.1866281, 0.83338803), (-1.2289242, 1.0850842), (-1.1928006, 1.0873307), (-1.2478858, 1.1551695), (-1.4759932, 1.5686398), (-1.507746, 1.6135073), (-1.4359688, 1.4796917), (-1.3546643, 1.3200988), (-1.3010457, 1.2228622), (-1.5552081, 1.6591117), (-1.8261073, 1.8154637), (-1.4923975, 2.7345567), (-1.583786, 2.646947), (-1.5769072, 2.677), (-1.5791296, 2.6146526), (-1.5707456, 2.5741332), (-1.55896, 2.5197432), (-1.5380956, 2.4490478), (-1.4917867, 2.3652291), (-1.3870591, 2.275955), (-1.6827123, 2.546241), (-1.6791555, 2.5886858), (-1.6841823, 2.5013425), (-1.6843243, 2.4463565), (-1.683065, 2.3765016), (-1.6780868, 2.2880259), (-1.6584493, 2.1803732), (-1.5253882, 2.111687), (-1.7772942, 2.4406278), (-1.7706708, 2.48555), (-1.783172, 2.3866134), (-1.7896873, 2.3206973), (-1.8001794, 2.2363763), (-1.8244333, 2.1216063), (-1.9077246, 1.9147508), (-1.8632816, 2.3357327), (-1.8554584, 2.38911), (-1.870381, 2.2760684), (-1.8790225, 2.203868), (-1.8934643, 2.1098297), (-1.9104588, 2.0034928), (-1.912502, 1.9215257), (-1.9372725, 2.2337859), (-1.9301169, 2.2893424), (-1.9405379, 2.1771135), (-1.9444534, 2.1050239), (-1.9543613, 1.9913032), (-1.9308697, 1.964025), (-1.9174926, 1.9287913), (-1.99665, 2.1422007), (-1.9971131, 2.18352), (-1.9919261, 2.1030085), (-1.9776642, 2.0470738), (-1.9577315, 1.998185), (-1.9342589, 1.9549297), (-1.9508606, 1.9844357), (-1.9226604, 1.9365404), (-1.2264804, 2.9968412), (-1.241458, 2.9766917), (-1.3022751, 2.9453902), (-1.2629609, 2.9517522), (-1.3301716, 2.917472), (-1.3006821, 2.9154692), (-1.34366, 2.8973236), (-1.3521407, 2.8672552), (-1.4079969, 2.843578), (-1.414792, 2.808004), (-1.4417447, 2.8042428), (-1.5103807, 2.7425625), (-0.0004061962, -3.2168605), (0.02095228, -3.2147958), (0.026982034, -3.216963), (0.028197695, -3.2131026), (0.015110772, -3.2118475), (0.030726703, -3.2103875), (0.052029107, -3.2116318), (0.0543229, -3.2153337), (0.046631746, -3.2139707), (0.040672436, -3.2183242), (0.043630056, -3.2207713), (0.029730178, -3.2198207), (0.05203166, -3.2173324), (0.054597676, -3.2200058), (0.041306987, -3.2232), (0.0517989, -3.2224932), (0.06315463, -3.2226765), (0.076197915, -3.2183962), (0.035693754, -3.2058134), (0.057747178, -3.205807), (0.075325504, -3.2099771), (-0.0027605204, -3.2093058), (0.013839861, -3.2065902), (-0.023542885, -3.207948), (-0.012789636, -3.2011824), (0.016863674, -3.2009377), (0.042777173, -3.199465), (0.08272978, -3.2020793), (0.10771773, -3.211887), (0.122532465, -3.2215934), (0.102768004, -3.2266052), (0.07684451, -3.2266614), (0.056267004, -3.2257974), (0.02603993, -3.2227476), (0.0402995, -3.2275434), (0.019145614, -3.2262795), (0.15684032, -3.215944), (0.15160349, -3.2244997), (0.13954467, -3.2319822), (0.09839699, -3.2342606), (0.06408957, -3.232166), (0.0347894, -3.2350109), (-0.0051655895, -3.2291899), (0.10421111, -3.1936772), (0.13206719, -3.203061), (0.058594503, -3.1904206), (0.0045749475, -3.1915674), (-0.03359474, -3.1933992), (-0.06551129, -3.198321), (-0.05131003, -3.2105205), (-0.052218713, -3.2211661), (-0.061069116, -3.1823854), (0.020038215, -3.1727672), (0.09632959, -3.1826503), (0.15075986, -3.1899273), (0.18933667, -3.204468), (0.20650426, -3.217298), (0.1872699, -3.2283595), (-0.115782484, -3.2079759), (0.021696124, -3.1412828), (0.14668478, -3.1658912), (0.234603, -3.1891377), (0.25407246, -3.2107353), (0.24435936, -3.2265692), (0.22667466, -3.2378328), (0.18443306, -3.2438416), (0.1290145, -3.244321), (0.07762391, -3.24361), (0.040655155, -3.2454717), (0.0062953066, -3.2406137), (-0.03923803, -3.234987), (-0.1027827, -3.226972), (-0.21411026, -3.1987386), (-0.16256136, -3.1840785), (-0.26444012, -3.1819344), (-0.13245636, -3.1530807), (-0.29091534, -3.162933), (0.26927128, -3.2380252), (0.24750319, -3.2519927), (0.20002747, -3.2561915), (0.15986745, -3.2555366), (-0.06671096, -3.2433918), (-0.117157415, -3.2386038), (-0.16529912, -3.227133), (-0.1649492, -3.2148254), (-0.22830361, -3.2125804), (-0.29177892, -3.1887598), (-0.36590108, -3.1729593), (0.15923773, -3.1195474), (-0.0924416, -3.0926971), (-0.3787612, -3.1268425), (-0.45155758, -3.1505249), (0.11340058, -3.2562943), (0.062184744, -3.2574136), (0.022026077, -3.2505882), (-0.01584483, -3.2482471), (0.2851852, -3.2544682), (0.28061518, -3.2618916), (0.25166857, -3.263907), (0.22247928, -3.2639282), (0.18538512, -3.2653482), (0.14632557, -3.2668884), (0.1046135, -3.2696445), (0.05959801, -3.2748747), (0.01643982, -3.2610564), (-0.034593623, -3.2586148), (-0.09164248, -3.2525983), (-0.16024601, -3.242567), (-0.21993195, -3.2265098), (-0.29674697, -3.20473), (-0.27430886, -3.1990879), (-0.34196997, -3.1896198), (0.29149923, -3.2719064), (0.2661847, -3.2692308), (0.2413873, -3.2723563), (0.20853563, -3.2735136), (0.174642, -3.2757716), (0.13950057, -3.2784545), (0.105960354, -3.2836285), (0.28256914, -3.2792199), (0.28647438, -3.285118), (0.26385206, -3.2834756), (0.24183793, -3.28514), (0.22700807, -3.28028), (0.24795702, -3.279459), (0.22216116, -3.2879012), (0.19998749, -3.2831786), (0.19957148, -3.2943952), (0.305307, -3.2795358), (0.26560277, -3.2759647), (0.16772386, -3.2870226), (0.13728829, -3.287544), (0.2880557, -3.2915406), (0.28603968, -3.2975974), (0.27063042, -3.2955964), (0.281172, -3.3029456), (0.2697565, -3.3009617), (0.26989737, -3.2898421), (0.25246683, -3.2894516), (0.25780705, -3.2937858), (0.25212795, -3.299772), (0.25873747, -3.308831), (0.22862759, -3.3268883), (0.2383859, -3.3175614), (0.21639825, -3.3195968), (0.2049522, -3.3053527), (0.21717349, -3.3112798), (0.2027449, -3.3133008), (0.22835273, -3.3061829), (0.24095947, -3.307973), (0.23335527, -3.3119214), (0.2221172, -3.2999835), (0.22693557, -3.294126), (0.23746447, -3.2901769), (0.17196332, -3.2954435), (0.18035954, -3.301908), (0.16131473, -3.2996738), (0.15070565, -3.2941341), (0.122308016, -3.2943566), (0.14343855, -3.3006568), (0.16001585, -3.3061724), (0.14242728, -3.3053265), (0.12370887, -3.3042014), (0.100163855, -3.2914155), (0.09458408, -3.298769), (0.101108134, -3.3075023), (0.07769278, -3.2888584), (0.076066166, -3.3073618), (0.060667783, -3.2975202), (0.11936418, -3.3124394), (0.091641955, -3.314655), (0.14342013, -3.3181748), (0.11357943, -3.3197415), (0.17322518, -3.3251212), (0.14583234, -3.326346), (0.044844773, -3.286814), (0.048976336, -3.3067918), (0.021447647, -3.296364), (0.34980357, -3.3428066), (0.38923565, -3.3434176), (0.18972757, -3.3349347), (0.17352307, -3.3333418), (0.43463072, -3.3421233), (0.12606227, -3.3279905), (0.10053134, -3.324706), (-1.7630513, -1.422278), (-1.755577, -1.3724045), (-1.7524252, -1.355077), (0.08025822, -3.3219059), (0.059148565, -3.3188145), (-1.7588192, -1.3911426), (-1.7688521, -1.4587747), (-1.7629123, -1.416549), (-1.770907, -1.4757415), (-1.7728269, -1.4933915), (0.027331218, -3.3138242), (-1.7596418, -1.4085532), (-1.7461101, -1.3223094), (-1.7680532, -1.4741992), (-1.7526834, -1.3828441), (-1.75009, -1.409466), (-1.766763, -1.4852341), (-1.736706, -1.2767329), (-1.7776381, -1.5544646), (-1.7752804, -1.5199653), (-1.7792935, -1.6042764), (0.004421424, -3.2763114), (-0.014025924, -3.3067694), (-0.055232637, -3.2697675), (-0.022718571, -3.2863162), (-0.07081605, -3.282211), (-0.11719797, -3.262184), (-0.14327435, -3.2723742), (-0.07381034, -3.295484), (-1.7777523, -1.6771362), (-1.7785169, -1.660896), (-1.7547154, -1.5350744), (-1.7374053, -1.300758), (-1.7265643, -1.2299412), (-1.7203851, -1.2019314), (-1.7261075, -1.3495744), (-1.7154644, -1.4717131), (-0.18349549, -3.2530367), (-1.7054775, -1.6004083), (-1.7393602, -1.5711441), (-1.775877, -1.7048761), (-1.6618395, -1.7053559), (-1.7701695, -1.758625), (-0.16130024, -3.2767298), (-0.14180167, -3.2811372), (-0.19458972, -3.2688975), (-0.20534497, -3.2584736), (-0.25900057, -3.2526186), (-0.24741632, -3.244898), (-0.22900976, -3.2369998), (-0.27334663, -3.2231576), (-0.2647499, -3.2158484), (-0.30615684, -3.2117493), (-0.36658582, -3.1981966), (-0.3301793, -3.216111), (-0.2911904, -3.230896), (-0.31804854, -3.236322), (-1.606772, -1.804351), (-1.762483, -1.8080347), (-0.35060295, -3.226736), (-1.5419723, -1.9012059), (-1.7572261, -1.8353521), (0.24789156, -2.9773653), (0.04324255, -2.9817634), (0.15798064, -3.049071), (-0.13820104, -2.98719), (-0.04575239, -3.0297003), (0.31965736, -2.9080374), (0.11123529, -2.9153328), (-0.083309814, -2.9297047), (-0.2531138, -2.9476979), (-0.29101634, -2.99568), (-0.20779388, -3.0352914), (-0.34804073, -3.071401), (-0.34085596, -3.0296726), (-0.4002828, -2.8532538), (-0.548581, -2.8939106), (-0.5914582, -2.8412743), (-0.21857764, -2.809942), (-0.43524012, -2.7559643), (0.1735301, -2.835664), (-0.042982653, -2.857067), (-0.2295598, -2.886703), (-0.3893195, -2.9162395), (-0.19425042, -2.7356439), (-0.10842808, -2.6091077), (-0.0216527, -2.7634203), (0.2505602, -2.7338207), (-0.5136151, -2.5849676), (-0.5270883, -2.4175127), (-0.44325745, -2.6605048), (-0.733574, -2.6637654), (-0.7738477, -2.5325334), (-0.9007144, -2.4317415), (-0.99129033, -2.3265724), (-0.83669144, -2.7959957), (-0.9723436, -2.6152756), (-0.92695194, -2.5660264), (-1.0512393, -2.462844), (-1.1682748, -2.3381128), (-1.1074536, -2.600879), (-1.1049275, -2.5216658), (-1.1811904, -2.4407668), (-1.2997886, -2.3395312), (-1.1649942, -2.7686896), (-0.99098665, -2.6933055), (-1.1373504, -2.6623228), (-1.2105798, -2.6535256), (-1.2106192, -2.585919), (-1.2257203, -2.5100071), (-1.265835, -2.4251566), (-1.2475275, -2.6353595), (-1.2763658, -2.5791392), (-1.3024758, -2.5028434), (-1.3576045, -2.4087617), (-1.4810212, -2.3428688), (-1.3905855, -2.4265003), (-1.4115525, -2.4414976), (-1.3484519, -2.5010033), (-1.2798113, -2.6193447), (-1.3307116, -2.553238), (-1.3752512, -2.5006506), (-1.4123268, -2.47265), (-1.4572427, -2.4037483), (-1.46075, -2.4254413), (-1.5170149, -2.3355944), (-1.5171717, -2.3680341), (-1.4370167, -2.3579001), (-1.4180514, -2.3107889), (-1.4543432, -2.316192), (-1.4981064, -2.2918994), (-1.5584892, -2.2340014), (-1.566848, -2.2470057), (-1.5434651, -2.3188202), (-1.5847995, -2.24188), (-1.6797297, -2.0776112), (-1.5547233, -2.206246), (-1.2136433, -2.1540835), (-0.81359464, -2.2722995), (-1.3223916, -2.199034), (-1.751569, -1.8613037), (-1.4312816, -2.1913393), (-1.5590966, -2.1467617), (-1.7042456, -2.0169656), (-1.6911706, -2.0503335), (-0.62204677, -3.1265547), (-0.5954924, -3.1381986), (-0.4672816, -3.159434), (-0.4593401, -3.1710396), (-1.4606596, -2.441766), (-1.4762974, -2.4241166), (-1.4845876, -2.4141417), (-1.496996, -2.3968945), (-1.5479532, -2.3218296), (-1.5627407, -2.2953265), (-1.5366417, -2.3391364), (-1.3941913, -2.5300777), (-1.4014374, -2.5213406), (-1.4683676, -2.4361534), (-1.2220777, -2.6891901), (-1.1878579, -2.7477262), (-1.2548543, -2.6681428), (-1.2048535, -2.731778), (-0.575502, -3.146671), (-1.3305584, -2.5836036), (-1.3714675, -2.534271), (-1.3868856, -2.5387967), (-1.3686064, -2.5602376), (-1.2937214, -2.625609), (-1.3189511, -2.6086636), (-1.2835985, -2.6477005), (-1.4190601, -2.499722), (-1.4370307, -2.4771016), (-0.5295627, -3.165225), (-1.243198, -2.694603), (-1.3367373, -2.5964065), (-1.3491776, -2.582465), (-1.3192731, -2.6156092), (-1.2989229, -2.637462), (-1.2549465, -2.6828723), (-1.6158297, -2.20717), (-1.60364, -2.2299676), (-1.6153004, -2.2090406), (-1.6065481, -2.2230105), (-1.5904493, -2.2528574), (-1.5923945, -2.2470818), (-1.5785569, -2.2728498), (-1.5771097, -2.2729163), (-1.5620375, -2.2997017), (-1.6287109, -2.1840756), (-1.6245005, -2.1897776), (-1.6116513, -2.2112541), (-1.5891806, -2.2496457), (-1.6423084, -2.156362), (-1.6408042, -2.156847), (-1.614708, -2.2012317), (-1.5746334, -2.2701328), (-1.5500253, -2.314003), (-1.5316334, -2.3466744), (-0.44005868, -3.1862469), (-0.39444438, -3.2047613), (-0.3814561, -3.2172315), (-0.51524264, -3.1707582), (-0.45516217, -3.1927488), (-0.45200115, -3.189574), (-0.44167256, -3.1974251), (-0.48431042, -3.1823206), (-1.7200525, -1.9725797), (-1.7279103, -1.9483473), (-1.735371, -1.9235859), (-1.7132418, -1.9923373), (-1.7386202, -1.9121529), (0.039368514, -3.2132955), (-0.008893502, -3.2113733), (-1.525642, -2.3555942), (-1.6391846, -2.16383), (-1.6516676, -2.1387346), (-1.6675743, -2.1049855), (-1.5037239, -1.9771031), (2.2500353, -1.6650609), (-0.04703757, -2.3873596), (2.3198273, 2.1536055), (-1.2723871, 0.38287568), (-1.8880059, 1.8883531), (-1.8916297, 1.8930409), (-1.9028339, 1.907985), (-1.5023242, -2.3893735), (-1.50857, -2.3804674), (-1.2452523, 0.89353675), (-1.2726998, 0.94976294), (-1.897473, 1.9007446), (-0.76855767, 3.16084), (2.7396715, 0.20633207), (2.6751661, 1.1935456), (1.4733483, 2.890965), (0.5068724, 3.0609794), (0.5493253, -3.2378008), (0.9226558, -3.2330532), (1.0903014, -2.950622), (-0.67589235, 3.175109), (0.4467617, 3.194577), (-1.3007264, 0.3407458), (-1.6688415, -0.7711514), (2.541386, 1.6853942), (2.6021702, 1.4967659), (-1.2959167, 2.959316), (0.18415797, -3.3102958), (0.37357277, -3.3435664), (-1.7659853, -1.4373838), (-1.4481484, -2.4627993), (-1.2799882, -2.65731), (1.8750871, 2.3125834), (1.9270699, 2.2522879), (1.7814647, 2.450032), (1.8614309, 2.3757842), (1.9391074, 2.2934031), (1.9755211, 2.2226741), (2.0105581, 2.1739728), (1.7638113, 2.5257256), (1.8582829, 2.4503171), (1.9368875, 2.3643286), (2.001557, 2.2779884), (1.9921799, 2.2413294), (2.0099964, 2.202802), (2.037582, 2.167189), (2.0772734, 2.1439795), (2.0333693, 2.2077134), (2.1269875, 2.1168272), (2.079521, 2.2098749), (2.1449606, 2.146274), (2.14153, 2.2216787), (2.1939533, 2.2504914), (2.0990224, 2.3459332), (2.163619, 2.3409998), (2.0244968, 2.3449385), (1.753278, 2.5998828), (1.8714117, 2.5428236), (1.9321854, 2.4355032), (2.0281894, 2.418445), (2.054386, 2.4188075), (1.9668633, 2.4680228), (1.9379501, 2.5443163), (1.9157335, 2.6079707), (1.9391013, 2.5893307), (1.8186225, 2.6173851), (1.8939155, 2.6248307), (1.7541881, 2.646087), (1.7354052, 2.675553), (1.7573007, 2.6895146), (-1.4539208, 1.1253424), (-1.4853616, 1.1713191), (-1.5174757, 1.2569048), (-1.4191921, 1.0640744), (-1.4740121, 1.1421427), (-1.4115242, 1.0468345), (-1.4805565, 1.1499403), (-1.4832269, 1.1501448), (-1.4901103, 1.1666925), (-1.4415625, 1.0776443), (-1.4751142, 1.1328261), (2.101705, 2.4389284), (2.0765765, 2.4482646), (2.0462394, 2.494827), (2.0796723, 2.4153702), (-1.5413363, 1.360418), (-1.5492138, 1.3911322), (-1.5141437, 1.2753782), (0.2766643, 3.1885924), (0.31815523, 3.1902661), (0.37732512, 3.1443772), (0.22925004, 3.1867106), (0.29141822, 3.1483386), (0.17914762, 3.1848845), (0.2208238, 3.1509013), (0.13274905, 3.1834407), (0.151081, 3.1533349), (0.07762756, 3.1821415), (0.064064816, 3.1567996), (-0.016505113, 3.18117), (-1.6608526, 1.626282), (-1.5906637, 1.5766773), (-1.6336251, 1.5865568), (-1.6808788, 1.6525868), (-1.5832437, 1.5933388), (-1.7113693, 1.6894999), (-1.5773896, 1.6126281), (-1.4835778, 1.5016235), (-1.5027027, 1.4944408), (-1.5230304, 1.4594238), (-1.6040395, 1.5353544), (-1.5163692, 1.4206269), (-1.5888307, 1.5039387), (-1.5073476, 1.3784711), (-1.5772914, 1.476685), (-1.4988747, 1.3338242), (-1.5661051, 1.4464719), (-1.4940207, 1.2931175), (-1.556664, 1.417204), (-1.4907049, 1.2558326), (-1.4763098, 1.193914), (-1.5061343, 1.2386029), (-1.5178926, 1.4834477), (-0.093567945, 3.181588), (0.16467439, 3.1273928), (0.24414746, 3.120089), (0.32277593, 3.1142826), (0.412573, 3.1051598), (0.33842522, 3.0852904), (0.42329803, 3.0717492), (-1.7381197, 1.7198426), (-1.5843778, 1.6396748), (1.9980849, 2.4729712), (2.0240302, 2.455534), (1.9725543, 2.5091832), (1.9617201, 2.5459213), (1.9643229, 2.5684838), (-1.4527884, 1.0938685), (-1.4654331, 1.1146083), (2.0415924, 2.4768648), (2.0228596, 2.5168538), (2.0398388, 2.4566875), (1.8003297, 2.6467679), (1.8378692, 2.6410508), (1.7753634, 2.6620252), (1.7727808, 2.675876), (1.7856036, 2.6851108), (1.7816541, 2.7046266), (1.8074274, 2.6872063), (-1.5103102, 1.2288791), (-1.5120884, 1.2355384), (-1.5080442, 1.2206937), (-1.4988365, 1.1907367), (1.8629975, 2.6478963), (2.0176275, 2.480525), (2.021041, 2.4916708), (2.0084476, 2.5300155), (1.9939041, 2.5429904), (1.979213, 2.5557983), (1.9765078, 2.5412495), (1.9797972, 2.522151), (1.9907063, 2.5005689), (2.0055976, 2.4847028), (1.816726, 2.6538653), (1.8342422, 2.6547194), (1.841388, 2.6634896), (1.8255858, 2.6746402), (1.8212652, 2.6728628), (1.815545, 2.6816201), (1.8116468, 2.677425), (1.8018757, 2.678349), (1.7925608, 2.6748788), (1.7903755, 2.6679003), (1.7989926, 2.6595488), (1.9974058, 2.5134776), (1.8121325, 2.6670434), (-1.5293663, 1.3086299), (-0.9090699, 0.46515355), (-0.926373, 0.44088364), (-0.928198, 0.47998175), (-0.9634226, 0.45024562), (-0.9858808, 0.4212777), (-0.9762332, 0.405037), (-0.9837724, 0.39120668), (-1.0038029, 0.46618256), (-1.0401, 0.43932047), (-1.0716856, 0.41578886), (-1.0234648, 0.3997099), (-1.0332595, 0.38102034), (-1.0420656, 0.36890638), (-1.080116, 0.35916033), (-1.0822513, 0.37542254), (-1.0995276, 0.39337113), (-1.1541045, 0.36361516), (-1.1635642, 0.3807153), (-1.2086943, 0.37589183), (-1.2660512, 0.39186507), (2.2589133, 2.245932), (-1.2592295, 0.401417), (-1.1869311, 0.40041608), (-1.0905228, 0.45779666), (-1.1450455, 0.43895522), (-1.1542898, 0.4146317), (-1.2546977, 0.407702), (-1.2049012, 0.41235533), (-1.1948365, 0.41977602), (-1.1914096, 0.42878458), (-1.2280065, 0.44426528), (-1.2231157, 0.4509693), (-1.2185972, 0.45719305), (-1.184901, 0.45436), (-1.1513351, 0.45788243), (-1.1431638, 0.4703822), (-1.197992, 0.4862661), (-1.3752407, 1.0443088), (-1.2985117, 0.95526683), (-1.3405479, 0.9914402), (-1.3506558, 0.99439305), (-1.308889, 0.9476671), (-1.3171217, 0.9544791), (-1.3297881, 0.9650209), (-1.343545, 0.976636), (-1.3661754, 0.9977769), (-1.3831197, 1.0120894), (2.146384, 2.389737), (2.2026048, 2.3217769), (2.2152138, 2.305513), (-1.4262012, 1.1251057), (-1.4227142, 1.1456417), (-1.4234685, 1.1797231), (-1.4373347, 1.2342308), (-1.388192, 1.1839299), (-1.4528136, 1.2938353), (-1.3984219, 1.2230921), (-1.4578099, 1.3365875), (-1.4026233, 1.2586486), (-1.4559685, 1.3686291), (-1.3981569, 1.2833741), (-1.4469606, 1.3890537), (-1.3879195, 1.3003923), (-1.4324002, 1.4002655), (-1.372016, 1.309207), (-1.4140493, 1.4026465), (-1.3241094, 1.2219536), (-1.3371334, 1.2114005), (-1.338156, 1.1875907), (-1.3425986, 1.1707561), (-1.2668276, 1.1515421), (-1.2772914, 1.1420134), (-1.2421807, 0.41554978), (-1.2291298, 0.4154167), (-1.2145311, 0.41912386), (-1.2111683, 0.42482898), (-1.2208806, 0.43194845), (-1.2342668, 0.43571076), (-1.3611145, 0.9918987), (-1.3680223, 0.99808407), (2.16876, 2.3635461), (2.18065, 2.3491774), (-1.251494, 0.41212487), (-1.2459877, 0.41968966), (-1.2070953, 0.46316043), (-1.1964481, 0.4608468), (-1.1795597, 0.46160015), (-1.1706749, 0.46644062), (-1.1820813, 0.47367263), (-1.2042806, 0.47723135), (-1.2778445, 0.921849), (-1.2821707, 0.92548466), (-1.287585, 0.93000984), (-1.2950382, 0.93620646), (-1.215644, 0.46128294), (-1.2106253, 0.46827686), (-1.2430434, 0.4237203), (-1.2386363, 0.425628), (-1.239775, 0.42248562), (-1.2405761, 0.4270932), (-1.2374243, 0.43139854), (-1.2246616, 0.42687616), (-1.2217746, 0.42282182), (-1.2262872, 0.41991502), (-1.2337401, 0.4188483), (-1.2388059, 0.41998926), (-1.2040412, 0.46950793), (-1.2032098, 0.46686414), (-1.2078934, 0.4721162), (-1.2027913, 0.4716463), (-1.2058923, 0.47494468), (-1.2004215, 0.4729834), (-1.1934915, 0.47239336), (-1.1852082, 0.46944016), (-1.1843613, 0.46609035), (-1.1909088, 0.46438226), (-1.1986532, 0.46477053), (-1.2325611, 0.42347878), (-1.1958357, 0.46866688), (-1.2612495, 0.9076783), (-1.9038197, 2.3658786), (-1.913026, 2.3461728), (-1.9099592, 2.3639472), (-1.4111806, 1.0406446), (-1.5344223, 1.3310276), (-1.4592465, 1.1040853), (-1.5043138, 1.2079322), (2.232834, 2.2821045), (2.736559, 0.52993476), (2.7370253, 0.4958602), (2.73377, 0.5082096), (2.739923, 0.5190076), (2.7405684, 0.48688638), (2.7431521, 0.5062989), (2.7432914, 0.47950545), (2.739457, 0.5528283), (2.7425482, 0.54213315), (2.736325, 0.5612601), (2.73263, 0.54233783), (2.7336109, 0.5878696), (2.7377772, 0.46017554), (2.7333043, 0.47083023), (2.7342954, 0.4234396), (2.739163, 0.5932221), (2.7419765, 0.5712881), (2.7404258, 0.6695303), (2.7368226, 0.6337921), (2.744896, 0.56610173), (2.741821, 0.64318293), (2.7436469, 0.60206974), (2.741634, 0.24241154), (2.740784, 0.27094686), (2.741714, 0.31606647), (2.744142, 0.30099759), (2.743462, 0.33626518), (2.7454183, 0.3428631), (2.7442377, 0.36127937), (2.7461784, 0.37931803), (2.7443855, 0.38784173), (2.7465498, 0.40853342), (2.7367685, 0.37182894), (2.7391107, 0.4235116), (2.7439904, 0.4709568), (2.742046, 0.4603837), (2.7466211, 0.4729728), (2.742717, 0.42855248), (2.7446837, 0.41930196), (2.7428505, 0.3984684), (2.7406607, 0.3965049), (2.7382712, 0.31195816), (2.7416131, 0.36005464), (2.7456646, 0.537163), (1.1756822, 3.03617), (1.2229887, 3.013419), (1.2006109, 3.018612), (1.1981643, 3.0321956), (1.245923, 3.0079608), (1.2333615, 3.0196948), (1.2659848, 3.0018148), (1.1458572, 3.0567257), (1.1649967, 3.058321), (1.1314895, 3.056524), (1.1547375, 3.0387654), (1.0933317, 3.0688028), (1.2706897, 2.9903088), (1.2469054, 2.9947956), (1.3054663, 2.9673326), (1.0873418, 3.0811245), (1.1168715, 3.074722), (0.97197986, 3.1282911), (1.027903, 3.1020632), (1.113876, 3.0819204), (1.0224617, 3.1115186), (1.0717062, 3.0944548), (0.91771185, 3.1515687), (0.96176255, 3.1363068), (1.0018451, 3.12325), (1.0323912, 3.111548), (1.0561782, 3.1040554), (1.0528346, 3.1073496), (1.0906385, 3.0919745), (1.3710363, 2.9393067), (1.3187252, 2.9681246), (1.2791715, 2.995787), (1.2844598, 2.9900408), (1.2870816, 2.9954984), (1.3239219, 2.9707186), (1.3358674, 2.967124), (1.3604677, 2.9524634), (1.3574026, 2.9511125), (0.9444773, 3.1441734), (0.9828209, 3.1324034), (1.4379911, 2.9111557), (1.0091568, 3.1235151), (1.4134299, 2.925117), (1.3722099, 2.948397), (1.3360541, 2.9686048), (1.2380401, 3.0216222), (-1.4955933, -0.032480128), (-1.5192678, -0.076386124), (-1.5122083, -0.05325549), (-1.4950727, -0.019769482), (-1.510692, -0.040917326), (-1.4985712, -0.016825063), (-1.5120629, -0.035280757), (-1.5033884, -0.01806326), (-1.4929307, 0.0012121854), (-1.4907047, 0.0011559683), (-1.48129, 0.012327958), (-1.4752257, 0.01313897), (-1.52316, -0.06383267), (-1.5315502, -0.085474655), (-1.546363, -0.12052769), (-1.4645262, 0.043917816), (-1.4787662, 0.027365612), (-1.4699687, 0.03779424), (-1.4545584, 0.06750306), (-1.4896454, 0.009830109), (-1.4606707, 0.05721006), (-1.4660114, 0.048306428), (-1.6308056, -0.2124228), (-1.6055988, -0.18170625), (-1.624151, -0.20096055), (-1.6024246, -0.16976075), (-1.5953318, -0.15389857), (-1.5025159, -0.010580597), (-1.503447, -0.014001595), (-1.5096802, -0.02180893), (-1.5240858, -0.044156283), (-1.5690308, -0.14877853), (-1.5520667, -0.11491577), (-1.5244647, -0.056088556), (-1.5377338, -0.08306985), (-1.5401089, -0.06876028), (-1.5562841, -0.10866198), (-1.5723561, -0.14197855), (-1.594212, -0.17336363), (-1.5848191, -0.16781841), (-1.5780295, -0.13729972), (-1.5803423, -0.13045372), (-1.5722611, -0.117974944), (-1.5609491, -0.104712576), (-1.5586454, -0.10497944), (-1.0855988, 0.6974286), (-1.0797247, 0.67365515), (-1.0943882, 0.67694545), (-1.1022912, 0.69610393), (-1.1084586, 0.6761194), (-1.1238306, 0.69049907), (-1.1181154, 0.67204255), (-1.1251712, 0.70382625), (-1.124538, 0.7230309), (-1.1207457, 0.7125741), (-1.112599, 0.71743274), (-1.0969378, 0.7195518), (-1.1029869, 0.6629028), (-1.0933377, 0.65661037), (-1.0811548, 0.64616555), (-1.1119487, 0.73887354), (-1.1219934, 0.7289296), (-1.1201823, 0.73701805), (-1.129518, 0.73963946), (-1.1299797, 0.7558716), (-1.1279017, 0.7441881), (-1.1449507, 0.7692926), (-1.1405839, 0.7595649), (-1.1374131, 0.75166893), (-1.128908, 0.7306755), (-1.1339556, 0.7419238), (-1.129043, 0.72462475), (-1.097021, 0.62053317), (-1.1001039, 0.6349444), (-1.1139255, 0.65897083), (-1.1079055, 0.64652425), (-1.1265506, 0.6396365), (-1.1155353, 0.6273381), (-1.1121671, 0.61438495), (-1.1424304, 0.58479494), (-1.1263841, 0.5948902), (-1.1116827, 0.6037922), (-1.1394072, 0.5926082), (-1.1278939, 0.6067095), (-1.1370914, 0.5990658), (-1.134422, 0.60718596), (-1.1280082, 0.61962396), (-1.123916, 0.62320685), (-1.1241964, 0.6577059), (-1.123359, 0.67737997), (2.7430928, 0.27405733), (1.2154913, 3.0332725), (-1.6084265, -0.17486352), (-1.5566033, -0.09397303), (-1.130252, 0.62204146), (0.5517358, -3.235822), (0.54660773, -3.2370734), (0.54521424, -3.236161), (0.54334503, -3.2369099), (0.5549942, -3.234881), (0.55006754, -3.2348008), (0.24901089, -3.3396811), (0.23167707, -3.3384733), (0.26025286, -3.3403814), (0.3453541, -3.3391862), (0.30440524, -3.3424811), (0.360679, -3.3346303), (0.3147117, -3.3202734), (0.33871037, -3.3127658), (0.34539342, -3.309717), (0.32598716, -3.3167295), (0.38900828, -3.3283513), (0.3155414, -3.3428423), (0.33262953, -3.3432596), (0.03478376, -3.2151682), (0.040394746, -3.2145128), (0.044656694, -3.2153115), (0.041638102, -3.2165804), (0.03602312, -3.21676), (0.042764068, -3.2142725), (0.2147075, -3.337146), (0.20337598, -3.33618), (0.1909657, -3.319931), (0.24333818, -3.304915), (0.23646036, -3.3017764), (0.24386322, -3.2942257), (0.23631196, -3.2979853), (0.16574356, -3.3150074), (0.142476, -3.3102353), (0.34926113, -3.343504), (0.36031473, -3.3435748), (1.1071333, -2.988247), (1.0494814, -3.0261464), (1.1804106, -2.9851587), (1.1716092, -2.95478), (1.1426654, -3.0187402), (1.225265, -2.9802806), (1.2266778, -2.9578917), (1.2087957, -3.0081484), (1.2496908, -2.9865713), (1.2606368, -2.9626248), (1.2456527, -3.009304), (1.2746651, -2.9899714), (1.2829957, -2.9680817), (1.2633382, -3.0100546), (0.99025565, -3.0665972), (1.1194416, -3.0585425), (1.1903232, -3.0417793), (1.2274336, -3.0329933), (1.2499626, -3.0274007), (1.2661066, -3.0210426), (1.2802963, -3.0023375), (1.2985971, -2.9833598), (1.3019881, -2.9693577), (1.2806811, -3.014106), (1.2983636, -2.9952188), (1.3197521, -2.9748588), (1.3164442, -2.9680035), (1.2911471, -3.0131893), (1.3196384, -2.9830794), (1.3384805, -2.9636059), (1.3333374, -2.9706452), (1.3554246, -2.960818), (1.089718, -3.0955706), (1.2145276, -3.0699213), (1.158147, -3.0818236), (1.1711242, -3.0993912), (1.1501714, -3.1129425), (1.1956071, -3.083002), (1.2290356, -3.0596452), (1.4647057, -2.8402498), (1.524137, -2.8014853), (1.5064745, -2.8197079), (1.2409528, -3.0510418), (1.4612455, -2.85148), (1.4928328, -2.8335285), (1.2563329, -3.0397227), (1.4467843, -2.8660634), (1.4815623, -2.844782), (1.43843, -2.8788302), (1.4669302, -2.8591726), (1.4331839, -2.891416), (1.457656, -2.8681638), (1.2660284, -3.032461), (1.2821236, -3.020189), (1.4201266, -2.8719394), (1.4136895, -2.8983), (1.4121606, -2.8892226), (1.4114088, -2.862282), (1.4359741, -2.8383806), (1.4646057, -2.8110962), (1.5467764, -2.7775807), (1.4319086, -2.7927241), (1.5659603, -2.7568393), (1.4190784, -2.9045072), (1.426137, -2.8979838), (1.3809584, -2.9309413), (1.393238, -2.9157119), (1.3788111, -2.9159346), (1.3748368, -2.903145), (1.369172, -2.8888173), (1.3666457, -2.8701706), (1.3833767, -2.8405342), (1.329156, -2.918724), (1.3123516, -2.9042945), (1.3391893, -2.9325097), (1.3518338, -2.9366522), (1.2867289, -2.882544), (1.3130038, -2.8416147), (1.2055973, -2.8698375), (1.366423, -2.934753), (1.3633397, -2.944612), (1.1813948, -2.9161088), (1.3106111, -2.9536967), (1.328518, -2.9525106), (1.3002605, -2.9455051), (1.2787498, -2.9361944), (1.2430437, -2.926015), (1.346134, -2.9471297), (1.3333166, -2.9596932), (1.3505262, -2.951806), (1.3001546, -3.0061164), (1.4100374, -2.9127808), (-0.39556754, -2.9649405), (-0.4170492, -3.0039933), (-0.51174974, -2.9781203), (-0.52330506, -3.0112514), (-0.44450748, -3.0379107), (-0.6078516, -2.9856706), (-0.6185487, -3.0158331), (-0.54371524, -3.039062), (-0.6901921, -2.9861767), (-0.6055362, -3.0410538), (-0.66106594, -3.0330675), (-0.7577954, -2.982345), (-0.7008861, -3.0075462), (-0.72523415, -3.0233884), (-0.49840796, -3.0656629), (-0.5743628, -3.0578673), (-0.63081646, -3.0573485), (-0.68641007, -3.0500548), (-0.7657422, -3.022176), (-0.7315622, -3.042471), (-0.7780302, -3.0049205), (-0.7536941, -3.0003643), (-0.80696595, -2.9816437), (-0.7962211, -3.0176015), (-0.7661284, -3.035672), (-0.7975319, -3.0076544), (-0.8193444, -2.9924989), (-0.8246629, -3.0104842), (-0.794947, -3.0283442), (-0.8284646, -3.000266), (-0.8824433, -2.9858003), (-0.85090244, -2.985876), (-0.82143563, -3.0189676), (-0.49045226, -3.0958292), (-0.5945819, -3.0835662), (-0.641076, -3.1179292), (-0.6638287, -3.0759466), (-0.6673615, -3.1056163), (-0.7064881, -3.066007), (-0.6981278, -3.0905993), (-0.7395751, -3.0562253), (-0.71955115, -3.0797443), (-0.7688289, -3.046285), (-0.74489135, -3.0664754), (-0.79245996, -3.040262), (-0.77500975, -3.0500782), (-0.99120927, -2.910908), (-1.0104787, -2.8965514), (-0.99218476, -2.90886), (-0.98773795, -2.9008303), (-1.0269219, -2.8840318), (-1.0549672, -2.8620996), (-0.9732179, -2.9164567), (-0.97119635, -2.9254649), (-0.97999704, -2.9191084), (-1.078236, -2.8433392), (-1.0126898, -2.8723617), (-1.0976754, -2.8272655), (-0.9967685, -2.8637598), (-1.1252204, -2.8038528), (-0.9416137, -2.8594031), (-1.1484076, -2.783552), (-0.91783386, -2.8352687), (-0.9623714, -2.9317706), (-0.9311355, -2.9328132), (-0.9301128, -2.9447274), (-0.95026773, -2.9143302), (-0.99, -2.8920255), (-0.9445089, -2.9079063), (-0.92739826, -2.9017909), (-0.8780719, -2.9015915), (-0.7831848, -2.9067276), (-0.751228, -2.8709867), (-0.77749854, -2.93391), (-0.8444708, -2.93075), (-0.88897127, -2.926891), (-0.89810175, -2.9362214), (-0.70338523, -2.9364178), (-0.6519931, -2.9197178), (-0.8862454, -2.9529703), (-0.89240366, -2.9612553), (-0.517464, -2.939896), (-0.8552631, -2.9600964), (-0.83082986, -2.9546845), (-0.76529956, -2.959134), (-0.6925989, -2.9605453), (-0.61361176, -2.9548142), (-0.85440993, -2.973263), (-0.87003, -2.9766433), (-0.81271696, -3.0285668), (-0.9510556, -2.9397542), (1.4421736, -2.8829536), (-1.8878273, 2.387553), (-1.8742784, 2.3899896), (-1.9045093, 2.3849833), (-1.9389676, 2.3352268), (-1.9349506, 2.3613977), (-1.972815, 2.306361), (-1.9559171, 2.3490784), (-1.5230681, 2.814899), (-1.6159701, 2.7448363), (-1.5611447, 2.7870934), (-1.6138054, 2.7438722), (-1.6465161, 2.7200043), (-1.6673088, 2.702508), (-1.8376733, 2.437243), (-1.8666021, 2.424865), (-1.8826921, 2.4196444), (-1.9056326, 2.402481), (-1.9265537, 2.3905332), (-1.9323205, 2.3965347), (-1.9440906, 2.3741143), (-1.8491727, 2.5188575), (-1.8239768, 2.5489423), (-1.8668336, 2.4963293), (-1.8252084, 2.4720752), (-1.7720121, 2.5119956), (-1.8574121, 2.4478583), (-1.8773701, 2.4381201), (-1.9047565, 2.4203532), (-1.9226588, 2.4135435), (-1.8096952, 2.565093), (-1.8795171, 2.4792647), (-1.7787175, 2.526017), (-1.7295647, 2.5626853), (-1.8328112, 2.4846845), (-1.8777449, 2.4538097), (-1.9165821, 2.4237142), (-1.7990853, 2.5767272), (-1.8868041, 2.4690716), (-1.7287087, 2.5793953), (-1.6847719, 2.60739), (-1.7777752, 2.5454295), (-1.8281522, 2.509708), (-1.902244, 2.4463825), (-1.7865908, 2.5900645), (-1.6722621, 2.6343038), (-1.6092516, 2.6719313), (-1.723777, 2.6006408), (-1.7678237, 2.5723069), (-1.8004469, 2.555925), (-1.7750199, 2.602093), (-1.6090937, 2.6945605), (-1.5173656, 2.7587647), (-1.6718111, 2.6518993), (-1.7190471, 2.6205943), (-1.7521142, 2.6017058), (-1.7639499, 2.603879), (-1.5523648, 2.750518), (-1.4781076, 2.802842), (-1.6239474, 2.699719), (-1.6779375, 2.661568), (-1.7171907, 2.6355), (-1.7412261, 2.6221144), (-1.4955943, 2.8038542), (-1.4123365, 2.8567996), (-1.5838103, 2.7429228), (-1.6439878, 2.6967275), (-1.6886046, 2.664958), (-1.7223243, 2.6420796), (-1.4125898, 2.8743057), (-1.5268139, 2.7947476), (-1.6122226, 2.736934), (-1.6256062, 2.7175515), (-1.6612574, 2.6935792), (-1.7070057, 2.6602757), (-1.7292737, 2.642202), (-1.9887848, 2.2489882), (-1.3994095, 2.8977535), (-1.4836694, 2.8424742), (-1.6875443, 2.6849716), (-1.7206272, 2.6550987), (-1.7377073, 2.6390228), (-1.7497138, 2.627425), (-1.7631695, 2.6141133)] (
            interpolation = "vertex"
        )
    }
}

