#usda 1.0

def "Cow_dABF"
{
    def Mesh "Cow_dABF"
    {
        int[] faceVertexCounts = [3, 3, 3, 3, 3, 3, 3, 3, 3, 3, 3, 3, 3, 3, 3, 3, 3, 3, 3, 3, 3, 3, 3, 3, 3, 3, 3, 3, 3, 3, 3, 3, 3, 3, 3, 3, 3, 3, 3, 3, 3, 3, 3, 3, 3, 3, 3, 3, 3, 3, 3, 3, 3, 3, 3, 3, 3, 3, 3, 3, 3, 3, 3, 3, 3, 3, 3, 3, 3, 3, 3, 3, 3, 3, 3, 3, 3, 3, 3, 3, 3, 3, 3, 3, 3, 3, 3, 3, 3, 3, 3, 3, 3, 3, 3, 3, 3, 3, 3, 3, 3, 3, 3, 3, 3, 3, 3, 3, 3, 3, 3, 3, 3, 3, 3, 3, 3, 3, 3, 3, 3, 3, 3, 3, 3, 3, 3, 3, 3, 3, 3, 3, 3, 3, 3, 3, 3, 3, 3, 3, 3, 3, 3, 3, 3, 3, 3, 3, 3, 3, 3, 3, 3, 3, 3, 3, 3, 3, 3, 3, 3, 3, 3, 3, 3, 3, 3, 3, 3, 3, 3, 3, 3, 3, 3, 3, 3, 3, 3, 3, 3, 3, 3, 3, 3, 3, 3, 3, 3, 3, 3, 3, 3, 3, 3, 3, 3, 3, 3, 3, 3, 3, 3, 3, 3, 3, 3, 3, 3, 3, 3, 3, 3, 3, 3, 3, 3, 3, 3, 3, 3, 3, 3, 3, 3, 3, 3, 3, 3, 3, 3, 3, 3, 3, 3, 3, 3, 3, 3, 3, 3, 3, 3, 3, 3, 3, 3, 3, 3, 3, 3, 3, 3, 3, 3, 3, 3, 3, 3, 3, 3, 3, 3, 3, 3, 3, 3, 3, 3, 3, 3, 3, 3, 3, 3, 3, 3, 3, 3, 3, 3, 3, 3, 3, 3, 3, 3, 3, 3, 3, 3, 3, 3, 3, 3, 3, 3, 3, 3, 3, 3, 3, 3, 3, 3, 3, 3, 3, 3, 3, 3, 3, 3, 3, 3, 3, 3, 3, 3, 3, 3, 3, 3, 3, 3, 3, 3, 3, 3, 3, 3, 3, 3, 3, 3, 3, 3, 3, 3, 3, 3, 3, 3, 3, 3, 3, 3, 3, 3, 3, 3, 3, 3, 3, 3, 3, 3, 3, 3, 3, 3, 3, 3, 3, 3, 3, 3, 3, 3, 3, 3, 3, 3, 3, 3, 3, 3, 3, 3, 3, 3, 3, 3, 3, 3, 3, 3, 3, 3, 3, 3, 3, 3, 3, 3, 3, 3, 3, 3, 3, 3, 3, 3, 3, 3, 3, 3, 3, 3, 3, 3, 3, 3, 3, 3, 3, 3, 3, 3, 3, 3, 3, 3, 3, 3, 3, 3, 3, 3, 3, 3, 3, 3, 3, 3, 3, 3, 3, 3, 3, 3, 3, 3, 3, 3, 3, 3, 3, 3, 3, 3, 3, 3, 3, 3, 3, 3, 3, 3, 3, 3, 3, 3, 3, 3, 3, 3, 3, 3, 3, 3, 3, 3, 3, 3, 3, 3, 3, 3, 3, 3, 3, 3, 3, 3, 3, 3, 3, 3, 3, 3, 3, 3, 3, 3, 3, 3, 3, 3, 3, 3, 3, 3, 3, 3, 3, 3, 3, 3, 3, 3, 3, 3, 3, 3, 3, 3, 3, 3, 3, 3, 3, 3, 3, 3, 3, 3, 3, 3, 3, 3, 3, 3, 3, 3, 3, 3, 3, 3, 3, 3, 3, 3, 3, 3, 3, 3, 3, 3, 3, 3, 3, 3, 3, 3, 3, 3, 3, 3, 3, 3, 3, 3, 3, 3, 3, 3, 3, 3, 3, 3, 3, 3, 3, 3, 3, 3, 3, 3, 3, 3, 3, 3, 3, 3, 3, 3, 3, 3, 3, 3, 3, 3, 3, 3, 3, 3, 3, 3, 3, 3, 3, 3, 3, 3, 3, 3, 3, 3, 3, 3, 3, 3, 3, 3, 3, 3, 3, 3, 3, 3, 3, 3, 3, 3, 3, 3, 3, 3, 3, 3, 3, 3, 3, 3, 3, 3, 3, 3, 3, 3, 3, 3, 3, 3, 3, 3, 3, 3, 3, 3, 3, 3, 3, 3, 3, 3, 3, 3, 3, 3, 3, 3, 3, 3, 3, 3, 3, 3, 3, 3, 3, 3, 3, 3, 3, 3, 3, 3, 3, 3, 3, 3, 3, 3, 3, 3, 3, 3, 3, 3, 3, 3, 3, 3, 3, 3, 3, 3, 3, 3, 3, 3, 3, 3, 3, 3, 3, 3, 3, 3, 3, 3, 3, 3, 3, 3, 3, 3, 3, 3, 3, 3, 3, 3, 3, 3, 3, 3, 3, 3, 3, 3, 3, 3, 3, 3, 3, 3, 3, 3, 3, 3, 3, 3, 3, 3, 3, 3, 3, 3, 3, 3, 3, 3, 3, 3, 3, 3, 3, 3, 3, 3, 3, 3, 3, 3, 3, 3, 3, 3, 3, 3, 3, 3, 3, 3, 3, 3, 3, 3, 3, 3, 3, 3, 3, 3, 3, 3, 3, 3, 3, 3, 3, 3, 3, 3, 3, 3, 3, 3, 3, 3, 3, 3, 3, 3, 3, 3, 3, 3, 3, 3, 3, 3, 3, 3, 3, 3, 3, 3, 3, 3, 3, 3, 3, 3, 3, 3, 3, 3, 3, 3, 3, 3, 3, 3, 3, 3, 3, 3, 3, 3, 3, 3, 3, 3, 3, 3, 3, 3, 3, 3, 3, 3, 3, 3, 3, 3, 3, 3, 3, 3, 3, 3, 3, 3, 3, 3, 3, 3, 3, 3, 3, 3, 3, 3, 3, 3, 3, 3, 3, 3, 3, 3, 3, 3, 3, 3, 3, 3, 3, 3, 3, 3, 3, 3, 3, 3, 3, 3, 3, 3, 3, 3, 3, 3, 3, 3, 3, 3, 3, 3, 3, 3, 3, 3, 3, 3, 3, 3, 3, 3, 3, 3, 3, 3, 3, 3, 3, 3, 3, 3, 3, 3, 3, 3, 3, 3, 3, 3, 3, 3, 3, 3, 3, 3, 3, 3, 3, 3, 3, 3, 3, 3, 3, 3, 3, 3, 3, 3, 3, 3, 3, 3, 3, 3, 3, 3, 3, 3, 3, 3, 3, 3, 3, 3, 3, 3, 3, 3, 3, 3, 3, 3, 3, 3, 3, 3, 3, 3, 3, 3, 3, 3, 3, 3, 3, 3, 3, 3, 3, 3, 3, 3, 3, 3, 3, 3, 3, 3, 3, 3, 3, 3, 3, 3, 3, 3, 3, 3, 3, 3, 3, 3, 3, 3, 3, 3, 3, 3, 3, 3, 3, 3, 3, 3, 3, 3, 3, 3, 3, 3, 3, 3, 3, 3, 3, 3, 3, 3, 3, 3, 3, 3, 3, 3, 3, 3, 3, 3, 3, 3, 3, 3, 3, 3, 3, 3, 3, 3, 3, 3, 3, 3, 3, 3, 3, 3, 3, 3, 3, 3, 3, 3, 3, 3, 3, 3, 3, 3, 3, 3, 3, 3, 3, 3, 3, 3, 3, 3, 3, 3, 3, 3, 3, 3, 3, 3, 3, 3, 3, 3, 3, 3, 3, 3, 3, 3, 3, 3, 3, 3, 3, 3, 3, 3, 3, 3, 3, 3, 3, 3, 3, 3, 3, 3, 3, 3, 3, 3, 3, 3, 3, 3, 3, 3, 3, 3, 3, 3, 3, 3, 3, 3, 3, 3, 3, 3, 3, 3, 3, 3, 3, 3, 3, 3, 3, 3, 3, 3, 3, 3, 3, 3, 3, 3, 3, 3, 3, 3, 3, 3, 3, 3, 3, 3, 3, 3, 3, 3, 3, 3, 3, 3, 3, 3, 3, 3, 3, 3, 3, 3, 3, 3, 3, 3, 3, 3, 3, 3, 3, 3, 3, 3, 3, 3, 3, 3, 3, 3, 3, 3, 3, 3, 3, 3, 3, 3, 3, 3, 3, 3, 3, 3, 3, 3, 3, 3, 3, 3, 3, 3, 3, 3, 3, 3, 3, 3, 3, 3, 3, 3, 3, 3, 3, 3, 3, 3, 3, 3, 3, 3, 3, 3, 3, 3, 3, 3, 3, 3, 3, 3, 3, 3, 3, 3, 3, 3, 3, 3, 3, 3, 3, 3, 3, 3, 3, 3, 3, 3, 3, 3, 3, 3, 3, 3, 3, 3, 3, 3, 3, 3, 3, 3, 3, 3, 3, 3, 3, 3, 3, 3, 3, 3, 3, 3, 3, 3, 3, 3, 3, 3, 3, 3, 3, 3, 3, 3, 3, 3, 3, 3, 3, 3, 3, 3, 3, 3, 3, 3, 3, 3, 3, 3, 3, 3, 3, 3, 3, 3, 3, 3, 3, 3, 3, 3, 3, 3, 3, 3, 3, 3, 3, 3, 3, 3, 3, 3, 3, 3, 3, 3, 3, 3, 3, 3, 3, 3, 3, 3, 3, 3, 3, 3, 3, 3, 3, 3, 3, 3, 3, 3, 3, 3, 3, 3, 3, 3, 3, 3, 3, 3, 3, 3, 3, 3, 3, 3, 3, 3, 3, 3, 3, 3, 3, 3, 3, 3, 3, 3, 3, 3, 3, 3, 3, 3, 3, 3, 3, 3, 3, 3, 3, 3, 3, 3, 3, 3, 3, 3, 3, 3, 3, 3, 3, 3, 3, 3, 3, 3, 3, 3, 3, 3, 3, 3, 3, 3, 3, 3, 3, 3, 3, 3, 3, 3, 3, 3, 3, 3, 3, 3, 3, 3, 3, 3, 3, 3, 3, 3, 3, 3, 3, 3, 3, 3, 3, 3, 3, 3, 3, 3, 3, 3, 3, 3, 3, 3, 3, 3, 3, 3, 3, 3, 3, 3, 3, 3, 3, 3, 3, 3, 3, 3, 3, 3, 3, 3, 3, 3, 3, 3, 3, 3, 3, 3, 3, 3, 3, 3, 3, 3, 3, 3, 3, 3, 3, 3, 3, 3, 3, 3, 3, 3, 3, 3, 3, 3, 3, 3, 3, 3, 3, 3, 3, 3, 3, 3, 3, 3, 3, 3, 3, 3, 3, 3, 3, 3, 3, 3, 3, 3, 3, 3, 3, 3, 3, 3, 3, 3, 3, 3, 3, 3, 3, 3, 3, 3, 3, 3, 3, 3, 3, 3, 3, 3, 3, 3, 3, 3, 3, 3, 3, 3, 3, 3, 3, 3, 3, 3, 3, 3, 3, 3, 3, 3, 3, 3, 3, 3, 3, 3, 3, 3, 3, 3, 3, 3, 3, 3, 3, 3, 3, 3, 3, 3, 3, 3, 3, 3, 3, 3, 3, 3, 3, 3, 3, 3, 3, 3, 3, 3, 3, 3, 3, 3, 3, 3, 3, 3, 3, 3, 3, 3, 3, 3, 3, 3, 3, 3, 3, 3, 3, 3, 3, 3, 3, 3, 3, 3, 3, 3, 3, 3, 3, 3, 3, 3, 3, 3, 3, 3, 3, 3, 3, 3, 3, 3, 3, 3, 3, 3, 3, 3, 3, 3, 3, 3, 3, 3, 3, 3, 3, 3, 3, 3, 3, 3, 3, 3, 3, 3, 3, 3, 3, 3, 3, 3, 3, 3, 3, 3, 3, 3, 3, 3, 3, 3, 3, 3, 3, 3, 3, 3, 3, 3, 3, 3, 3, 3, 3, 3, 3, 3, 3, 3, 3, 3, 3, 3, 3, 3, 3, 3, 3, 3, 3, 3, 3, 3, 3, 3, 3, 3, 3, 3, 3, 3, 3, 3, 3, 3, 3, 3, 3, 3, 3, 3, 3, 3, 3, 3, 3, 3, 3, 3, 3, 3, 3, 3, 3, 3, 3, 3, 3, 3, 3, 3, 3, 3, 3, 3, 3, 3, 3, 3, 3, 3, 3, 3, 3, 3, 3, 3, 3, 3, 3, 3, 3, 3, 3, 3, 3, 3, 3, 3, 3, 3, 3, 3, 3, 3, 3, 3, 3, 3, 3, 3, 3, 3, 3, 3, 3, 3, 3, 3, 3, 3, 3, 3, 3, 3, 3, 3, 3, 3, 3, 3, 3, 3, 3, 3, 3, 3, 3, 3, 3, 3, 3, 3, 3, 3, 3, 3, 3, 3, 3, 3, 3, 3, 3, 3, 3, 3, 3, 3, 3, 3, 3, 3, 3, 3, 3, 3, 3, 3, 3, 3, 3, 3, 3, 3, 3, 3, 3, 3, 3, 3, 3, 3, 3, 3, 3, 3, 3, 3, 3, 3, 3, 3, 3, 3, 3, 3, 3, 3, 3, 3, 3, 3, 3, 3, 3, 3, 3, 3, 3, 3, 3, 3, 3, 3, 3, 3, 3, 3, 3, 3, 3, 3, 3, 3, 3, 3, 3, 3, 3, 3, 3, 3, 3, 3, 3, 3, 3, 3, 3, 3, 3, 3, 3, 3, 3, 3, 3, 3, 3, 3, 3, 3, 3, 3, 3, 3, 3, 3, 3, 3, 3, 3, 3, 3, 3, 3, 3, 3, 3, 3, 3, 3, 3, 3, 3, 3, 3, 3, 3, 3, 3, 3, 3, 3, 3, 3, 3, 3, 3, 3, 3, 3, 3, 3, 3, 3, 3, 3, 3, 3, 3, 3, 3, 3, 3, 3, 3, 3, 3, 3, 3, 3, 3, 3, 3, 3, 3, 3, 3, 3, 3, 3, 3, 3, 3, 3, 3, 3, 3, 3, 3, 3, 3, 3, 3, 3, 3, 3, 3, 3, 3, 3, 3, 3, 3, 3, 3, 3, 3, 3, 3, 3, 3, 3, 3, 3, 3, 3, 3, 3, 3, 3, 3, 3, 3, 3, 3, 3, 3, 3, 3, 3, 3, 3, 3, 3, 3, 3, 3, 3, 3, 3, 3, 3, 3, 3, 3, 3, 3, 3, 3, 3, 3, 3, 3, 3, 3, 3, 3, 3, 3, 3, 3, 3, 3, 3, 3, 3, 3, 3, 3, 3, 3, 3, 3, 3, 3, 3, 3, 3, 3, 3, 3, 3, 3, 3, 3, 3, 3, 3, 3, 3, 3, 3, 3, 3, 3, 3, 3, 3, 3, 3, 3, 3, 3, 3, 3, 3, 3, 3, 3, 3, 3, 3, 3, 3, 3, 3, 3, 3, 3, 3, 3, 3, 3, 3, 3, 3, 3, 3, 3, 3, 3, 3, 3, 3, 3, 3, 3, 3, 3, 3, 3, 3, 3, 3, 3, 3, 3, 3, 3, 3, 3, 3, 3, 3, 3, 3, 3, 3, 3, 3, 3, 3, 3, 3, 3, 3, 3, 3, 3, 3, 3, 3, 3, 3, 3, 3, 3, 3, 3, 3, 3, 3, 3, 3, 3, 3, 3, 3, 3, 3, 3, 3, 3, 3, 3, 3, 3, 3, 3, 3, 3, 3, 3, 3, 3, 3, 3, 3, 3, 3, 3, 3, 3, 3, 3, 3, 3, 3, 3, 3, 3, 3, 3, 3, 3, 3, 3, 3, 3, 3, 3, 3, 3, 3, 3, 3, 3, 3, 3, 3, 3, 3, 3, 3, 3, 3, 3, 3, 3, 3, 3, 3, 3, 3, 3, 3, 3, 3, 3, 3, 3, 3, 3, 3, 3, 3, 3, 3, 3, 3, 3, 3, 3, 3, 3, 3, 3, 3, 3, 3, 3, 3, 3, 3, 3, 3, 3, 3, 3, 3, 3, 3, 3, 3, 3, 3, 3, 3, 3, 3, 3, 3, 3, 3, 3, 3, 3, 3, 3, 3, 3, 3, 3, 3, 3, 3, 3, 3, 3, 3, 3, 3, 3, 3, 3, 3, 3, 3, 3, 3, 3, 3, 3, 3, 3, 3, 3, 3, 3, 3, 3, 3, 3, 3, 3, 3, 3, 3, 3, 3, 3, 3, 3, 3, 3, 3, 3, 3, 3, 3, 3, 3, 3, 3, 3, 3, 3, 3, 3, 3, 3, 3, 3, 3, 3, 3, 3, 3, 3, 3, 3, 3, 3, 3, 3, 3, 3, 3, 3, 3, 3, 3, 3, 3, 3, 3, 3, 3, 3, 3, 3, 3, 3, 3, 3, 3, 3, 3, 3, 3, 3, 3, 3, 3, 3, 3, 3, 3, 3, 3, 3, 3, 3, 3, 3, 3, 3, 3, 3, 3, 3, 3, 3, 3, 3, 3, 3, 3, 3, 3, 3, 3, 3, 3, 3, 3, 3, 3, 3, 3, 3, 3, 3, 3, 3, 3, 3, 3, 3, 3, 3, 3, 3, 3, 3, 3, 3, 3, 3, 3, 3, 3, 3, 3, 3, 3, 3, 3, 3, 3, 3, 3, 3, 3, 3, 3, 3, 3, 3, 3, 3, 3, 3, 3, 3, 3, 3, 3, 3, 3, 3, 3, 3, 3, 3, 3, 3, 3, 3, 3, 3, 3, 3, 3, 3, 3, 3, 3, 3, 3, 3, 3, 3, 3, 3, 3, 3, 3, 3, 3, 3, 3, 3, 3, 3, 3, 3, 3, 3, 3, 3, 3, 3, 3, 3, 3, 3, 3, 3, 3, 3, 3, 3, 3, 3, 3, 3, 3, 3, 3, 3, 3, 3, 3, 3, 3, 3, 3, 3, 3, 3, 3, 3, 3, 3, 3, 3, 3, 3, 3, 3, 3, 3, 3, 3, 3, 3, 3, 3, 3, 3, 3, 3, 3, 3, 3, 3, 3, 3, 3, 3, 3, 3, 3, 3, 3, 3, 3, 3, 3, 3, 3, 3, 3, 3, 3, 3, 3, 3, 3, 3, 3, 3, 3, 3, 3, 3, 3, 3, 3, 3, 3, 3, 3, 3, 3, 3, 3, 3, 3, 3, 3, 3, 3, 3, 3, 3, 3, 3, 3, 3, 3, 3, 3, 3, 3, 3, 3, 3, 3, 3, 3, 3, 3, 3, 3, 3, 3, 3, 3, 3, 3, 3, 3, 3, 3, 3, 3, 3, 3, 3, 3, 3, 3, 3, 3, 3, 3, 3, 3, 3, 3, 3, 3, 3, 3, 3, 3, 3, 3, 3, 3, 3, 3, 3, 3, 3, 3, 3, 3, 3, 3, 3, 3, 3, 3, 3, 3, 3, 3, 3, 3, 3, 3, 3, 3, 3, 3, 3, 3, 3, 3, 3, 3, 3, 3, 3, 3, 3, 3, 3, 3, 3, 3, 3, 3, 3, 3, 3, 3, 3, 3, 3, 3, 3, 3, 3, 3, 3, 3, 3, 3, 3, 3, 3, 3, 3, 3, 3, 3, 3, 3, 3, 3, 3, 3, 3, 3, 3, 3, 3, 3, 3, 3, 3, 3, 3, 3, 3, 3, 3, 3, 3, 3, 3, 3, 3, 3, 3, 3, 3, 3, 3, 3, 3, 3, 3, 3, 3, 3, 3, 3, 3, 3, 3, 3, 3, 3, 3, 3, 3, 3, 3, 3, 3, 3, 3, 3, 3, 3, 3, 3, 3, 3, 3, 3, 3, 3, 3, 3, 3, 3, 3, 3, 3, 3, 3, 3, 3, 3, 3, 3, 3, 3, 3, 3, 3, 3, 3, 3, 3, 3, 3, 3, 3, 3, 3, 3, 3, 3, 3, 3, 3, 3, 3, 3, 3, 3, 3, 3, 3, 3, 3, 3, 3, 3, 3, 3, 3, 3, 3, 3, 3, 3, 3, 3, 3, 3, 3, 3, 3, 3, 3, 3, 3, 3, 3, 3, 3, 3, 3, 3, 3, 3, 3, 3, 3, 3, 3, 3, 3, 3, 3, 3, 3, 3, 3, 3, 3, 3, 3, 3, 3, 3, 3, 3, 3, 3, 3, 3, 3, 3, 3, 3, 3, 3, 3, 3, 3, 3, 3, 3, 3, 3, 3, 3, 3, 3, 3, 3, 3, 3, 3, 3, 3, 3, 3, 3, 3, 3, 3, 3, 3, 3, 3, 3, 3, 3, 3, 3, 3, 3, 3, 3, 3, 3, 3, 3, 3, 3, 3, 3, 3, 3, 3, 3, 3, 3, 3, 3, 3, 3, 3, 3, 3, 3, 3, 3, 3, 3, 3, 3, 3, 3, 3, 3, 3, 3, 3, 3, 3, 3, 3, 3, 3, 3, 3, 3, 3, 3, 3, 3, 3, 3, 3, 3, 3, 3, 3, 3, 3, 3, 3, 3, 3, 3, 3, 3, 3, 3, 3, 3, 3, 3, 3, 3, 3, 3, 3, 3, 3, 3, 3, 3, 3, 3, 3, 3, 3, 3, 3, 3, 3, 3, 3, 3, 3, 3, 3, 3, 3, 3, 3, 3, 3, 3, 3, 3, 3, 3, 3, 3, 3, 3, 3, 3, 3, 3, 3, 3, 3, 3, 3, 3, 3, 3, 3, 3, 3, 3, 3, 3, 3, 3, 3, 3, 3, 3, 3, 3, 3, 3, 3, 3, 3, 3, 3, 3, 3, 3, 3, 3, 3, 3, 3, 3, 3, 3, 3, 3, 3, 3, 3, 3, 3, 3, 3, 3, 3, 3, 3, 3, 3, 3, 3, 3, 3, 3, 3, 3, 3, 3, 3, 3, 3, 3, 3, 3, 3, 3, 3, 3, 3, 3, 3, 3, 3, 3, 3, 3, 3, 3, 3, 3, 3, 3, 3, 3, 3, 3, 3, 3, 3, 3, 3, 3, 3, 3, 3, 3, 3, 3, 3, 3, 3, 3, 3, 3, 3, 3, 3, 3, 3, 3, 3, 3, 3, 3, 3, 3, 3, 3, 3, 3, 3, 3, 3, 3, 3, 3, 3, 3, 3, 3, 3, 3, 3, 3, 3, 3, 3, 3, 3, 3, 3, 3, 3, 3, 3, 3, 3, 3, 3, 3, 3, 3, 3, 3, 3, 3, 3, 3, 3, 3, 3, 3, 3, 3, 3, 3, 3, 3, 3, 3, 3, 3, 3, 3, 3, 3, 3, 3, 3, 3, 3, 3, 3, 3, 3, 3, 3, 3, 3, 3, 3, 3, 3, 3, 3, 3, 3, 3, 3, 3, 3, 3, 3, 3, 3, 3, 3, 3, 3, 3, 3, 3, 3, 3, 3, 3, 3, 3, 3, 3, 3, 3, 3, 3, 3, 3, 3, 3, 3, 3, 3, 3, 3, 3, 3, 3, 3, 3, 3, 3, 3, 3, 3, 3, 3, 3, 3, 3, 3, 3, 3, 3, 3, 3, 3, 3, 3, 3, 3, 3, 3, 3, 3, 3, 3, 3, 3, 3, 3, 3, 3, 3, 3, 3, 3, 3, 3, 3, 3, 3, 3, 3, 3, 3, 3, 3, 3, 3, 3, 3, 3, 3, 3, 3, 3, 3, 3, 3, 3, 3, 3, 3, 3, 3, 3, 3, 3, 3, 3, 3, 3, 3, 3, 3, 3, 3, 3, 3, 3, 3, 3, 3, 3, 3, 3, 3, 3, 3, 3, 3, 3, 3, 3, 3, 3, 3, 3, 3, 3, 3, 3, 3, 3, 3, 3, 3, 3, 3, 3, 3, 3, 3, 3, 3, 3, 3, 3, 3, 3, 3, 3, 3, 3, 3, 3, 3, 3, 3, 3, 3, 3, 3, 3, 3, 3, 3, 3, 3, 3, 3, 3, 3, 3, 3, 3, 3, 3, 3, 3, 3, 3, 3, 3, 3, 3, 3, 3, 3, 3, 3, 3, 3, 3, 3, 3, 3, 3, 3, 3, 3, 3, 3, 3, 3, 3, 3, 3, 3, 3, 3, 3, 3, 3, 3, 3, 3, 3, 3, 3, 3, 3, 3, 3, 3, 3, 3, 3, 3, 3, 3, 3, 3, 3, 3, 3, 3, 3, 3, 3, 3, 3, 3, 3, 3, 3, 3, 3, 3, 3, 3, 3, 3, 3, 3, 3, 3, 3, 3, 3, 3, 3, 3, 3, 3, 3, 3, 3, 3, 3, 3, 3, 3, 3, 3, 3, 3, 3, 3, 3, 3, 3, 3, 3, 3, 3, 3, 3, 3, 3, 3, 3, 3, 3, 3, 3, 3, 3, 3, 3, 3, 3, 3, 3, 3, 3, 3, 3, 3, 3, 3, 3, 3, 3, 3, 3, 3, 3, 3, 3, 3, 3, 3, 3, 3, 3, 3, 3, 3, 3, 3, 3, 3, 3, 3, 3, 3, 3, 3, 3, 3, 3, 3, 3, 3, 3, 3, 3, 3, 3, 3, 3, 3, 3, 3, 3, 3, 3, 3, 3, 3, 3, 3, 3, 3, 3, 3, 3, 3, 3, 3, 3, 3, 3, 3, 3, 3, 3, 3, 3, 3, 3, 3, 3, 3, 3, 3, 3, 3, 3, 3, 3, 3, 3, 3, 3, 3, 3, 3, 3, 3, 3, 3, 3, 3, 3, 3, 3, 3, 3, 3, 3, 3, 3, 3, 3, 3, 3, 3, 3, 3, 3, 3, 3, 3, 3, 3, 3, 3, 3, 3, 3, 3, 3, 3, 3, 3, 3, 3, 3, 3, 3, 3, 3, 3, 3, 3, 3, 3, 3, 3, 3, 3, 3, 3, 3, 3, 3, 3, 3, 3, 3, 3, 3, 3, 3, 3, 3, 3, 3, 3, 3, 3, 3, 3, 3, 3, 3, 3, 3, 3, 3, 3, 3, 3, 3, 3, 3, 3, 3, 3, 3, 3, 3, 3, 3, 3, 3, 3, 3, 3, 3, 3, 3, 3, 3, 3, 3, 3, 3, 3, 3, 3, 3, 3, 3, 3, 3, 3, 3, 3, 3, 3, 3, 3, 3, 3, 3, 3, 3, 3, 3, 3, 3, 3, 3, 3, 3, 3, 3, 3, 3, 3, 3, 3, 3, 3, 3, 3, 3, 3, 3, 3, 3, 3, 3, 3, 3, 3, 3, 3, 3, 3, 3, 3, 3, 3, 3, 3, 3, 3, 3, 3, 3, 3, 3, 3, 3, 3, 3, 3, 3, 3, 3, 3, 3, 3, 3, 3, 3, 3, 3, 3, 3, 3, 3, 3, 3, 3, 3, 3, 3, 3, 3, 3, 3, 3, 3, 3, 3, 3, 3, 3, 3, 3, 3, 3, 3, 3, 3, 3, 3, 3, 3, 3, 3, 3, 3, 3, 3, 3, 3, 3, 3, 3, 3, 3, 3, 3, 3, 3, 3, 3, 3, 3, 3, 3, 3, 3, 3, 3, 3, 3, 3, 3, 3, 3, 3, 3, 3, 3, 3, 3, 3, 3, 3, 3, 3, 3, 3, 3, 3, 3, 3, 3, 3, 3, 3, 3, 3, 3, 3, 3, 3, 3, 3, 3, 3, 3, 3, 3, 3, 3, 3, 3, 3, 3, 3, 3, 3, 3, 3, 3, 3, 3, 3, 3, 3, 3, 3, 3, 3, 3, 3, 3, 3, 3, 3, 3, 3, 3, 3, 3, 3, 3, 3, 3, 3, 3, 3, 3, 3, 3, 3, 3, 3, 3, 3, 3, 3, 3, 3, 3, 3, 3, 3, 3, 3, 3, 3, 3, 3, 3, 3, 3, 3, 3, 3, 3, 3, 3, 3, 3, 3, 3, 3, 3, 3, 3, 3, 3, 3, 3, 3, 3, 3, 3, 3, 3, 3, 3, 3, 3, 3, 3, 3, 3, 3, 3, 3, 3, 3, 3, 3, 3, 3, 3, 3, 3, 3, 3, 3, 3, 3, 3, 3, 3, 3, 3, 3, 3, 3, 3, 3, 3, 3, 3, 3, 3, 3, 3, 3, 3, 3, 3, 3, 3, 3, 3, 3, 3, 3, 3, 3, 3, 3, 3, 3, 3, 3, 3, 3, 3, 3, 3, 3, 3, 3, 3, 3, 3, 3, 3, 3, 3, 3, 3, 3, 3, 3, 3, 3, 3, 3, 3, 3, 3, 3, 3, 3, 3, 3, 3, 3, 3, 3, 3, 3, 3, 3, 3, 3, 3, 3, 3, 3, 3, 3, 3, 3, 3, 3, 3, 3, 3, 3, 3, 3, 3, 3, 3, 3, 3, 3, 3, 3, 3, 3, 3, 3, 3, 3, 3, 3, 3, 3, 3, 3, 3, 3, 3, 3, 3, 3, 3, 3, 3, 3, 3, 3, 3, 3, 3, 3, 3, 3, 3, 3, 3, 3, 3, 3, 3, 3, 3, 3, 3, 3, 3, 3, 3, 3, 3, 3, 3, 3, 3, 3, 3, 3, 3, 3, 3, 3, 3, 3, 3, 3, 3, 3, 3, 3, 3, 3, 3, 3, 3, 3, 3, 3, 3, 3, 3, 3, 3, 3, 3, 3, 3, 3, 3, 3, 3, 3, 3, 3, 3, 3, 3, 3, 3, 3, 3, 3, 3, 3, 3, 3, 3, 3, 3, 3, 3, 3, 3, 3, 3, 3, 3, 3, 3, 3, 3, 3, 3, 3, 3, 3, 3, 3, 3, 3, 3, 3, 3, 3, 3, 3, 3, 3, 3, 3, 3, 3, 3, 3, 3, 3, 3, 3, 3, 3, 3, 3, 3, 3, 3, 3, 3, 3, 3, 3, 3, 3, 3, 3, 3, 3, 3, 3, 3, 3, 3, 3, 3, 3, 3, 3, 3, 3, 3, 3, 3, 3, 3, 3, 3, 3, 3, 3, 3, 3, 3, 3, 3, 3, 3, 3, 3, 3, 3, 3, 3, 3, 3, 3, 3, 3, 3, 3, 3, 3, 3, 3, 3, 3, 3, 3, 3, 3, 3, 3, 3, 3, 3, 3, 3, 3, 3, 3, 3, 3, 3, 3, 3, 3, 3, 3, 3, 3, 3, 3, 3, 3, 3, 3, 3, 3, 3, 3, 3, 3, 3, 3, 3, 3, 3, 3, 3, 3, 3, 3, 3, 3, 3, 3, 3, 3, 3, 3, 3, 3, 3, 3, 3, 3, 3, 3, 3, 3, 3, 3, 3, 3, 3, 3, 3, 3, 3, 3, 3, 3, 3, 3, 3, 3, 3, 3, 3, 3, 3, 3, 3, 3, 3, 3, 3, 3, 3, 3, 3, 3, 3, 3, 3, 3, 3, 3, 3, 3, 3, 3, 3, 3, 3, 3, 3, 3, 3, 3, 3, 3, 3, 3, 3, 3, 3, 3, 3, 3, 3, 3, 3, 3, 3, 3, 3, 3, 3, 3, 3, 3, 3, 3, 3, 3, 3, 3, 3, 3, 3, 3, 3, 3, 3, 3, 3, 3, 3, 3, 3, 3, 3, 3, 3, 3, 3, 3, 3, 3, 3, 3, 3, 3, 3, 3, 3, 3, 3, 3, 3, 3, 3, 3, 3, 3, 3, 3, 3, 3, 3, 3, 3, 3, 3, 3, 3, 3, 3, 3, 3, 3, 3, 3, 3, 3, 3, 3, 3, 3, 3, 3, 3, 3, 3, 3, 3, 3, 3, 3, 3, 3, 3, 3, 3, 3, 3, 3, 3, 3, 3, 3, 3, 3, 3, 3, 3, 3, 3, 3, 3, 3, 3, 3, 3, 3, 3, 3, 3, 3, 3, 3, 3, 3, 3, 3, 3, 3, 3, 3, 3, 3, 3, 3, 3, 3, 3, 3, 3, 3, 3, 3, 3, 3, 3, 3, 3, 3, 3, 3, 3, 3, 3, 3, 3, 3, 3, 3, 3, 3, 3, 3, 3, 3, 3, 3, 3, 3, 3, 3, 3, 3, 3, 3, 3, 3, 3, 3, 3, 3, 3, 3, 3, 3, 3, 3, 3, 3, 3, 3, 3, 3, 3, 3, 3, 3, 3, 3, 3, 3, 3, 3, 3, 3, 3, 3, 3, 3, 3, 3, 3, 3, 3, 3, 3, 3, 3, 3, 3, 3, 3, 3, 3, 3, 3, 3, 3, 3, 3, 3, 3, 3, 3, 3, 3, 3, 3, 3, 3, 3, 3, 3, 3, 3, 3, 3, 3, 3, 3, 3, 3, 3, 3, 3, 3, 3, 3, 3, 3, 3, 3, 3, 3, 3, 3, 3, 3, 3, 3, 3, 3, 3, 3, 3, 3, 3, 3, 3, 3, 3, 3, 3, 3, 3, 3, 3, 3, 3, 3, 3, 3, 3, 3, 3, 3, 3, 3, 3, 3, 3, 3, 3, 3, 3, 3, 3, 3, 3, 3, 3, 3, 3, 3, 3, 3, 3, 3, 3, 3, 3, 3, 3, 3, 3, 3, 3, 3, 3, 3, 3, 3, 3, 3, 3, 3, 3, 3, 3, 3, 3, 3, 3, 3, 3, 3, 3, 3, 3, 3, 3, 3, 3, 3, 3, 3, 3, 3, 3, 3, 3, 3, 3, 3, 3, 3, 3, 3, 3, 3, 3, 3, 3, 3, 3, 3, 3, 3, 3, 3, 3, 3, 3, 3, 3, 3, 3, 3, 3, 3, 3, 3, 3, 3, 3, 3, 3, 3, 3, 3, 3, 3, 3, 3, 3, 3, 3, 3, 3, 3, 3, 3, 3, 3, 3, 3, 3, 3, 3, 3, 3, 3, 3, 3, 3, 3, 3, 3, 3, 3, 3, 3, 3, 3, 3, 3, 3, 3, 3, 3, 3, 3, 3, 3, 3, 3, 3, 3, 3, 3, 3, 3, 3, 3, 3, 3, 3, 3, 3, 3, 3, 3, 3, 3, 3, 3, 3, 3, 3, 3, 3, 3, 3, 3, 3, 3, 3, 3, 3, 3, 3, 3, 3, 3, 3, 3, 3, 3, 3, 3, 3, 3, 3, 3, 3, 3, 3, 3, 3, 3, 3, 3, 3, 3, 3, 3, 3, 3, 3, 3, 3, 3, 3, 3, 3, 3, 3, 3, 3, 3, 3, 3, 3, 3, 3, 3, 3, 3, 3, 3, 3, 3, 3, 3, 3, 3, 3, 3, 3, 3, 3, 3, 3, 3, 3, 3, 3, 3, 3, 3, 3, 3, 3, 3, 3, 3, 3, 3, 3, 3, 3, 3, 3, 3, 3, 3, 3, 3, 3, 3, 3, 3, 3, 3, 3, 3, 3, 3, 3, 3, 3, 3, 3, 3, 3, 3, 3, 3, 3, 3, 3, 3, 3, 3, 3, 3, 3, 3, 3, 3, 3, 3, 3, 3, 3, 3, 3, 3, 3, 3, 3, 3, 3, 3, 3, 3, 3, 3, 3, 3, 3, 3, 3, 3, 3, 3, 3, 3, 3, 3, 3, 3, 3, 3, 3, 3, 3, 3, 3, 3, 3, 3, 3, 3, 3, 3, 3, 3, 3, 3, 3, 3, 3, 3, 3, 3, 3, 3, 3, 3, 3, 3, 3, 3, 3, 3, 3, 3, 3, 3, 3, 3, 3, 3, 3, 3, 3, 3, 3, 3, 3, 3, 3, 3, 3, 3, 3, 3, 3, 3, 3, 3, 3, 3, 3, 3, 3, 3, 3, 3, 3, 3, 3, 3, 3, 3, 3, 3, 3, 3, 3, 3, 3, 3, 3, 3, 3, 3, 3, 3, 3, 3, 3, 3, 3, 3, 3, 3, 3, 3, 3, 3, 3, 3, 3, 3, 3, 3, 3, 3, 3, 3, 3, 3, 3, 3, 3, 3, 3, 3, 3, 3, 3, 3, 3, 3, 3, 3, 3, 3, 3, 3, 3, 3, 3, 3, 3, 3, 3, 3, 3, 3, 3, 3, 3, 3, 3, 3, 3, 3, 3, 3, 3, 3, 3, 3, 3, 3, 3, 3, 3, 3, 3, 3, 3, 3, 3, 3, 3, 3, 3, 3, 3, 3, 3, 3, 3, 3, 3, 3, 3, 3, 3, 3, 3, 3, 3, 3, 3, 3, 3, 3, 3, 3, 3, 3, 3, 3, 3, 3, 3, 3, 3, 3, 3, 3, 3, 3, 3, 3, 3, 3, 3, 3, 3, 3, 3, 3, 3, 3, 3, 3, 3, 3, 3, 3, 3, 3, 3, 3, 3, 3, 3, 3, 3, 3, 3, 3, 3, 3, 3, 3, 3, 3, 3, 3, 3, 3, 3, 3, 3, 3, 3, 3, 3, 3, 3, 3, 3, 3, 3, 3, 3, 3, 3, 3, 3, 3, 3, 3, 3, 3, 3, 3, 3, 3, 3, 3, 3, 3, 3, 3, 3, 3, 3, 3, 3, 3, 3, 3, 3, 3, 3, 3, 3, 3, 3, 3, 3, 3, 3, 3, 3, 3, 3, 3, 3, 3, 3, 3, 3, 3, 3, 3, 3, 3, 3, 3, 3, 3, 3, 3, 3, 3, 3, 3, 3, 3, 3, 3, 3, 3, 3, 3, 3, 3, 3, 3, 3, 3, 3, 3, 3, 3, 3, 3, 3, 3, 3, 3, 3, 3, 3, 3, 3, 3, 3, 3, 3, 3, 3, 3, 3, 3, 3, 3, 3, 3, 3, 3, 3, 3, 3, 3, 3, 3, 3, 3, 3, 3, 3, 3, 3, 3, 3, 3, 3, 3, 3, 3, 3, 3, 3, 3, 3, 3, 3, 3, 3, 3, 3, 3, 3, 3, 3, 3, 3, 3, 3, 3, 3, 3, 3, 3, 3, 3, 3, 3, 3, 3, 3, 3, 3, 3, 3, 3, 3, 3, 3, 3, 3, 3, 3, 3, 3, 3, 3, 3, 3, 3, 3, 3, 3, 3, 3, 3, 3, 3, 3, 3, 3, 3, 3, 3, 3, 3, 3, 3, 3, 3, 3, 3, 3, 3, 3, 3, 3, 3, 3, 3, 3, 3, 3, 3, 3, 3, 3, 3, 3, 3, 3, 3, 3, 3, 3, 3, 3, 3, 3, 3, 3, 3, 3, 3, 3, 3, 3, 3, 3, 3, 3, 3, 3, 3, 3, 3, 3, 3, 3, 3, 3, 3, 3, 3, 3, 3, 3, 3, 3, 3, 3, 3, 3, 3, 3, 3, 3, 3, 3, 3, 3, 3, 3, 3, 3, 3, 3, 3, 3, 3, 3]
        int[] faceVertexIndices = [0, 2, 1, 3, 1, 4, 5, 3, 4, 3, 7, 6, 0, 6, 8, 9, 8, 10, 11, 8, 12, 13, 12, 14, 15, 13, 14, 16, 14, 17, 18, 16, 17, 19, 18, 17, 20, 17, 21, 12, 17, 14, 21, 8, 6, 20, 6, 7, 22, 7, 5, 23, 20, 24, 20, 23, 19, 19, 26, 25, 24, 26, 23, 27, 19, 25, 18, 27, 28, 16, 28, 29, 30, 16, 29, 15, 30, 31, 13, 31, 32, 26, 34, 33, 25, 33, 35, 27, 35, 36, 28, 36, 37, 29, 37, 38, 30, 38, 39, 31, 39, 40, 32, 40, 41, 33, 43, 42, 35, 42, 44, 36, 44, 45, 37, 45, 46, 38, 46, 47, 39, 47, 48, 40, 48, 49, 41, 49, 50, 51, 53, 52, 53, 51, 54, 55, 53, 54, 53, 55, 56, 57, 53, 56, 58, 5, 4, 59, 58, 4, 58, 59, 57, 22, 56, 55, 24, 22, 55, 60, 24, 55, 24, 61, 34, 43, 61, 62, 63, 61, 64, 7, 24, 20, 7, 22, 24, 56, 58, 57, 56, 5, 58, 55, 65, 60, 61, 65, 64, 66, 68, 67, 69, 66, 67, 70, 68, 71, 72, 68, 73, 74, 72, 73, 75, 73, 76, 77, 75, 76, 78, 77, 76, 79, 76, 80, 81, 79, 82, 78, 81, 77, 75, 77, 81, 74, 81, 83, 72, 71, 68, 84, 71, 83, 70, 84, 85, 67, 70, 69, 86, 69, 70, 85, 88, 87, 89, 88, 85, 90, 83, 81, 91, 81, 82, 92, 82, 93, 91, 95, 94, 90, 94, 96, 89, 96, 97, 88, 97, 98, 83, 71, 72, 72, 74, 83, 99, 101, 100, 102, 104, 103, 105, 103, 106, 107, 108, 99, 109, 107, 110, 111, 109, 110, 112, 105, 113, 104, 115, 114, 115, 100, 114, 116, 107, 109, 117, 109, 111, 118, 116, 119, 120, 116, 121, 122, 124, 123, 125, 112, 126, 125, 127, 115, 99, 127, 128, 111, 110, 128, 110, 99, 128, 108, 107, 122, 129, 105, 130, 131, 121, 118, 120, 121, 131, 132, 134, 133, 133, 129, 130, 135, 133, 136, 137, 133, 130, 124, 131, 138, 139, 141, 140, 142, 140, 143, 144, 143, 145, 146, 145, 147, 148, 147, 149, 150, 152, 151, 153, 155, 154, 156, 158, 157, 159, 157, 160, 145, 160, 147, 160, 157, 161, 147, 161, 149, 157, 163, 162, 161, 162, 164, 149, 164, 165, 162, 167, 166, 164, 166, 168, 165, 168, 152, 169, 170, 156, 171, 156, 159, 143, 159, 145, 140, 172, 143, 171, 172, 173, 169, 173, 174, 175, 174, 176, 173, 178, 177, 174, 173, 177, 179, 181, 180, 181, 182, 180, 180, 184, 183, 179, 183, 185, 186, 185, 187, 188, 150, 151, 189, 184, 190, 183, 188, 191, 185, 191, 192, 187, 192, 193, 191, 151, 194, 192, 194, 195, 193, 195, 196, 195, 168, 166, 196, 166, 167, 194, 152, 168, 197, 152, 153, 198, 200, 199, 201, 199, 202, 203, 202, 204, 205, 204, 206, 101, 207, 100, 208, 209, 207, 210, 211, 209, 212, 213, 211, 214, 215, 213, 216, 210, 208, 217, 212, 210, 218, 214, 212, 219, 220, 214, 221, 217, 216, 222, 218, 217, 223, 219, 218, 224, 225, 219, 226, 222, 221, 227, 223, 222, 228, 224, 223, 229, 230, 224, 103, 231, 106, 104, 200, 103, 204, 232, 206, 202, 233, 204, 234, 199, 200, 199, 235, 202, 114, 207, 236, 114, 234, 104, 237, 215, 238, 239, 213, 237, 240, 211, 239, 236, 209, 240, 233, 238, 232, 235, 237, 233, 241, 239, 235, 234, 240, 241, 124, 226, 221, 229, 243, 242, 244, 246, 245, 247, 248, 244, 124, 216, 123, 130, 106, 137, 249, 136, 137, 250, 251, 249, 136, 252, 135, 252, 253, 247, 106, 249, 137, 254, 256, 255, 248, 257, 246, 257, 205, 256, 258, 203, 257, 250, 201, 258, 249, 198, 250, 13, 259, 11, 260, 261, 259, 262, 263, 261, 264, 265, 263, 266, 267, 265, 268, 269, 267, 270, 271, 269, 272, 273, 271, 11, 274, 10, 259, 275, 274, 261, 276, 275, 263, 277, 276, 265, 278, 277, 267, 279, 278, 269, 280, 279, 271, 281, 280, 256, 32, 41, 266, 215, 268, 264, 238, 266, 262, 232, 264, 260, 206, 262, 32, 260, 13, 9, 274, 282, 283, 278, 284, 285, 277, 283, 286, 276, 285, 282, 275, 286, 230, 272, 225, 281, 287, 280, 220, 268, 215, 225, 270, 220, 279, 284, 278, 280, 288, 279, 289, 291, 290, 292, 293, 291, 294, 295, 293, 296, 297, 295, 298, 299, 297, 300, 301, 299, 302, 303, 301, 304, 305, 303, 306, 307, 305, 308, 309, 307, 310, 311, 309, 312, 313, 311, 314, 315, 313, 316, 317, 315, 318, 320, 319, 321, 323, 322, 324, 325, 321, 326, 325, 324, 327, 328, 326, 329, 330, 327, 331, 332, 329, 333, 334, 331, 335, 336, 333, 337, 338, 335, 339, 340, 337, 341, 342, 339, 319, 343, 341, 344, 64, 345, 346, 348, 347, 349, 350, 346, 351, 352, 349, 353, 354, 351, 355, 356, 353, 357, 358, 355, 359, 360, 357, 359, 362, 361, 363, 362, 359, 364, 365, 363, 366, 367, 364, 368, 54, 366, 345, 65, 368, 289, 319, 292, 317, 345, 315, 291, 347, 290, 293, 347, 291, 295, 346, 293, 297, 349, 295, 299, 351, 297, 301, 353, 299, 303, 355, 301, 305, 357, 303, 307, 359, 305, 309, 363, 307, 311, 364, 309, 313, 366, 311, 315, 368, 313, 316, 322, 369, 314, 321, 316, 312, 324, 314, 310, 326, 312, 308, 326, 310, 306, 327, 308, 304, 329, 306, 302, 331, 304, 300, 333, 302, 298, 335, 300, 296, 337, 298, 294, 339, 296, 292, 341, 294, 367, 54, 51, 361, 370, 360, 362, 371, 361, 365, 372, 362, 373, 51, 52, 51, 365, 367, 365, 373, 374, 375, 377, 376, 378, 4, 1, 379, 59, 378, 380, 381, 379, 382, 383, 380, 384, 385, 382, 386, 387, 384, 388, 389, 386, 376, 390, 388, 57, 381, 52, 391, 377, 375, 370, 377, 391, 371, 390, 370, 372, 389, 371, 374, 387, 372, 373, 385, 374, 52, 383, 373, 360, 391, 358, 350, 392, 348, 352, 393, 350, 354, 394, 352, 356, 395, 354, 358, 375, 356, 1, 397, 396, 394, 398, 393, 395, 399, 394, 375, 400, 395, 376, 401, 375, 388, 402, 376, 386, 403, 388, 384, 404, 386, 382, 405, 384, 380, 406, 382, 379, 407, 380, 378, 408, 379, 1, 409, 378, 397, 9, 282, 410, 396, 397, 411, 396, 410, 412, 398, 413, 414, 409, 411, 414, 407, 408, 415, 407, 414, 416, 406, 415, 417, 405, 416, 418, 404, 417, 419, 403, 418, 420, 402, 419, 421, 401, 420, 422, 400, 421, 413, 399, 422, 423, 425, 424, 426, 427, 425, 428, 429, 427, 430, 431, 429, 432, 433, 431, 434, 435, 433, 436, 437, 435, 438, 439, 437, 440, 441, 439, 442, 443, 441, 444, 445, 443, 446, 447, 445, 448, 449, 447, 450, 451, 449, 452, 453, 451, 454, 455, 453, 456, 93, 455, 457, 92, 93, 458, 95, 92, 459, 461, 460, 462, 463, 461, 464, 465, 463, 466, 467, 465, 468, 469, 467, 470, 471, 469, 472, 473, 471, 474, 475, 473, 476, 477, 475, 478, 479, 477, 480, 481, 479, 482, 483, 481, 484, 485, 483, 486, 487, 485, 488, 489, 487, 490, 76, 489, 491, 493, 492, 494, 495, 493, 496, 497, 495, 498, 499, 497, 500, 501, 499, 502, 503, 501, 504, 505, 503, 506, 507, 505, 508, 509, 507, 510, 511, 509, 512, 513, 511, 514, 515, 513, 516, 517, 515, 518, 519, 517, 520, 521, 519, 410, 523, 522, 413, 524, 412, 422, 525, 413, 421, 526, 422, 420, 527, 421, 419, 528, 420, 418, 529, 419, 418, 531, 530, 417, 531, 418, 416, 532, 417, 415, 533, 416, 414, 534, 415, 411, 535, 414, 410, 536, 411, 410, 286, 285, 410, 397, 282, 410, 284, 523, 410, 283, 284, 410, 285, 283, 50, 255, 256, 230, 538, 537, 242, 539, 230, 50, 256, 41, 242, 541, 540, 243, 542, 242, 537, 543, 273, 544, 546, 545, 281, 546, 544, 273, 547, 281, 288, 523, 284, 287, 523, 288, 522, 545, 536, 287, 545, 522, 423, 524, 525, 458, 541, 548, 457, 540, 458, 456, 539, 457, 454, 538, 456, 452, 543, 454, 450, 547, 452, 448, 546, 450, 446, 545, 448, 444, 545, 446, 442, 536, 444, 440, 535, 442, 438, 534, 440, 436, 533, 438, 434, 532, 436, 432, 531, 434, 430, 530, 432, 428, 530, 430, 426, 529, 428, 426, 527, 528, 423, 527, 426, 423, 525, 526, 424, 462, 459, 425, 464, 462, 427, 466, 464, 429, 468, 466, 431, 470, 468, 433, 472, 470, 435, 474, 472, 437, 476, 474, 439, 478, 476, 441, 480, 478, 443, 482, 480, 445, 484, 482, 447, 486, 484, 449, 488, 486, 451, 490, 488, 453, 80, 490, 455, 79, 80, 79, 93, 82, 460, 494, 491, 461, 496, 494, 463, 498, 496, 465, 500, 498, 467, 502, 500, 469, 504, 502, 471, 506, 504, 473, 508, 506, 475, 510, 508, 477, 512, 510, 479, 514, 512, 481, 516, 514, 483, 518, 516, 485, 520, 518, 487, 549, 520, 489, 73, 549, 53, 57, 52, 36, 28, 27, 544, 545, 287, 492, 551, 550, 493, 552, 551, 495, 553, 552, 497, 554, 553, 499, 555, 554, 501, 556, 555, 503, 557, 556, 505, 558, 557, 507, 559, 558, 509, 560, 559, 511, 561, 560, 513, 562, 561, 515, 563, 562, 517, 564, 563, 519, 565, 564, 550, 567, 566, 551, 568, 567, 552, 569, 568, 553, 570, 569, 554, 571, 570, 555, 572, 571, 556, 573, 572, 557, 574, 573, 558, 575, 574, 559, 576, 575, 560, 577, 576, 561, 578, 577, 562, 579, 578, 563, 580, 579, 564, 581, 580, 565, 582, 581, 73, 521, 549, 521, 583, 565, 521, 585, 584, 521, 586, 585, 566, 588, 587, 567, 589, 588, 568, 590, 589, 569, 591, 590, 570, 592, 591, 571, 593, 592, 572, 594, 593, 573, 595, 594, 574, 596, 595, 575, 597, 596, 576, 598, 597, 577, 599, 598, 578, 600, 599, 579, 601, 600, 580, 602, 601, 581, 603, 602, 587, 605, 604, 588, 606, 605, 589, 607, 606, 590, 608, 607, 591, 609, 608, 592, 610, 609, 593, 611, 610, 594, 612, 611, 595, 613, 612, 596, 614, 613, 597, 615, 614, 598, 616, 615, 599, 617, 616, 600, 618, 617, 601, 619, 618, 604, 621, 620, 605, 622, 621, 606, 623, 622, 607, 624, 623, 608, 625, 624, 609, 626, 625, 610, 627, 626, 611, 628, 627, 612, 629, 628, 613, 630, 629, 614, 631, 630, 615, 632, 631, 616, 633, 632, 617, 634, 633, 618, 635, 634, 619, 144, 635, 636, 638, 637, 639, 640, 638, 641, 642, 640, 643, 644, 642, 645, 646, 644, 647, 648, 646, 649, 650, 648, 651, 652, 650, 653, 654, 652, 655, 656, 654, 657, 658, 656, 659, 660, 658, 661, 662, 660, 663, 664, 662, 637, 666, 665, 638, 667, 666, 640, 668, 667, 642, 669, 668, 644, 670, 669, 646, 671, 670, 648, 672, 671, 650, 673, 672, 652, 674, 673, 654, 675, 674, 656, 676, 675, 658, 677, 676, 660, 678, 677, 662, 154, 678, 665, 680, 679, 666, 681, 680, 667, 682, 681, 668, 683, 682, 669, 684, 683, 670, 685, 684, 671, 686, 685, 672, 687, 686, 673, 688, 687, 674, 689, 688, 675, 690, 689, 661, 635, 663, 659, 634, 661, 657, 633, 659, 655, 632, 657, 653, 631, 655, 651, 630, 653, 649, 629, 651, 647, 628, 649, 645, 627, 647, 643, 626, 645, 641, 625, 643, 639, 624, 641, 139, 142, 619, 691, 602, 603, 139, 691, 692, 253, 258, 248, 393, 693, 392, 144, 146, 635, 148, 165, 664, 635, 148, 663, 664, 153, 154, 664, 165, 197, 178, 141, 694, 141, 172, 140, 176, 696, 695, 697, 699, 698, 700, 702, 701, 703, 701, 704, 705, 706, 697, 707, 705, 708, 709, 707, 708, 710, 703, 711, 702, 713, 712, 713, 698, 712, 714, 705, 707, 715, 707, 709, 716, 714, 717, 718, 714, 719, 720, 722, 721, 723, 710, 724, 723, 725, 713, 697, 725, 726, 709, 708, 726, 708, 697, 726, 706, 705, 720, 720, 699, 706, 727, 703, 728, 729, 719, 716, 718, 719, 729, 729, 731, 730, 732, 727, 728, 733, 730, 734, 735, 732, 728, 722, 729, 733, 728, 704, 735, 170, 702, 158, 167, 721, 196, 163, 699, 167, 158, 698, 163, 158, 702, 712, 701, 175, 704, 722, 196, 721, 733, 193, 722, 734, 187, 733, 735, 695, 736, 704, 176, 735, 155, 678, 154, 677, 690, 676, 678, 737, 677, 690, 738, 689, 685, 739, 684, 686, 740, 685, 687, 741, 686, 688, 742, 687, 689, 743, 688, 744, 746, 745, 680, 747, 679, 681, 747, 680, 682, 747, 681, 748, 750, 749, 746, 751, 748, 752, 754, 753, 755, 756, 754, 757, 758, 756, 759, 760, 758, 761, 762, 760, 753, 764, 763, 754, 765, 764, 756, 766, 765, 758, 767, 766, 760, 768, 767, 763, 770, 769, 764, 771, 770, 765, 772, 771, 766, 773, 772, 767, 768, 773, 769, 775, 774, 770, 776, 775, 771, 777, 776, 772, 778, 777, 774, 780, 779, 775, 781, 780, 776, 782, 781, 777, 783, 782, 779, 785, 784, 780, 786, 785, 781, 788, 787, 782, 790, 789, 773, 768, 622, 621, 791, 620, 621, 768, 762, 622, 768, 621, 773, 622, 639, 639, 622, 623, 792, 794, 793, 795, 797, 796, 798, 800, 799, 793, 801, 792, 801, 803, 802, 804, 801, 805, 805, 802, 806, 806, 802, 807, 807, 802, 808, 796, 809, 800, 800, 809, 810, 808, 800, 810, 796, 812, 811, 813, 797, 814, 813, 815, 812, 812, 816, 811, 811, 818, 817, 817, 819, 809, 809, 820, 810, 810, 821, 808, 808, 821, 822, 807, 822, 823, 806, 823, 824, 825, 806, 824, 826, 805, 825, 826, 814, 804, 827, 821, 828, 822, 827, 829, 823, 829, 830, 824, 830, 831, 832, 824, 831, 833, 825, 832, 834, 826, 833, 820, 836, 835, 818, 836, 819, 816, 837, 818, 838, 816, 815, 839, 815, 840, 814, 839, 840, 834, 841, 814, 842, 838, 839, 838, 844, 843, 843, 845, 837, 837, 846, 836, 836, 847, 835, 835, 848, 828, 827, 848, 849, 829, 827, 849, 834, 850, 841, 845, 852, 851, 845, 853, 846, 846, 854, 847, 847, 855, 848, 848, 856, 849, 829, 856, 857, 830, 857, 858, 831, 858, 859, 860, 831, 859, 861, 832, 860, 862, 832, 861, 863, 833, 862, 864, 834, 863, 864, 842, 850, 865, 866, 842, 867, 868, 842, 866, 867, 842, 853, 869, 854, 854, 870, 855, 855, 871, 856, 856, 872, 857, 873, 857, 872, 858, 857, 873, 874, 862, 875, 876, 863, 874, 877, 863, 876, 878, 864, 877, 878, 866, 865, 879, 867, 866, 852, 880, 851, 881, 882, 852, 881, 884, 883, 885, 881, 867, 886, 885, 867, 859, 873, 887, 860, 887, 888, 861, 888, 889, 862, 889, 890, 875, 862, 890, 870, 891, 871, 891, 893, 892, 891, 895, 894, 896, 891, 894, 872, 896, 897, 873, 897, 898, 887, 898, 899, 888, 899, 900, 901, 888, 900, 889, 901, 902, 903, 889, 902, 904, 890, 903, 905, 875, 904, 906, 874, 905, 907, 876, 906, 907, 878, 877, 908, 879, 878, 894, 910, 909, 896, 909, 911, 897, 911, 912, 898, 912, 913, 899, 913, 914, 900, 914, 915, 901, 915, 916, 917, 919, 918, 920, 922, 921, 923, 922, 924, 925, 924, 926, 910, 927, 909, 911, 927, 917, 911, 920, 912, 913, 920, 921, 914, 921, 923, 915, 923, 925, 916, 925, 928, 929, 931, 930, 931, 933, 932, 930, 932, 934, 919, 936, 935, 918, 935, 929, 922, 929, 937, 937, 930, 938, 938, 934, 939, 934, 932, 940, 932, 941, 940, 939, 934, 940, 942, 941, 943, 942, 945, 944, 946, 944, 947, 948, 950, 949, 951, 952, 946, 950, 946, 947, 951, 954, 953, 955, 956, 954, 926, 957, 956, 924, 937, 957, 958, 959, 948, 959, 955, 948, 960, 926, 959, 928, 925, 960, 961, 928, 960, 962, 959, 958, 963, 958, 964, 960, 962, 961, 961, 963, 965, 966, 928, 961, 967, 966, 961, 967, 961, 965, 967, 965, 968, 969, 916, 966, 970, 966, 967, 971, 967, 968, 971, 970, 967, 971, 973, 972, 972, 975, 974, 974, 977, 976, 978, 916, 969, 979, 969, 970, 980, 970, 971, 981, 970, 980, 982, 984, 983, 977, 983, 976, 985, 983, 984, 976, 985, 986, 986, 985, 987, 974, 986, 988, 989, 991, 990, 972, 988, 992, 971, 992, 993, 994, 995, 991, 988, 987, 996, 994, 996, 995, 994, 992, 988, 993, 992, 994, 993, 980, 971, 997, 980, 993, 997, 994, 989, 998, 990, 999, 1000, 989, 998, 1001, 1000, 998, 1001, 999, 1002, 1000, 981, 997, 1003, 1004, 1000, 1005, 978, 979, 1005, 981, 1004, 1006, 902, 1007, 1008, 1007, 1005, 1009, 1005, 1004, 1010, 903, 1006, 1011, 1006, 1008, 1012, 1008, 1009, 1013, 1012, 1014, 1015, 1017, 1016, 1018, 1001, 1019, 1018, 1014, 1003, 1020, 1022, 1021, 1003, 1012, 1009, 1023, 1010, 1011, 1021, 1024, 1020, 1020, 1026, 1025, 1024, 1027, 1026, 1012, 1028, 1011, 1028, 1023, 1011, 1029, 1030, 1023, 1023, 1032, 1031, 1031, 906, 905, 1032, 907, 906, 1033, 908, 907, 1034, 1035, 908, 1036, 1034, 1033, 1030, 1033, 1032, 1037, 1036, 1030, 1038, 1039, 1027, 1040, 1041, 1036, 1042, 1043, 1039, 851, 1044, 853, 870, 869, 893, 927, 1045, 919, 935, 1046, 931, 1047, 1049, 1048, 1050, 1051, 1047, 1052, 1053, 1050, 1051, 1054, 1049, 1053, 1055, 1051, 1056, 1057, 1053, 1058, 1059, 1056, 1060, 1056, 1052, 882, 1061, 880, 883, 1061, 882, 883, 1050, 1047, 883, 1052, 1050, 1052, 1062, 1060, 883, 1062, 1052, 884, 1062, 883, 1063, 1065, 1064, 1066, 1067, 1063, 1054, 1069, 1068, 1055, 1070, 1069, 1057, 1071, 1070, 1059, 1072, 1071, 1073, 1075, 1074, 1076, 1074, 1075, 1074, 1068, 1069, 1073, 1069, 1070, 1067, 1070, 1071, 1065, 1071, 1072, 1077, 1076, 1075, 1077, 1079, 1078, 1080, 1066, 1063, 1079, 1075, 1080, 1081, 1080, 1082, 1083, 1079, 1081, 1084, 1083, 1085, 1086, 1063, 1064, 1080, 1086, 1082, 1081, 1088, 1087, 1083, 1087, 1089, 1085, 1089, 1090, 1087, 1092, 1091, 1093, 1087, 1091, 1090, 1093, 1094, 1095, 1086, 1096, 1088, 1086, 1095, 1088, 1097, 1092, 1092, 1099, 1098, 1091, 1098, 1100, 1093, 1100, 1101, 1098, 1103, 1102, 1100, 1102, 1104, 1101, 1104, 1105, 1106, 1108, 1107, 1108, 1102, 1109, 1107, 1108, 1109, 1110, 1102, 1103, 1109, 1110, 1111, 1107, 1111, 1112, 1106, 1112, 1113, 1114, 1113, 1115, 1116, 1114, 1115, 1117, 1104, 1108, 1118, 1117, 1108, 1119, 1093, 1101, 1120, 1101, 1105, 1121, 1105, 1117, 1118, 1121, 1117, 1114, 1118, 1106, 1122, 1121, 1118, 1114, 1122, 1118, 1123, 1114, 1116, 1123, 1122, 1114, 1124, 1126, 1125, 1127, 1124, 1125, 1124, 1120, 1121, 1128, 1084, 1085, 1129, 1085, 1090, 1130, 1128, 1131, 1131, 1128, 1129, 1132, 1120, 1133, 1119, 1132, 1094, 1132, 1090, 1094, 1131, 1129, 1132, 1131, 1132, 1134, 1134, 1133, 1127, 885, 1135, 884, 1136, 1137, 885, 1138, 1137, 1136, 885, 1137, 1135, 886, 1136, 885, 886, 1138, 1136, 1139, 1115, 1140, 1141, 1143, 1142, 1144, 1146, 1145, 1140, 1113, 1147, 1148, 1147, 1149, 1148, 1150, 1143, 1151, 1135, 1137, 1152, 1154, 1153, 1097, 1095, 1096, 1099, 1097, 1096, 1154, 1099, 1096, 1154, 1103, 1099, 1110, 1103, 1154, 1138, 1151, 1137, 1155, 1154, 1156, 1155, 1111, 1110, 1157, 1112, 1111, 1112, 1147, 1113, 1158, 1147, 1159, 1160, 1159, 1157, 1160, 1155, 1161, 1161, 1156, 1162, 1158, 1150, 1149, 1163, 1158, 1160, 1164, 1151, 1138, 1165, 1156, 1152, 1166, 1160, 1161, 1167, 1161, 1162, 1168, 1162, 1165, 1169, 1171, 1170, 1171, 1172, 1170, 1173, 1174, 1172, 1175, 1176, 1174, 1177, 1146, 1176, 1169, 1178, 1171, 1178, 1173, 1171, 1179, 1175, 1173, 1180, 1177, 1175, 1177, 1181, 1145, 1182, 1179, 1178, 1183, 1180, 1179, 1184, 1181, 1180, 1185, 1145, 1181, 1186, 1144, 1145, 1144, 1188, 1187, 1189, 1164, 1190, 1034, 1189, 1190, 1035, 1164, 1138, 879, 1138, 886, 1041, 1191, 1189, 1192, 1194, 1193, 1192, 1193, 1195, 1196, 1192, 1195, 1192, 1197, 1194, 1182, 1169, 1198, 1164, 1195, 1193, 1196, 1164, 1189, 1199, 1182, 1198, 952, 942, 946, 949, 958, 948, 922, 917, 918, 902, 978, 1007, 904, 1031, 905, 841, 842, 839, 814, 1200, 794, 804, 814, 792, 798, 796, 800, 814, 840, 813, 802, 799, 808, 799, 800, 808, 796, 811, 817, 868, 852, 844, 821, 835, 828, 1201, 1123, 1116, 1188, 1201, 1187, 1134, 1199, 1131, 1127, 1182, 1134, 1125, 1183, 1127, 1126, 1184, 1125, 1123, 1185, 1126, 1123, 1188, 1186, 1202, 1131, 1043, 1016, 325, 1015, 1202, 338, 1130, 1042, 338, 1202, 1038, 336, 1042, 1024, 334, 1038, 1021, 332, 1024, 1022, 330, 1021, 1015, 328, 1022, 342, 1077, 1078, 1077, 1204, 1203, 1077, 343, 320, 338, 1205, 1130, 340, 1205, 338, 340, 1084, 1205, 342, 1084, 340, 342, 1078, 1084, 1191, 1196, 1189, 123, 208, 101, 123, 108, 122, 89, 84, 83, 85, 86, 70, 639, 636, 773, 636, 1206, 773, 1140, 1141, 1139, 178, 1208, 1207, 182, 190, 184, 1209, 1211, 1210, 1212, 1213, 1211, 1214, 1215, 1213, 1215, 1217, 1216, 1214, 1218, 1217, 1212, 1219, 1218, 1219, 1220, 1218, 1221, 1222, 1220, 1223, 1224, 1222, 1224, 1225, 1222, 1226, 1227, 1225, 1227, 1228, 1225, 1228, 1229, 1225, 1229, 1222, 1225, 1220, 1217, 1218, 1229, 1216, 1217, 1216, 1230, 1215, 1231, 1233, 1232, 1233, 1231, 1228, 1233, 1235, 1234, 1234, 1232, 1233, 1228, 1236, 1235, 1228, 1237, 1236, 1227, 1238, 1237, 1226, 1239, 1238, 1226, 1240, 1239, 1224, 1241, 1240, 1232, 1243, 1242, 1234, 1244, 1243, 1235, 1245, 1244, 1245, 1237, 1246, 1237, 1247, 1246, 1238, 1248, 1247, 1239, 1249, 1248, 1240, 1250, 1249, 1242, 42, 43, 1243, 44, 42, 1244, 45, 44, 1245, 46, 45, 1246, 47, 46, 1247, 48, 47, 1248, 49, 48, 1249, 50, 49, 1251, 1253, 1252, 1253, 1251, 1254, 1255, 1257, 1256, 1257, 1255, 1258, 1255, 1259, 1258, 1215, 1260, 1213, 1260, 1261, 1213, 1261, 1260, 1259, 1215, 1257, 1258, 1230, 1232, 1257, 1232, 1262, 1257, 1262, 1242, 1263, 1242, 62, 1263, 62, 1264, 1263, 1232, 1216, 1231, 1230, 1216, 1232, 1260, 1258, 1259, 1215, 1258, 1260, 1256, 1262, 1265, 1262, 1264, 1265, 1266, 1268, 1267, 1269, 1270, 1268, 1268, 1271, 1267, 1267, 1272, 1266, 1272, 1273, 1266, 1273, 1274, 1266, 1275, 1277, 1276, 1277, 1278, 1276, 1278, 1279, 1276, 1278, 1281, 1280, 1282, 1278, 1277, 1277, 1275, 1282, 1275, 1283, 1282, 1271, 1272, 1267, 1284, 1285, 1271, 1286, 1284, 1287, 1284, 1268, 1270, 1270, 1288, 1284, 1289, 1291, 1290, 1289, 1292, 1291, 1292, 1282, 1283, 1293, 1281, 1282, 1294, 1295, 1281, 1296, 94, 95, 1294, 96, 94, 1293, 97, 96, 1292, 98, 97, 1271, 1285, 1272, 1273, 1272, 1285, 1297, 1299, 1298, 1300, 1302, 1301, 1303, 1304, 1302, 1297, 1306, 1305, 1306, 1308, 1307, 1308, 1309, 1307, 1303, 1311, 1310, 1300, 1313, 1312, 1305, 1313, 1299, 1314, 1308, 1306, 1315, 1317, 1316, 1318, 1319, 1315, 1320, 1318, 1315, 1321, 1323, 1322, 1303, 1325, 1324, 1325, 1312, 1326, 1312, 1327, 1326, 1307, 1309, 1327, 1306, 1327, 1305, 1306, 1297, 1314, 1311, 1328, 1310, 1318, 1330, 1329, 1318, 1321, 1330, 1329, 1332, 1331, 1331, 1328, 1333, 1330, 1334, 1332, 1334, 1328, 1332, 1321, 1335, 1330, 1336, 1338, 1337, 1339, 1340, 1338, 1341, 1342, 1340, 1343, 1344, 1342, 1345, 1346, 1344, 1347, 1349, 1348, 1350, 1352, 1351, 1353, 1355, 1354, 1356, 1357, 1355, 1358, 1344, 1357, 1355, 1357, 1359, 1357, 1346, 1359, 1354, 1361, 1360, 1355, 1362, 1361, 1359, 1363, 1362, 1360, 1365, 1364, 1361, 1366, 1365, 1362, 1348, 1366, 1367, 1356, 1353, 1368, 1358, 1356, 1369, 1342, 1358, 1370, 1338, 1340, 1340, 1371, 1370, 1369, 1372, 1371, 1368, 1373, 1372, 1370, 1375, 1374, 1371, 1372, 1375, 1376, 1378, 1377, 1379, 1378, 1380, 1380, 1382, 1381, 1378, 1383, 1382, 1384, 1385, 1383, 1386, 1349, 1350, 1387, 1388, 1381, 1381, 1389, 1387, 1382, 1390, 1389, 1383, 1391, 1390, 1387, 1392, 1349, 1389, 1393, 1392, 1390, 1394, 1393, 1392, 1365, 1366, 1393, 1364, 1365, 1349, 1366, 1348, 1363, 1347, 1348, 1395, 1397, 1396, 1398, 1399, 1397, 1400, 1401, 1399, 1402, 1403, 1401, 1404, 1299, 1405, 1406, 1405, 1407, 1408, 1407, 1409, 1410, 1409, 1411, 1412, 1411, 1413, 1414, 1404, 1406, 1415, 1406, 1408, 1416, 1408, 1410, 1417, 1410, 1412, 1418, 1419, 1414, 1420, 1414, 1415, 1421, 1415, 1416, 1422, 1416, 1417, 1423, 1425, 1424, 1426, 1418, 1420, 1427, 1420, 1421, 1428, 1421, 1422, 1396, 1304, 1395, 1429, 1302, 1396, 1430, 1403, 1431, 1432, 1401, 1430, 1433, 1396, 1397, 1433, 1399, 1432, 1299, 1434, 1405, 1434, 1301, 1429, 1411, 1435, 1413, 1409, 1436, 1411, 1407, 1437, 1409, 1405, 1438, 1407, 1436, 1431, 1435, 1437, 1430, 1436, 1438, 1432, 1437, 1434, 1433, 1438, 1335, 1425, 1439, 1440, 1442, 1441, 1443, 1444, 1440, 1445, 1446, 1443, 1447, 1448, 1419, 1310, 1449, 1304, 1450, 1449, 1334, 1445, 1451, 1450, 1450, 1335, 1439, 1450, 1423, 1445, 1395, 1449, 1451, 1452, 1441, 1453, 1454, 1440, 1452, 1402, 1453, 1455, 1400, 1452, 1402, 1398, 1454, 1400, 1395, 1456, 1398, 1457, 1459, 1458, 1460, 1458, 1461, 1462, 1461, 1463, 1464, 1463, 1465, 1466, 1465, 1467, 1468, 1467, 1469, 1470, 1469, 1471, 1472, 1471, 1473, 1458, 1475, 1474, 1461, 1474, 1476, 1463, 1476, 1477, 1465, 1477, 1478, 1467, 1478, 1479, 1469, 1479, 1480, 1471, 1480, 1481, 1473, 1481, 1482, 1455, 1484, 1483, 1435, 1466, 1413, 1431, 1464, 1435, 1403, 1462, 1431, 1455, 1460, 1403, 1455, 1485, 1457, 1475, 1486, 1474, 1478, 1487, 1479, 1477, 1488, 1478, 1476, 1489, 1477, 1474, 1490, 1476, 1472, 1417, 1470, 1491, 1481, 1492, 1468, 1413, 1466, 1470, 1412, 1468, 1493, 1479, 1487, 1492, 1480, 1493, 1494, 290, 1495, 1496, 1495, 1497, 1498, 1497, 1499, 1500, 1499, 1501, 1502, 1501, 1503, 1504, 1503, 1505, 1506, 1505, 1507, 1508, 1507, 1509, 1510, 1509, 1511, 1512, 1511, 1513, 1514, 1513, 1515, 1516, 1518, 1517, 1519, 1517, 1520, 369, 1520, 317, 1204, 1522, 1521, 1523, 322, 323, 1523, 1525, 1524, 1526, 1528, 1527, 1529, 1530, 1526, 1531, 1532, 1529, 1533, 1534, 1531, 1535, 1536, 1533, 1537, 1538, 1535, 1539, 1540, 1537, 1541, 1542, 1539, 1543, 1544, 1541, 1521, 1545, 1543, 63, 1546, 1264, 1547, 347, 348, 1548, 1549, 1547, 1550, 1551, 1548, 1552, 1553, 1550, 1554, 1555, 1552, 1556, 1557, 1554, 1558, 1559, 1556, 1560, 1561, 1558, 1562, 1561, 1560, 1563, 1564, 1562, 1254, 1565, 1563, 1265, 1566, 1256, 1264, 1567, 1265, 318, 1494, 1522, 344, 1520, 1546, 347, 1495, 290, 1549, 1495, 347, 1551, 1497, 1549, 1553, 1499, 1551, 1555, 1501, 1553, 1557, 1503, 1555, 1559, 1505, 1557, 1561, 1507, 1559, 1564, 1509, 1561, 1565, 1511, 1564, 1568, 1513, 1565, 1567, 1518, 1566, 1546, 1517, 1567, 1524, 369, 322, 1525, 1519, 1524, 1530, 1569, 1528, 1530, 1512, 1514, 1532, 1512, 1530, 1534, 1510, 1532, 1536, 1508, 1534, 1538, 1506, 1536, 1540, 1504, 1538, 1542, 1502, 1540, 1544, 1500, 1542, 1545, 1498, 1544, 1522, 1496, 1545, 1254, 1563, 1253, 1570, 1556, 1571, 1572, 1558, 1570, 1573, 1560, 1572, 1253, 1574, 1252, 1574, 1563, 1562, 1574, 1562, 1573, 1575, 1577, 1576, 1261, 1211, 1213, 1578, 1580, 1579, 1581, 1582, 1578, 1583, 1584, 1581, 1585, 1586, 1583, 1587, 1588, 1585, 1589, 1590, 1587, 1575, 1591, 1589, 1579, 1252, 1578, 1575, 1592, 1577, 1589, 1592, 1575, 1587, 1571, 1589, 1585, 1570, 1587, 1583, 1572, 1585, 1581, 1573, 1583, 1578, 1574, 1581, 1571, 1554, 1592, 1593, 348, 392, 1594, 1547, 1593, 1595, 1548, 1594, 1577, 1550, 1595, 1592, 1552, 1577, 1596, 1598, 1597, 1599, 1593, 1600, 1601, 1594, 1599, 1602, 1595, 1601, 1603, 1577, 1602, 1604, 1576, 1603, 1605, 1591, 1604, 1606, 1590, 1605, 1607, 1588, 1606, 1608, 1586, 1607, 1609, 1584, 1608, 1610, 1582, 1609, 1598, 1580, 1610, 1596, 1486, 1611, 1598, 1612, 1597, 1610, 1612, 1598, 693, 1613, 1600, 1609, 1614, 1610, 1608, 1615, 1609, 1607, 1615, 1608, 1606, 1616, 1607, 1605, 1617, 1606, 1604, 1618, 1605, 1603, 1619, 1604, 1602, 1620, 1603, 1601, 1621, 1602, 1599, 1622, 1601, 1600, 1623, 1599, 1624, 424, 1625, 1626, 1625, 1627, 1628, 1627, 1629, 1630, 1629, 1631, 1632, 1631, 1633, 1634, 1633, 1635, 1636, 1635, 1637, 1638, 1637, 1639, 1640, 1639, 1641, 1642, 1641, 1643, 1644, 1643, 1645, 1646, 1645, 1647, 1648, 1647, 1649, 1650, 1649, 1651, 1652, 1651, 1653, 1654, 1653, 1655, 1656, 1657, 1295, 1658, 1295, 1296, 548, 1296, 95, 1659, 460, 1660, 1661, 1660, 1662, 1663, 1662, 1664, 1665, 1664, 1666, 1667, 1666, 1668, 1669, 1668, 1670, 1671, 1670, 1672, 1673, 1672, 1674, 1675, 1674, 1676, 1677, 1676, 1678, 1679, 1678, 1680, 1681, 1680, 1682, 1683, 1682, 1684, 1685, 1684, 1686, 1687, 1686, 1688, 1689, 1688, 1274, 1690, 492, 1691, 1692, 1691, 1693, 1694, 1693, 1695, 1696, 1695, 1697, 1698, 1697, 1699, 1700, 1699, 1701, 1702, 1701, 1703, 1704, 1703, 1705, 1706, 1705, 1707, 1708, 1707, 1709, 1710, 1709, 1711, 1712, 1711, 1713, 1714, 1713, 1715, 1716, 1715, 1717, 1718, 1717, 1719, 1720, 1612, 1721, 1722, 412, 524, 1723, 1613, 1722, 1724, 1623, 1723, 1725, 1622, 1724, 1726, 1621, 1725, 1727, 1620, 1726, 1728, 1619, 1727, 1729, 1619, 1728, 1730, 1618, 1729, 1731, 1617, 1730, 1732, 1616, 1731, 1733, 1615, 1732, 1721, 1614, 1733, 1486, 1489, 1490, 1597, 1612, 1486, 1487, 1612, 1720, 1488, 1612, 1487, 1489, 1612, 1488, 1734, 1736, 1735, 1737, 1739, 1738, 1740, 1741, 1737, 1736, 50, 1250, 542, 1740, 541, 1742, 1441, 1442, 1743, 1473, 1744, 1745, 1491, 1746, 1747, 1491, 1745, 1744, 1482, 1747, 1720, 1493, 1487, 1721, 1493, 1720, 1746, 1721, 1733, 1746, 1492, 1721, 524, 423, 1722, 1740, 548, 541, 1737, 1658, 1740, 1738, 1656, 1737, 1744, 1654, 1743, 1747, 1652, 1744, 1745, 1650, 1747, 1746, 1648, 1745, 1746, 1644, 1646, 1733, 1644, 1746, 1732, 1642, 1733, 1731, 1640, 1732, 1730, 1638, 1731, 1729, 1636, 1730, 1728, 1634, 1729, 1727, 1632, 1728, 1727, 1628, 1630, 1726, 1628, 1727, 1725, 1626, 1726, 1724, 1624, 1725, 1723, 1624, 1724, 1722, 423, 1723, 1625, 459, 1659, 1627, 1659, 1661, 1629, 1661, 1663, 1631, 1663, 1665, 1633, 1665, 1667, 1635, 1667, 1669, 1637, 1669, 1671, 1639, 1671, 1673, 1641, 1673, 1675, 1643, 1675, 1677, 1645, 1677, 1679, 1647, 1679, 1681, 1649, 1681, 1683, 1651, 1683, 1685, 1653, 1685, 1687, 1655, 1687, 1689, 1295, 1279, 1280, 1295, 1280, 1281, 1660, 491, 1690, 1662, 1690, 1692, 1664, 1692, 1694, 1666, 1694, 1696, 1668, 1696, 1698, 1670, 1698, 1700, 1672, 1700, 1702, 1674, 1702, 1704, 1676, 1704, 1706, 1678, 1706, 1708, 1680, 1708, 1710, 1682, 1710, 1712, 1684, 1712, 1714, 1686, 1714, 1716, 1688, 1716, 1718, 1274, 1718, 1266, 1748, 1251, 1252, 1237, 1245, 1236, 1746, 1491, 1492, 1691, 550, 1749, 1693, 1749, 1750, 1695, 1750, 1751, 1697, 1751, 1752, 1699, 1752, 1753, 1701, 1753, 1754, 1703, 1754, 1755, 1705, 1755, 1756, 1707, 1756, 1757, 1709, 1757, 1758, 1711, 1758, 1759, 1713, 1759, 1760, 1715, 1760, 1761, 1717, 1761, 1762, 1719, 1762, 1763, 1749, 566, 1764, 1750, 1764, 1765, 1751, 1765, 1766, 1752, 1766, 1767, 1753, 1767, 1768, 1754, 1768, 1769, 1755, 1769, 1770, 1756, 1770, 1771, 1757, 1771, 1772, 1758, 1772, 1773, 1759, 1773, 1774, 1760, 1774, 1775, 1761, 1775, 1776, 1762, 1776, 1777, 1763, 1777, 1778, 1779, 1778, 1780, 1781, 1718, 1719, 1782, 1763, 1779, 1783, 1719, 1782, 1781, 1719, 1783, 1764, 587, 1784, 1765, 1784, 1785, 1766, 1785, 1786, 1767, 1786, 1787, 1768, 1787, 1788, 1769, 1788, 1789, 1770, 1789, 1790, 1771, 1790, 1791, 1772, 1791, 1792, 1773, 1792, 1793, 1774, 1793, 1794, 1775, 1794, 1795, 1776, 1795, 1796, 1777, 1796, 1797, 1778, 1797, 1798, 1780, 1798, 1799, 1784, 604, 1800, 1785, 1800, 1801, 1786, 1801, 1802, 1787, 1802, 1803, 1788, 1803, 1804, 1789, 1804, 1805, 1790, 1805, 1806, 1791, 1806, 1807, 1792, 1807, 1808, 1793, 1808, 1809, 1794, 1809, 1810, 1795, 1810, 1811, 1796, 1811, 1812, 1797, 1812, 1813, 1798, 1813, 1814, 1800, 620, 1815, 1801, 1815, 1816, 1802, 1816, 1817, 1803, 1817, 1818, 1804, 1818, 1819, 1805, 1819, 1820, 1806, 1820, 1821, 1807, 1821, 1822, 1808, 1822, 1823, 1809, 1823, 1824, 1810, 1824, 1825, 1811, 1825, 1826, 1812, 1826, 1827, 1813, 1827, 1828, 1814, 1828, 1829, 1341, 1829, 1343, 1830, 1832, 1831, 1833, 1831, 1834, 1835, 1834, 1836, 1837, 1836, 1838, 1839, 1838, 1840, 1841, 1840, 1842, 1843, 1842, 1844, 1845, 1844, 1846, 1847, 1846, 1848, 1849, 1848, 1850, 1851, 1850, 1852, 1853, 1852, 1854, 1855, 1854, 1856, 1857, 1856, 1858, 1831, 1860, 1859, 1834, 1859, 1861, 1836, 1861, 1862, 1838, 1862, 1863, 1840, 1863, 1864, 1842, 1864, 1865, 1844, 1865, 1866, 1846, 1866, 1867, 1848, 1867, 1868, 1850, 1868, 1869, 1852, 1869, 1870, 1854, 1870, 1871, 1856, 1871, 1872, 1858, 1872, 1352, 1859, 1874, 1873, 1861, 1873, 1875, 1862, 1875, 1876, 1863, 1876, 1877, 1864, 1877, 1878, 1865, 1878, 1879, 1866, 1879, 1880, 1867, 1880, 1881, 1868, 1881, 1882, 1869, 1882, 1883, 1870, 1883, 1884, 1828, 1855, 1829, 1827, 1853, 1828, 1826, 1851, 1827, 1825, 1849, 1826, 1824, 1847, 1825, 1823, 1845, 1824, 1822, 1843, 1823, 1821, 1841, 1822, 1820, 1839, 1821, 1819, 1837, 1820, 1818, 1835, 1819, 1817, 1833, 1818, 1341, 1339, 1814, 1814, 1799, 1798, 1814, 1336, 1885, 1456, 1443, 1454, 1600, 392, 693, 1345, 1343, 1829, 1346, 1858, 1363, 1345, 1855, 1857, 1886, 1352, 1347, 1363, 1858, 1886, 1370, 1887, 1337, 1370, 1337, 1338, 1376, 1888, 1384, 1889, 1891, 1890, 1892, 1894, 1893, 1895, 1896, 1894, 1889, 1898, 1897, 1898, 1900, 1899, 1900, 1901, 1899, 1895, 1903, 1902, 1892, 1905, 1904, 1897, 1905, 1891, 1906, 1900, 1898, 1907, 1901, 1900, 1908, 1909, 1907, 1906, 1908, 1907, 1910, 1912, 1911, 1895, 1914, 1913, 1914, 1904, 1915, 1904, 1916, 1915, 1899, 1901, 1916, 1898, 1916, 1897, 1898, 1889, 1906, 1912, 1889, 1890, 1903, 1917, 1902, 1908, 1919, 1918, 1908, 1910, 1919, 1920, 1922, 1921, 1921, 1917, 1923, 1919, 1925, 1924, 1926, 1917, 1922, 1910, 1927, 1919, 1902, 1928, 1896, 1894, 1354, 1893, 1890, 1394, 1912, 1891, 1364, 1890, 1905, 1360, 1891, 1893, 1354, 1905, 1353, 1896, 1367, 1391, 1912, 1394, 1385, 1911, 1391, 1888, 1927, 1385, 1929, 1925, 1888, 1367, 1928, 1373, 1930, 1352, 1872, 1931, 1870, 1884, 1930, 1871, 1931, 1932, 1884, 1883, 1933, 1878, 1934, 1935, 1879, 1933, 1936, 1880, 1935, 1937, 1881, 1936, 1932, 1882, 1937, 1938, 1934, 1878, 1939, 1873, 1874, 1939, 1875, 1873, 750, 1875, 1939, 751, 1876, 750, 1938, 1877, 751, 1940, 1942, 1941, 752, 1941, 1943, 755, 1943, 1944, 757, 1944, 1945, 759, 1945, 1946, 761, 1946, 1947, 791, 1947, 1948, 1941, 1950, 1949, 1943, 1949, 1951, 1944, 1951, 1952, 1945, 1952, 1953, 1946, 1953, 1954, 1947, 1954, 1955, 1948, 1955, 1956, 1949, 1958, 1957, 1951, 1957, 1959, 1952, 1959, 1960, 1953, 1960, 1961, 1954, 1961, 1962, 1955, 1962, 1963, 1956, 1955, 1963, 1957, 1965, 1964, 1959, 1964, 1966, 1960, 1966, 1967, 1961, 1967, 1968, 1962, 1968, 1969, 1963, 1969, 1970, 1964, 1972, 1971, 1966, 1971, 1973, 1967, 1973, 1974, 1968, 1974, 1975, 1969, 1975, 1976, 1970, 1976, 1977, 1971, 1979, 1978, 1973, 1978, 1980, 1974, 1980, 1981, 1975, 1981, 1982, 1976, 1984, 1983, 1977, 1983, 1985, 1986, 1988, 1987, 784, 1987, 779, 1987, 1990, 1989, 779, 1989, 774, 1989, 1992, 1991, 774, 1991, 769, 1991, 1994, 1993, 769, 1993, 763, 1993, 1996, 1995, 763, 1995, 753, 1995, 1997, 1940, 753, 1940, 752, 1956, 1963, 1816, 1948, 620, 791, 1956, 1815, 1948, 1956, 1816, 1815, 1816, 1963, 1830, 1816, 1830, 1817, 1998, 2000, 1999, 2001, 2003, 2002, 2004, 2006, 2005, 2007, 2009, 2008, 2007, 2011, 2010, 2009, 2012, 2008, 2008, 2013, 2011, 2011, 2013, 2014, 2011, 2014, 2015, 2016, 2004, 2017, 2017, 2004, 2018, 2004, 2015, 2018, 2002, 2020, 2019, 2019, 1998, 2002, 2021, 2019, 2022, 2022, 2020, 2023, 2023, 2016, 2024, 2024, 2017, 2025, 2025, 2018, 2026, 2026, 2015, 2027, 2027, 2015, 2028, 2015, 2029, 2028, 2014, 2030, 2029, 2012, 2030, 2013, 2031, 2032, 2012, 1998, 2033, 2031, 2027, 2035, 2034, 2027, 2036, 2035, 2028, 2037, 2036, 2029, 2038, 2037, 2032, 2038, 2030, 2033, 2039, 2032, 1998, 2040, 2033, 2025, 2042, 2041, 2043, 2025, 2041, 2044, 2024, 2043, 2044, 2022, 2023, 2045, 2046, 2022, 2047, 2021, 2046, 2047, 2048, 1998, 2049, 2046, 2045, 2049, 2044, 2050, 2050, 2043, 2051, 2051, 2041, 2052, 2052, 2042, 2053, 2053, 2034, 2054, 2034, 2055, 2054, 2035, 2036, 2055, 2056, 2048, 2047, 2050, 2058, 2057, 2058, 2052, 2059, 2059, 2053, 2060, 2060, 2054, 2061, 2061, 2055, 2062, 2055, 2063, 2062, 2036, 2064, 2063, 2037, 2065, 2064, 2039, 2065, 2038, 2039, 2067, 2066, 2040, 2067, 2039, 2048, 2068, 2040, 2056, 2069, 2048, 2070, 2056, 2071, 2072, 2070, 2071, 2073, 2071, 2049, 2074, 2072, 2071, 1044, 2060, 869, 869, 2061, 2075, 2075, 2062, 2076, 2076, 2063, 2077, 2063, 2078, 2077, 2063, 2064, 2078, 2069, 2079, 2068, 2069, 2081, 2080, 2082, 2081, 2069, 2070, 2083, 2082, 2084, 2070, 2072, 2085, 2072, 2074, 2086, 2058, 880, 2087, 2057, 2086, 2088, 2073, 2087, 2088, 2074, 2073, 2089, 2085, 2074, 2064, 2090, 2078, 2065, 2091, 2090, 2066, 2092, 2091, 2067, 2093, 2092, 2068, 2079, 2093, 893, 2076, 2094, 893, 2094, 892, 892, 2095, 895, 2076, 2095, 2094, 2076, 2097, 2096, 2077, 2098, 2097, 2078, 2099, 2098, 2090, 2100, 2099, 2091, 2101, 2100, 2091, 2102, 2101, 2093, 2102, 2092, 2079, 2103, 2093, 2080, 2104, 2079, 2081, 2105, 2080, 2083, 2106, 2081, 2107, 2083, 2108, 2109, 2108, 2084, 895, 2110, 910, 2095, 2111, 2110, 2096, 2112, 2111, 2097, 2113, 2112, 2098, 2114, 2113, 2099, 2115, 2114, 2100, 2116, 2115, 2117, 2119, 2118, 2120, 2122, 2121, 2121, 2123, 2120, 2124, 2125, 2123, 2126, 2110, 2117, 2110, 2127, 2117, 2127, 2112, 2122, 2112, 2121, 2122, 2113, 2124, 2121, 2114, 2128, 2124, 2115, 2129, 2128, 2130, 2132, 2131, 1046, 2133, 933, 2131, 2134, 2133, 1045, 2130, 936, 2118, 2135, 2130, 2119, 2136, 2135, 2135, 2137, 2132, 2132, 2138, 2134, 2133, 2134, 2139, 933, 2139, 941, 2134, 2138, 2139, 2139, 943, 941, 943, 2140, 945, 2141, 2142, 2140, 2143, 2145, 2144, 2146, 2148, 2147, 2144, 2142, 2148, 2143, 2146, 2149, 2125, 2149, 2150, 2123, 2150, 2151, 2120, 2151, 2136, 2152, 2154, 2153, 2125, 2153, 2143, 2128, 2152, 2125, 2128, 2129, 2155, 2129, 2156, 2155, 2155, 2154, 2152, 2157, 2158, 2154, 2157, 2155, 2156, 2157, 2160, 2159, 2116, 2156, 2129, 2161, 2162, 2156, 2156, 2162, 2160, 2160, 2162, 2163, 2116, 2164, 2161, 2164, 2162, 2161, 2162, 2165, 2163, 2166, 2165, 2162, 2163, 2168, 2167, 2167, 2170, 2169, 2169, 2172, 2171, 2101, 2164, 2116, 2173, 2166, 2164, 2166, 2174, 2165, 2175, 2174, 2166, 2176, 2177, 984, 2178, 2172, 2179, 2177, 985, 984, 2177, 2180, 985, 985, 2180, 987, 2172, 2182, 2181, 2183, 2185, 2184, 2170, 2186, 2182, 2168, 2187, 2186, 2188, 2183, 2184, 2180, 996, 987, 2189, 2188, 2190, 2191, 2183, 2189, 2191, 2192, 2183, 2174, 2187, 2165, 2193, 2187, 2174, 2192, 2194, 2183, 2194, 2195, 2185, 2196, 2197, 2194, 2198, 2197, 2199, 2197, 2200, 2195, 2201, 2196, 2202, 2203, 2199, 2201, 2204, 2175, 2173, 2175, 2205, 2193, 2103, 2204, 2102, 2206, 2207, 2204, 2208, 2205, 2207, 2104, 2206, 2103, 2209, 2208, 2206, 2210, 2211, 2208, 2212, 2214, 2213, 2215, 2216, 2200, 2198, 2217, 2215, 2214, 2218, 2198, 2214, 2219, 2218, 2214, 2203, 2213, 2220, 2210, 2209, 2221, 2219, 2222, 2221, 2212, 2223, 2224, 2223, 2225, 2226, 2227, 2210, 2228, 2210, 2229, 2230, 2229, 2231, 2231, 2220, 2232, 2232, 2105, 2106, 2233, 2106, 2234, 2235, 2234, 2107, 2236, 2107, 2109, 2237, 2233, 2235, 2238, 2232, 2233, 2239, 2231, 2238, 2240, 2225, 2241, 2242, 2238, 2237, 2243, 2241, 2244, 880, 2059, 1044, 869, 2075, 893, 2126, 2118, 1045, 936, 2131, 1046, 2245, 1048, 1049, 2246, 2247, 2245, 2248, 2249, 2246, 2250, 1049, 1054, 2251, 2245, 2250, 2252, 2246, 2251, 2253, 2248, 2252, 2254, 2255, 2248, 1061, 2086, 880, 2247, 1061, 1048, 2249, 2087, 2247, 2255, 2087, 2249, 2256, 2255, 2257, 2256, 2087, 2255, 2256, 2088, 2087, 2258, 2260, 2259, 2261, 2262, 2258, 2250, 1068, 2263, 2251, 2263, 2264, 2252, 2264, 2265, 2253, 2265, 2266, 2267, 2269, 2268, 2270, 2268, 2269, 2270, 2263, 1068, 2269, 2264, 2263, 2261, 2265, 2264, 2258, 2266, 2265, 1203, 2268, 1076, 2268, 2272, 2271, 2268, 2262, 2267, 2268, 2271, 2273, 2271, 2274, 2273, 2272, 2275, 2271, 2272, 2277, 2276, 2262, 2278, 2260, 2262, 2274, 2278, 2274, 2280, 2279, 2275, 2281, 2280, 2276, 2282, 2281, 2279, 2284, 2283, 2281, 2284, 2280, 2281, 2286, 2285, 2278, 2288, 2287, 2274, 2288, 2278, 2288, 2283, 2289, 2289, 2291, 2290, 2283, 2292, 2291, 2284, 2293, 2292, 2290, 2295, 2294, 2291, 2296, 2295, 2292, 2297, 2296, 2298, 2300, 2299, 2296, 2301, 2295, 2299, 2300, 2301, 2295, 2302, 2294, 2295, 2303, 2302, 2301, 2304, 2303, 2300, 2305, 2304, 2306, 2307, 2305, 2308, 2309, 2307, 2297, 2299, 2296, 2310, 2298, 2299, 2286, 2293, 2285, 2311, 2297, 2293, 2312, 2310, 2297, 2313, 2298, 2310, 2298, 2308, 2306, 2314, 2298, 2313, 2315, 2308, 2298, 2308, 2316, 2309, 2317, 2308, 2315, 2315, 2318, 2317, 2319, 2318, 2314, 2319, 2313, 2312, 2320, 2277, 2321, 2322, 2282, 2277, 2320, 2323, 2322, 2322, 2323, 2324, 2311, 2319, 2312, 2325, 2311, 2286, 2324, 2286, 2282, 2324, 2323, 2325, 2325, 2323, 2326, 2325, 2327, 2319, 2328, 2089, 2088, 2329, 2330, 2089, 2329, 2331, 2330, 2329, 2089, 2328, 2330, 2085, 2089, 2331, 2085, 2330, 2309, 2332, 2307, 2333, 2335, 2334, 2336, 2338, 2337, 2307, 2339, 2305, 2332, 2340, 2339, 2340, 2334, 2341, 2342, 2343, 2287, 2344, 2345, 2342, 2288, 2289, 2287, 2289, 2290, 2287, 2290, 2342, 2287, 2294, 2342, 2290, 2294, 2302, 2342, 2346, 2331, 2329, 2302, 2344, 2342, 2347, 2302, 2303, 2348, 2303, 2304, 2348, 2305, 2339, 2349, 2348, 2339, 2350, 2347, 2348, 2347, 2352, 2351, 2351, 2353, 2344, 2341, 2354, 2340, 2341, 2355, 2354, 2356, 2331, 2346, 2353, 2357, 2344, 2358, 2352, 2359, 2360, 2353, 2352, 2361, 2362, 2353, 2363, 2365, 2364, 2366, 2364, 2367, 2368, 2367, 2369, 2370, 2369, 2371, 2337, 2371, 2336, 2372, 2365, 2363, 2373, 2363, 2366, 2374, 2366, 2368, 2375, 2368, 2370, 2375, 2370, 2337, 2376, 2372, 2373, 2377, 2373, 2374, 2378, 2374, 2375, 2379, 2375, 2337, 2380, 2337, 2338, 2380, 2338, 2381, 2382, 2383, 2236, 2237, 2236, 2383, 2236, 2331, 2382, 2109, 2085, 2331, 2242, 2383, 2384, 2385, 2386, 2356, 2356, 2386, 2387, 2386, 2388, 2387, 2389, 2386, 2385, 2390, 2392, 2391, 2387, 2382, 2356, 2387, 2383, 2382, 2393, 2394, 2392, 2139, 2148, 2141, 2158, 2153, 2154, 2122, 2119, 2127, 2101, 2204, 2173, 2209, 2105, 2220, 2056, 2046, 2071, 2002, 1999, 2001, 1998, 2031, 2009, 2395, 2004, 2003, 2021, 1998, 2396, 2010, 2015, 2005, 2004, 2005, 2015, 2020, 2003, 2016, 2073, 2050, 2057, 2026, 2034, 2042, 2316, 2397, 2309, 2316, 2381, 2397, 2393, 2323, 2394, 2376, 2399, 2398, 2377, 2400, 2376, 2378, 2318, 2377, 2379, 2317, 2378, 2380, 2316, 2379, 2401, 2244, 2323, 323, 2402, 1523, 1537, 2243, 2401, 1535, 2243, 1537, 1533, 2240, 1535, 1531, 2224, 1533, 1529, 2221, 1531, 1526, 2219, 1529, 1527, 2218, 1526, 1543, 2272, 2403, 1521, 1203, 1204, 1543, 2403, 1521, 2320, 1537, 2401, 2320, 1539, 1537, 2321, 1539, 2320, 2321, 1541, 1539, 2272, 1541, 2321, 2388, 2384, 2383, 1419, 1298, 1404, 1298, 1314, 1297, 1291, 1283, 2404, 2405, 1284, 1288, 2406, 1830, 1963, 2407, 1963, 2408, 2333, 2410, 2409, 2411, 1380, 2412, 2412, 1381, 1388, 2407, 2408, 2413, 2414, 783, 778, 2, 0, 9, 1, 3, 0, 7, 3, 5, 6, 0, 3, 8, 9, 0, 8, 11, 10, 12, 13, 11, 14, 16, 15, 17, 20, 19, 17, 12, 21, 8, 21, 12, 6, 20, 21, 26, 19, 23, 27, 18, 19, 28, 16, 18, 30, 15, 16, 31, 13, 15, 34, 26, 24, 33, 25, 26, 35, 27, 25, 37, 29, 28, 38, 30, 29, 39, 31, 30, 40, 32, 31, 43, 33, 34, 42, 35, 33, 44, 36, 35, 45, 37, 36, 46, 38, 37, 47, 39, 38, 48, 40, 39, 49, 41, 40, 56, 22, 5, 61, 24, 60, 61, 43, 34, 61, 63, 62, 65, 55, 54, 65, 61, 60, 68, 66, 73, 68, 70, 67, 73, 75, 74, 76, 79, 78, 79, 81, 78, 81, 74, 75, 71, 84, 70, 83, 90, 89, 81, 91, 90, 82, 92, 91, 95, 91, 92, 94, 90, 91, 96, 89, 90, 97, 88, 89, 101, 99, 108, 104, 102, 125, 103, 105, 102, 105, 112, 102, 115, 104, 125, 100, 115, 99, 107, 116, 122, 109, 119, 116, 116, 118, 121, 116, 120, 122, 124, 122, 120, 112, 125, 102, 127, 125, 126, 127, 99, 115, 99, 110, 107, 105, 129, 113, 134, 132, 2415, 129, 133, 134, 133, 135, 132, 133, 137, 136, 131, 124, 120, 141, 139, 692, 140, 142, 139, 143, 144, 142, 145, 146, 144, 147, 148, 146, 152, 150, 153, 155, 153, 150, 158, 156, 170, 157, 159, 156, 160, 145, 159, 161, 147, 160, 163, 157, 158, 162, 161, 157, 164, 149, 161, 167, 162, 163, 166, 164, 162, 168, 165, 164, 170, 169, 175, 156, 171, 169, 159, 143, 171, 172, 171, 143, 173, 169, 171, 174, 175, 169, 178, 173, 172, 177, 696, 174, 1207, 177, 178, 184, 180, 182, 183, 179, 180, 185, 186, 179, 150, 188, 189, 184, 189, 188, 188, 183, 184, 191, 185, 183, 192, 187, 185, 151, 191, 188, 194, 192, 191, 195, 193, 192, 168, 195, 194, 166, 196, 195, 152, 194, 151, 152, 197, 165, 200, 198, 231, 199, 201, 198, 202, 203, 201, 204, 205, 203, 207, 101, 208, 209, 208, 210, 211, 210, 212, 213, 212, 214, 215, 214, 220, 210, 216, 217, 212, 217, 218, 214, 218, 219, 220, 219, 225, 217, 221, 222, 218, 222, 223, 219, 223, 224, 225, 224, 230, 222, 226, 227, 223, 227, 228, 224, 228, 229, 230, 229, 242, 231, 103, 200, 200, 104, 234, 232, 204, 233, 233, 202, 235, 199, 234, 241, 235, 199, 241, 207, 114, 100, 234, 114, 236, 215, 237, 213, 213, 239, 211, 211, 240, 209, 209, 236, 207, 238, 233, 237, 237, 235, 239, 239, 241, 240, 240, 234, 236, 226, 124, 138, 243, 229, 2416, 246, 244, 248, 248, 247, 253, 216, 124, 221, 106, 130, 105, 136, 249, 251, 251, 250, 253, 252, 136, 251, 253, 252, 251, 249, 106, 231, 256, 246, 257, 257, 248, 258, 205, 257, 203, 203, 258, 201, 201, 250, 198, 198, 249, 231, 259, 13, 260, 261, 260, 262, 263, 262, 264, 265, 264, 266, 267, 266, 268, 269, 268, 270, 271, 270, 272, 273, 272, 537, 274, 11, 259, 275, 259, 261, 276, 261, 263, 277, 263, 265, 278, 265, 267, 279, 267, 269, 280, 269, 271, 281, 271, 273, 32, 256, 205, 215, 266, 238, 238, 264, 232, 232, 262, 206, 206, 260, 205, 260, 32, 205, 274, 9, 10, 278, 283, 277, 277, 285, 276, 276, 286, 275, 275, 282, 274, 272, 230, 537, 287, 281, 544, 268, 220, 270, 270, 225, 272, 284, 279, 288, 288, 280, 287, 291, 289, 292, 293, 292, 294, 295, 294, 296, 297, 296, 298, 299, 298, 300, 301, 300, 302, 303, 302, 304, 305, 304, 306, 307, 306, 308, 309, 308, 310, 311, 310, 312, 313, 312, 314, 315, 314, 316, 317, 316, 369, 320, 318, 1204, 323, 321, 325, 325, 326, 328, 328, 327, 330, 330, 329, 332, 332, 331, 334, 334, 333, 336, 336, 335, 338, 338, 337, 340, 340, 339, 342, 342, 341, 343, 343, 319, 320, 64, 344, 63, 348, 346, 350, 350, 349, 352, 352, 351, 354, 354, 353, 356, 356, 355, 358, 358, 357, 360, 360, 359, 361, 362, 363, 365, 365, 364, 367, 367, 366, 54, 54, 368, 65, 65, 345, 64, 319, 289, 318, 345, 317, 344, 347, 293, 346, 346, 295, 349, 349, 297, 351, 351, 299, 353, 353, 301, 355, 355, 303, 357, 357, 305, 359, 359, 307, 363, 363, 309, 364, 364, 311, 366, 366, 313, 368, 368, 315, 345, 322, 316, 321, 321, 314, 324, 324, 312, 326, 326, 308, 327, 327, 306, 329, 329, 304, 331, 331, 302, 333, 333, 300, 335, 335, 298, 337, 337, 296, 339, 339, 294, 341, 341, 292, 319, 370, 361, 371, 371, 362, 372, 372, 365, 374, 365, 51, 373, 4, 378, 59, 59, 379, 381, 381, 380, 383, 383, 382, 385, 385, 384, 387, 387, 386, 389, 389, 388, 390, 390, 376, 377, 381, 57, 59, 377, 370, 390, 390, 371, 389, 389, 372, 387, 387, 374, 385, 385, 373, 383, 383, 52, 381, 391, 360, 370, 392, 350, 393, 393, 352, 394, 394, 354, 395, 395, 356, 375, 375, 358, 391, 397, 1, 2, 398, 394, 399, 399, 395, 400, 400, 375, 401, 401, 376, 402, 402, 388, 403, 403, 386, 404, 404, 384, 405, 405, 382, 406, 406, 380, 407, 407, 379, 408, 408, 378, 409, 409, 1, 396, 9, 397, 2, 396, 411, 409, 398, 412, 693, 409, 414, 408, 407, 415, 406, 406, 416, 405, 405, 417, 404, 404, 418, 403, 403, 419, 402, 402, 420, 401, 401, 421, 400, 400, 422, 399, 399, 413, 398, 425, 423, 426, 427, 426, 428, 429, 428, 430, 431, 430, 432, 433, 432, 434, 435, 434, 436, 437, 436, 438, 439, 438, 440, 441, 440, 442, 443, 442, 444, 445, 444, 446, 447, 446, 448, 449, 448, 450, 451, 450, 452, 453, 452, 454, 455, 454, 456, 93, 456, 457, 92, 457, 458, 95, 458, 548, 461, 459, 462, 463, 462, 464, 465, 464, 466, 467, 466, 468, 469, 468, 470, 471, 470, 472, 473, 472, 474, 475, 474, 476, 477, 476, 478, 479, 478, 480, 481, 480, 482, 483, 482, 484, 485, 484, 486, 487, 486, 488, 489, 488, 490, 76, 490, 80, 493, 491, 494, 495, 494, 496, 497, 496, 498, 499, 498, 500, 501, 500, 502, 503, 502, 504, 505, 504, 506, 507, 506, 508, 509, 508, 510, 511, 510, 512, 513, 512, 514, 515, 514, 516, 517, 516, 518, 519, 518, 520, 521, 520, 549, 524, 413, 525, 525, 422, 526, 526, 421, 527, 527, 420, 528, 528, 419, 529, 529, 418, 530, 531, 417, 532, 532, 416, 533, 533, 415, 534, 534, 414, 535, 535, 411, 536, 536, 410, 522, 286, 410, 282, 255, 50, 1734, 538, 230, 539, 539, 242, 540, 541, 242, 542, 543, 537, 538, 546, 281, 547, 547, 273, 543, 523, 287, 522, 541, 458, 540, 540, 457, 539, 539, 456, 538, 538, 454, 543, 543, 452, 547, 547, 450, 546, 546, 448, 545, 545, 444, 536, 536, 442, 535, 535, 440, 534, 534, 438, 533, 533, 436, 532, 532, 434, 531, 531, 432, 530, 530, 428, 529, 529, 426, 528, 527, 423, 526, 462, 424, 425, 464, 425, 427, 466, 427, 429, 468, 429, 431, 470, 431, 433, 472, 433, 435, 474, 435, 437, 476, 437, 439, 478, 439, 441, 480, 441, 443, 482, 443, 445, 484, 445, 447, 486, 447, 449, 488, 449, 451, 490, 451, 453, 80, 453, 455, 79, 455, 93, 494, 460, 461, 496, 461, 463, 498, 463, 465, 500, 465, 467, 502, 467, 469, 504, 469, 471, 506, 471, 473, 508, 473, 475, 510, 475, 477, 512, 477, 479, 514, 479, 481, 516, 481, 483, 518, 483, 485, 520, 485, 487, 549, 487, 489, 73, 489, 76, 551, 492, 493, 552, 493, 495, 553, 495, 497, 554, 497, 499, 555, 499, 501, 556, 501, 503, 557, 503, 505, 558, 505, 507, 559, 507, 509, 560, 509, 511, 561, 511, 513, 562, 513, 515, 563, 515, 517, 564, 517, 519, 565, 519, 521, 567, 550, 551, 568, 551, 552, 569, 552, 553, 570, 553, 554, 571, 554, 555, 572, 555, 556, 573, 556, 557, 574, 557, 558, 575, 558, 559, 576, 559, 560, 577, 560, 561, 578, 561, 562, 579, 562, 563, 580, 563, 564, 581, 564, 565, 582, 565, 583, 521, 73, 586, 583, 521, 584, 588, 566, 567, 589, 567, 568, 590, 568, 569, 591, 569, 570, 592, 570, 571, 593, 571, 572, 594, 572, 573, 595, 573, 574, 596, 574, 575, 597, 575, 576, 598, 576, 577, 599, 577, 578, 600, 578, 579, 601, 579, 580, 602, 580, 581, 603, 581, 582, 605, 587, 588, 606, 588, 589, 607, 589, 590, 608, 590, 591, 609, 591, 592, 610, 592, 593, 611, 593, 594, 612, 594, 595, 613, 595, 596, 614, 596, 597, 615, 597, 598, 616, 598, 599, 617, 599, 600, 618, 600, 601, 619, 601, 602, 621, 604, 605, 622, 605, 606, 623, 606, 607, 624, 607, 608, 625, 608, 609, 626, 609, 610, 627, 610, 611, 628, 611, 612, 629, 612, 613, 630, 613, 614, 631, 614, 615, 632, 615, 616, 633, 616, 617, 634, 617, 618, 635, 618, 619, 144, 619, 142, 638, 636, 639, 640, 639, 641, 642, 641, 643, 644, 643, 645, 646, 645, 647, 648, 647, 649, 650, 649, 651, 652, 651, 653, 654, 653, 655, 656, 655, 657, 658, 657, 659, 660, 659, 661, 662, 661, 663, 664, 663, 148, 666, 637, 638, 667, 638, 640, 668, 640, 642, 669, 642, 644, 670, 644, 646, 671, 646, 648, 672, 648, 650, 673, 650, 652, 674, 652, 654, 675, 654, 656, 676, 656, 658, 677, 658, 660, 678, 660, 662, 154, 662, 664, 680, 665, 666, 681, 666, 667, 682, 667, 668, 683, 668, 669, 684, 669, 670, 685, 670, 671, 686, 671, 672, 687, 672, 673, 688, 673, 674, 689, 674, 675, 690, 675, 676, 635, 661, 634, 634, 659, 633, 633, 657, 632, 632, 655, 631, 631, 653, 630, 630, 651, 629, 629, 649, 628, 628, 647, 627, 627, 645, 626, 626, 643, 625, 625, 641, 624, 624, 639, 623, 602, 691, 619, 691, 139, 619, 258, 253, 250, 693, 393, 398, 165, 148, 149, 148, 635, 146, 153, 664, 197, 141, 178, 172, 696, 176, 174, 699, 697, 706, 702, 700, 723, 701, 703, 700, 703, 710, 700, 713, 702, 723, 698, 713, 697, 705, 714, 720, 707, 717, 714, 714, 716, 719, 714, 718, 720, 722, 720, 718, 710, 723, 700, 725, 723, 724, 725, 697, 713, 697, 708, 705, 699, 720, 721, 703, 727, 711, 731, 729, 716, 727, 732, 2417, 730, 733, 729, 732, 735, 736, 729, 722, 718, 704, 728, 703, 702, 170, 701, 721, 167, 699, 699, 163, 698, 698, 158, 712, 175, 701, 170, 196, 722, 193, 193, 733, 187, 187, 734, 186, 695, 735, 176, 176, 704, 175, 678, 155, 2418, 690, 677, 737, 737, 678, 2418, 739, 685, 740, 740, 686, 741, 741, 687, 742, 742, 688, 743, 743, 689, 738, 746, 744, 1938, 1939, 749, 750, 750, 748, 751, 751, 746, 1938, 754, 752, 755, 756, 755, 757, 758, 757, 759, 760, 759, 761, 762, 761, 791, 764, 753, 754, 765, 754, 756, 766, 756, 758, 767, 758, 760, 768, 760, 762, 770, 763, 764, 771, 764, 765, 772, 765, 766, 773, 766, 767, 775, 769, 770, 776, 770, 771, 777, 771, 772, 778, 772, 773, 780, 774, 775, 781, 775, 776, 782, 776, 777, 783, 777, 778, 785, 779, 780, 786, 780, 781, 788, 781, 782, 790, 782, 783, 791, 621, 762, 794, 792, 814, 797, 795, 1200, 801, 793, 2419, 803, 801, 2419, 801, 804, 792, 802, 805, 801, 809, 796, 817, 812, 796, 797, 797, 813, 812, 815, 813, 840, 816, 812, 815, 818, 811, 816, 819, 817, 818, 820, 809, 819, 821, 810, 820, 822, 807, 808, 823, 806, 807, 806, 825, 805, 805, 826, 804, 827, 822, 821, 829, 823, 822, 830, 824, 823, 824, 832, 825, 825, 833, 826, 826, 834, 814, 836, 820, 819, 836, 818, 837, 837, 816, 843, 816, 838, 843, 815, 839, 838, 839, 814, 841, 838, 842, 868, 844, 838, 868, 845, 843, 844, 846, 837, 845, 847, 836, 846, 848, 835, 847, 848, 827, 828, 852, 845, 844, 853, 845, 851, 854, 846, 853, 855, 847, 854, 856, 848, 855, 856, 829, 849, 857, 830, 829, 858, 831, 830, 831, 860, 832, 832, 862, 833, 833, 863, 834, 834, 864, 850, 842, 864, 865, 868, 867, 881, 869, 853, 1044, 870, 854, 869, 871, 855, 870, 872, 856, 871, 862, 874, 863, 863, 877, 864, 864, 878, 865, 866, 878, 879, 867, 879, 886, 880, 852, 882, 882, 881, 883, 881, 885, 884, 873, 859, 858, 887, 860, 859, 888, 861, 860, 889, 862, 861, 891, 870, 893, 895, 891, 892, 891, 896, 871, 896, 872, 871, 897, 873, 872, 898, 887, 873, 899, 888, 887, 901, 889, 888, 889, 903, 890, 890, 904, 875, 875, 905, 874, 874, 906, 876, 876, 907, 877, 878, 907, 908, 879, 908, 1035, 910, 894, 895, 909, 896, 894, 911, 897, 896, 912, 898, 897, 913, 899, 898, 914, 900, 899, 915, 901, 900, 919, 917, 927, 922, 923, 921, 924, 925, 923, 927, 910, 2126, 927, 911, 909, 920, 911, 917, 920, 913, 912, 921, 914, 913, 923, 915, 914, 925, 916, 915, 931, 929, 935, 933, 931, 1046, 932, 930, 931, 936, 919, 1045, 935, 918, 919, 929, 922, 918, 930, 937, 929, 934, 938, 930, 941, 932, 933, 941, 942, 940, 945, 942, 943, 944, 946, 942, 951, 948, 955, 950, 948, 951, 952, 951, 953, 946, 950, 951, 954, 951, 955, 956, 955, 926, 957, 926, 924, 937, 924, 922, 955, 959, 926, 926, 960, 925, 959, 962, 960, 958, 963, 962, 963, 961, 962, 928, 966, 916, 966, 970, 969, 973, 971, 968, 975, 972, 973, 977, 974, 975, 916, 978, 901, 969, 979, 978, 970, 981, 979, 984, 982, 2176, 983, 977, 982, 985, 976, 983, 986, 974, 976, 991, 989, 994, 988, 972, 974, 992, 971, 972, 987, 988, 986, 996, 994, 988, 980, 997, 981, 994, 997, 993, 990, 998, 989, 989, 1000, 997, 1000, 1001, 1003, 999, 1001, 998, 981, 1000, 1004, 1004, 1003, 1009, 978, 1005, 1007, 981, 1005, 979, 902, 1006, 903, 1007, 1008, 1006, 1005, 1009, 1008, 903, 1010, 904, 1006, 1011, 1010, 1008, 1012, 1011, 1012, 1013, 1028, 1002, 1019, 1001, 1001, 1018, 1003, 1018, 1013, 1014, 1012, 1003, 1014, 1010, 1023, 1031, 1026, 1020, 1024, 1027, 1024, 1038, 1023, 1028, 1029, 1030, 1029, 1037, 1032, 1023, 1030, 906, 1031, 1032, 907, 1032, 1033, 908, 1033, 1034, 1035, 1034, 1190, 1034, 1036, 1041, 1033, 1030, 1036, 1036, 1037, 1040, 1039, 1038, 1042, 1041, 1040, 2420, 1043, 1042, 1202, 1044, 851, 880, 1045, 927, 2126, 1046, 935, 936, 1049, 1047, 1051, 1051, 1050, 1053, 1053, 1052, 1056, 1054, 1051, 1055, 1055, 1053, 1057, 1057, 1056, 1059, 1059, 1058, 2421, 1056, 1060, 1058, 1048, 883, 1047, 1061, 883, 1048, 1065, 1063, 1067, 1067, 1066, 1073, 1069, 1054, 1055, 1070, 1055, 1057, 1071, 1057, 1059, 1072, 1059, 2421, 1075, 1073, 1066, 1074, 1076, 2270, 1068, 1074, 2270, 1069, 1073, 1074, 1070, 1067, 1073, 1071, 1065, 1067, 1076, 1077, 1203, 1079, 1077, 1075, 1066, 1080, 1075, 1080, 1081, 1079, 1079, 1083, 1078, 1083, 1084, 1078, 1086, 1080, 1063, 1088, 1081, 1082, 1087, 1083, 1081, 1089, 1085, 1083, 1092, 1087, 1088, 1087, 1093, 1089, 1093, 1090, 1089, 1086, 1088, 1082, 1097, 1088, 1095, 1099, 1092, 1097, 1098, 1091, 1092, 1100, 1093, 1091, 1103, 1098, 1099, 1102, 1100, 1098, 1104, 1101, 1100, 1108, 1106, 1118, 1102, 1108, 1104, 1110, 1109, 1102, 1111, 1107, 1109, 1112, 1106, 1107, 1113, 1114, 1106, 1104, 1117, 1105, 1093, 1119, 1094, 1101, 1120, 1119, 1105, 1121, 1120, 1121, 1122, 1124, 1122, 1123, 1126, 1126, 1124, 1122, 1124, 1127, 1133, 1120, 1124, 1133, 1084, 1128, 1205, 1085, 1129, 1128, 1128, 1130, 1205, 1120, 1132, 1119, 1090, 1132, 1129, 1133, 1134, 1132, 1115, 1139, 1116, 1143, 1141, 1148, 1113, 1140, 1115, 1147, 1148, 1140, 1150, 1148, 1149, 1096, 1153, 1154, 1154, 1152, 1156, 1154, 1155, 1110, 1111, 1155, 1157, 1112, 1157, 1159, 1147, 1112, 1159, 1147, 1158, 1149, 1159, 1160, 1158, 1155, 1160, 1157, 1156, 1161, 1155, 1158, 1163, 1150, 1151, 1164, 1193, 1156, 1165, 1162, 1160, 1166, 1163, 1161, 1167, 1166, 1162, 1168, 1167, 1172, 1171, 1173, 1174, 1173, 1175, 1176, 1175, 1177, 1146, 1177, 1145, 1173, 1178, 1179, 1175, 1179, 1180, 1177, 1180, 1181, 1179, 1182, 1183, 1180, 1183, 1184, 1181, 1184, 1185, 1145, 1185, 1186, 1144, 1186, 1188, 1189, 1034, 1041, 1164, 1035, 1190, 1138, 879, 1035, 1191, 1041, 2420, 1169, 1182, 1178, 1164, 1196, 1195, 942, 952, 940, 958, 949, 964, 917, 922, 920, 978, 902, 901, 1031, 904, 1010, 842, 841, 850, 1200, 814, 797, 796, 798, 795, 799, 802, 803, 852, 868, 881, 835, 821, 820, 1201, 1188, 1123, 1199, 1134, 1182, 1182, 1127, 1183, 1183, 1125, 1184, 1184, 1126, 1185, 1185, 1123, 1186, 1131, 1202, 1130, 325, 1016, 323, 338, 1042, 336, 336, 1038, 334, 334, 1024, 332, 332, 1021, 330, 330, 1022, 328, 328, 1015, 325, 1077, 342, 343, 1204, 1077, 320, 208, 123, 216, 108, 123, 101, 84, 89, 85, 86, 85, 87, 1206, 636, 2422, 1141, 1140, 1148, 1208, 178, 694, 190, 182, 2423, 1211, 1209, 1212, 1213, 1212, 1214, 1217, 1215, 1214, 1218, 1214, 1212, 1219, 1212, 1209, 1220, 1219, 1221, 1222, 1221, 1223, 1225, 1224, 1226, 1229, 1228, 1231, 1222, 1229, 1220, 1217, 1220, 1229, 1216, 1229, 1231, 1235, 1233, 1228, 1237, 1228, 1227, 1238, 1227, 1226, 1240, 1226, 1224, 1241, 1224, 1223, 1243, 1232, 1234, 1244, 1234, 1235, 1245, 1235, 1236, 1247, 1237, 1238, 1248, 1238, 1239, 1249, 1239, 1240, 1250, 1240, 1241, 42, 1242, 1243, 44, 1243, 1244, 45, 1244, 1245, 46, 1245, 1246, 47, 1246, 1247, 48, 1247, 1248, 49, 1248, 1249, 50, 1249, 1250, 1257, 1215, 1230, 1242, 1262, 1232, 62, 1242, 43, 1264, 62, 63, 1262, 1256, 1257, 1264, 1262, 1263, 1268, 1266, 1269, 1271, 1268, 1284, 1274, 1273, 2424, 1279, 1278, 1280, 1281, 1278, 1282, 1285, 2424, 1273, 1285, 1284, 1286, 1282, 1292, 1293, 1281, 1293, 1294, 1295, 1294, 1296, 94, 1296, 1294, 96, 1294, 1293, 97, 1293, 1292, 98, 1292, 1289, 1299, 1297, 1305, 1302, 1300, 1303, 1304, 1303, 1310, 1311, 1303, 1324, 1313, 1300, 1301, 1313, 1305, 1312, 1316, 1320, 1315, 1317, 1315, 1319, 1319, 1318, 1329, 1318, 1320, 1321, 1323, 1321, 1320, 1325, 1303, 1300, 1312, 1325, 1300, 1327, 1312, 1305, 1327, 1306, 1307, 1328, 1311, 1333, 1332, 1329, 1330, 1328, 1331, 1332, 1334, 1330, 1335, 1328, 1334, 1449, 1335, 1321, 1322, 1338, 1336, 1339, 1340, 1339, 1341, 1342, 1341, 1343, 1344, 1343, 1345, 1346, 1345, 1857, 1349, 1347, 1350, 1352, 1350, 1347, 1355, 1353, 1356, 1357, 1356, 1358, 1344, 1358, 1342, 1346, 1357, 1344, 1361, 1354, 1355, 1362, 1355, 1359, 1363, 1359, 1346, 1365, 1360, 1361, 1366, 1361, 1362, 1348, 1362, 1363, 1356, 1367, 1368, 1358, 1368, 1369, 1342, 1369, 1340, 1371, 1340, 1369, 1372, 1369, 1368, 1373, 1368, 1367, 1375, 1370, 1371, 1378, 1376, 1384, 1378, 1379, 1377, 1382, 1380, 1378, 1383, 1378, 1384, 1385, 1384, 1888, 1349, 1386, 1387, 1388, 1387, 1386, 1389, 1381, 1382, 1390, 1382, 1383, 1391, 1383, 1385, 1392, 1387, 1389, 1393, 1389, 1390, 1394, 1390, 1391, 1365, 1392, 1393, 1364, 1393, 1394, 1366, 1349, 1392, 1347, 1363, 1886, 1397, 1395, 1398, 1399, 1398, 1400, 1401, 1400, 1402, 1403, 1402, 1455, 1299, 1404, 1298, 1405, 1406, 1404, 1407, 1408, 1406, 1409, 1410, 1408, 1411, 1412, 1410, 1404, 1414, 1419, 1406, 1415, 1414, 1408, 1416, 1415, 1410, 1417, 1416, 1419, 1418, 1447, 1414, 1420, 1418, 1415, 1421, 1420, 1416, 1422, 1421, 1425, 1423, 1439, 1424, 1446, 1423, 1420, 1427, 1426, 1421, 1428, 1427, 1304, 1396, 1302, 1302, 1429, 1301, 1403, 1430, 1401, 1401, 1432, 1399, 1396, 1433, 1429, 1399, 1433, 1397, 1434, 1299, 1313, 1301, 1434, 1313, 1435, 1411, 1436, 1436, 1409, 1437, 1437, 1407, 1438, 1438, 1405, 1434, 1431, 1436, 1430, 1430, 1437, 1432, 1432, 1438, 1433, 1433, 1434, 1429, 1425, 1335, 1322, 1442, 1440, 1444, 1444, 1443, 1446, 1446, 1445, 1423, 1323, 1425, 1322, 1449, 1310, 1328, 1449, 1450, 1451, 1451, 1445, 1456, 1335, 1450, 1334, 1423, 1450, 1439, 1449, 1395, 1304, 1441, 1452, 1440, 1440, 1454, 1443, 1453, 1402, 1452, 1452, 1400, 1454, 1454, 1398, 1456, 1456, 1395, 1451, 1459, 1457, 1485, 1458, 1460, 1457, 1461, 1462, 1460, 1463, 1464, 1462, 1465, 1466, 1464, 1467, 1468, 1466, 1469, 1470, 1468, 1471, 1472, 1470, 1475, 1458, 1459, 1474, 1461, 1458, 1476, 1463, 1461, 1477, 1465, 1463, 1478, 1467, 1465, 1479, 1469, 1467, 1480, 1471, 1469, 1481, 1473, 1471, 1484, 1455, 1453, 1466, 1435, 1464, 1464, 1431, 1462, 1462, 1403, 1460, 1460, 1455, 1457, 1485, 1455, 1483, 1486, 1475, 1611, 1487, 1478, 1488, 1488, 1477, 1489, 1489, 1476, 1490, 1490, 1474, 1486, 1417, 1472, 1422, 1481, 1491, 1482, 1413, 1468, 1412, 1412, 1470, 1417, 1479, 1493, 1480, 1480, 1492, 1481, 290, 1494, 289, 1495, 1496, 1494, 1497, 1498, 1496, 1499, 1500, 1498, 1501, 1502, 1500, 1503, 1504, 1502, 1505, 1506, 1504, 1507, 1508, 1506, 1509, 1510, 1508, 1511, 1512, 1510, 1513, 1514, 1512, 1515, 1569, 1514, 1517, 1519, 1516, 1520, 369, 1519, 1522, 1204, 318, 322, 1523, 1524, 1528, 1526, 1530, 1530, 1529, 1532, 1532, 1531, 1534, 1534, 1533, 1536, 1536, 1535, 1538, 1538, 1537, 1540, 1540, 1539, 1542, 1542, 1541, 1544, 1544, 1543, 1545, 1545, 1521, 1522, 1546, 63, 344, 347, 1547, 1549, 1549, 1548, 1551, 1551, 1550, 1553, 1553, 1552, 1555, 1555, 1554, 1557, 1557, 1556, 1559, 1559, 1558, 1561, 1561, 1562, 1564, 1564, 1563, 1565, 1565, 1254, 1568, 1566, 1265, 1567, 1567, 1264, 1546, 1494, 318, 289, 1520, 344, 317, 1495, 1549, 1497, 1497, 1551, 1499, 1499, 1553, 1501, 1501, 1555, 1503, 1503, 1557, 1505, 1505, 1559, 1507, 1507, 1561, 1509, 1509, 1564, 1511, 1511, 1565, 1513, 1513, 1568, 1515, 1518, 1567, 1517, 1517, 1546, 1520, 369, 1524, 1519, 1519, 1525, 1516, 1569, 1530, 1514, 1512, 1532, 1510, 1510, 1534, 1508, 1508, 1536, 1506, 1506, 1538, 1504, 1504, 1540, 1502, 1502, 1542, 1500, 1500, 1544, 1498, 1498, 1545, 1496, 1496, 1522, 1494, 1556, 1570, 1558, 1558, 1572, 1560, 1560, 1573, 1562, 1563, 1574, 1253, 2425, 1579, 1580, 1580, 1578, 1582, 1582, 1581, 1584, 1584, 1583, 1586, 1586, 1585, 1588, 1588, 1587, 1590, 1590, 1589, 1591, 1591, 1575, 1576, 1252, 1579, 1748, 1592, 1589, 1571, 1571, 1587, 1570, 1570, 1585, 1572, 1572, 1583, 1573, 1573, 1581, 1574, 1574, 1578, 1252, 1554, 1571, 1556, 348, 1593, 1547, 1547, 1594, 1548, 1548, 1595, 1550, 1550, 1577, 1552, 1552, 1592, 1554, 1598, 1596, 2425, 1593, 1599, 1594, 1594, 1601, 1595, 1595, 1602, 1577, 1577, 1603, 1576, 1576, 1604, 1591, 1591, 1605, 1590, 1590, 1606, 1588, 1588, 1607, 1586, 1586, 1608, 1584, 1584, 1609, 1582, 1582, 1610, 1580, 1580, 1598, 2425, 1486, 1596, 1597, 1612, 1610, 1614, 1613, 693, 412, 1614, 1609, 1615, 1615, 1607, 1616, 1616, 1606, 1617, 1617, 1605, 1618, 1618, 1604, 1619, 1619, 1603, 1620, 1620, 1602, 1621, 1621, 1601, 1622, 1622, 1599, 1623, 1623, 1600, 1613, 424, 1624, 423, 1625, 1626, 1624, 1627, 1628, 1626, 1629, 1630, 1628, 1631, 1632, 1630, 1633, 1634, 1632, 1635, 1636, 1634, 1637, 1638, 1636, 1639, 1640, 1638, 1641, 1642, 1640, 1643, 1644, 1642, 1645, 1646, 1644, 1647, 1648, 1646, 1649, 1650, 1648, 1651, 1652, 1650, 1653, 1654, 1652, 1657, 1656, 2426, 1295, 1658, 1656, 1296, 548, 1658, 460, 1659, 459, 1660, 1661, 1659, 1662, 1663, 1661, 1664, 1665, 1663, 1666, 1667, 1665, 1668, 1669, 1667, 1670, 1671, 1669, 1672, 1673, 1671, 1674, 1675, 1673, 1676, 1677, 1675, 1678, 1679, 1677, 1680, 1681, 1679, 1682, 1683, 1681, 1684, 1685, 1683, 1686, 1687, 1685, 1688, 1689, 1687, 492, 1690, 491, 1691, 1692, 1690, 1693, 1694, 1692, 1695, 1696, 1694, 1697, 1698, 1696, 1699, 1700, 1698, 1701, 1702, 1700, 1703, 1704, 1702, 1705, 1706, 1704, 1707, 1708, 1706, 1709, 1710, 1708, 1711, 1712, 1710, 1713, 1714, 1712, 1715, 1716, 1714, 1717, 1718, 1716, 412, 1722, 1613, 1613, 1723, 1623, 1623, 1724, 1622, 1622, 1725, 1621, 1621, 1726, 1620, 1620, 1727, 1619, 1619, 1729, 1618, 1618, 1730, 1617, 1617, 1731, 1616, 1616, 1732, 1615, 1615, 1733, 1614, 1614, 1721, 1612, 1489, 1486, 1612, 1736, 1734, 50, 1739, 1737, 1741, 1741, 1740, 2427, 1740, 542, 2427, 1473, 1743, 1472, 1491, 1747, 1482, 1482, 1744, 1473, 1493, 1721, 1492, 548, 1740, 1658, 1658, 1737, 1656, 1656, 1738, 2426, 1654, 1744, 1652, 1652, 1747, 1650, 1650, 1745, 1648, 1648, 1746, 1646, 1644, 1733, 1642, 1642, 1732, 1640, 1640, 1731, 1638, 1638, 1730, 1636, 1636, 1729, 1634, 1634, 1728, 1632, 1632, 1727, 1630, 1628, 1726, 1626, 1626, 1725, 1624, 1624, 1723, 423, 459, 1625, 424, 1659, 1627, 1625, 1661, 1629, 1627, 1663, 1631, 1629, 1665, 1633, 1631, 1667, 1635, 1633, 1669, 1637, 1635, 1671, 1639, 1637, 1673, 1641, 1639, 1675, 1643, 1641, 1677, 1645, 1643, 1679, 1647, 1645, 1681, 1649, 1647, 1683, 1651, 1649, 1685, 1653, 1651, 1687, 1655, 1653, 1279, 1295, 1657, 491, 1660, 460, 1690, 1662, 1660, 1692, 1664, 1662, 1694, 1666, 1664, 1696, 1668, 1666, 1698, 1670, 1668, 1700, 1672, 1670, 1702, 1674, 1672, 1704, 1676, 1674, 1706, 1678, 1676, 1708, 1680, 1678, 1710, 1682, 1680, 1712, 1684, 1682, 1714, 1686, 1684, 1716, 1688, 1686, 1718, 1274, 1688, 550, 1691, 492, 1749, 1693, 1691, 1750, 1695, 1693, 1751, 1697, 1695, 1752, 1699, 1697, 1753, 1701, 1699, 1754, 1703, 1701, 1755, 1705, 1703, 1756, 1707, 1705, 1757, 1709, 1707, 1758, 1711, 1709, 1759, 1713, 1711, 1760, 1715, 1713, 1761, 1717, 1715, 1762, 1719, 1717, 566, 1749, 550, 1764, 1750, 1749, 1765, 1751, 1750, 1766, 1752, 1751, 1767, 1753, 1752, 1768, 1754, 1753, 1769, 1755, 1754, 1770, 1756, 1755, 1771, 1757, 1756, 1772, 1758, 1757, 1773, 1759, 1758, 1774, 1760, 1759, 1775, 1761, 1760, 1776, 1762, 1761, 1777, 1763, 1762, 1778, 1779, 1763, 1718, 1781, 1266, 1763, 1782, 1719, 587, 1764, 566, 1784, 1765, 1764, 1785, 1766, 1765, 1786, 1767, 1766, 1787, 1768, 1767, 1788, 1769, 1768, 1789, 1770, 1769, 1790, 1771, 1770, 1791, 1772, 1771, 1792, 1773, 1772, 1793, 1774, 1773, 1794, 1775, 1774, 1795, 1776, 1775, 1796, 1777, 1776, 1797, 1778, 1777, 1798, 1780, 1778, 604, 1784, 587, 1800, 1785, 1784, 1801, 1786, 1785, 1802, 1787, 1786, 1803, 1788, 1787, 1804, 1789, 1788, 1805, 1790, 1789, 1806, 1791, 1790, 1807, 1792, 1791, 1808, 1793, 1792, 1809, 1794, 1793, 1810, 1795, 1794, 1811, 1796, 1795, 1812, 1797, 1796, 1813, 1798, 1797, 620, 1800, 604, 1815, 1801, 1800, 1816, 1802, 1801, 1817, 1803, 1802, 1818, 1804, 1803, 1819, 1805, 1804, 1820, 1806, 1805, 1821, 1807, 1806, 1822, 1808, 1807, 1823, 1809, 1808, 1824, 1810, 1809, 1825, 1811, 1810, 1826, 1812, 1811, 1827, 1813, 1812, 1828, 1814, 1813, 1829, 1341, 1814, 1832, 1830, 2406, 1831, 1833, 1830, 1834, 1835, 1833, 1836, 1837, 1835, 1838, 1839, 1837, 1840, 1841, 1839, 1842, 1843, 1841, 1844, 1845, 1843, 1846, 1847, 1845, 1848, 1849, 1847, 1850, 1851, 1849, 1852, 1853, 1851, 1854, 1855, 1853, 1856, 1857, 1855, 1860, 1831, 1832, 1859, 1834, 1831, 1861, 1836, 1834, 1862, 1838, 1836, 1863, 1840, 1838, 1864, 1842, 1840, 1865, 1844, 1842, 1866, 1846, 1844, 1867, 1848, 1846, 1868, 1850, 1848, 1869, 1852, 1850, 1870, 1854, 1852, 1871, 1856, 1854, 1872, 1858, 1856, 1874, 1859, 1860, 1873, 1861, 1859, 1875, 1862, 1861, 1876, 1863, 1862, 1877, 1864, 1863, 1878, 1865, 1864, 1879, 1866, 1865, 1880, 1867, 1866, 1881, 1868, 1867, 1882, 1869, 1868, 1883, 1870, 1869, 1855, 1828, 1853, 1853, 1827, 1851, 1851, 1826, 1849, 1849, 1825, 1847, 1847, 1824, 1845, 1845, 1823, 1843, 1843, 1822, 1841, 1841, 1821, 1839, 1839, 1820, 1837, 1837, 1819, 1835, 1835, 1818, 1833, 1833, 1817, 1830, 1799, 1814, 1885, 1336, 1814, 1339, 1443, 1456, 1445, 392, 1600, 1593, 1858, 1346, 1857, 1855, 1345, 1829, 1352, 1886, 1858, 1887, 1370, 1374, 1888, 1376, 1929, 1891, 1889, 1897, 1894, 1892, 1895, 1896, 1895, 1902, 1903, 1895, 1913, 1905, 1892, 1893, 1905, 1897, 1904, 1900, 1906, 1907, 1901, 1907, 1909, 1909, 1908, 1918, 1908, 1906, 1910, 1912, 1910, 1906, 1914, 1895, 1892, 1904, 1914, 1892, 1916, 1904, 1897, 1916, 1898, 1899, 1889, 1912, 1906, 1917, 1903, 1923, 1924, 1918, 1919, 1917, 1921, 1922, 1925, 1919, 1927, 1917, 1926, 1928, 1927, 1910, 1911, 1928, 1902, 1917, 1354, 1894, 1353, 1394, 1890, 1364, 1364, 1891, 1360, 1360, 1905, 1354, 1896, 1353, 1894, 1912, 1391, 1911, 1911, 1385, 1927, 1927, 1888, 1925, 1926, 1373, 1928, 1928, 1367, 1896, 1352, 1930, 1351, 1870, 1931, 1871, 1871, 1930, 1872, 1878, 1933, 1879, 1879, 1935, 1880, 1880, 1936, 1881, 1881, 1937, 1882, 1882, 1932, 1883, 1934, 1938, 744, 1875, 750, 1876, 1876, 751, 1877, 1877, 1938, 1878, 1942, 1940, 1997, 1941, 752, 1940, 1943, 755, 752, 1944, 757, 755, 1945, 759, 757, 1946, 761, 759, 1947, 791, 761, 1950, 1941, 1942, 1949, 1943, 1941, 1951, 1944, 1943, 1952, 1945, 1944, 1953, 1946, 1945, 1954, 1947, 1946, 1955, 1948, 1947, 1958, 1949, 1950, 1957, 1951, 1949, 1959, 1952, 1951, 1960, 1953, 1952, 1961, 1954, 1953, 1962, 1955, 1954, 1965, 1957, 1958, 1964, 1959, 1957, 1966, 1960, 1959, 1967, 1961, 1960, 1968, 1962, 1961, 1969, 1963, 1962, 1972, 1964, 1965, 1971, 1966, 1964, 1973, 1967, 1966, 1974, 1968, 1967, 1975, 1969, 1968, 1976, 1970, 1969, 1979, 1971, 1972, 1978, 1973, 1971, 1980, 1974, 1973, 1981, 1975, 1974, 1984, 1976, 1975, 1983, 1977, 1976, 1988, 1986, 2428, 1987, 784, 1986, 1990, 1987, 1988, 1989, 779, 1987, 1992, 1989, 1990, 1991, 774, 1989, 1994, 1991, 1992, 1993, 769, 1991, 1996, 1993, 1994, 1995, 763, 1993, 1997, 1995, 1996, 1940, 753, 1995, 620, 1948, 1815, 2000, 1998, 2009, 2003, 2001, 2395, 2009, 2007, 2000, 2011, 2007, 2008, 2012, 2009, 2031, 2013, 2008, 2012, 2004, 2016, 2003, 2020, 2002, 2003, 1998, 2019, 2396, 2019, 2021, 2396, 2020, 2022, 2019, 2016, 2023, 2020, 2017, 2024, 2016, 2018, 2025, 2017, 2015, 2026, 2018, 2029, 2015, 2014, 2030, 2014, 2013, 2030, 2012, 2032, 2032, 2031, 2033, 2036, 2027, 2028, 2037, 2028, 2029, 2038, 2029, 2030, 2038, 2032, 2039, 2039, 2033, 2040, 2040, 1998, 2048, 2042, 2025, 2026, 2025, 2043, 2024, 2024, 2044, 2023, 2022, 2044, 2045, 2022, 2046, 2021, 2021, 2047, 1998, 2046, 2049, 2071, 2044, 2049, 2045, 2043, 2050, 2044, 2041, 2051, 2043, 2042, 2052, 2041, 2034, 2053, 2042, 2055, 2034, 2035, 2058, 2050, 2051, 2052, 2058, 2051, 2053, 2059, 2052, 2054, 2060, 2053, 2055, 2061, 2054, 2063, 2055, 2036, 2064, 2036, 2037, 2065, 2037, 2038, 2065, 2039, 2066, 2067, 2040, 2068, 2068, 2048, 2069, 2069, 2056, 2082, 2056, 2070, 2082, 2071, 2073, 2074, 2060, 1044, 2059, 2061, 869, 2060, 2062, 2075, 2061, 2063, 2076, 2062, 2079, 2069, 2080, 2081, 2082, 2083, 2083, 2070, 2108, 2070, 2084, 2108, 2072, 2085, 2084, 2058, 2086, 2057, 2057, 2087, 2073, 2074, 2088, 2089, 2090, 2064, 2065, 2091, 2065, 2066, 2092, 2066, 2067, 2093, 2067, 2068, 2076, 893, 2075, 2095, 892, 2094, 2095, 2076, 2096, 2097, 2076, 2077, 2098, 2077, 2078, 2099, 2078, 2090, 2100, 2090, 2091, 2102, 2091, 2092, 2102, 2093, 2103, 2103, 2079, 2104, 2104, 2080, 2105, 2105, 2081, 2106, 2106, 2083, 2234, 2083, 2107, 2234, 2108, 2109, 2107, 2110, 895, 2095, 2111, 2095, 2096, 2112, 2096, 2097, 2113, 2097, 2098, 2114, 2098, 2099, 2115, 2099, 2100, 2116, 2100, 2101, 2119, 2117, 2127, 2123, 2121, 2124, 2125, 2124, 2128, 2110, 2126, 910, 2127, 2110, 2111, 2112, 2127, 2111, 2121, 2112, 2113, 2124, 2113, 2114, 2128, 2114, 2115, 2129, 2115, 2116, 2132, 2130, 2135, 2133, 1046, 2131, 2134, 2131, 2132, 2130, 1045, 2118, 2135, 2118, 2119, 2136, 2119, 2120, 2137, 2135, 2136, 2138, 2132, 2137, 2139, 933, 2133, 943, 2139, 2141, 2140, 943, 2141, 2142, 2141, 2148, 2429, 2143, 2153, 2145, 2143, 2429, 2148, 2146, 2144, 2142, 2144, 2145, 2146, 2143, 2144, 2149, 2125, 2143, 2150, 2123, 2125, 2151, 2120, 2123, 2153, 2125, 2152, 2152, 2128, 2155, 2154, 2155, 2157, 2158, 2157, 2159, 2160, 2157, 2156, 2156, 2116, 2161, 2162, 2164, 2166, 2168, 2163, 2165, 2170, 2167, 2168, 2172, 2169, 2170, 2164, 2101, 2173, 2166, 2173, 2175, 2174, 2175, 2193, 2177, 2176, 2430, 2172, 2178, 2171, 2181, 2179, 2172, 2182, 2172, 2170, 2185, 2183, 2194, 2186, 2170, 2168, 2187, 2168, 2165, 2190, 2431, 2189, 2188, 2189, 2183, 2192, 2202, 2196, 2194, 2192, 2196, 2195, 2194, 2197, 2197, 2196, 2199, 2197, 2198, 2215, 2200, 2197, 2215, 2196, 2201, 2199, 2199, 2203, 2198, 2175, 2204, 2207, 2205, 2175, 2207, 2204, 2103, 2206, 2207, 2206, 2208, 2205, 2208, 2211, 2206, 2104, 2209, 2208, 2209, 2210, 2211, 2210, 2227, 2214, 2212, 2222, 2216, 2215, 2217, 2217, 2198, 2218, 2219, 2214, 2222, 2203, 2214, 2198, 2210, 2220, 2229, 2212, 2221, 2222, 2223, 2224, 2221, 2210, 2228, 2226, 2229, 2230, 2228, 2220, 2231, 2229, 2105, 2232, 2220, 2106, 2233, 2232, 2234, 2235, 2233, 2107, 2236, 2235, 2233, 2237, 2238, 2232, 2238, 2231, 2231, 2239, 2230, 2225, 2240, 2224, 2238, 2242, 2239, 2241, 2243, 2240, 2059, 880, 2058, 2118, 2126, 2117, 2131, 936, 2130, 1048, 2245, 2247, 2247, 2246, 2249, 2249, 2248, 2255, 1049, 2250, 2245, 2245, 2251, 2246, 2246, 2252, 2248, 2248, 2253, 2254, 2255, 2254, 2257, 2086, 2247, 2087, 1061, 2247, 2086, 2260, 2258, 2262, 2262, 2261, 2267, 1068, 2250, 1054, 2263, 2251, 2250, 2264, 2252, 2251, 2265, 2253, 2252, 2269, 2267, 2261, 2268, 2270, 1076, 2263, 2270, 2269, 2264, 2269, 2261, 2265, 2261, 2258, 2266, 2258, 2259, 2268, 1203, 2403, 2272, 2268, 2403, 2262, 2268, 2273, 2274, 2271, 2275, 2275, 2272, 2276, 2277, 2272, 2321, 2274, 2262, 2273, 2280, 2274, 2275, 2281, 2275, 2276, 2282, 2276, 2277, 2284, 2279, 2280, 2284, 2281, 2285, 2286, 2281, 2282, 2288, 2274, 2279, 2283, 2288, 2279, 2291, 2289, 2283, 2292, 2283, 2284, 2293, 2284, 2285, 2295, 2290, 2291, 2296, 2291, 2292, 2297, 2292, 2293, 2300, 2298, 2306, 2301, 2296, 2299, 2303, 2295, 2301, 2304, 2301, 2300, 2305, 2300, 2306, 2307, 2306, 2308, 2299, 2297, 2310, 2293, 2286, 2311, 2297, 2311, 2312, 2310, 2312, 2313, 2298, 2314, 2315, 2308, 2317, 2316, 2318, 2315, 2314, 2318, 2319, 2327, 2313, 2319, 2314, 2277, 2320, 2322, 2282, 2322, 2324, 2323, 2320, 2401, 2319, 2311, 2325, 2286, 2324, 2325, 2327, 2325, 2326, 2332, 2309, 2410, 2335, 2333, 2409, 2339, 2307, 2332, 2340, 2332, 2333, 2334, 2340, 2333, 2343, 2342, 2345, 2345, 2344, 2357, 2344, 2302, 2351, 2302, 2347, 2351, 2303, 2348, 2347, 2305, 2348, 2304, 2348, 2349, 2350, 2347, 2350, 2359, 2352, 2347, 2359, 2353, 2351, 2352, 2355, 2341, 2432, 2331, 2356, 2382, 2357, 2353, 2362, 2352, 2358, 2360, 2353, 2360, 2361, 2362, 2361, 2433, 2364, 2366, 2363, 2367, 2368, 2366, 2369, 2370, 2368, 2371, 2337, 2370, 2363, 2373, 2372, 2366, 2374, 2373, 2368, 2375, 2374, 2372, 2376, 2398, 2373, 2377, 2376, 2374, 2378, 2377, 2375, 2379, 2378, 2337, 2380, 2379, 2236, 2237, 2235, 2331, 2236, 2109, 2085, 2109, 2084, 2383, 2242, 2237, 2392, 2390, 2393, 2383, 2387, 2388, 2148, 2139, 2147, 2153, 2158, 2429, 2119, 2122, 2120, 2204, 2101, 2102, 2105, 2209, 2104, 2046, 2056, 2047, 1999, 2002, 1998, 2004, 2395, 2006, 2015, 2010, 2011, 2050, 2073, 2049, 2034, 2026, 2027, 2381, 2316, 2380, 2323, 2393, 2326, 2399, 2376, 2400, 2400, 2377, 2318, 2318, 2378, 2317, 2317, 2379, 2316, 2244, 2401, 2243, 2402, 323, 1016, 2243, 1535, 2240, 2240, 1533, 2224, 2224, 1531, 2221, 2221, 1529, 2219, 2219, 1526, 2218, 2218, 1527, 2217, 2272, 1543, 1541, 1203, 1521, 2403, 1298, 1419, 1448, 1314, 1298, 1448, 1283, 1291, 1292, 1284, 2405, 1287, 1963, 2407, 2406, 2410, 2333, 2332, 1380, 2411, 1379, 1381, 2412, 1380, 603, 582, 2434, 2435, 2434, 582, 583, 2435, 582, 2436, 691, 603, 2437, 603, 2434, 2438, 2434, 2435, 2439, 2435, 583, 2440, 2439, 583, 584, 2440, 583, 2441, 691, 2436, 2442, 2436, 2437, 2443, 2437, 2438, 2444, 2438, 2445, 2439, 2445, 2438, 2446, 2439, 2440, 2447, 2440, 584, 2448, 2447, 584, 2447, 2448, 2449, 2446, 2447, 2449, 2445, 2449, 2444, 69, 584, 585, 66, 585, 586, 73, 66, 586, 69, 86, 2450, 2448, 69, 2450, 2451, 2448, 2450, 2452, 2451, 2450, 87, 2450, 86, 2453, 2451, 2452, 88, 2452, 87, 2453, 98, 2454, 2455, 2454, 2456, 2453, 2457, 2451, 2444, 2451, 2457, 2451, 2444, 2449, 2448, 2451, 2449, 2458, 692, 2441, 2459, 2441, 2442, 2460, 2442, 2443, 2457, 2443, 2444, 2461, 2455, 2462, 2457, 2463, 2460, 2459, 2463, 2464, 2465, 2464, 2466, 2459, 2468, 2467, 2458, 2467, 2469, 141, 2469, 2470, 694, 2470, 2471, 2472, 2474, 2473, 2475, 2473, 2476, 2477, 2476, 2478, 2479, 2478, 2480, 2477, 2482, 2481, 2483, 2485, 2484, 2456, 2484, 2486, 2455, 2486, 2462, 2487, 2489, 2488, 150, 2491, 2490, 2492, 2490, 2493, 2494, 2493, 2495, 2496, 2495, 2497, 2498, 2497, 2499, 2500, 2499, 2501, 2502, 2504, 2503, 2505, 2503, 2506, 2507, 2505, 2506, 2508, 2506, 2509, 2510, 2506, 2503, 2511, 2504, 2512, 2513, 2512, 2514, 2515, 2514, 2516, 2517, 2516, 2518, 2519, 2518, 2520, 2521, 2520, 2488, 2522, 2488, 2489, 2472, 2489, 2523, 2524, 2503, 2504, 2525, 742, 743, 2500, 743, 2526, 2498, 2526, 2527, 2496, 2527, 2528, 2494, 2528, 2529, 2492, 2529, 155, 150, 2492, 155, 2530, 738, 690, 2526, 743, 738, 2527, 738, 2530, 2528, 2530, 2531, 2529, 2531, 2418, 155, 2529, 2418, 737, 2418, 2531, 2532, 2508, 2533, 745, 2533, 744, 690, 2531, 2530, 2461, 2535, 2534, 2463, 2534, 2536, 2464, 2536, 2537, 2466, 2537, 2538, 2481, 2540, 2539, 2484, 2542, 2541, 2486, 2541, 2543, 2462, 2543, 2535, 2467, 2545, 2544, 2469, 2544, 2546, 2470, 2546, 2547, 2471, 2547, 2548, 2549, 2548, 2550, 2473, 2552, 2551, 2476, 2551, 2553, 2478, 2553, 2554, 2468, 2555, 2545, 2543, 2557, 2556, 2541, 2558, 2557, 2559, 2560, 2558, 2538, 2561, 2560, 2537, 2562, 2561, 2536, 2563, 2562, 2534, 2564, 2563, 2535, 2556, 2564, 2545, 2566, 2565, 2555, 2567, 2566, 2568, 2569, 2567, 2570, 2571, 2569, 2550, 2572, 2571, 2548, 2573, 2572, 2547, 2574, 2573, 2546, 2575, 2574, 2544, 2565, 2575, 2576, 2563, 2564, 2576, 2562, 2563, 2576, 2561, 2562, 2576, 2560, 2561, 2576, 2558, 2560, 2576, 2557, 2558, 2576, 2556, 2557, 2576, 2564, 2556, 2577, 2575, 2565, 2577, 2574, 2575, 2577, 2573, 2574, 2577, 2572, 2573, 2577, 2571, 2572, 2577, 2569, 2571, 2577, 2567, 2569, 2577, 2566, 2567, 2577, 2565, 2566, 2489, 2578, 2523, 2523, 2578, 2474, 2549, 694, 2471, 1780, 1799, 2579, 2579, 2580, 1780, 2580, 1779, 1780, 1885, 2581, 1799, 2581, 2579, 1799, 2582, 2580, 2579, 2583, 1779, 2580, 2584, 2585, 1779, 2585, 1782, 1779, 1336, 2581, 1885, 2586, 2582, 2581, 2587, 2583, 2582, 2588, 2589, 2583, 2589, 2584, 2583, 2589, 2585, 2584, 2590, 1782, 2585, 2591, 2592, 1782, 2592, 2591, 2593, 2591, 2590, 2593, 2590, 2594, 2593, 2592, 1783, 1782, 1270, 1781, 1783, 1269, 1266, 1781, 1288, 1270, 2595, 1270, 2592, 2595, 2592, 2596, 2595, 2596, 2597, 2595, 2597, 1288, 2595, 2596, 2598, 2597, 2598, 2405, 2597, 1289, 2454, 98, 2599, 2456, 2454, 2600, 2596, 2601, 2596, 2594, 2601, 2594, 2596, 2593, 2596, 2592, 2593, 1337, 2586, 1336, 2602, 2587, 2586, 2603, 2588, 2587, 2604, 2594, 2588, 2601, 2605, 2600, 2606, 2604, 2607, 2604, 2608, 2607, 2603, 2609, 2608, 2610, 2612, 2611, 2603, 2613, 2612, 2602, 2614, 2613, 1337, 2615, 2614, 2616, 2618, 2617, 2472, 2619, 2618, 2475, 2620, 2619, 2477, 2621, 2620, 2622, 2624, 2623, 2477, 2625, 2624, 2483, 2627, 2626, 2456, 2628, 2627, 1388, 2630, 2629, 1386, 2631, 2630, 1350, 2632, 2631, 2633, 2634, 2632, 2635, 2636, 2634, 2637, 2638, 2636, 2639, 2640, 2638, 2641, 2642, 2640, 2643, 2644, 2642, 1936, 1935, 2644, 1935, 2509, 2644, 2509, 2642, 2644, 2524, 2638, 2640, 2511, 2636, 2638, 2513, 2634, 2636, 2515, 2632, 2634, 2517, 2631, 2632, 2519, 2630, 2631, 2521, 2629, 2630, 2522, 2616, 2629, 2510, 2640, 2642, 1936, 2643, 1937, 2643, 2645, 1937, 2641, 2646, 2645, 2639, 2647, 2646, 2637, 2648, 2647, 2635, 1351, 2648, 2633, 1350, 1351, 1932, 2649, 1884, 1937, 2645, 1932, 2645, 2649, 1932, 2646, 2650, 2649, 2647, 1930, 2650, 2648, 1351, 1930, 1930, 1931, 2650, 1935, 2533, 2508, 1933, 744, 2533, 1931, 2649, 2650, 2605, 2652, 2651, 2606, 2653, 2652, 2607, 2654, 2653, 2608, 2655, 2654, 2609, 2656, 2655, 2624, 2658, 2657, 2626, 2660, 2659, 2661, 2651, 2662, 2611, 2664, 2663, 2612, 2665, 2664, 2613, 2666, 2665, 2614, 2667, 2666, 2615, 2668, 2667, 2617, 2670, 2669, 2618, 2671, 2670, 2619, 2672, 2671, 2673, 2663, 2674, 2675, 2677, 2676, 2678, 2676, 2679, 2655, 2679, 2680, 2654, 2680, 2681, 2653, 2681, 2682, 2652, 2682, 2683, 2651, 2683, 2684, 2662, 2684, 2677, 2674, 2686, 2685, 2687, 2685, 2688, 2689, 2688, 2690, 2668, 2690, 2691, 2667, 2691, 2692, 2666, 2692, 2693, 2665, 2693, 2694, 2664, 2694, 2695, 2663, 2695, 2686, 2683, 2696, 2684, 2682, 2696, 2683, 2681, 2696, 2682, 2680, 2696, 2681, 2679, 2696, 2680, 2676, 2696, 2679, 2677, 2696, 2676, 2684, 2696, 2677, 2695, 2697, 2686, 2694, 2697, 2695, 2693, 2697, 2694, 2692, 2697, 2693, 2691, 2697, 2692, 2690, 2697, 2691, 2688, 2697, 2690, 2685, 2697, 2688, 2686, 2697, 2685, 1388, 2616, 2412, 2412, 2616, 2617, 2412, 2698, 2411, 2699, 2701, 2700, 603, 2437, 2436, 2434, 2438, 2437, 2435, 2439, 2438, 691, 2441, 692, 2436, 2442, 2441, 2437, 2443, 2442, 2438, 2444, 2443, 2439, 2446, 2445, 2440, 2447, 2446, 2449, 2445, 2446, 584, 69, 2448, 585, 66, 69, 2450, 87, 2452, 2452, 88, 2453, 98, 2453, 88, 2454, 2455, 2453, 2457, 2453, 2455, 692, 2458, 141, 2441, 2459, 2458, 2442, 2460, 2459, 2443, 2457, 2460, 2455, 2461, 2457, 2463, 2457, 2461, 2463, 2459, 2460, 2464, 2465, 2459, 2468, 2459, 2465, 2467, 2458, 2459, 2469, 141, 2458, 2470, 694, 141, 2474, 2472, 2523, 2473, 2475, 2472, 2476, 2477, 2475, 2478, 2479, 2477, 2482, 2477, 2479, 2481, 2702, 2477, 2484, 2456, 2483, 2486, 2455, 2456, 2489, 2487, 2703, 2491, 150, 189, 2490, 2492, 150, 2493, 2494, 2492, 2495, 2496, 2494, 2497, 2498, 2496, 2499, 2500, 2498, 2501, 2525, 2500, 2503, 2505, 2502, 2506, 2508, 2507, 2506, 2510, 2509, 2504, 2511, 2524, 2512, 2513, 2511, 2514, 2515, 2513, 2516, 2517, 2515, 2518, 2519, 2517, 2520, 2521, 2519, 2488, 2522, 2521, 2489, 2472, 2522, 2503, 2524, 2510, 743, 2500, 2525, 2526, 2498, 2500, 2527, 2496, 2498, 2528, 2494, 2496, 2529, 2492, 2494, 738, 2527, 2526, 2530, 2528, 2527, 2531, 2529, 2528, 2508, 2532, 2507, 2533, 745, 2532, 2531, 690, 737, 2535, 2461, 2462, 2534, 2463, 2461, 2536, 2464, 2463, 2537, 2466, 2464, 2540, 2481, 2482, 2542, 2484, 2485, 2541, 2486, 2484, 2543, 2462, 2486, 2545, 2467, 2468, 2544, 2469, 2467, 2546, 2470, 2469, 2547, 2471, 2470, 2548, 2549, 2471, 2552, 2473, 2474, 2551, 2476, 2473, 2553, 2478, 2476, 2554, 2480, 2478, 2557, 2543, 2541, 2558, 2541, 2542, 2704, 2539, 2540, 2561, 2538, 2537, 2562, 2537, 2536, 2563, 2536, 2534, 2564, 2534, 2535, 2556, 2535, 2543, 2566, 2545, 2555, 2705, 2554, 2553, 2569, 2568, 2570, 2571, 2570, 2550, 2572, 2550, 2548, 2573, 2548, 2547, 2574, 2547, 2546, 2575, 2546, 2544, 2565, 2544, 2545, 2578, 2489, 2703, 694, 2549, 1208, 2579, 2581, 2582, 2580, 2582, 2583, 1779, 2583, 2584, 2581, 1336, 2586, 2582, 2586, 2587, 2583, 2587, 2588, 2589, 2588, 2594, 2585, 2589, 2590, 1782, 2590, 2591, 2594, 2590, 2589, 1783, 2592, 1270, 1781, 1270, 1269, 1288, 2597, 2405, 1290, 2599, 1289, 2454, 1289, 2599, 2456, 2599, 2706, 2596, 2600, 2598, 2586, 1337, 2602, 2587, 2602, 2603, 2588, 2603, 2604, 2594, 2604, 2601, 2605, 2601, 2606, 2604, 2606, 2601, 2608, 2604, 2603, 2609, 2603, 2610, 2612, 2610, 2603, 2613, 2603, 2602, 2614, 2602, 1337, 2615, 1337, 1887, 2618, 2616, 2472, 2619, 2472, 2475, 2620, 2475, 2477, 2621, 2477, 2622, 2624, 2622, 2477, 2625, 2477, 2702, 2627, 2483, 2456, 2628, 2456, 2706, 2630, 1388, 1386, 2631, 1386, 1350, 2632, 1350, 2633, 2634, 2633, 2635, 2636, 2635, 2637, 2638, 2637, 2639, 2640, 2639, 2641, 2642, 2641, 2643, 2644, 2643, 1936, 2509, 1935, 2508, 2642, 2509, 2510, 2638, 2524, 2511, 2636, 2511, 2513, 2634, 2513, 2515, 2632, 2515, 2517, 2631, 2517, 2519, 2630, 2519, 2521, 2629, 2521, 2522, 2616, 2522, 2472, 2640, 2510, 2524, 2645, 2643, 2641, 2646, 2641, 2639, 2647, 2639, 2637, 2648, 2637, 2635, 1351, 2635, 2633, 2649, 2645, 2646, 2650, 2646, 2647, 1930, 2647, 2648, 2533, 1935, 1933, 744, 1933, 1934, 2649, 1931, 1884, 2652, 2605, 2606, 2653, 2606, 2607, 2654, 2607, 2608, 2655, 2608, 2609, 2657, 2623, 2624, 2658, 2624, 2625, 2660, 2626, 2627, 2651, 2661, 2605, 2664, 2611, 2612, 2665, 2612, 2613, 2666, 2613, 2614, 2667, 2614, 2615, 2669, 2698, 2617, 2670, 2617, 2618, 2671, 2618, 2619, 2672, 2619, 2620, 2663, 2673, 2611, 2677, 2675, 2662, 2676, 2678, 2675, 2679, 2655, 2656, 2680, 2654, 2655, 2681, 2653, 2654, 2682, 2652, 2653, 2683, 2651, 2652, 2684, 2662, 2651, 2686, 2674, 2663, 2685, 2687, 2674, 2688, 2689, 2687, 2690, 2668, 2689, 2691, 2667, 2668, 2692, 2666, 2667, 2693, 2665, 2666, 2694, 2664, 2665, 2695, 2663, 2664, 2616, 1388, 2629, 2698, 2412, 2617, 2707, 2709, 2708, 2710, 2708, 2711, 2712, 2711, 2713, 2710, 2715, 2714, 2707, 2714, 2716, 2717, 2716, 2718, 2719, 2711, 2708, 2720, 2708, 2709, 2721, 112, 113, 2722, 2718, 2716, 2714, 2722, 2716, 2723, 2714, 2715, 2709, 126, 2720, 2724, 111, 2725, 2726, 2723, 2715, 2727, 2725, 2722, 2728, 2722, 2723, 2729, 2730, 2415, 2730, 2732, 2731, 2733, 2732, 2734, 2735, 2734, 2736, 2737, 2736, 2738, 2717, 126, 2709, 2718, 127, 2717, 2725, 128, 2718, 2739, 113, 129, 2719, 2721, 2740, 2713, 2742, 2741, 2743, 2742, 2744, 2740, 2742, 2719, 2745, 2744, 2746, 2747, 2744, 2740, 2739, 2740, 2721, 134, 2730, 2748, 129, 2748, 2739, 2748, 2731, 2749, 2739, 2749, 2747, 2733, 2749, 2731, 2733, 2735, 2749, 2746, 2747, 2749, 2749, 2735, 2737, 2737, 2746, 2749, 2738, 2745, 2737, 2750, 2715, 2712, 2720, 126, 112, 2743, 2713, 2741, 2751, 2753, 2752, 2754, 2752, 2755, 2756, 2755, 2757, 2754, 2759, 2758, 2751, 2758, 2760, 2761, 2760, 2762, 2763, 2755, 2752, 2764, 2752, 2753, 2765, 710, 711, 2766, 2762, 2760, 2758, 2766, 2760, 2767, 2758, 2759, 2753, 724, 2764, 2768, 709, 2769, 2770, 2767, 2759, 2771, 2769, 2766, 2772, 2766, 2767, 715, 2774, 2773, 2774, 2771, 2775, 2776, 2771, 2772, 2777, 2772, 2770, 2778, 2770, 2779, 2761, 724, 2753, 2762, 725, 2761, 2769, 726, 2762, 2780, 711, 727, 2763, 2765, 2781, 2757, 2783, 2782, 2784, 2783, 2785, 2781, 2783, 2763, 2786, 2785, 2787, 2788, 2785, 2781, 2780, 2781, 2765, 2789, 2774, 2790, 727, 2791, 2780, 2790, 2775, 2792, 2780, 2793, 2788, 2776, 2792, 2775, 2776, 2777, 2792, 2787, 2788, 2793, 2792, 2777, 2778, 2794, 2787, 2793, 2795, 2786, 2794, 2796, 2759, 2756, 2764, 724, 710, 2784, 2757, 2782, 2797, 2799, 2798, 2800, 2801, 2799, 2802, 2803, 2801, 2804, 2806, 2805, 2802, 2807, 2806, 2800, 2808, 2807, 2809, 2799, 2801, 2810, 2798, 2799, 2811, 1311, 1324, 2812, 2807, 2808, 2813, 2807, 2814, 2806, 2813, 2805, 1325, 2798, 2811, 2815, 2812, 1309, 2816, 2805, 2813, 2817, 2814, 2812, 2818, 2813, 2814, 2819, 1329, 2820, 2819, 2822, 2821, 2822, 2823, 2821, 2824, 2825, 2816, 2826, 2827, 2825, 1326, 2798, 1325, 1327, 2797, 1326, 1309, 2808, 1327, 2828, 1333, 1311, 2811, 2829, 2828, 2801, 2830, 2809, 2830, 2831, 2809, 2831, 2810, 2809, 2832, 2833, 2831, 2833, 2829, 2831, 2834, 2828, 2829, 1329, 2835, 2820, 1331, 2836, 2835, 2820, 2837, 2822, 2835, 2834, 2837, 2837, 2838, 2822, 2839, 2838, 2837, 2834, 2833, 2837, 2839, 2837, 2840, 2841, 2837, 2833, 2832, 2840, 2841, 2825, 2804, 2805, 1325, 2811, 1324, 2827, 2803, 2804, 2842, 2844, 2843, 2845, 2846, 2844, 2847, 2848, 2846, 2849, 2851, 2850, 2847, 2852, 2851, 2845, 2853, 2852, 2854, 2844, 2846, 2855, 2843, 2844, 2856, 1903, 1913, 2857, 2852, 2853, 2858, 2852, 2859, 2851, 2858, 2850, 1914, 2843, 2856, 1909, 2857, 1901, 2860, 2850, 2858, 2861, 2859, 2857, 2862, 2858, 2859, 2861, 1918, 2863, 2861, 2864, 2862, 2864, 2860, 2862, 2865, 2866, 2860, 2867, 2868, 2866, 1915, 2843, 1914, 1916, 2842, 1915, 1901, 2853, 1916, 2869, 1923, 1903, 2856, 2870, 2869, 2846, 2871, 2854, 2871, 2872, 2854, 2872, 2855, 2854, 2873, 2874, 2872, 2874, 2870, 2872, 2875, 2869, 2870, 1920, 2877, 2876, 1921, 2878, 2877, 2876, 2880, 2879, 2877, 2875, 2880, 2880, 2881, 2879, 2882, 2881, 2880, 2875, 2874, 2880, 2882, 2880, 2883, 2884, 2880, 2874, 2873, 2883, 2884, 2866, 2849, 2850, 1914, 2856, 1913, 2885, 2848, 2886, 2709, 2707, 2717, 2708, 2710, 2707, 2711, 2712, 2710, 2715, 2710, 2712, 2714, 2707, 2710, 2716, 2717, 2707, 2711, 2719, 2742, 2708, 2720, 2719, 112, 2721, 2720, 2718, 2722, 2725, 2722, 2714, 2723, 111, 2724, 117, 2723, 2726, 2728, 2725, 2727, 2724, 2722, 2728, 2727, 2730, 2729, 2887, 2732, 2730, 2887, 2732, 2733, 2731, 2734, 2735, 2733, 2736, 2737, 2735, 126, 2717, 127, 127, 2718, 128, 128, 2725, 111, 113, 2739, 2721, 2721, 2719, 2720, 2742, 2713, 2711, 2742, 2743, 2741, 2742, 2740, 2744, 2744, 2745, 2743, 2744, 2747, 2746, 2740, 2739, 2747, 2730, 134, 2415, 2748, 129, 134, 2731, 2748, 2730, 2749, 2739, 2748, 2746, 2737, 2745, 2745, 2738, 2743, 2715, 2750, 2726, 2712, 2743, 2750, 2713, 2743, 2712, 2753, 2751, 2761, 2752, 2754, 2751, 2755, 2756, 2754, 2759, 2754, 2756, 2758, 2751, 2754, 2760, 2761, 2751, 2755, 2763, 2783, 2752, 2764, 2763, 710, 2765, 2764, 2762, 2766, 2769, 2766, 2758, 2767, 709, 2768, 715, 2767, 2770, 2772, 2769, 2771, 2768, 2766, 2772, 2771, 2774, 715, 2768, 2771, 2774, 2768, 2771, 2776, 2775, 2772, 2777, 2776, 2770, 2778, 2777, 724, 2761, 725, 725, 2762, 726, 726, 2769, 709, 711, 2780, 2765, 2765, 2763, 2764, 2783, 2757, 2755, 2783, 2784, 2782, 2783, 2781, 2785, 2785, 2786, 2784, 2785, 2788, 2787, 2781, 2780, 2788, 2774, 2789, 2773, 2791, 727, 2417, 2775, 2790, 2774, 2793, 2780, 2791, 2787, 2794, 2786, 2786, 2795, 2784, 2759, 2796, 2888, 2756, 2784, 2796, 2757, 2784, 2756, 2799, 2797, 2800, 2801, 2800, 2802, 2803, 2802, 2804, 2806, 2804, 2802, 2807, 2802, 2800, 2808, 2800, 2797, 2799, 2809, 2810, 2798, 2810, 2811, 1311, 2811, 2828, 2807, 2812, 2814, 2807, 2813, 2806, 2812, 2815, 2817, 2805, 2816, 2825, 2814, 2817, 2818, 2889, 2821, 2823, 1329, 2819, 1319, 2822, 2819, 2820, 2823, 2822, 2838, 2825, 2824, 2826, 2890, 2839, 2840, 2798, 1326, 2797, 2797, 1327, 2808, 2808, 1309, 2812, 1333, 2828, 2836, 2829, 2811, 2810, 2830, 2801, 2803, 2831, 2830, 2832, 2810, 2831, 2829, 2833, 2832, 2841, 2829, 2833, 2834, 2828, 2834, 2836, 2835, 1329, 1331, 2836, 1331, 1333, 2837, 2820, 2835, 2834, 2835, 2836, 2837, 2841, 2840, 2840, 2832, 2890, 2804, 2825, 2827, 2830, 2827, 2832, 2803, 2827, 2830, 2844, 2842, 2845, 2846, 2845, 2847, 2848, 2847, 2886, 2851, 2849, 2847, 2852, 2847, 2845, 2853, 2845, 2842, 2844, 2854, 2855, 2843, 2855, 2856, 1903, 2856, 2869, 2852, 2857, 2859, 2852, 2858, 2851, 2857, 1909, 2861, 2850, 2860, 2866, 2859, 2861, 2862, 2858, 2862, 2860, 1918, 2861, 1909, 2864, 2861, 2863, 2860, 2864, 2865, 2866, 2865, 2867, 2891, 2882, 2883, 2843, 1915, 2842, 2842, 1916, 2853, 2853, 1901, 2857, 1923, 2869, 2878, 2870, 2856, 2855, 2871, 2846, 2848, 2872, 2871, 2873, 2855, 2872, 2870, 2874, 2873, 2884, 2870, 2874, 2875, 2869, 2875, 2878, 2877, 1920, 1921, 2878, 1921, 1923, 2880, 2876, 2877, 2875, 2877, 2878, 2880, 2884, 2883, 2883, 2873, 2891, 2849, 2866, 2868, 2871, 2885, 2873, 2848, 2885, 2871, 2892, 2894, 2893, 2894, 799, 2895, 2893, 799, 803, 2419, 2893, 803, 793, 2893, 2419, 794, 2892, 793, 1200, 2896, 794, 2897, 798, 2894, 944, 2899, 2898, 947, 2898, 2900, 950, 2902, 2901, 2903, 950, 2901, 953, 2904, 952, 954, 2904, 953, 957, 2905, 956, 937, 2906, 957, 938, 2906, 937, 2905, 938, 939, 2907, 2905, 939, 2907, 940, 2904, 2908, 949, 2903, 2908, 963, 964, 965, 963, 2908, 973, 2903, 975, 975, 2901, 977, 2901, 982, 977, 2909, 2910, 2176, 2902, 2176, 982, 2904, 940, 952, 2907, 956, 2905, 968, 2908, 973, 2897, 1200, 795, 2911, 2913, 2912, 2006, 2913, 2005, 2913, 2010, 2005, 2914, 2007, 2010, 2915, 2007, 2914, 2911, 2000, 2915, 2911, 2001, 1999, 2395, 2916, 2006, 945, 2917, 2899, 2140, 2918, 2917, 2142, 2919, 2918, 2429, 2919, 2145, 2920, 2146, 2147, 2921, 2146, 2920, 2922, 2150, 2923, 2922, 2136, 2151, 2922, 2137, 2136, 2922, 2138, 2137, 2923, 2921, 2138, 2138, 2920, 2139, 2158, 2924, 2429, 2159, 2925, 2158, 2159, 2160, 2925, 2925, 2169, 2924, 2924, 2171, 2919, 2918, 2171, 2178, 2910, 2926, 2176, 2926, 2430, 2176, 2139, 2920, 2147, 2149, 2923, 2150, 2160, 2167, 2925, 2911, 2395, 2001, 2897, 2892, 2896, 2894, 2892, 2897, 2893, 2894, 2895, 799, 2894, 798, 799, 2893, 2895, 2893, 793, 2892, 2892, 794, 2896, 798, 2897, 795, 2899, 944, 945, 2898, 947, 944, 2900, 950, 947, 950, 2903, 949, 2904, 954, 2907, 2905, 957, 2906, 938, 2905, 2906, 940, 2907, 939, 949, 2908, 964, 2903, 973, 2908, 2901, 975, 2903, 982, 2901, 2902, 2176, 2902, 2909, 956, 2907, 954, 2908, 968, 965, 1200, 2897, 2896, 2914, 2911, 2915, 2913, 2911, 2914, 2912, 2913, 2916, 2913, 2006, 2916, 2010, 2913, 2914, 2007, 2915, 2000, 2000, 2911, 1999, 2916, 2395, 2912, 2917, 945, 2140, 2918, 2140, 2142, 2919, 2142, 2145, 2919, 2429, 2924, 2146, 2921, 2149, 2150, 2922, 2151, 2138, 2922, 2923, 2920, 2138, 2921, 2924, 2158, 2925, 2169, 2925, 2167, 2171, 2924, 2169, 2171, 2918, 2919, 2430, 2926, 2927, 2923, 2149, 2921, 2167, 2160, 2163, 2395, 2911, 2912, 2928, 2421, 1058, 2929, 1058, 1060, 2930, 2931, 2928, 2932, 2928, 2929, 2933, 2934, 2930, 2935, 2930, 2932, 2936, 2937, 2933, 2936, 2935, 2938, 2939, 2940, 2936, 2939, 2938, 2941, 2942, 1060, 1062, 2943, 2929, 2942, 2944, 2932, 2943, 2945, 2935, 2944, 2946, 2938, 2945, 2947, 2941, 2946, 2948, 2939, 2941, 2949, 2950, 2939, 2951, 2948, 2947, 2952, 2949, 2948, 2953, 2954, 2949, 2955, 2952, 2951, 2956, 2953, 2952, 2957, 2953, 2958, 2958, 2959, 2957, 2956, 2959, 2958, 2955, 2959, 2956, 884, 2942, 1062, 2960, 2943, 2942, 2961, 2943, 2962, 2963, 2960, 2964, 1135, 2960, 884, 2965, 2962, 2963, 2966, 2944, 2961, 2967, 2969, 2968, 2970, 2945, 2966, 2971, 2972, 2967, 2973, 2946, 2970, 2974, 2975, 2971, 2976, 2977, 2974, 2978, 2979, 2976, 2980, 2947, 2973, 2981, 2951, 2980, 2982, 2974, 2971, 2976, 2984, 2983, 2983, 2978, 2976, 2982, 2967, 2985, 2986, 2967, 2968, 2987, 2968, 2988, 2989, 2988, 2990, 1096, 2989, 2990, 2991, 2992, 2959, 2992, 2994, 2993, 2983, 2995, 2994, 2984, 2996, 2995, 2982, 2997, 2996, 2985, 2998, 2997, 2986, 2999, 2998, 2959, 2992, 2993, 2989, 2999, 2987, 1064, 2989, 1086, 2997, 3001, 3000, 2996, 3000, 3002, 2995, 3002, 3003, 2998, 3004, 3001, 3005, 3004, 2999, 1064, 3006, 3005, 2995, 3007, 2994, 2993, 3007, 3008, 2421, 3009, 1072, 2950, 3011, 3010, 2940, 3010, 3012, 2937, 3012, 3013, 3014, 2931, 2934, 3006, 1072, 3009, 3013, 2934, 2937, 3004, 3009, 3014, 3001, 3014, 3013, 3000, 3013, 3012, 3002, 3012, 3010, 3011, 3016, 3015, 3016, 3017, 3015, 2959, 3017, 2957, 3002, 3011, 3003, 3003, 3015, 3007, 3017, 3007, 3015, 2959, 3008, 3017, 2959, 2993, 3008, 2959, 2955, 3018, 2959, 3019, 2991, 3020, 2254, 2253, 3021, 2257, 2254, 3022, 3021, 3020, 3023, 3024, 3021, 3025, 3023, 3022, 3026, 3027, 3023, 3028, 3026, 3025, 3026, 3030, 3029, 3031, 3032, 3028, 3032, 3033, 3030, 3024, 2256, 2257, 3027, 3034, 3024, 3029, 3035, 3027, 3030, 3036, 3029, 3033, 3037, 3030, 3038, 3039, 3033, 3040, 3033, 3041, 3042, 3041, 3031, 3043, 3044, 3038, 3045, 3038, 3040, 3046, 3040, 3042, 3047, 3048, 3043, 3049, 3043, 3045, 3046, 3049, 3045, 3050, 3049, 3051, 3050, 3047, 3049, 3050, 3052, 3047, 3053, 2256, 3034, 3054, 3034, 3035, 3036, 3054, 3035, 3054, 3055, 3053, 3055, 2088, 3053, 3056, 3057, 3054, 3037, 3056, 3036, 3058, 3059, 3056, 3039, 3058, 3037, 3060, 3061, 3058, 3044, 3060, 3039, 3062, 3063, 3060, 3064, 3065, 3062, 3066, 3068, 3067, 3048, 3062, 3044, 3052, 3064, 3048, 3069, 3071, 3070, 3070, 3072, 3069, 3073, 3068, 3074, 3071, 3076, 3075, 3076, 3077, 3075, 3078, 3079, 3077, 3080, 3081, 3079, 2278, 3081, 3082, 3073, 3083, 3050, 3072, 3085, 3084, 3069, 3084, 3086, 3087, 3086, 3088, 3076, 3088, 3089, 3078, 3089, 3090, 3080, 3090, 3091, 3073, 3050, 3085, 3092, 3080, 3091, 3092, 2278, 3082, 3090, 3094, 3093, 3089, 3095, 3094, 3088, 3096, 3095, 3091, 3093, 3097, 3098, 3091, 3097, 2259, 3092, 3098, 3096, 3084, 3099, 3084, 3100, 3099, 3020, 2266, 3101, 3042, 3103, 3102, 3031, 3104, 3103, 3028, 3105, 3104, 3101, 3022, 3020, 2259, 3101, 2266, 3106, 3025, 3022, 3098, 3106, 3101, 3097, 3105, 3106, 3093, 3104, 3105, 3094, 3103, 3104, 3042, 3107, 3046, 3051, 3107, 3108, 3108, 3050, 3051, 3103, 3096, 3102, 3102, 3099, 3107, 3100, 3107, 3099, 3100, 3050, 3108, 3085, 3050, 3100, 3052, 3050, 3109, 3110, 3050, 3083, 2421, 2928, 2931, 1058, 2929, 2928, 2931, 2930, 2934, 2928, 2932, 2930, 2934, 2933, 2937, 2930, 2935, 2933, 2937, 2936, 2940, 2935, 2936, 2933, 2940, 2939, 2950, 2938, 2939, 2936, 1060, 2942, 2929, 2929, 2943, 2932, 2932, 2944, 2935, 2935, 2945, 2938, 2938, 2946, 2941, 2941, 2947, 2948, 2939, 2948, 2949, 2950, 2949, 2954, 2948, 2951, 2952, 2949, 2952, 2953, 2954, 2953, 3016, 2952, 2955, 2956, 2953, 2956, 2958, 2953, 2957, 3016, 2942, 884, 2960, 2943, 2960, 2962, 2943, 2961, 2944, 2960, 2963, 2962, 2960, 1135, 2964, 2962, 2965, 2961, 2944, 2966, 2945, 2969, 2967, 2972, 2945, 2970, 2946, 2972, 2971, 2975, 2946, 2973, 2947, 2975, 2974, 2977, 2977, 2976, 2979, 2979, 2978, 3111, 2947, 2980, 2951, 2951, 2981, 2955, 2974, 2982, 2984, 2984, 2976, 2974, 2978, 2983, 2992, 2967, 2982, 2971, 2967, 2986, 2985, 2968, 2987, 2986, 2988, 2989, 2987, 2989, 1096, 1086, 2994, 2992, 2983, 2995, 2983, 2984, 2996, 2984, 2982, 2997, 2982, 2985, 2998, 2985, 2986, 2999, 2986, 2987, 2999, 2989, 3005, 2989, 1064, 3005, 3001, 2997, 2998, 3000, 2996, 2997, 3002, 2995, 2996, 3004, 2998, 2999, 3004, 3005, 3006, 3006, 1064, 1065, 3007, 2995, 3003, 3007, 2993, 2994, 3009, 2421, 2931, 3011, 2950, 2954, 3010, 2940, 2950, 3012, 2937, 2940, 2931, 3014, 3009, 1072, 3006, 1065, 2934, 3013, 3014, 3009, 3004, 3006, 3014, 3001, 3004, 3013, 3000, 3001, 3012, 3002, 3000, 3016, 3011, 2954, 3017, 3016, 2957, 3011, 3002, 3010, 3015, 3003, 3011, 3007, 3017, 3008, 2254, 3020, 3021, 2257, 3021, 3024, 3021, 3022, 3023, 3024, 3023, 3027, 3023, 3025, 3026, 3027, 3026, 3029, 3026, 3028, 3032, 3030, 3026, 3032, 3032, 3031, 3041, 3033, 3032, 3041, 2256, 3024, 3034, 3034, 3027, 3035, 3035, 3029, 3036, 3036, 3030, 3037, 3037, 3033, 3039, 3039, 3038, 3044, 3033, 3040, 3038, 3041, 3042, 3040, 3044, 3043, 3048, 3038, 3045, 3043, 3040, 3046, 3045, 3048, 3047, 3052, 3043, 3049, 3047, 3049, 3046, 3051, 2256, 3053, 2088, 3034, 3054, 3053, 3054, 3036, 3056, 3055, 3054, 3057, 2088, 3055, 2328, 3057, 3056, 3059, 3056, 3037, 3058, 3059, 3058, 3061, 3058, 3039, 3060, 3061, 3060, 3063, 3060, 3044, 3062, 3063, 3062, 3065, 3070, 3067, 3068, 3068, 3066, 3074, 3062, 3048, 3064, 3064, 3052, 3109, 3071, 3069, 3087, 3072, 3070, 3068, 3068, 3073, 3072, 3076, 3071, 3087, 3077, 3076, 3078, 3079, 3078, 3080, 3081, 3080, 3082, 3081, 2278, 2287, 3085, 3072, 3073, 3084, 3069, 3072, 3086, 3087, 3069, 3088, 3076, 3087, 3089, 3078, 3076, 3090, 3080, 3078, 3080, 3092, 3082, 2278, 3092, 2260, 3094, 3090, 3089, 3095, 3089, 3088, 3096, 3088, 3086, 3093, 3091, 3090, 3091, 3098, 3092, 3092, 2259, 2260, 3084, 3096, 3086, 3100, 3084, 3085, 2266, 3020, 2253, 3103, 3042, 3031, 3104, 3031, 3028, 3105, 3028, 3025, 3022, 3101, 3106, 3101, 2259, 3098, 3025, 3106, 3105, 3106, 3098, 3097, 3105, 3097, 3093, 3104, 3093, 3094, 3103, 3094, 3095, 3107, 3042, 3102, 3107, 3051, 3046, 3096, 3103, 3095, 3099, 3102, 3096, 3107, 3100, 3108, 3112, 2700, 3113, 2699, 2700, 3112, 2701, 2699, 3112, 3114, 2701, 3112, 3115, 2701, 3114, 3116, 3115, 3114, 3117, 3115, 3116, 3118, 3117, 3116, 3119, 3121, 3120, 3122, 3119, 3120, 3123, 3122, 3120, 3124, 3122, 3123, 3112, 3113, 3125, 3112, 3125, 3126, 3114, 3112, 3126, 3114, 3126, 3127, 3114, 3127, 3128, 3116, 3114, 3128, 3116, 3128, 3129, 3118, 3116, 3129, 3118, 3129, 3130, 3131, 3118, 3130, 3132, 3134, 3133, 3135, 3125, 3136, 3126, 3125, 3135, 3137, 3126, 3135, 3127, 3126, 3137, 3138, 3127, 3137, 3128, 3127, 3138, 3139, 3128, 3138, 3129, 3128, 3139, 3140, 3129, 3139, 3130, 3129, 3140, 3141, 3134, 3142, 3133, 3134, 3141, 3143, 3136, 3144, 3135, 3136, 3143, 3145, 3135, 3143, 3137, 3135, 3145, 3138, 3137, 3145, 3146, 3138, 3145, 3139, 3138, 3146, 3147, 3139, 3146, 3140, 3139, 3147, 3148, 3142, 3149, 3141, 3142, 3148, 3150, 3144, 3151, 3143, 3144, 3150, 3152, 3143, 3150, 3145, 3143, 3152, 3153, 3145, 3152, 3146, 3145, 3153, 3154, 3146, 3153, 3147, 3146, 3154, 3155, 3149, 3154, 3148, 3149, 3155, 3156, 3151, 3157, 3150, 3151, 3156, 3158, 3150, 3156, 3152, 3150, 3158, 3159, 3152, 3158, 3153, 3152, 3159, 3160, 3153, 3159, 3154, 3153, 3160, 3161, 3154, 3160, 3155, 3154, 3161, 3162, 3157, 3163, 3156, 3157, 3162, 3164, 3156, 3162, 3158, 3156, 3164, 3165, 3158, 3164, 3159, 3158, 3165, 3166, 3159, 3165, 3160, 3159, 3166, 3167, 3160, 3166, 3161, 3160, 3167, 3168, 3163, 3169, 3162, 3163, 3168, 3170, 3162, 3168, 3164, 3162, 3170, 3171, 3164, 3170, 3165, 3164, 3171, 3172, 3165, 3171, 3166, 3165, 3172, 3173, 3166, 3172, 3167, 3166, 3173, 3174, 3169, 3175, 3168, 3169, 3174, 3176, 3168, 3174, 3170, 3168, 3176, 3177, 3170, 3176, 3171, 3170, 3177, 3178, 3171, 3177, 3172, 3171, 3178, 3179, 3172, 3178, 3173, 3172, 3179, 3174, 3175, 3180, 3174, 3180, 3181, 3176, 3174, 3181, 3176, 3181, 3182, 3176, 3182, 3183, 3177, 3176, 3183, 3177, 3183, 3184, 3178, 3177, 3184, 3178, 3184, 3185, 3179, 3178, 3185, 3179, 3185, 3186, 2700, 1965, 3113, 3151, 1950, 3157, 3144, 1950, 3151, 3136, 1950, 3144, 3136, 1958, 1950, 3125, 1958, 3136, 3113, 1965, 3125, 3157, 1942, 1997, 3175, 1990, 3180, 3175, 1992, 1990, 3175, 1994, 1992, 3169, 1994, 3175, 3163, 1994, 3169, 3163, 1996, 1994, 3157, 1997, 3163, 2428, 3180, 1988, 1988, 3180, 1990, 3187, 1972, 2700, 2428, 3188, 3180, 3115, 2700, 2701, 3119, 3182, 3181, 3115, 3187, 2700, 3117, 3187, 3115, 3119, 3188, 3189, 3119, 3180, 3188, 3119, 3181, 3180, 3185, 3184, 3190, 3182, 3184, 3183, 3122, 3182, 3119, 3124, 3182, 3122, 3190, 3182, 3124, 3190, 3184, 3182, 3185, 3190, 3191, 3185, 3191, 3192, 3193, 3194, 3167, 3192, 3186, 3185, 3193, 3186, 3192, 3193, 3179, 3186, 3193, 3173, 3179, 3193, 3167, 3173, 3167, 3194, 3161, 3125, 1965, 1958, 3157, 1950, 1942, 3163, 1997, 1996, 1972, 3187, 1979, 1965, 2700, 1972]
        point3f[] points = [(-0.12792398, -0.20519403, 0.15313898), (-0.13358898, -0.20567603, 0.12214598), (-0.14008799, -0.18712203, 0.13691199), (-0.11759599, -0.22299103, 0.14996198), (-0.11933099, -0.22594702, 0.11424397), (-0.10148198, -0.24143903, 0.12059997), (-0.11242899, -0.22200803, 0.16930398), (-0.08891599, -0.24641302, 0.14616698), (-0.12104499, -0.20191503, 0.17533799), (-0.137009, -0.17719403, 0.15592998), (-0.130555, -0.16943203, 0.17761798), (-0.12459599, -0.16597503, 0.19005698), (-0.11692499, -0.19685203, 0.18756099), (-0.114695, -0.16097103, 0.20902498), (-0.107274994, -0.19126703, 0.20334798), (-0.090519994, -0.18430401, 0.22528198), (-0.086192995, -0.21302201, 0.22016399), (-0.100030996, -0.21766102, 0.20033999), (-0.08545199, -0.22754002, 0.20981799), (-0.08310499, -0.23834002, 0.19414498), (-0.086845994, -0.24656801, 0.17412698), (-0.107935995, -0.22148503, 0.18205899), (-0.085031986, -0.252934, 0.13034098), (-0.07546399, -0.26036504, 0.17280397), (-0.06280099, -0.276055, 0.14616098), (-0.07021698, -0.26757002, 0.19733498), (-0.06454699, -0.27443403, 0.17340897), (-0.07419299, -0.25768104, 0.21045098), (-0.07648199, -0.24543001, 0.22638398), (-0.07728899, -0.22218901, 0.23685898), (-0.07900299, -0.20755301, 0.23746498), (-0.08484, -0.18039201, 0.23459998), (-0.104308, -0.15363203, 0.23155798), (-0.050347984, -0.28724602, 0.17398497), (-0.046049986, -0.292175, 0.14792296), (-0.05349499, -0.28163004, 0.20461898), (-0.05710699, -0.27081403, 0.22115497), (-0.058266994, -0.25457302, 0.23895998), (-0.06203199, -0.22690001, 0.25042596), (-0.062607996, -0.20351101, 0.25041696), (-0.069085, -0.17942001, 0.24908598), (-0.088704, -0.14869201, 0.24864599), (-0.001248986, -0.28771302, 0.17747597), (-0.0012489844, -0.293872, 0.15072997), (-0.0012489877, -0.28212404, 0.20735598), (-0.0012489894, -0.27034602, 0.22497497), (-0.0012489915, -0.25234404, 0.24028799), (-0.001248994, -0.22516501, 0.25416797), (-0.0012489964, -0.19589302, 0.25535098), (-0.0012489983, -0.16741002, 0.250904), (-0.001249001, -0.12858902, 0.24635099), (-0.092175975, -0.272557, 0.036094975), (-0.10499199, -0.256943, 0.054209974), (-0.08337699, -0.279737, 0.07732598), (-0.068742976, -0.296312, 0.064793974), (-0.06909399, -0.28441, 0.10018798), (-0.08819599, -0.271, 0.08903797), (-0.10713699, -0.24937901, 0.08115897), (-0.106586985, -0.24296603, 0.09595597), (-0.12798698, -0.23839404, 0.08612897), (-0.05515398, -0.297361, 0.11120098), (-0.042430982, -0.305644, 0.12053897), (-0.001248982, -0.308763, 0.12383997), (-0.0012489809, -0.317037, 0.11049097), (-0.04288198, -0.31537, 0.10845997), (-0.052688982, -0.306812, 0.09566197), (-0.12699504, 0.36249596, 0.24795403), (-0.10939704, 0.36656797, 0.26015902), (-0.115674034, 0.34526497, 0.26833504), (-0.11437004, 0.39010996, 0.26123402), (-0.08903304, 0.37288797, 0.26594803), (-0.10905204, 0.34502497, 0.27621502), (-0.122177035, 0.32652798, 0.27893904), (-0.14272803, 0.32356098, 0.24297503), (-0.122168034, 0.30147198, 0.28065702), (-0.13012503, 0.28057596, 0.27796602), (-0.14609203, 0.25777698, 0.25399604), (-0.12762403, 0.26232898, 0.28128102), (-0.13080803, 0.24011196, 0.27527103), (-0.12715903, 0.18592295, 0.26537004), (-0.13736303, 0.18349098, 0.24881001), (-0.08996303, 0.25902498, 0.28459802), (-0.08887603, 0.18838798, 0.27808604), (-0.07972304, 0.32735896, 0.28186902), (-0.07567704, 0.34803197, 0.27834702), (-0.07743904, 0.37892497, 0.26854602), (-0.09101904, 0.39345896, 0.26624304), (-0.07211605, 0.39490998, 0.26679504), (-0.056448042, 0.39173296, 0.27011704), (-0.059883036, 0.32659498, 0.28653303), (-0.062300034, 0.25599796, 0.29082704), (-0.061561026, 0.19130297, 0.28398603), (-0.064494014, 0.09801497, 0.25644), (-0.10704401, 0.09650797, 0.23967202), (-0.0012490274, 0.19798297, 0.28740102), (-0.0012490193, 0.10331598, 0.262959), (-0.0012490322, 0.25702697, 0.29251704), (-0.001249037, 0.32399598, 0.28699803), (-0.0012490415, 0.39318296, 0.27096203), (-0.15608302, -0.110641055, 0.463852), (-0.15011102, -0.10514205, 0.435419), (-0.14628701, -0.09678704, 0.436432), (-0.15002601, -0.14447007, 0.453151), (-0.14299701, -0.13491605, 0.42658), (-0.14131501, -0.12237904, 0.429787), (-0.13408001, -0.15015505, 0.454024), (-0.13098602, -0.14017606, 0.42661), (-0.15430401, -0.09942506, 0.475337), (-0.15645102, -0.09934405, 0.466392), (-0.15530401, -0.09732706, 0.490152), (-0.15258801, -0.11001506, 0.485861), (-0.14806502, -0.11149606, 0.493102), (-0.15025601, -0.15551107, 0.476864), (-0.13525002, -0.15898006, 0.473625), (-0.14337802, -0.11446504, 0.430241), (-0.15811402, -0.117236055, 0.460315), (-0.12837201, -0.09535005, 0.49271), (-0.13254501, -0.11064705, 0.499033), (-0.11589102, -0.12544906, 0.492518), (-0.13254501, -0.11064705, 0.499033), (-0.11258201, -0.10586804, 0.468627), (-0.11149901, -0.100491054, 0.489725), (-0.13225701, -0.094842054, 0.472803), (-0.13093902, -0.09403104, 0.439472), (-0.11719002, -0.09963705, 0.431432), (-0.15074301, -0.12723006, 0.45536), (-0.15296501, -0.13805807, 0.478667), (-0.15770102, -0.12515005, 0.482504), (-0.15640901, -0.118315056, 0.484855), (-0.12439301, -0.15270206, 0.47504), (-0.121226005, -0.14132006, 0.4478), (-0.10666701, -0.11868104, 0.464006), (-0.10666701, -0.11868104, 0.464006), (-0.111879006, -0.13255405, 0.452361), (-0.11435601, -0.14080906, 0.478047), (-0.11264901, -0.116136044, 0.427077), (-0.11170301, -0.122906044, 0.428398), (-0.12279601, -0.13680406, 0.429097), (-0.11264901, -0.116136044, 0.427077), (-0.15671106, 0.596382, 0.24201004), (-0.14624906, 0.61998, 0.28165007), (-0.11918906, 0.60378, 0.27004007), (-0.17185706, 0.60864, 0.24537104), (-0.15932406, 0.632749, 0.29934305), (-0.17702205, 0.623981, 0.24312605), (-0.17173105, 0.647322, 0.29624406), (-0.17885906, 0.638532, 0.23525004), (-0.17558905, 0.664088, 0.29347405), (-0.17289805, 0.655538, 0.22639404), (-0.17241006, 0.682204, 0.28834605), (-0.10711807, 0.706536, 0.23354906), (-0.121217065, 0.724043, 0.27698305), (-0.14334506, 0.722784, 0.27672207), (-0.14098206, 0.703191, 0.23341306), (-0.14065506, 0.695924, 0.21450906), (-0.11525806, 0.698462, 0.21461406), (-0.16410907, 0.65637296, 0.35535806), (-0.16607706, 0.6735829, 0.35834306), (-0.16778207, 0.67117095, 0.40196005), (-0.16858307, 0.653153, 0.33166707), (-0.17067505, 0.672273, 0.33173206), (-0.16982105, 0.678244, 0.33065706), (-0.15888707, 0.68994594, 0.36241707), (-0.16231008, 0.6851829, 0.40316707), (-0.15943006, 0.697137, 0.32633305), (-0.15475605, 0.701932, 0.28480607), (-0.15077907, 0.7068709, 0.36250705), (-0.15154308, 0.70024997, 0.40467405), (-0.14788808, 0.716717, 0.32658306), (-0.15611807, 0.6467819, 0.35701206), (-0.16596007, 0.65798694, 0.40158206), (-0.15589206, 0.640834, 0.32982805), (-0.13941406, 0.62868, 0.30667806), (-0.13630407, 0.642644, 0.33687407), (-0.14039107, 0.65041995, 0.36338606), (-0.15531006, 0.64919496, 0.39658806), (-0.14297806, 0.65293896, 0.39480105), (-0.12841406, 0.65196, 0.33900005), (-0.123436056, 0.639974, 0.31107107), (-0.13184206, 0.6682639, 0.36691305), (-0.121841066, 0.664606, 0.33924207), (-0.12841406, 0.65196, 0.33900005), (-0.11446006, 0.655993, 0.30704305), (-0.120941065, 0.685461, 0.33603105), (-0.111502066, 0.678804, 0.29088005), (-0.13036308, 0.68271697, 0.36718106), (-0.13477607, 0.66649497, 0.39760005), (-0.13597508, 0.6834539, 0.40181607), (-0.11092107, 0.705593, 0.28738505), (-0.10249106, 0.693563, 0.24867806), (-0.10172006, 0.667537, 0.26524505), (-0.12301607, 0.712112, 0.32555705), (-0.13146107, 0.6990209, 0.36604905), (-0.13682407, 0.69247395, 0.40080205), (-0.13415207, 0.718573, 0.32698807), (-0.13747807, 0.71043897, 0.37044907), (-0.14361107, 0.70414495, 0.40397105), (-0.14626107, 0.69943, 0.24109507), (-0.128898, -0.14496705, 0.345153), (-0.141779, -0.13880004, 0.349241), (-0.142029, -0.13021204, 0.387352), (-0.129437, -0.14861305, 0.322307), (-0.144594, -0.14316905, 0.322586), (-0.131033, -0.14946404, 0.27324), (-0.14476, -0.14450404, 0.275914), (-0.136399, -0.15052503, 0.24539699), (-0.153422, -0.14677803, 0.24818999), (-0.14574102, -0.099826045, 0.390732), (-0.14155902, -0.090599045, 0.395156), (-0.15140101, -0.09554304, 0.357251), (-0.14747801, -0.08584904, 0.358476), (-0.154083, -0.097057045, 0.331028), (-0.15283102, -0.082088046, 0.328154), (-0.159235, -0.096603036, 0.284449), (-0.15636, -0.073920034, 0.287291), (-0.166986, -0.08608804, 0.2587), (-0.13408801, -0.08697405, 0.396382), (-0.13986301, -0.076018035, 0.35749), (-0.14086701, -0.067048036, 0.328906), (-0.14826402, -0.06380904, 0.284299), (-0.160824, -0.06900604, 0.258343), (-0.12567002, -0.08816204, 0.390881), (-0.12518801, -0.07837304, 0.356448), (-0.124988005, -0.069373034, 0.327118), (-0.12705702, -0.058328036, 0.285931), (-0.151267, -0.059388034, 0.257795), (-0.112243004, -0.102771044, 0.384655), (-0.110809006, -0.090380035, 0.351857), (-0.10974701, -0.08500104, 0.326467), (-0.10897501, -0.07765903, 0.270681), (-0.11182201, -0.05485803, 0.24784), (-0.131936, -0.13385604, 0.387148), (-0.162815, -0.13119704, 0.25548), (-0.15819, -0.13194504, 0.276571), (-0.14845902, -0.11972005, 0.388362), (-0.158791, -0.12830704, 0.327581), (-0.14892901, -0.10981705, 0.39068), (-0.162303, -0.112605035, 0.27618), (-0.172626, -0.110415034, 0.24864197), (-0.158332, -0.11581104, 0.33161), (-0.153658, -0.11251404, 0.3638), (-0.153067, -0.12637505, 0.358834), (-0.09930301, -0.07815303, 0.250777), (-0.095958, -0.09724203, 0.24993698), (-0.10974701, -0.08500104, 0.326467), (-0.10897501, -0.07765903, 0.270681), (-0.10574001, -0.10025103, 0.264041), (-0.110809006, -0.090380035, 0.351857), (-0.101766005, -0.10140504, 0.325041), (-0.11651701, -0.13281104, 0.384157), (-0.11023701, -0.12881604, 0.339218), (-0.107214004, -0.11414904, 0.389526), (-0.112243004, -0.102771044, 0.384655), (-0.102726005, -0.10539104, 0.350652), (-0.10574001, -0.10025103, 0.264041), (-0.095958, -0.09724203, 0.24993698), (-0.097678, -0.13531101, 0.24972498), (-0.103958, -0.13983305, 0.274831), (-0.10709601, -0.13248704, 0.316899), (-0.149347, -0.16333704, 0.19399399), (-0.142317, -0.15866102, 0.21638398), (-0.167364, -0.15677403, 0.19798398), (-0.159566, -0.15234903, 0.22160399), (-0.182778, -0.13586803, 0.19297497), (-0.16944, -0.13705103, 0.23090199), (-0.184603, -0.11045903, 0.19931097), (-0.178932, -0.10992204, 0.23031297), (-0.180843, -0.07844103, 0.19835599), (-0.174283, -0.08012104, 0.23350099), (-0.172478, -0.06204003, 0.20163499), (-0.169373, -0.065064035, 0.228359), (-0.162512, -0.05155103, 0.204468), (-0.154905, -0.055327028, 0.224768), (-0.134235, -0.03855503, 0.201457), (-0.154567, -0.16902803, 0.17717898), (-0.168883, -0.16448203, 0.17329298), (-0.185728, -0.14499404, 0.16882098), (-0.190281, -0.11576003, 0.17079698), (-0.185933, -0.08538003, 0.17083298), (-0.180973, -0.06627703, 0.17679198), (-0.174022, -0.05275103, 0.18036698), (-0.145192, -0.032678027, 0.178525), (-0.160816, -0.17605104, 0.15036298), (-0.19115, -0.12028403, 0.14458898), (-0.187694, -0.08370003, 0.15160298), (-0.18432, -0.15026303, 0.14625597), (-0.176473, -0.16606003, 0.15012297), (-0.179661, -0.05124803, 0.15498199), (-0.187794, -0.06810703, 0.15485398), (-0.0012489603, -0.33737797, -0.32648903), (-0.001248964, -0.29614797, -0.31222302), (-0.0066329637, -0.29988196, -0.31048304), (-0.012644961, -0.33526498, -0.32426503), (-0.027971964, -0.30416998, -0.30141804), (-0.02456896, -0.33813596, -0.31909603), (-0.04803296, -0.30763397, -0.27928802), (-0.047549963, -0.34192997, -0.29351702), (-0.054565966, -0.31208697, -0.25720602), (-0.05477796, -0.35156098, -0.27544603), (-0.061074965, -0.31660596, -0.23508203), (-0.06430896, -0.35780498, -0.25009403), (-0.07400997, -0.32412398, -0.19064602), (-0.072785966, -0.37293696, -0.21522003), (-0.07993897, -0.328293, -0.14305504), (-0.07825896, -0.381597, -0.16707003), (-0.07983097, -0.342612, -0.08063703), (-0.07245296, -0.386467, -0.11143104), (-0.07453097, -0.349087, -0.042228032), (-0.06288597, -0.395947, -0.074539036), (-0.06618197, -0.355099, -0.026305035), (-0.058237966, -0.399338, -0.064376034), (-0.057161976, -0.358051, -0.0118680345), (-0.049684968, -0.40461, -0.053581037), (-0.041687973, -0.367515, 0.012726966), (-0.039130967, -0.408648, -0.042087037), (-0.030764973, -0.379478, 0.018911965), (-0.029070968, -0.414414, -0.028878037), (-0.0012489726, -0.374922, 0.022025967), (-0.0012489571, -0.37003598, -0.34167904), (-0.017401958, -0.37055996, -0.33881202), (-0.024857953, -0.41285297, -0.36347604), (-0.032337964, -0.448812, -0.06830404), (-0.0012489635, -0.44466, -0.06504304), (-0.0012489596, -0.475707, -0.10128505), (-0.040168963, -0.438426, -0.075049035), (-0.03042996, -0.474807, -0.09894204), (-0.050332963, -0.434053, -0.088479035), (-0.062171962, -0.43209, -0.10481204), (-0.04845196, -0.472345, -0.10609204), (-0.073865965, -0.427964, -0.13448805), (-0.064312965, -0.466531, -0.12597005), (-0.08285696, -0.41609898, -0.18670703), (-0.07943595, -0.462347, -0.16386305), (-0.07655596, -0.40087697, -0.23057503), (-0.08614196, -0.45398396, -0.20446505), (-0.06607196, -0.39136496, -0.26792002), (-0.08067995, -0.43786496, -0.24416904), (-0.06204096, -0.38360196, -0.29122102), (-0.07619695, -0.43722597, -0.27788603), (-0.05120196, -0.37388298, -0.31152904), (-0.07095195, -0.42666498, -0.30998102), (-0.029628957, -0.37085897, -0.33123502), (-0.05207895, -0.41774997, -0.34747103), (-0.03931495, -0.41577497, -0.35680404), (-0.001248976, -0.351192, 0.05885597), (-0.03292998, -0.352286, 0.06025997), (-0.027636968, -0.25371996, -0.28792304), (-0.0012489676, -0.25494596, -0.29903403), (-0.0012489728, -0.19453996, -0.28469503), (-0.04767297, -0.25724798, -0.26575503), (-0.033124972, -0.19792198, -0.27823702), (-0.05676397, -0.26315498, -0.24237102), (-0.054977972, -0.20514096, -0.25914702), (-0.06629397, -0.26939896, -0.21701802), (-0.067797974, -0.22277199, -0.23406601), (-0.07907897, -0.27552396, -0.17239103), (-0.08186097, -0.22825499, -0.20233901), (-0.08228997, -0.29033, -0.12352202), (-0.092759974, -0.24140699, -0.16032502), (-0.09159398, -0.308062, -0.06276604), (-0.098119974, -0.25879, -0.11233403), (-0.104691975, -0.268792, -0.07407603), (-0.10372598, -0.282517, -0.04305003), (-0.08619798, -0.319898, -0.027209032), (-0.07319498, -0.324593, -0.0036200318), (-0.102334976, -0.285842, -0.01362003), (-0.06106198, -0.329851, 0.02392297), (-0.083145976, -0.291059, 0.01982397), (-0.04472698, -0.343517, 0.047053967), (-0.0012489675, -0.413575, -0.029594036), (-0.11462498, -0.248014, -0.10842903), (-0.11345598, -0.259611, -0.06333403), (-0.11426198, -0.265515, -0.034755025), (-0.11426398, -0.25817, 0.020163972), (-0.11414098, -0.265511, -0.0072400286), (-0.09529598, -0.20347199, -0.19572401), (-0.11177098, -0.217091, -0.15723701), (-0.10738098, -0.222008, -0.15583302), (-0.14870699, -0.22660503, 0.08596097), (-0.15564299, -0.23464702, 0.06628097), (-0.15453498, -0.23668201, 0.03249997), (-0.13016598, -0.24976501, 0.05764397), (-0.16249299, -0.24328901, -0.0052270284), (-0.12643199, -0.251653, 0.030793972), (-0.16085298, -0.24636002, -0.032707028), (-0.13747798, -0.256627, -0.006367028), (-0.15241599, -0.23803002, -0.07071203), (-0.14153199, -0.256207, -0.03472503), (-0.13190597, -0.230855, -0.11649203), (-0.13492398, -0.252342, -0.06219703), (-0.122350976, -0.236177, -0.11494203), (-0.103299975, -0.226456, -0.15759802), (-0.0012489755, -0.16126896, -0.281658), (-0.029612975, -0.16193797, -0.276531), (-0.055023976, -0.16990297, -0.260522), (-0.087160975, -0.18852398, -0.22018701), (-0.16068399, -0.19556104, 0.11700898), (-0.15792699, -0.17975503, 0.13573499), (-0.03472398, -0.15202397, -0.272125), (-0.052669976, -0.15630098, -0.264363), (-0.082673974, -0.17097798, -0.23140101), (-0.105618976, -0.182962, -0.20060201), (-0.120633975, -0.195755, -0.16801101), (-0.14526099, -0.203948, -0.123322025), (-0.16446699, -0.21175002, -0.08363602), (-0.17937298, -0.21904902, -0.039684027), (-0.18536799, -0.21985601, 0.005244973), (-0.18043098, -0.21231902, 0.038135976), (-0.17925298, -0.21031201, 0.061944973), (-0.16536598, -0.20162703, 0.09286698), (-0.18872, -0.14323802, 0.10394098), (-0.19945098, -0.15824501, 0.055923976), (-0.0012489795, -0.10876898, -0.28155), (-0.02919798, -0.110832974, -0.276644), (-0.20234099, -0.16254902, 0.029261976), (-0.20509699, -0.16341701, 0.008435977), (-0.19941498, -0.15396301, -0.04483402), (-0.18131198, -0.14479502, -0.08355402), (-0.16148998, -0.137322, -0.13053802), (-0.13684799, -0.13454, -0.17810601), (-0.100723974, -0.118992984, -0.22847502), (-0.06477598, -0.11309299, -0.254879), (-0.04205498, -0.10943798, -0.27002), (-0.0012489924, 0.058116022, -0.274179), (-0.0012489983, 0.13667503, -0.272488), (-0.026539998, 0.13838702, -0.265242), (-0.04557399, 0.05747302, -0.252677), (-0.046669, 0.13623501, -0.251344), (-0.07390999, 0.059353016, -0.232826), (-0.068914, 0.12809801, -0.23571998), (-0.11147499, 0.053882007, -0.189869), (-0.100331, 0.125482, -0.20456299), (-0.138771, 0.038683005, -0.155249), (-0.130268, 0.135267, -0.17870499), (-0.158486, 0.028615, -0.119164005), (-0.172164, 0.123803996, -0.123829), (-0.187836, 0.025789991, -0.060054004), (-0.198633, 0.088728994, -0.055963), (-0.195258, 0.027597986, -0.030983007), (-0.2091, 0.08874598, -0.023594001), (-0.198901, 0.024067985, -0.0069930064), (-0.214704, 0.09224998, 0.0029919988), (-0.201824, 0.025067983, 0.015644992), (-0.21686701, 0.08823598, 0.029349998), (-0.196845, 0.02247798, 0.048201997), (-0.21574402, 0.08752998, 0.061243996), (-0.180675, 0.02024298, 0.08238199), (-0.21072102, 0.08693498, 0.099334), (-0.174791, 0.024286978, 0.10020699), (-0.19852701, 0.09054297, 0.135498), (-0.16170801, 0.025677973, 0.140514), (-0.17383702, 0.08785197, 0.178022), (-0.14617002, 0.023084974, 0.16817), (-0.14755201, 0.090085976, 0.20686302), (-0.13203202, 0.027144974, 0.191144), (-0.12160201, 0.08880797, 0.22136602), (-0.115843005, 0.028395971, 0.203654), (-0.09190602, 0.029970972, 0.228677), (-0.067262016, 0.029924974, 0.235639), (-0.0012490038, 0.20959303, -0.27313998), (-0.0012490075, 0.25968102, -0.27437598), (-0.030532008, 0.26164204, -0.26683298), (-0.025070004, 0.20843004, -0.26560098), (-0.043961007, 0.26131502, -0.25850996), (-0.043193005, 0.21559203, -0.25627196), (-0.07097301, 0.27215004, -0.24971998), (-0.062477004, 0.21259801, -0.24652898), (-0.10211301, 0.26763302, -0.23464698), (-0.08692401, 0.20182702, -0.23176399), (-0.12099601, 0.27972803, -0.21000597), (-0.11140101, 0.203872, -0.20568198), (-0.13306102, 0.31685302, -0.18972597), (-0.15404202, 0.237482, -0.15840998), (-0.18159701, 0.326054, -0.14206299), (-0.21306302, 0.19170098, -0.072395995), (-0.23212501, 0.29196298, -0.06920298), (-0.23289801, 0.17270498, -0.025995994), (-0.25052902, 0.27513996, -0.028471988), (-0.24091302, 0.17073098, -0.0007169956), (-0.26593503, 0.25803196, 0.02246301), (-0.24402002, 0.16821298, 0.035144005), (-0.26895204, 0.25752196, 0.09135101), (-0.24926801, 0.17192599, 0.078770004), (-0.26017302, 0.25304097, 0.143517), (-0.23908001, 0.17026497, 0.130631), (-0.23789702, 0.25023594, 0.187525), (-0.22077002, 0.18011697, 0.179706), (-0.20784304, 0.25606093, 0.21989802), (-0.19594103, 0.18489598, 0.211672), (-0.18498403, 0.25635797, 0.23496002), (-0.17234303, 0.18495297, 0.227919), (-0.0012490113, 0.30985704, -0.27635098), (-0.0012490147, 0.35915804, -0.28138196), (-0.022252016, 0.36483702, -0.27673298), (-0.02515101, 0.31426203, -0.26973897), (-0.044680014, 0.36673304, -0.26917896), (-0.04735501, 0.32382104, -0.26421398), (-0.08212701, 0.37698203, -0.26090598), (-0.08652402, 0.33371404, -0.25324497), (-0.115391016, 0.38417703, -0.25417498), (-0.12099601, 0.33816904, -0.23771097), (-0.14330302, 0.39446104, -0.24148197), (-0.13021001, 0.34910804, -0.21934697), (-0.16648902, 0.41769803, -0.22054897), (-0.15022701, 0.37480304, -0.18782596), (-0.18235703, 0.41791502, -0.17785099), (-0.17485902, 0.362509, -0.15427598), (-0.19617403, 0.402437, -0.13794799), (-0.19858602, 0.35419497, -0.12739098), (-0.21400402, 0.39475098, -0.09055397), (-0.23049504, 0.34991297, -0.06698098), (-0.22782902, 0.40637797, -0.046798974), (-0.24566303, 0.34308198, -0.026229981), (-0.23899104, 0.40797096, 0.0035440251), (-0.26719704, 0.33932698, 0.05363102), (-0.24564204, 0.39314896, 0.10966803), (-0.25821102, 0.34306797, 0.13656601), (-0.22964904, 0.39010796, 0.14901301), (-0.23667003, 0.34055993, 0.17940001), (-0.20721704, 0.39422694, 0.17719202), (-0.21418703, 0.33113295, 0.20992601), (-0.17636004, 0.39506096, 0.19421302), (-0.197423, -0.084480025, 0.105869986), (-0.191396, -0.08512203, 0.13471198), (-0.0012489834, -0.055616975, -0.281261), (-0.036239985, -0.056537982, -0.274905), (-0.046686985, -0.059892982, -0.26737), (-0.064359985, -0.061986983, -0.254993), (-0.09344798, -0.06321499, -0.233682), (-0.117852986, -0.06513199, -0.21022), (-0.15687798, -0.073559, -0.147906), (-0.16931799, -0.075371005, -0.12159102), (-0.18571198, -0.082903005, -0.06638701), (-0.19194299, -0.08588502, -0.035584014), (-0.197297, -0.08766802, -0.0033180162), (-0.200559, -0.088266015, 0.029574983), (-0.204407, -0.090542026, 0.06425299), (-0.120629005, -0.035510026, 0.212559), (-0.10803901, -0.013981027, 0.209095), (-0.09201001, -0.016895028, 0.229462), (-0.06961801, -0.018919026, 0.240885), (-0.0012490083, -0.029308021, 0.243079), (-0.0012490047, -0.07894802, 0.244715), (-0.130746, -0.018250026, 0.191429), (-0.161943, -0.036928024, 0.148535), (-0.175309, -0.042488024, 0.08857099), (-0.158849, -0.023566024, 0.145878), (-0.141998, -0.019973027, 0.170519), (-0.0012490128, 0.02764198, 0.244949), (-0.18512703, 0.32344896, 0.22639701), (-0.0012490167, 0.38613904, -0.28458598), (-0.022317016, 0.38849804, -0.27870098), (-0.043360017, 0.39328003, -0.27148998), (-0.08452401, 0.39662504, -0.26399997), (-0.114871025, 0.40415204, -0.26071998), (-0.15581402, 0.42252204, -0.24690697), (-0.17642003, 0.44449002, -0.21917097), (-0.18714803, 0.44636202, -0.17080297), (-0.19154203, 0.457961, -0.10366297), (-0.19692603, 0.456188, -0.07144497), (-0.20457703, 0.45851198, -0.045516968), (-0.21699002, 0.45602798, -0.0055279694), (-0.22173603, 0.45724398, 0.044187028), (-0.20514104, 0.46275097, 0.08483503), (-0.18590905, 0.454107, 0.12101203), (-0.17052205, 0.450118, 0.14847504), (-0.0012490205, 0.43736404, -0.28771198), (-0.02036602, 0.43852103, -0.28175798), (-0.040205024, 0.44333103, -0.27529296), (-0.06950602, 0.44809702, -0.27323198), (-0.12812804, 0.47720602, -0.25471896), (-0.16867703, 0.48765004, -0.21863995), (-0.18112303, 0.48517603, -0.17869897), (-0.18358202, 0.490411, -0.12782797), (-0.18844803, 0.493013, -0.08642996), (-0.19551603, 0.491592, -0.065088965), (-0.20651603, 0.47770697, -0.036922965), (-0.21614704, 0.47211796, -0.006222968), (-0.21791404, 0.48047996, 0.04309203), (-0.20227504, 0.49355796, 0.08249704), (-0.17655504, 0.496175, 0.11861604), (-0.16313605, 0.495121, 0.13753805), (-0.15296204, 0.493518, 0.14292005), (-0.14968304, 0.454007, 0.16031304), (-0.14195104, 0.40277097, 0.20357403), (-0.14404805, 0.38864496, 0.21060503), (-0.14056404, 0.36215398, 0.22883902), (-0.0012490249, 0.49729103, -0.28998297), (-0.023022026, 0.500785, -0.28628096), (-0.037320025, 0.504024, -0.28190598), (-0.06940003, 0.5099, -0.27611598), (-0.12796003, 0.515347, -0.25563493), (-0.17144004, 0.520642, -0.21362597), (-0.18551902, 0.534844, -0.16749197), (-0.19067003, 0.53519, -0.12115796), (-0.19608603, 0.528586, -0.08638296), (-0.20154002, 0.513185, -0.060298964), (-0.21131803, 0.49934098, -0.032955963), (-0.22339505, 0.49845496, -0.0032229663), (-0.22261405, 0.517785, 0.058809035), (-0.20076305, 0.531742, 0.10827104), (-0.17875305, 0.534214, 0.14667803), (-0.16562304, 0.535363, 0.16108005), (-0.15249205, 0.536513, 0.17548205), (-0.001249031, 0.587303, -0.30208093), (-0.011818032, 0.594139, -0.30002093), (-0.035676032, 0.597987, -0.29469994), (-0.06341903, 0.598892, -0.28748393), (-0.09638603, 0.6008, -0.27510595), (-0.13907602, 0.601153, -0.24836394), (-0.17597602, 0.596031, -0.19883497), (-0.19827205, 0.578307, -0.13172497), (-0.20102005, 0.572615, -0.10358196), (-0.20164305, 0.570229, -0.08822595), (-0.20842105, 0.562804, -0.04761696), (-0.21700704, 0.556448, -0.012573961), (-0.22080204, 0.553517, 0.016786039), (-0.21760204, 0.548512, 0.06541604), (-0.19863304, 0.555998, 0.12911902), (-0.18488304, 0.577435, 0.19032402), (-0.0012490354, 0.651514, -0.31518993), (-0.009289036, 0.65396, -0.31004295), (-0.035451036, 0.657826, -0.29467195), (-0.058388036, 0.657454, -0.29071993), (-0.09019804, 0.662761, -0.28182793), (-0.12468104, 0.659081, -0.26103693), (-0.14935805, 0.650157, -0.23022494), (-0.17839704, 0.63464, -0.17390695), (-0.19148204, 0.6182, -0.11920196), (-0.19387804, 0.612662, -0.07402995), (-0.19593604, 0.612093, -0.041881956), (-0.20430905, 0.59636, -0.012347957), (-0.21203105, 0.590429, 0.037766043), (-0.21273805, 0.585258, 0.08019304), (-0.19968605, 0.586578, 0.13948403), (-0.18854606, 0.602457, 0.19088204), (-0.0012490412, 0.707409, -0.27866194), (-0.001249043, 0.725486, -0.26778194), (-0.051147044, 0.727377, -0.26542494), (-0.06105504, 0.702013, -0.28509593), (-0.08191504, 0.72855, -0.24941994), (-0.08853804, 0.707815, -0.27188995), (-0.097447045, 0.72632, -0.22810595), (-0.10975804, 0.698903, -0.25184593), (-0.112139046, 0.720536, -0.20289195), (-0.13561304, 0.689358, -0.22564694), (-0.12129004, 0.715173, -0.17420495), (-0.14458005, 0.684117, -0.18837593), (-0.14065404, 0.705258, -0.12109195), (-0.15637404, 0.676508, -0.12575693), (-0.15664405, 0.693888, -0.060010947), (-0.17193705, 0.663313, -0.07223095), (-0.16699904, 0.685126, -0.027811948), (-0.18454204, 0.652629, -0.035561953), (-0.17647004, 0.670814, 0.002699051), (-0.19257204, 0.641127, -0.0053079524), (-0.18414506, 0.661515, 0.05555205), (-0.20289305, 0.630985, 0.05410805), (-0.18063205, 0.66075, 0.10485305), (-0.20328605, 0.630053, 0.097208045), (-0.16882005, 0.66481, 0.15687107), (-0.19311406, 0.635795, 0.15750805), (-0.15875205, 0.669239, 0.19792005), (-0.17961206, 0.642878, 0.19871704), (-0.15286607, 0.675335, 0.22131506), (-0.0012490458, 0.754278, -0.25234094), (-0.047696047, 0.76125, -0.25035095), (-0.06944604, 0.755425, -0.23104094), (-0.080145046, 0.753325, -0.21278694), (-0.09151504, 0.748686, -0.18765195), (-0.09804605, 0.746283, -0.15999694), (-0.111041054, 0.737314, -0.11582194), (-0.13452904, 0.724987, -0.06407994), (-0.14573306, 0.712357, -0.025227943), (-0.15110105, 0.7031, 0.017584054), (-0.15609805, 0.691295, 0.06648705), (-0.16103207, 0.682318, 0.107321054), (-0.15255406, 0.683067, 0.15383106), (-0.14526506, 0.689269, 0.18498106), (-0.0012490473, 0.75729, -0.22333995), (-0.03456505, 0.757277, -0.21286593), (-0.043805048, 0.756001, -0.20050794), (-0.05110005, 0.755094, -0.18230894), (-0.058677047, 0.751407, -0.16456693), (-0.059584048, 0.750135, -0.14704295), (-0.06737705, 0.744934, -0.11056493), (-0.083772056, 0.73535, -0.06093094), (-0.098575056, 0.727452, -0.02231994), (-0.116378054, 0.717707, 0.019550057), (-0.11869906, 0.709582, 0.05377406), (-0.12616307, 0.690241, 0.11474505), (-0.15330504, 0.561085, 0.20514305), (-0.14057006, 0.581307, 0.23745404), (-0.0012489766, -0.14774898, -0.279887), (-0.11339306, 0.615958, 0.28266805), (-0.13477607, 0.66649497, 0.39760005), (-0.13184206, 0.6682639, 0.36691305), (-0.17844507, 0.68073595, 0.47204006), (-0.17247207, 0.68679893, 0.44360706), (-0.16864708, 0.69600695, 0.44462207), (-0.17238708, 0.64345497, 0.46134007), (-0.16535908, 0.65398395, 0.43477106), (-0.16367708, 0.66780096, 0.43797705), (-0.15644208, 0.6371899, 0.46221405), (-0.15334707, 0.64818794, 0.43479905), (-0.17666507, 0.69309795, 0.48352605), (-0.17881107, 0.69318897, 0.47457907), (-0.17766607, 0.6954119, 0.49834007), (-0.17495008, 0.6814259, 0.49404907), (-0.17042507, 0.67979497, 0.50129205), (-0.17261808, 0.63128793, 0.48505306), (-0.15761107, 0.62746495, 0.48181406), (-0.16573907, 0.67652196, 0.43843007), (-0.18047407, 0.67346996, 0.46850505), (-0.15073408, 0.69759095, 0.50089806), (-0.15490508, 0.6807299, 0.5072241), (-0.13825308, 0.6644179, 0.50070804), (-0.15490508, 0.6807299, 0.5072241), (-0.13494207, 0.6859989, 0.47681504), (-0.13386108, 0.6919249, 0.49791506), (-0.15461807, 0.69814897, 0.48099107), (-0.15330008, 0.6990429, 0.44766107), (-0.13955007, 0.69286597, 0.43961906), (-0.17310308, 0.6624559, 0.46355006), (-0.17532407, 0.65052193, 0.48685607), (-0.18006207, 0.66474897, 0.49069107), (-0.17877008, 0.67228097, 0.49304605), (-0.14675407, 0.63438296, 0.48322907), (-0.14358707, 0.64692795, 0.45598805), (-0.12902808, 0.67187595, 0.47219607), (-0.13424107, 0.6565889, 0.46055105), (-0.13671607, 0.64748996, 0.48623607), (-0.13424107, 0.6565889, 0.46055105), (-0.13501008, 0.6746829, 0.43526605), (-0.13406508, 0.66722095, 0.43658605), (-0.14515507, 0.6519029, 0.43728706), (-0.13406508, 0.66722095, 0.43658605), (-0.13024905, 0.685131, 0.14892706), (-0.106833056, 0.711004, 0.04834706), (-0.04664205, 0.736575, -0.13207394), (-0.04540405, 0.733173, -0.111173935), (-0.051913053, 0.730043, -0.069855936), (-0.06896205, 0.726926, -0.02371094), (-0.08722105, 0.719677, 0.012041059), (-0.0012490504, 0.739863, -0.12554394), (-0.04664205, 0.736575, -0.13207394), (-0.059584048, 0.750135, -0.14704295), (-0.001249047, 0.740271, -0.20371795), (-0.058677047, 0.751407, -0.16456693), (-0.05110005, 0.755094, -0.18230894), (-0.0012490479, 0.741362, -0.18334694), (-0.0012490492, 0.743522, -0.15845594), (-0.0012490555, 0.780392, -0.07843393), (-0.0096080545, 0.778475, -0.07864993), (-0.010319052, 0.785221, -0.15821593), (-0.0012490525, 0.787301, -0.15800293), (-0.011026048, 0.781049, -0.23308893), (-0.0012490489, 0.783302, -0.23318993), (-0.011734045, 0.755574, -0.28158495), (-0.0012490448, 0.757763, -0.28261593), (-0.012443041, 0.71951, -0.30889395), (-0.0012490408, 0.720882, -0.31108195), (-0.013150038, 0.683087, -0.31580094), (-0.015730053, 0.773239, -0.07924093), (-0.016956052, 0.779535, -0.15880193), (-0.018183049, 0.774891, -0.23281692), (-0.019411044, 0.749595, -0.27876893), (-0.020638041, 0.715764, -0.30291593), (-0.021866037, 0.6814, -0.30893195), (-0.017971054, 0.766086, -0.08004993), (-0.019389052, 0.771768, -0.15960293), (-0.020806048, 0.766481, -0.23244394), (-0.022223044, 0.74143, -0.27492195), (-0.02364104, 0.710645, -0.29474795), (-0.015734054, 0.758934, -0.080856934), (-0.01696205, 0.763998, -0.16040094), (-0.018190047, 0.758069, -0.23207094), (-0.019417042, 0.73326, -0.27107295), (-0.02064404, 0.705525, -0.28658095), (-0.009618053, 0.753694, -0.081448935), (-0.01032605, 0.758311, -0.16098695), (-0.011035047, 0.75191, -0.23179694), (-0.011746042, 0.727278, -0.26825494), (-0.012455041, 0.701777, -0.28059894), (-0.0012580532, 0.751773, -0.08166593), (-0.0012600501, 0.756224, -0.16120294), (-0.0012600465, 0.749652, -0.23169693), (-0.0012600465, 0.749652, -0.23169693), (-0.001249043, 0.725486, -0.26778194), (-0.001249043, 0.725486, -0.26778194), (-0.0012630407, 0.700403, -0.27840695), (-0.0012490377, 0.683704, -0.31831694), (-0.09849994, -0.591361, -0.29199007), (-0.09644594, -0.589939, -0.29760006), (-0.09980194, -0.58556, -0.30658507), (-0.09340394, -0.602995, -0.31747007), (-0.09138194, -0.603046, -0.32308006), (-0.10163794, -0.588414, -0.31830806), (-0.08518694, -0.608908, -0.31381506), (-0.07783094, -0.613435, -0.30148306), (-0.08357194, -0.611836, -0.31649607), (-0.09177894, -0.604435, -0.28988105), (-0.08318594, -0.61183, -0.29045206), (-0.08561394, -0.61036, -0.29501605), (-0.09614294, -0.589941, -0.28601807), (-0.09374694, -0.598662, -0.28286007), (-0.08834094, -0.607399, -0.28083405), (-0.08082894, -0.610466, -0.28448007), (-0.07413094, -0.614932, -0.29537305), (-0.07990494, -0.60762, -0.32338005), (-0.07692794, -0.616294, -0.31151706), (-0.08620594, -0.594502, -0.32983106), (-0.09189094, -0.585757, -0.32898206), (-0.09701094, -0.579853, -0.31936505), (-0.09771894, -0.575517, -0.29628205), (-0.094252944, -0.581399, -0.33354807), (-0.08666894, -0.593079, -0.34001005), (-0.08506594, -0.600306, -0.32828104), (-0.08252794, -0.601788, -0.33958507), (-0.07492094, -0.613518, -0.33158907), (-0.07236294, -0.622182, -0.31538406), (-0.07107594, -0.625092, -0.29937407), (-0.07060594, -0.6179, -0.28779706), (-0.08155494, -0.611861, -0.27732006), (-0.08893294, -0.603075, -0.27367505), (-0.09444794, -0.592863, -0.27423805), (-0.09628894, -0.584211, -0.28314605), (-0.06549594, -0.626637, -0.29740706), (-0.06442494, -0.628141, -0.30885306), (-0.06692194, -0.622288, -0.28162307), (-0.07764794, -0.616256, -0.27402806), (-0.08687494, -0.600229, -0.26483405), (-0.09095894, -0.591521, -0.26525307), (-0.094284944, -0.574167, -0.27142906), (-0.09198195, -0.565555, -0.27845705), (-0.06769294, -0.623709, -0.31931007), (-0.06927194, -0.617956, -0.33103105), (-0.07786494, -0.60337096, -0.34345406), (-0.09099494, -0.582893, -0.33755305), (-0.09790594, -0.57049, -0.32063806), (-0.10102494, -0.574038, -0.32119206), (-0.09906094, -0.572597, -0.29642105), (-0.09636594, -0.564062, -0.32224905), (-0.084685944, -0.59454596, -0.34556106), (-0.07666794, -0.58753896, -0.35203406), (-0.06697194, -0.5964329, -0.34964907), (-0.055457942, -0.612502, -0.33836007), (-0.049918942, -0.622707, -0.32334206), (-0.05298094, -0.628407, -0.30774507), (-0.05586394, -0.629748, -0.29356506), (-0.096291944, -0.565464, -0.29332805), (-0.04590094, -0.5868409, -0.35629007), (-0.05946394, -0.57213795, -0.36202407), (-0.03661594, -0.608634, -0.33803007), (-0.034169942, -0.62449, -0.32181606), (-0.03448194, -0.633142, -0.30594507), (-0.04641294, -0.63716, -0.28830707), (-0.05384194, -0.634088, -0.27019706), (-0.069579944, -0.629409, -0.25585306), (-0.08111794, -0.610432, -0.23676306), (-0.08406295, -0.601694, -0.23422606), (-0.09103095, -0.581416, -0.23205605), (-0.093190946, -0.568394, -0.23662505), (-0.09215695, -0.552622, -0.25825107), (-0.08974295, -0.544021, -0.28114605), (-0.09175095, -0.542564, -0.29005206), (-0.09234695, -0.539674, -0.31322205), (-0.08735495, -0.544108, -0.33588707), (-0.08873994, -0.57286197, -0.34316906), (-0.0012379391, -0.620953, -0.32010105), (-0.020127939, -0.637782, -0.30596706), (-0.03260894, -0.647564, -0.28404105), (-0.04527294, -0.647256, -0.25777906), (-0.058362942, -0.649824, -0.22722706), (-0.095492944, -0.549644, -0.23832405), (-0.09402795, -0.562646, -0.22659305), (-0.09397495, -0.543908, -0.25264707), (-0.09524695, -0.530967, -0.26583907), (-0.09379595, -0.528121, -0.28016007), (-0.092175946, -0.52386, -0.29589307), (-0.0012929408, -0.5734819, -0.36217907), (-0.075513944, -0.5559539, -0.35639206), (-0.023294942, -0.55570495, -0.37302807), (-0.041559946, -0.54666895, -0.37624106), (-0.07107094, -0.5301129, -0.36610806), (-0.07572195, -0.51707494, -0.34491205), (-0.08995695, -0.523924, -0.31883907), (-0.06230894, -0.648252, -0.21606006), (-0.06702494, -0.638046, -0.19486307), (-0.08074295, -0.60611, -0.19485506), (-0.09114995, -0.575624, -0.21472605), (-0.020068936, -0.663663, -0.28278404), (-0.001178937, -0.672655, -0.27851906), (-0.0012159382, -0.64107, -0.30430207), (-0.020688936, -0.679503, -0.26544407), (-0.0011699367, -0.679891, -0.27107605), (-0.033102937, -0.673429, -0.25510806), (-0.04006694, -0.671845, -0.24275306), (-0.05358694, -0.665738, -0.22097206), (-0.05757494, -0.65986, -0.20834306), (-0.056642946, -0.654147, -0.18658605), (-0.061861943, -0.652547, -0.17696705), (-0.08057295, -0.611831, -0.18327007), (-0.09453395, -0.571227, -0.19338405), (-0.09911995, -0.556735, -0.20251805), (-0.10271795, -0.537964, -0.22027504), (-0.10177295, -0.523606, -0.24190505), (-0.09826795, -0.519393, -0.26183707), (-0.095129944, -0.516586, -0.27889907), (-0.019149937, -0.708309, -0.24353206), (-0.0011409358, -0.705772, -0.24789806), (-0.03128794, -0.702244, -0.23607107), (-0.040689938, -0.696241, -0.22686806), (-0.05063894, -0.687389, -0.21192107), (-0.05312294, -0.680129, -0.19920506), (-0.05581494, -0.675752, -0.18502507), (-0.05661494, -0.674255, -0.17639907), (-0.030946935, -0.720945, -0.22875907), (-0.034266938, -0.728062, -0.22615805), (-0.020898934, -0.729848, -0.23060806), (-0.041816935, -0.714965, -0.21969606), (-0.051553935, -0.708953, -0.20762306), (-0.046888936, -0.724872, -0.21435507), (-0.051163938, -0.701759, -0.19463006), (-0.053779937, -0.720399, -0.20205806), (-0.05648394, -0.704519, -0.18500707), (-0.056960937, -0.718898, -0.18353206), (-0.018677935, -0.721234, -0.23622206), (-0.05855194, -0.6886, -0.17512307), (-0.03197193, -0.741088, -0.22299805), (-0.028367933, -0.752671, -0.21829206), (-0.022776933, -0.757107, -0.21773906), (-0.020969933, -0.767229, -0.20882908), (-0.0010759333, -0.764674, -0.20603406), (-0.029403932, -0.761255, -0.20966107), (-0.021816934, -0.745632, -0.22490606), (-0.0010999339, -0.744594, -0.22625406), (-0.046026938, -0.736448, -0.21133706), (-0.04239093, -0.746559, -0.20663306), (-0.035173934, -0.759696, -0.19434506), (-0.018135933, -0.770176, -0.19409208), (-0.0010729338, -0.764738, -0.19417606), (-0.015459935, -0.764449, -0.17507106), (-0.001072935, -0.759008, -0.17825106), (-0.013370936, -0.760186, -0.16623005), (-0.0010729356, -0.756126, -0.16813706), (-0.028885935, -0.762718, -0.17062406), (-0.025334936, -0.758488, -0.16158606), (-0.054531936, -0.733337, -0.16738206), (-0.049632937, -0.731973, -0.15826206), (-0.038502935, -0.748094, -0.15714106), (-0.040511936, -0.75236, -0.16739605), (-0.030687936, -0.7641, -0.18234806), (-0.041245937, -0.756654, -0.17616107), (-0.049266938, -0.744968, -0.17987105), (-0.051511936, -0.739131, -0.16997506), (-0.052073937, -0.734824, -0.19314606), (-0.049797937, -0.733466, -0.20163606), (-0.057240937, -0.720298, -0.16625606), (-0.059598938, -0.721721, -0.17222907), (-0.06213894, -0.707271, -0.17251407), (-0.05716294, -0.687208, -0.15911406), (-0.05988994, -0.704429, -0.16507806), (-0.05629794, -0.704508, -0.15750407), (-0.05502494, -0.71893, -0.15881906), (-0.05494394, -0.697343, -0.15449107), (-0.05517294, -0.680061, -0.16326806), (-0.05330094, -0.681515, -0.15295306), (-0.05100894, -0.688761, -0.14838506), (-0.05627894, -0.67284, -0.16481707), (-0.054340944, -0.671462, -0.15450506), (-0.034107946, -0.671925, -0.13957305), (-0.029193942, -0.693624, -0.13613506), (-0.04007794, -0.699098, -0.14439906), (-0.02679194, -0.70807, -0.13444106), (-0.03626594, -0.713577, -0.14256705), (-0.02140894, -0.724002, -0.13387606), (-0.033519935, -0.730924, -0.14509806), (-0.061662946, -0.651128, -0.16397706), (-0.058224943, -0.648311, -0.15352306), (-0.042186946, -0.660181, -0.14328906), (-0.048839945, -0.64422, -0.14539906), (-0.017825937, -0.747097, -0.14644006), (-0.012625938, -0.738601, -0.13873306), (-0.0010819383, -0.735985, -0.14050306), (-0.0010939398, -0.720069, -0.13235606), (-0.012480942, -0.702623, -0.13159306), (-0.0011069411, -0.704276, -0.13208605), (-0.017598942, -0.683807, -0.13361906), (-0.024037946, -0.634703, -0.12999906), (-0.0011729465, -0.630847, -0.13254106), (-0.0011599453, -0.646717, -0.13507406), (-0.023011943, -0.669289, -0.13418406), (-0.029835945, -0.65474, -0.13488406), (-0.018327944, -0.652119, -0.13377906), (-0.0011449439, -0.663993, -0.13653105), (-0.0011229424, -0.68703, -0.13223305), (-0.035604946, -0.637324, -0.13110806), (-0.023817947, -0.607396, -0.12572806), (-0.001197949, -0.600682, -0.12808307), (-0.045425948, -0.612617, -0.12780206), (-0.030875953, -0.561163, -0.11641105), (-0.0012339526, -0.558923, -0.11953505), (-0.05370495, -0.567831, -0.12150005), (-0.055574946, -0.613862, -0.14323406), (-0.06506295, -0.61648, -0.14994806), (-0.08989895, -0.572737, -0.16692504), (-0.073399946, -0.614879, -0.16811506), (-0.078516945, -0.572992, -0.14988905), (-0.06509895, -0.570465, -0.13852805), (-0.10233795, -0.545147, -0.18117905), (-0.092426956, -0.533863, -0.16147305), (-0.07344396, -0.521321, -0.14521904), (-0.071736954, -0.502663, -0.14368404), (-0.062904954, -0.518671, -0.13408004), (-0.027469957, -0.512286, -0.11047105), (-0.0012699562, -0.515717, -0.111125045), (-0.0012339526, -0.558923, -0.11953505), (-0.047068954, -0.50611, -0.115286045), (-0.027469957, -0.512286, -0.11047105), (-0.071736954, -0.502663, -0.14368404), (-0.06510995, -0.489838, -0.13437404), (-0.047068954, -0.50611, -0.115286045), (-0.10046595, -0.513516, -0.17824204), (-0.079815954, -0.478007, -0.15898904), (-0.077012956, -0.508267, -0.14992605), (-0.08791596, -0.499412, -0.16984105), (-0.097855955, -0.48339796, -0.21273105), (-0.077012956, -0.508267, -0.14992605), (-0.08791596, -0.499412, -0.16984105), (-0.103458956, -0.49477196, -0.21756604), (-0.103116944, -0.526441, -0.19866504), (-0.10532995, -0.507653, -0.23074104), (-0.10193795, -0.504919, -0.26513502), (-0.09728895, -0.503565, -0.28346902), (-0.09498395, -0.515126, -0.29476607), (-0.09472395, -0.49069396, -0.26157603), (-0.097855955, -0.48339796, -0.21273105), (-0.086906955, -0.46925497, -0.20306204), (-0.09363896, -0.47484896, -0.25428802), (-0.09363896, -0.47484896, -0.25428802), (-0.09312895, -0.49357298, -0.27877003), (-0.08542696, -0.46642497, -0.24771404), (-0.091527954, -0.47921896, -0.27717704), (-0.0012629398, -0.599337, -0.34054106), (-0.0011149347, -0.730197, -0.23356406), (-0.0010869333, -0.756135, -0.21881007), (-0.021742942, -0.52697194, -0.39748707), (-0.0013429428, -0.52737796, -0.39728907), (-0.001366944, -0.50576496, -0.40761304), (-0.043598942, -0.52504593, -0.39527905), (-0.023326945, -0.5096579, -0.40639403), (-0.049534943, -0.5234339, -0.39295506), (-0.031917945, -0.50804394, -0.40723002), (-0.0013849454, -0.48566896, -0.41044402), (-0.022621946, -0.48525596, -0.40781802), (-0.041982945, -0.50922495, -0.40819904), (-0.035732944, -0.48778397, -0.40765503), (-0.055357944, -0.50749594, -0.40369004), (-0.042787943, -0.48909497, -0.40975603), (-0.056627944, -0.5204359, -0.39364704), (-0.0013309424, -0.5388829, -0.38851407), (-0.058103945, -0.5304229, -0.38078806), (-0.064246945, -0.46268398, -0.37576804), (-0.075544946, -0.46814498, -0.37974602), (-0.07264895, -0.46969497, -0.39533904), (-0.055367947, -0.46141896, -0.37781602), (-0.055215947, -0.46573797, -0.39514503), (-0.001397947, -0.46835098, -0.40489602), (-0.03557595, -0.46908897, -0.40479004), (-0.043079946, -0.47180298, -0.40260503), (-0.04882895, -0.47166997, -0.40316102), (-0.061746947, -0.47425896, -0.40440202), (-0.04802295, -0.46448797, -0.39445302), (-0.040486947, -0.46035796, -0.39663902), (-0.05053695, -0.45580998, -0.38168904), (-0.0014079486, -0.45393196, -0.39199302), (-0.03796295, -0.42872897, -0.37042102), (-0.05930195, -0.43542397, -0.36091104), (-0.06021295, -0.44979796, -0.36966503), (-0.06459495, -0.45978397, -0.37148502), (-0.085842945, -0.45061398, -0.35911003), (-0.08154695, -0.46799698, -0.36296904), (-0.08188195, -0.44067296, -0.35294902), (-0.06864796, -0.42799696, -0.33725104), (-0.08323496, -0.43343896, -0.33722302), (-0.08408495, -0.47371897, -0.36752403), (-0.099138945, -0.45749897, -0.35747102), (-0.09494695, -0.47346398, -0.35992402), (-0.09812195, -0.44459996, -0.35018402), (-0.09621896, -0.43885896, -0.33846304), (-0.11834495, -0.46282998, -0.35498804), (-0.11254795, -0.47877496, -0.35870802), (-0.113087945, -0.45433596, -0.34727702), (-0.109742954, -0.44721198, -0.33542103), (-0.09362595, -0.48930296, -0.36265403), (-0.08445195, -0.50248593, -0.35592702), (-0.09973395, -0.48915797, -0.35892102), (-0.12381395, -0.48287797, -0.36268702), (-0.10710095, -0.49187696, -0.35814402), (-0.13420495, -0.46824196, -0.35650504), (-0.12936096, -0.45967796, -0.34451002), (-0.14061694, -0.48968697, -0.37009603), (-0.12116995, -0.49874797, -0.36381003), (-0.14533195, -0.47229198, -0.36189404), (-0.14099196, -0.46518797, -0.34561703), (-0.19635196, -0.47111297, -0.37263304), (-0.17305994, -0.48026597, -0.37610403), (-0.16265996, -0.47188997, -0.36214703), (-0.15992394, -0.48635396, -0.37919804), (-0.13926993, -0.50411195, -0.37277204), (-0.16721293, -0.49768698, -0.38129404), (-0.17409994, -0.49174896, -0.38340002), (-0.19664495, -0.48261398, -0.38708302), (-0.21178095, -0.464967, -0.36110902), (-0.21854293, -0.470601, -0.38200602), (-0.22979295, -0.463137, -0.36866003), (-0.16096796, -0.46325096, -0.34755403), (-0.18665795, -0.46554497, -0.35145304), (-0.121629946, -0.45412996, -0.33364803), (-0.14337295, -0.45934796, -0.33431202), (-0.15896295, -0.45898598, -0.33724204), (-0.19133395, -0.45970297, -0.33171904), (-0.22954096, -0.46885, -0.34261203), (-0.17000796, -0.46160597, -0.31371903), (-0.19399296, -0.47973496, -0.29430303), (-0.21582195, -0.472047, -0.32101804), (-0.17283195, -0.47591698, -0.28794503), (-0.08767596, -0.45054296, -0.31011802), (-0.10191896, -0.45310298, -0.31296703), (-0.075213954, -0.46521497, -0.29299602), (-0.09226195, -0.47060096, -0.29753003), (-0.11636896, -0.45854697, -0.31434903), (-0.14576195, -0.46075198, -0.30995604), (-0.14553995, -0.47943997, -0.28671902), (-0.08445195, -0.50248593, -0.35592702), (-0.08254695, -0.509713, -0.33261803), (-0.086315945, -0.505322, -0.33731902), (-0.08612095, -0.503846, -0.32427204), (-0.22753195, -0.471799, -0.36409202), (-0.21788993, -0.479225, -0.37611404), (-0.22188295, -0.476235, -0.36353403), (-0.21636696, -0.477836, -0.36151704), (-0.20328094, -0.482447, -0.36314103), (-0.21636696, -0.477836, -0.36151704), (-0.20506096, -0.478096, -0.35900104), (-0.20328094, -0.482447, -0.36314103), (-0.19771394, -0.48689, -0.37704504), (-0.21424194, -0.479305, -0.36853504), (-0.19840494, -0.48687, -0.36988404), (-0.18605395, -0.48715296, -0.36288604), (-0.098004945, -0.49785298, -0.33414602), (-0.12752894, -0.511556, -0.33115405), (-0.098004945, -0.49785298, -0.33414602), (-0.10809695, -0.49904397, -0.34957102), (-0.14630094, -0.51396894, -0.36187106), (-0.13326193, -0.51573795, -0.34763107), (-0.16557895, -0.5034989, -0.36956802), (-0.18100294, -0.49016497, -0.37109601), (-0.18082593, -0.49447596, -0.37396902), (-0.16589195, -0.49912596, -0.36528504), (-0.14686294, -0.5024499, -0.35330802), (-0.13635693, -0.50127196, -0.34216702), (-0.16474994, -0.48911998, -0.35939902), (-0.085796945, -0.49954098, -0.31127903), (-0.12715293, -0.501481, -0.33262804), (-0.15115695, -0.49084798, -0.35085303), (-0.13615896, -0.48688397, -0.34076402), (-0.12707095, -0.47989398, -0.32829702), (-0.12707095, -0.47989398, -0.32829702), (-0.13615896, -0.48688397, -0.34076402), (-0.14124596, -0.47956496, -0.33114803), (-0.15115695, -0.49084798, -0.35085303), (-0.15647796, -0.47921497, -0.33836803), (-0.16474994, -0.48911998, -0.35939902), (-0.17897496, -0.48011297, -0.34492204), (-0.18605395, -0.48715296, -0.36288604), (-0.19274196, -0.47979596, -0.35200003), (-0.14629695, -0.47655398, -0.32293603), (-0.16632995, -0.47467297, -0.32487804), (-0.18573596, -0.47564298, -0.33397904), (-0.19939296, -0.476747, -0.34252203), (-0.14650695, -0.48084596, -0.30706802), (-0.16819195, -0.47745198, -0.30627102), (-0.19027795, -0.47841796, -0.31711003), (-0.20502895, -0.475191, -0.32861602), (-0.21632096, -0.473521, -0.34564704), (-0.22188295, -0.476235, -0.36353403), (-0.22151996, -0.473405, -0.35189602), (-0.08532695, -0.49234897, -0.29970104), (-0.09128595, -0.503714, -0.30024603), (-0.09226195, -0.47060096, -0.29753003), (-0.12507795, -0.500051, -0.32372302), (-0.12752894, -0.511556, -0.33115405), (-0.12715293, -0.501481, -0.33262804), (-0.12379495, -0.511639, -0.32504606), (-0.12281795, -0.49437696, -0.31629303), (-0.12707095, -0.47989398, -0.32829702), (-0.12507795, -0.500051, -0.32372302), (-0.12281795, -0.49437696, -0.31629303), (-0.09910094, -0.59136, -0.31521007), (-0.22753195, -0.471799, -0.36409202), (-0.084237956, -0.46788496, -0.27508104), (-0.0014319515, -0.42233297, -0.37727603), (-0.0012489528, -0.41116396, -0.36898103), (-0.07733296, -0.44358796, -0.31061804), (-0.02064404, 0.705525, -0.28658095), (-0.11446006, 0.655993, 0.30704305), (-0.10441406, 0.646914, 0.27654105), (0.134511, -0.177194, 0.15592998), (0.13759002, -0.187122, 0.13691199), (0.13109101, -0.205676, 0.122145995), (0.12542601, -0.205194, 0.15313898), (0.11683302, -0.225947, 0.114243984), (0.11509801, -0.222991, 0.14996198), (0.09898402, -0.241439, 0.120599985), (0.08641802, -0.24641302, 0.14616698), (0.10993101, -0.222008, 0.16930398), (0.11854701, -0.201915, 0.17533799), (0.128057, -0.169432, 0.17761798), (0.11442701, -0.196852, 0.18756099), (0.12209801, -0.165975, 0.19005698), (0.10477701, -0.191267, 0.20334798), (0.112197, -0.160971, 0.20902498), (0.08802201, -0.18430401, 0.22528198), (0.09753301, -0.21766101, 0.20033999), (0.08369501, -0.21302201, 0.22016399), (0.082954004, -0.22754002, 0.20981799), (0.080607004, -0.23834002, 0.19414498), (0.10543801, -0.221485, 0.18205999), (0.082534015, -0.252934, 0.13034098), (0.08434801, -0.24656801, 0.17412698), (0.060303014, -0.276055, 0.14616098), (0.07296602, -0.26036504, 0.17280397), (0.062049016, -0.27443403, 0.17340897), (0.06771901, -0.26757002, 0.19733498), (0.07169501, -0.25768104, 0.21045098), (0.073984005, -0.24543001, 0.22638398), (0.07479101, -0.22218901, 0.23685898), (0.076505005, -0.20755301, 0.23746498), (0.082342, -0.18039201, 0.23459998), (0.10181, -0.153632, 0.23155798), (0.043552015, -0.292175, 0.14792296), (0.047850017, -0.28724602, 0.17398497), (0.05099701, -0.28163004, 0.20461898), (0.05460901, -0.27081403, 0.22115497), (0.055769008, -0.25457302, 0.23895998), (0.059534006, -0.22690001, 0.25042596), (0.060110003, -0.20351101, 0.25041696), (0.066587, -0.17942001, 0.24908598), (0.086206, -0.14869201, 0.24864599), (0.08087902, -0.279737, 0.07732598), (0.10249402, -0.256943, 0.05420998), (0.08967802, -0.272557, 0.036094982), (0.06624502, -0.296312, 0.064793974), (0.08087902, -0.279737, 0.07732598), (0.06624502, -0.296312, 0.064793974), (0.06659602, -0.28441, 0.10018798), (0.085698016, -0.271, 0.089037985), (0.104639016, -0.24937898, 0.08115899), (0.104089014, -0.242966, 0.09595598), (0.12548901, -0.238394, 0.08612899), (0.052656017, -0.297361, 0.11120098), (0.03993302, -0.305644, 0.12053897), (0.040384017, -0.31537, 0.10845997), (0.05019102, -0.306812, 0.09566197), (0.14022997, 0.32356098, 0.24297503), (0.113175966, 0.34526497, 0.26833504), (0.10689896, 0.36656797, 0.26015902), (0.12449696, 0.36249596, 0.24795403), (0.111871965, 0.39010996, 0.26123402), (0.106553964, 0.34502497, 0.27621502), (0.11967896, 0.32652798, 0.27893904), (0.11966997, 0.30147198, 0.28065702), (0.14359397, 0.25777698, 0.25399604), (0.12762697, 0.28057596, 0.27796602), (0.14359397, 0.25777698, 0.25399604), (0.12512597, 0.26232898, 0.28128102), (0.12830997, 0.24011199, 0.27527103), (0.13486497, 0.183491, 0.24881001), (0.124660976, 0.18592298, 0.26537004), (0.08637797, 0.18838798, 0.27808604), (0.08746497, 0.25902498, 0.28459802), (0.07722496, 0.32735896, 0.28186902), (0.08653496, 0.37288797, 0.26594803), (0.07722496, 0.32735896, 0.28186902), (0.07317896, 0.34803197, 0.27834702), (0.074940965, 0.37892497, 0.26854602), (0.08852096, 0.39345896, 0.26624304), (0.05394996, 0.39173296, 0.27011704), (0.06961796, 0.39490998, 0.26679504), (0.074940965, 0.37892497, 0.26854602), (0.057384964, 0.32659498, 0.28653303), (0.059801966, 0.25599796, 0.29082704), (0.059062973, 0.19130297, 0.28398603), (0.10454599, 0.09650798, 0.23967202), (0.061995983, 0.09801499, 0.25644), (0.15395299, -0.09934402, 0.466392), (0.14378898, -0.09678703, 0.436432), (0.14761299, -0.10514203, 0.435419), (0.14824499, -0.12723003, 0.45536), (0.13881698, -0.12237903, 0.429787), (0.14049898, -0.13491602, 0.42658), (0.14752798, -0.14447004, 0.453151), (0.12848799, -0.14017603, 0.42661), (0.15358499, -0.110641025, 0.463852), (0.15180598, -0.09942503, 0.475337), (0.15008998, -0.11001503, 0.485861), (0.15280598, -0.09732703, 0.490152), (0.14556699, -0.11149604, 0.493102), (0.13158199, -0.15015502, 0.454024), (0.13275199, -0.15898003, 0.473625), (0.15561599, -0.117236026, 0.460315), (0.14087999, -0.11446503, 0.430241), (0.12975898, -0.09484204, 0.472803), (0.12587398, -0.095350035, 0.49271), (0.15280598, -0.09732703, 0.490152), (0.14556699, -0.11149604, 0.493102), (0.10900099, -0.10049104, 0.489725), (0.13004698, -0.11064704, 0.499033), (0.12975898, -0.09484204, 0.472803), (0.11008398, -0.10586803, 0.468627), (0.11469199, -0.09963703, 0.431432), (0.12844099, -0.09403103, 0.439472), (0.14775799, -0.15551104, 0.476864), (0.15046698, -0.13805804, 0.478667), (0.15520298, -0.12515002, 0.482504), (0.15391098, -0.118315026, 0.484855), (0.11872799, -0.14132003, 0.4478), (0.11339299, -0.12544903, 0.492518), (0.10416899, -0.11868103, 0.464006), (0.111857995, -0.14080903, 0.478047), (0.10938099, -0.13255402, 0.452361), (0.12189499, -0.15270203, 0.47504), (0.10920499, -0.12290603, 0.428398), (0.110149994, -0.11613603, 0.427077), (0.13807194, 0.581307, 0.23745404), (0.11669094, 0.60378, 0.27004007), (0.14375094, 0.61998, 0.28165007), (0.15421294, 0.596382, 0.24201004), (0.15682594, 0.632749, 0.29934305), (0.16935894, 0.60864, 0.24537106), (0.16923293, 0.647322, 0.29624406), (0.17452393, 0.623981, 0.24312608), (0.17309093, 0.664088, 0.29347405), (0.17636093, 0.638532, 0.23525007), (0.16991194, 0.682204, 0.28834605), (0.13848394, 0.703191, 0.23341306), (0.14084694, 0.722784, 0.27672207), (0.11871893, 0.724043, 0.27698305), (0.104619935, 0.706536, 0.23354906), (0.11275994, 0.698462, 0.21461406), (0.13815694, 0.695924, 0.21450906), (0.16346192, 0.65798694, 0.40158206), (0.16528392, 0.67117095, 0.40196005), (0.16357894, 0.6735829, 0.35834306), (0.16161095, 0.65637296, 0.35535806), (0.16817693, 0.672273, 0.33173206), (0.16608495, 0.653153, 0.33166707), (0.16732293, 0.678244, 0.33065706), (0.15981093, 0.6851829, 0.40316707), (0.15638892, 0.68994594, 0.36241707), (0.15693194, 0.697137, 0.32633305), (0.15225793, 0.701932, 0.28480607), (0.14904493, 0.70024997, 0.40467405), (0.14828092, 0.7068709, 0.36250705), (0.14538993, 0.716717, 0.32658306), (0.15281194, 0.64919496, 0.39658806), (0.15361995, 0.6467819, 0.35701206), (0.15339394, 0.640834, 0.32982805), (0.13691594, 0.62868, 0.30667806), (0.13380595, 0.642644, 0.33687407), (0.13789295, 0.65041995, 0.36338606), (0.14047994, 0.65293896, 0.39480105), (0.12093794, 0.639974, 0.31107107), (0.12591594, 0.65196, 0.33900005), (0.13789295, 0.65041995, 0.36338606), (0.12591594, 0.65196, 0.33900005), (0.11934293, 0.664606, 0.33924207), (0.12093794, 0.639974, 0.31107107), (0.11196194, 0.655993, 0.30704305), (0.10900393, 0.678804, 0.29088005), (0.11844293, 0.685461, 0.33603105), (0.12786493, 0.68271697, 0.36718106), (0.12934394, 0.6682639, 0.36691305), (0.13347693, 0.6834539, 0.40181607), (0.09999294, 0.693563, 0.24867806), (0.108422935, 0.705593, 0.28738505), (0.09922194, 0.667537, 0.26524505), (0.12051793, 0.712112, 0.32555705), (0.12896292, 0.6990209, 0.36604905), (0.13432592, 0.69247395, 0.40080205), (0.13165392, 0.718573, 0.32698807), (0.13497992, 0.71043897, 0.37044907), (0.14111292, 0.70414495, 0.40397105), (0.129438, -0.13385601, 0.387148), (0.139531, -0.13021201, 0.387352), (0.139281, -0.13880001, 0.349241), (0.1264, -0.14496702, 0.345153), (0.142096, -0.14316902, 0.322586), (0.126939, -0.14861302, 0.322307), (0.142262, -0.14450401, 0.275914), (0.128535, -0.14946401, 0.27324), (0.150924, -0.146778, 0.24818999), (0.13906099, -0.09059903, 0.395156), (0.14324299, -0.09982603, 0.390732), (0.14497998, -0.085849024, 0.358476), (0.14890298, -0.09554301, 0.357251), (0.15033299, -0.082088016, 0.328154), (0.151585, -0.097057015, 0.331028), (0.153862, -0.073920004, 0.287291), (0.156737, -0.096603006, 0.284449), (0.158326, -0.06900601, 0.258343), (0.164488, -0.08608801, 0.2587), (0.13736498, -0.07601802, 0.35749), (0.13836898, -0.06704802, 0.328906), (0.14576599, -0.063809015, 0.284299), (0.148769, -0.05938801, 0.257795), (0.12268999, -0.07837302, 0.356448), (0.13158998, -0.08697403, 0.396382), (0.122489996, -0.06937302, 0.327118), (0.12455899, -0.058328014, 0.285931), (0.10932399, -0.054858014, 0.24784), (0.10831099, -0.09038002, 0.351857), (0.12268999, -0.07837302, 0.356448), (0.12317199, -0.08816203, 0.390881), (0.10724899, -0.08500102, 0.326467), (0.10647699, -0.07765902, 0.270681), (0.09680499, -0.078153014, 0.250777), (0.14596099, -0.11972003, 0.388362), (0.155692, -0.13194501, 0.276571), (0.160317, -0.131197, 0.25548), (0.156293, -0.12830701, 0.327581), (0.150569, -0.12637502, 0.358834), (0.14643098, -0.10981703, 0.39068), (0.170128, -0.110415004, 0.24864198), (0.159805, -0.112605006, 0.27618), (0.155834, -0.11581101, 0.33161), (0.15116, -0.11251401, 0.3638), (0.109744996, -0.10277103, 0.384655), (0.103241995, -0.10025101, 0.264041), (0.09346, -0.09724201, 0.24993698), (0.09680499, -0.078153014, 0.250777), (0.09926799, -0.101405025, 0.325041), (0.10647699, -0.07765902, 0.270681), (0.10022799, -0.105391026, 0.350652), (0.10724899, -0.08500102, 0.326467), (0.12317199, -0.08816203, 0.390881), (0.12844099, -0.09403103, 0.439472), (0.12029799, -0.13680403, 0.429097), (0.104715995, -0.11414903, 0.389526), (0.11401899, -0.13281101, 0.384157), (0.10146, -0.13983302, 0.274831), (0.09518, -0.13531101, 0.24972498), (0.10459799, -0.13248701, 0.316899), (0.133901, -0.150525, 0.24539699), (0.107738994, -0.12881601, 0.339218), (0.139819, -0.158661, 0.21638398), (0.146849, -0.163337, 0.19399399), (0.12209801, -0.165975, 0.19005698), (0.157068, -0.152349, 0.22160399), (0.164866, -0.156774, 0.19798398), (0.166942, -0.137051, 0.23090199), (0.18028, -0.135868, 0.192975), (0.176434, -0.10992201, 0.230313), (0.182105, -0.110459, 0.199311), (0.171785, -0.08012101, 0.23350102), (0.178345, -0.078441, 0.19835602), (0.166875, -0.065064006, 0.228359), (0.16998, -0.06204001, 0.201635), (0.152407, -0.055327006, 0.224768), (0.160014, -0.051551007, 0.204468), (0.11813099, -0.03551001, 0.212559), (0.131737, -0.038555007, 0.201457), (0.152069, -0.169028, 0.17717898), (0.128057, -0.169432, 0.17761798), (0.166385, -0.164482, 0.17329298), (0.18323, -0.144994, 0.168821), (0.187783, -0.11576, 0.170797), (0.183435, -0.08538, 0.170833), (0.178475, -0.066277, 0.17679201), (0.171524, -0.052751005, 0.18036701), (0.142694, -0.032678004, 0.178525), (0.10181, -0.153632, 0.23155798), (0.086206, -0.14869201, 0.24864599), (0.112197, -0.160971, 0.20902498), (0.158318, -0.176051, 0.15036298), (0.185196, -0.0837, 0.15160301), (0.188652, -0.120284, 0.144589), (0.181822, -0.150263, 0.146256), (0.173975, -0.16606, 0.150123), (0.159445, -0.036928, 0.148535), (0.177163, -0.051248, 0.15498202), (0.185296, -0.068107, 0.15485401), (0.010147039, -0.33526498, -0.32426503), (0.0041350364, -0.29988196, -0.31048304), (0.02207104, -0.33813596, -0.31909603), (0.025474036, -0.30416998, -0.30141804), (0.045052037, -0.34192997, -0.29351702), (0.045535035, -0.30763397, -0.27928802), (0.05228004, -0.35156098, -0.27544603), (0.052068032, -0.31208697, -0.25720602), (0.061811037, -0.35780498, -0.25009403), (0.058577035, -0.31660596, -0.23508203), (0.07028804, -0.37293696, -0.21522003), (0.07151203, -0.32412398, -0.19064602), (0.075761035, -0.381597, -0.16707003), (0.07744103, -0.328293, -0.14305504), (0.069955036, -0.386467, -0.11143104), (0.07733303, -0.342612, -0.08063703), (0.060388032, -0.395947, -0.074539036), (0.07203303, -0.349087, -0.042228024), (0.055740032, -0.399338, -0.064376034), (0.06368403, -0.355099, -0.02630503), (0.047187034, -0.40461, -0.05358103), (0.054665025, -0.358051, -0.011868029), (0.036633033, -0.408648, -0.042087037), (0.039190028, -0.367515, 0.01272697), (0.054665025, -0.358051, -0.011868029), (0.026573032, -0.414414, -0.028878033), (0.028267028, -0.379478, 0.018911969), (0.022360047, -0.41285297, -0.36347604), (0.014904043, -0.37055996, -0.33881202), (0.02793204, -0.474807, -0.09894204), (0.029840037, -0.448812, -0.06830404), (0.037671037, -0.438426, -0.075049035), (0.04595404, -0.472345, -0.10609204), (0.02793204, -0.474807, -0.09894204), (0.037671037, -0.438426, -0.075049035), (0.061815042, -0.466531, -0.12597005), (0.047835037, -0.434053, -0.088479035), (0.07693805, -0.462347, -0.16386305), (0.059674036, -0.43209, -0.10481204), (0.08364405, -0.45398396, -0.20446505), (0.07136804, -0.427964, -0.13448805), (0.07818204, -0.43786496, -0.24416904), (0.080359034, -0.41609898, -0.18670703), (0.07369904, -0.43722597, -0.27788603), (0.07405804, -0.40087697, -0.23057503), (0.06845404, -0.42666498, -0.30998102), (0.063574046, -0.39136496, -0.26792002), (0.049581047, -0.41774997, -0.34747103), (0.05954304, -0.38360196, -0.29122102), (0.036817048, -0.41577497, -0.35680404), (0.04870404, -0.37388298, -0.31152904), (0.027131043, -0.37085897, -0.33123502), (0.030432025, -0.352286, 0.06025997), (0.030627027, -0.19792198, -0.27823702), (0.052480027, -0.20514096, -0.25914702), (0.025139032, -0.25371996, -0.28792304), (0.06530003, -0.22277199, -0.23406601), (0.04517503, -0.25724798, -0.26575503), (0.07936403, -0.22825499, -0.20233901), (0.054266028, -0.26315498, -0.24237102), (0.090262026, -0.24140699, -0.16032502), (0.06379603, -0.26939896, -0.21701802), (0.095622025, -0.25879, -0.11233401), (0.07658103, -0.27552396, -0.17239103), (0.10219402, -0.268792, -0.07407601), (0.07979203, -0.29033, -0.12352202), (0.10122802, -0.282517, -0.04305002), (0.089096025, -0.308062, -0.06276602), (0.09983702, -0.285842, -0.013620021), (0.08064802, -0.291059, 0.019823978), (0.08370002, -0.319898, -0.027209025), (0.070697024, -0.324593, -0.0036200255), (0.058564022, -0.329851, 0.023922974), (0.042229023, -0.343517, 0.04705397), (0.058564022, -0.329851, 0.023922974), (0.036633033, -0.408648, -0.042087037), (0.110958025, -0.259611, -0.06333402), (0.11212702, -0.24801397, -0.108429015), (0.11176402, -0.265515, -0.034755018), (0.111643024, -0.265511, -0.007240019), (0.11176602, -0.25817, 0.020163983), (0.10488302, -0.22200797, -0.15583302), (0.109273024, -0.21709096, -0.15723701), (0.092798024, -0.20347199, -0.19572401), (0.12766801, -0.24976498, 0.05764398), (0.12548901, -0.238394, 0.08612899), (0.14620902, -0.226605, 0.085960984), (0.123934016, -0.251653, 0.030793983), (0.15314502, -0.23464699, 0.06628098), (0.13498001, -0.256627, -0.006367016), (0.15203701, -0.23668198, 0.032499984), (0.13903402, -0.256207, -0.034725014), (0.15999502, -0.24328898, -0.0052270144), (0.13242601, -0.252342, -0.062197015), (0.15835501, -0.24635999, -0.032707013), (0.11985302, -0.23617697, -0.114942014), (0.14991802, -0.23802999, -0.070712015), (0.12940803, -0.23085497, -0.11649202), (0.10080202, -0.22645597, -0.15759802), (0.027115025, -0.16193797, -0.276531), (0.052526027, -0.16990297, -0.260522), (0.084663026, -0.18852398, -0.22018701), (0.13759002, -0.187122, 0.13691199), (0.15542902, -0.179755, 0.13573499), (0.15818602, -0.195561, 0.11700899), (0.050172023, -0.15630098, -0.264363), (0.032226022, -0.15202397, -0.272125), (0.080176026, -0.17097798, -0.23140101), (0.10312102, -0.18296197, -0.20060201), (0.118136026, -0.19575498, -0.16801101), (0.14276302, -0.20394798, -0.12332201), (0.16196902, -0.21174999, -0.08363601), (0.17687501, -0.21904899, -0.039684013), (0.18287002, -0.21985598, 0.005244989), (0.17793301, -0.21231899, 0.03813599), (0.17675501, -0.21031198, 0.061944988), (0.16286801, -0.201627, 0.092866994), (0.134511, -0.177194, 0.15592998), (0.186222, -0.143238, 0.10394099), (0.02670002, -0.110832974, -0.276644), (0.19695301, -0.15824498, 0.05592399), (0.19984302, -0.16254899, 0.029261995), (0.20259902, -0.16341698, 0.008435995), (0.19691701, -0.15396298, -0.044834007), (0.17881401, -0.14479499, -0.08355401), (0.15899202, -0.13732196, -0.13053802), (0.13435002, -0.13453998, -0.17810601), (0.098226026, -0.11899297, -0.22847502), (0.062278017, -0.113092974, -0.254879), (0.03955802, -0.10943798, -0.27002), (0.04307601, 0.057473026, -0.252677), (0.024042001, 0.13838702, -0.265242), (0.071412005, 0.059353024, -0.232826), (0.044171, 0.13623501, -0.251344), (0.108977005, 0.05388202, -0.189869), (0.066416, 0.12809801, -0.23571998), (0.136273, 0.038683027, -0.155249), (0.097833, 0.12548201, -0.20456299), (0.155988, 0.028615022, -0.11916399), (0.12777, 0.13526703, -0.17870499), (0.185338, 0.02579002, -0.06005399), (0.169666, 0.123804025, -0.123828985), (0.19276, 0.027598016, -0.030982988), (0.196135, 0.088729024, -0.055962984), (0.196403, 0.024068015, -0.006992989), (0.206602, 0.08874601, -0.023593983), (0.199326, 0.025068013, 0.01564501), (0.212206, 0.09225001, 0.0029920174), (0.194347, 0.02247801, 0.04820201), (0.21436898, 0.08823601, 0.029350016), (0.178177, 0.020243006, 0.08238201), (0.21324599, 0.08753001, 0.06124402), (0.172293, 0.024287004, 0.10020701), (0.20822299, 0.086935006, 0.09933402), (0.15920998, 0.025677998, 0.140514), (0.19602899, 0.090543, 0.13549803), (0.14367199, 0.023084996, 0.16817), (0.17133899, 0.087852, 0.17802203), (0.12953399, 0.027144993, 0.191144), (0.14505398, 0.09008599, 0.20686302), (0.11334399, 0.02839599, 0.203654), (0.11910398, 0.088807985, 0.22136602), (0.08940799, 0.029970987, 0.228677), (0.11910398, 0.088807985, 0.22136602), (0.064763986, 0.029924985, 0.235639), (0.022571996, 0.20843004, -0.26560098), (0.028033992, 0.26164204, -0.26683298), (0.040694997, 0.21559203, -0.25627196), (0.04146299, 0.26131502, -0.25850996), (0.059978995, 0.21259801, -0.24652898), (0.06847499, 0.27215004, -0.24971998), (0.08442599, 0.20182702, -0.23176399), (0.09961499, 0.26763302, -0.23464698), (0.10890299, 0.20387203, -0.20568198), (0.11849798, 0.27972803, -0.21000597), (0.15154399, 0.23748203, -0.15840998), (0.13056299, 0.31685302, -0.18972597), (0.21056499, 0.19170101, -0.07239598), (0.17909898, 0.326054, -0.14206296), (0.23039998, 0.17270501, -0.025995975), (0.22962698, 0.29196304, -0.06920297), (0.23841499, 0.17073101, -0.00071697467), (0.24803099, 0.27514002, -0.028471965), (0.24152198, 0.16821301, 0.035144027), (0.26343697, 0.25803202, 0.022463033), (0.24676998, 0.17192602, 0.07877002), (0.26645398, 0.25752202, 0.09135104), (0.23658198, 0.170265, 0.13063103), (0.25767496, 0.25304103, 0.14351703), (0.21827199, 0.180117, 0.17970604), (0.23539896, 0.250236, 0.18752503), (0.19344297, 0.184896, 0.21167202), (0.20534497, 0.256061, 0.21989805), (0.16984497, 0.184953, 0.22791901), (0.18248597, 0.25635797, 0.23496005), (0.13486497, 0.183491, 0.24881001), (0.02265299, 0.31426203, -0.26973897), (0.019753985, 0.36483702, -0.27673298), (0.044856988, 0.32382104, -0.26421398), (0.042181984, 0.36673304, -0.26917896), (0.08402599, 0.33371404, -0.25324497), (0.07962898, 0.37698203, -0.26090598), (0.11849798, 0.33816904, -0.23771097), (0.11289398, 0.38417703, -0.25417498), (0.12771198, 0.34910804, -0.21934697), (0.14080499, 0.39446104, -0.24148197), (0.14772898, 0.37480304, -0.18782596), (0.16399099, 0.41769803, -0.22054897), (0.17236099, 0.362509, -0.15427595), (0.17985897, 0.41791502, -0.17785096), (0.19608799, 0.354195, -0.12739095), (0.19367597, 0.402437, -0.13794796), (0.22799698, 0.34991303, -0.066980965), (0.21150596, 0.39475104, -0.090553954), (0.24316497, 0.34308204, -0.026229959), (0.22533096, 0.40637803, -0.046798952), (0.26469898, 0.33932704, 0.05363104), (0.23649298, 0.40797102, 0.0035440458), (0.25571296, 0.34306803, 0.13656604), (0.24314398, 0.39314902, 0.109668046), (0.23417197, 0.34056, 0.17940004), (0.22715098, 0.39010802, 0.14901304), (0.21168897, 0.331133, 0.20992604), (0.20471896, 0.394227, 0.17719205), (0.18262897, 0.32344896, 0.22639704), (0.17386195, 0.39506096, 0.19421305), (0.188898, -0.085122, 0.13471201), (0.194925, -0.084479995, 0.10587), (0.033742014, -0.056537975, -0.274905), (0.044189014, -0.059892975, -0.26737), (0.061862014, -0.061986975, -0.254993), (0.09095001, -0.06321497, -0.233682), (0.115355015, -0.06513198, -0.21022), (0.15438001, -0.07355897, -0.147906), (0.16682002, -0.075370975, -0.121591), (0.18321401, -0.082902975, -0.066387), (0.18944502, -0.08588499, -0.035584), (0.194799, -0.08766799, -0.003317999), (0.198061, -0.088265985, 0.029575001), (0.201909, -0.090541996, 0.064253), (-0.0012490047, -0.07894802, 0.244715), (0.09346, -0.09724201, 0.24993698), (0.09518, -0.13531101, 0.24972498), (0.08951199, -0.016895013, 0.229462), (0.10554099, -0.01398101, 0.209095), (0.11813099, -0.03551001, 0.212559), (0.06711999, -0.018919015, 0.240885), (0.10932399, -0.054858014, 0.24784), (-0.0012490047, -0.07894802, 0.244715), (0.10554099, -0.01398101, 0.209095), (0.128248, -0.018250007, 0.191429), (0.156351, -0.023566002, 0.145878), (0.172811, -0.042487994, 0.08857201), (0.1395, -0.019973004, 0.170519), (0.104639016, -0.24937898, 0.08115899), (0.019818984, 0.38849804, -0.27870098), (0.040861983, 0.39328003, -0.27148998), (0.08202598, 0.39662504, -0.26399997), (0.11237298, 0.40415204, -0.26071998), (0.15331599, 0.42252204, -0.24690697), (0.17392197, 0.44449002, -0.21917094), (0.18464997, 0.44636202, -0.17080294), (0.18904397, 0.457961, -0.10366295), (0.19442797, 0.456188, -0.07144496), (0.20207897, 0.45851204, -0.045516953), (0.21449196, 0.45602804, -0.005527951), (0.21923797, 0.45724404, 0.04418705), (0.20264296, 0.46275103, 0.084835045), (0.18341096, 0.454107, 0.12101205), (0.16802396, 0.450118, 0.14847505), (0.017867979, 0.43852103, -0.28175798), (0.03770698, 0.44333103, -0.27529296), (0.06700798, 0.44809702, -0.27323198), (0.12562998, 0.47720602, -0.25471896), (0.16617897, 0.48765004, -0.21863995), (0.17862497, 0.48517603, -0.17869894), (0.18108398, 0.490411, -0.12782794), (0.18594997, 0.493013, -0.086429946), (0.19301797, 0.491592, -0.06508895), (0.20401797, 0.47770703, -0.03692295), (0.21364897, 0.47211802, -0.006221949), (0.21541595, 0.48048002, 0.043092053), (0.19977696, 0.49355802, 0.08249705), (0.17405696, 0.496175, 0.11861605), (0.16063796, 0.495121, 0.13753805), (0.14718495, 0.454007, 0.16031304), (0.15046395, 0.493518, 0.14292005), (0.13806595, 0.36215398, 0.22883902), (0.13945295, 0.40277097, 0.20357403), (0.14154996, 0.38864496, 0.21060503), (0.020523975, 0.500785, -0.28628096), (0.034821972, 0.504024, -0.28190598), (0.06690197, 0.5099, -0.27611598), (0.12546197, 0.515347, -0.25563493), (0.16894197, 0.520642, -0.21362595), (0.18302096, 0.534844, -0.16749194), (0.18817197, 0.53519, -0.121157944), (0.19358797, 0.528586, -0.08638295), (0.19904198, 0.513185, -0.06029895), (0.20881997, 0.49934104, -0.03295595), (0.22089696, 0.49845502, -0.003222947), (0.22011596, 0.517785, 0.058809057), (0.19826496, 0.531742, 0.108271055), (0.17625496, 0.534214, 0.14667906), (0.16312495, 0.535363, 0.16108005), (0.14999396, 0.536513, 0.17548205), (0.0093199685, 0.594139, -0.30002093), (0.033177968, 0.597987, -0.29469994), (0.060921967, 0.598892, -0.28748393), (0.09388797, 0.6008, -0.27510595), (0.13657796, 0.601153, -0.24836394), (0.17347798, 0.596031, -0.19883494), (0.19577396, 0.578307, -0.13172494), (0.19852196, 0.572615, -0.10358194), (0.19914496, 0.570229, -0.08822594), (0.20592296, 0.562804, -0.047616944), (0.21450895, 0.556448, -0.012573943), (0.21830395, 0.553517, 0.016786058), (0.21510395, 0.548512, 0.06541605), (0.19613495, 0.555998, 0.12911905), (0.18238495, 0.577435, 0.19032405), (0.006790964, 0.65396, -0.31004295), (0.032952964, 0.657826, -0.29467195), (0.055889964, 0.657454, -0.29071993), (0.087699965, 0.662761, -0.28182793), (0.122182965, 0.659081, -0.26103693), (0.14685996, 0.650157, -0.23022494), (0.17589895, 0.63464, -0.17390692), (0.18898396, 0.6182, -0.11920194), (0.19137995, 0.612662, -0.07402994), (0.19343795, 0.612093, -0.04188194), (0.20181096, 0.59636, -0.012347939), (0.20953296, 0.590429, 0.037766058), (0.21023996, 0.585258, 0.08019306), (0.19718796, 0.586578, 0.13948406), (0.18604794, 0.602457, 0.19088207), (0.05855696, 0.702013, -0.28509593), (0.048648953, 0.727377, -0.26542494), (-0.001249043, 0.725486, -0.26778194), (0.08603995, 0.707815, -0.27188995), (0.07941695, 0.72855, -0.24941994), (0.10725996, 0.698903, -0.25184593), (0.094948955, 0.72632, -0.22810595), (0.13311495, 0.689358, -0.22564694), (0.109640956, 0.720536, -0.20289195), (0.14208196, 0.684117, -0.18837593), (0.11879195, 0.715173, -0.17420495), (0.15387596, 0.676508, -0.12575693), (0.13815695, 0.705258, -0.12109193), (0.16943896, 0.663313, -0.072230935), (0.15414596, 0.693888, -0.060010932), (0.18204395, 0.652629, -0.035561938), (0.16450095, 0.685126, -0.027811933), (0.19007395, 0.641127, -0.0053079356), (0.17397195, 0.670814, 0.0026990664), (0.20039496, 0.630985, 0.054108065), (0.18164694, 0.661515, 0.055552065), (0.20078796, 0.630053, 0.09720806), (0.17813393, 0.66075, 0.104853064), (0.19061594, 0.635795, 0.15750808), (0.16632193, 0.66481, 0.15687107), (0.17711394, 0.642878, 0.19871707), (0.15625393, 0.669239, 0.19792005), (0.17039993, 0.655538, 0.22639406), (0.15036795, 0.675335, 0.22131506), (0.045197956, 0.76125, -0.25035095), (-0.0012490458, 0.754278, -0.25234094), (0.06694795, 0.755425, -0.23104094), (0.077646956, 0.753325, -0.21278694), (0.08901695, 0.748686, -0.18765195), (0.095547944, 0.746283, -0.15999694), (0.10854295, 0.737314, -0.11582193), (0.13203095, 0.724987, -0.064079925), (0.14323494, 0.712357, -0.025227932), (0.14860295, 0.7031, 0.017584067), (0.15359995, 0.691295, 0.06648707), (0.15853395, 0.682318, 0.10732107), (0.15005594, 0.683067, 0.15383106), (0.14276694, 0.689269, 0.18498106), (0.032066952, 0.757277, -0.21286593), (-0.0012490473, 0.75729, -0.22333995), (0.04130695, 0.756001, -0.20050794), (0.04860195, 0.755094, -0.18230894), (0.05617895, 0.751407, -0.16456693), (0.05708595, 0.750135, -0.14704295), (0.06487895, 0.744934, -0.11056493), (0.08127395, 0.73535, -0.060930934), (0.09607695, 0.727452, -0.022319933), (0.11387995, 0.717707, 0.019550068), (0.11620094, 0.709582, 0.053774066), (0.12366494, 0.690241, 0.114745066), (0.15080695, 0.561085, 0.20514305), (0.14376295, 0.69943, 0.24109507), (0.11089494, 0.615958, 0.28266805), (0.13227792, 0.66649497, 0.39760005), (0.17631292, 0.69318897, 0.47457907), (0.16614893, 0.69600695, 0.44462207), (0.16997392, 0.68679893, 0.44360706), (0.17060493, 0.6624559, 0.46355006), (0.16117893, 0.66780096, 0.43797705), (0.16286093, 0.65398395, 0.43477106), (0.16988893, 0.64345497, 0.46134007), (0.15084893, 0.64818794, 0.43479905), (0.17594692, 0.68073595, 0.47204006), (0.17416693, 0.69309795, 0.48352605), (0.17245193, 0.6814259, 0.49404907), (0.17516792, 0.6954119, 0.49834007), (0.16792692, 0.67979497, 0.50129205), (0.15394393, 0.6371899, 0.46221405), (0.15511292, 0.62746495, 0.48181406), (0.17797592, 0.67346996, 0.46850505), (0.16324092, 0.67652196, 0.43843007), (0.15211992, 0.69814897, 0.48099107), (0.14823593, 0.69759095, 0.50089806), (0.13136293, 0.6919249, 0.49791506), (0.15240693, 0.6807299, 0.5072241), (0.13244392, 0.6859989, 0.47681504), (0.13705193, 0.69286597, 0.43961906), (0.15080193, 0.6990429, 0.44766107), (0.17011993, 0.63128793, 0.48505306), (0.17282593, 0.65052193, 0.48685607), (0.17756392, 0.66474897, 0.49069107), (0.17627193, 0.67228097, 0.49304605), (0.14108893, 0.64692795, 0.45598805), (0.13575493, 0.6644179, 0.50070804), (0.12652993, 0.67187595, 0.47219607), (0.13575493, 0.6644179, 0.50070804), (0.13421793, 0.64748996, 0.48623607), (0.13174292, 0.6565889, 0.46055105), (0.14425592, 0.63438296, 0.48322907), (0.13174292, 0.6565889, 0.46055105), (0.13156693, 0.66722095, 0.43658605), (0.13156693, 0.66722095, 0.43658605), (0.13251193, 0.6746829, 0.43526605), (0.14265692, 0.6519029, 0.43728706), (0.14047994, 0.65293896, 0.39480105), (0.12220194, 0.689628, 0.18257606), (0.12775093, 0.685131, 0.14892706), (0.10433495, 0.711004, 0.048347067), (0.04290595, 0.733173, -0.111173935), (0.044143952, 0.736575, -0.13207394), (0.049414948, 0.730043, -0.069855936), (0.06646395, 0.726926, -0.023710933), (0.08472295, 0.719677, 0.012041067), (-0.0012490498, 0.743764, -0.14369394), (-0.001249047, 0.740271, -0.20371795), (-0.0012490575, 0.775984, -0.023723934), (0.006402943, 0.774221, -0.023921933), (0.0017659399, 0.778715, 0.029442068), (0.0071099447, 0.778475, -0.07864993), (0.007820948, 0.785221, -0.15821593), (0.008527951, 0.781049, -0.23308893), (0.009235955, 0.755574, -0.28158495), (0.009944959, 0.71951, -0.30889395), (0.010651962, 0.683087, -0.31580094), (0.012003943, 0.769405, -0.024462933), (0.0068489406, 0.772372, 0.029646067), (0.013231945, 0.773239, -0.07924093), (0.014457948, 0.779535, -0.15880193), (0.015684951, 0.774891, -0.23281692), (0.016912956, 0.749595, -0.27876893), (0.018139958, 0.715764, -0.30291593), (0.019367963, 0.6814, -0.30893195), (0.014055943, 0.762824, -0.025201933), (0.008710941, 0.763711, 0.029921068), (0.015472946, 0.766086, -0.08004993), (0.016890949, 0.771768, -0.15960293), (0.018307952, 0.766481, -0.23244394), (0.019724956, 0.74143, -0.27492195), (0.02114296, 0.710645, -0.29474795), (0.0120089445, 0.756245, -0.025941934), (0.006853942, 0.755045, 0.030198066), (0.013235946, 0.758934, -0.080856934), (0.01446395, 0.763998, -0.16040094), (0.015691953, 0.758069, -0.23207094), (0.016918957, 0.73326, -0.27107295), (0.018146958, 0.705525, -0.28658095), (0.0064109447, 0.751427, -0.026482934), (0.0017729421, 0.748702, 0.030401066), (0.0071199466, 0.753694, -0.081448935), (0.00782795, 0.758311, -0.16098695), (0.0085369535, 0.75191, -0.23179694), (0.009247957, 0.727278, -0.26825494), (0.009956959, 0.701777, -0.28059894), (-0.0012400554, 0.74966, -0.026681935), (-0.0051690578, 0.746374, 0.030474065), (-0.0012580532, 0.751773, -0.08166593), (-0.0012600501, 0.756224, -0.16120294), (-0.0012600465, 0.749652, -0.23169693), (-0.001249043, 0.725486, -0.26778194), (-0.0012600465, 0.749652, -0.23169693), (-0.0012630407, 0.700403, -0.27840695), (-0.0012400554, 0.74966, -0.026681935), (-0.008892056, 0.751419, -0.026484935), (-0.012112058, 0.748691, 0.030401066), (-0.014497056, 0.756232, -0.025942935), (-0.017199058, 0.755028, 0.030200066), (-0.016554056, 0.762809, -0.025203932), (-0.01906506, 0.76369, 0.029922066), (-0.014511057, 0.76939, -0.024464933), (-0.01721106, 0.772355, 0.029646067), (-0.008916058, 0.774213, -0.023922933), (-0.01213406, 0.778704, 0.029442068), (-0.00517606, 0.781036, 0.02936907), (0.09522106, -0.575517, -0.29628205), (0.09730406, -0.58556, -0.30658507), (0.09394806, -0.589939, -0.29760006), (0.09660306, -0.59136, -0.31521007), (0.09914006, -0.588414, -0.31830806), (0.08888406, -0.603046, -0.32308006), (0.08107406, -0.611836, -0.31649607), (0.07533306, -0.613435, -0.30148306), (0.08268906, -0.608908, -0.31381506), (0.09034606, -0.601523, -0.29289407), (0.08928106, -0.604435, -0.28988105), (0.09600206, -0.591361, -0.29199007), (0.08311606, -0.61036, -0.29501605), (0.08068806, -0.61183, -0.29045206), (0.091249056, -0.598662, -0.28286007), (0.08584306, -0.607399, -0.28083405), (0.07833106, -0.610466, -0.28448007), (0.07163306, -0.614932, -0.29537305), (0.08256806, -0.600306, -0.32828104), (0.07740706, -0.60762, -0.32338005), (0.074430056, -0.616294, -0.31151706), (0.08939306, -0.585757, -0.32898206), (0.08370806, -0.594502, -0.32983106), (0.09852706, -0.574038, -0.32119206), (0.09175506, -0.581399, -0.33354807), (0.08417106, -0.593079, -0.34001005), (0.08003106, -0.601788, -0.33958507), (0.07242306, -0.613518, -0.33158907), (0.06986506, -0.622182, -0.31538406), (0.06857806, -0.625092, -0.29937407), (0.06810806, -0.6179, -0.28779706), (0.07905706, -0.611861, -0.27732006), (0.08643506, -0.603075, -0.27367505), (0.09364506, -0.589941, -0.28601807), (0.09195006, -0.592863, -0.27423805), (0.09379106, -0.584211, -0.28314605), (0.061927058, -0.628141, -0.30885306), (0.06299806, -0.626637, -0.29740706), (0.06442406, -0.622288, -0.28162307), (0.07515006, -0.616256, -0.27402806), (0.08437706, -0.600229, -0.26483405), (0.08846106, -0.591521, -0.26525307), (0.091787055, -0.574167, -0.27142906), (0.06677506, -0.617956, -0.33103105), (0.06519506, -0.623709, -0.31931007), (0.07536706, -0.60337096, -0.34345406), (0.08218806, -0.59454596, -0.34556106), (0.08849706, -0.582893, -0.33755305), (0.09540806, -0.57049, -0.32063806), (0.096563056, -0.572597, -0.29642105), (0.08948405, -0.565555, -0.27845705), (0.08624206, -0.57286197, -0.34316906), (0.07417006, -0.58753896, -0.35203406), (0.06447406, -0.5964329, -0.34964907), (0.05296006, -0.612502, -0.33836007), (0.04742106, -0.622707, -0.32334206), (0.05048406, -0.628407, -0.30774507), (0.05336606, -0.629748, -0.29356506), (0.093794055, -0.565464, -0.29332805), (0.05696606, -0.57213795, -0.36202407), (0.04340306, -0.5868409, -0.35629007), (0.03411806, -0.608634, -0.33803007), (0.03167206, -0.62449, -0.32181606), (0.03198406, -0.633142, -0.30594507), (0.04391506, -0.63716, -0.28830707), (0.05134406, -0.634088, -0.27019706), (0.06708206, -0.629409, -0.25585306), (0.07862006, -0.610432, -0.23676306), (0.08156505, -0.601694, -0.23422606), (0.08853305, -0.581416, -0.23205605), (0.09069305, -0.568394, -0.23662505), (0.08965905, -0.552622, -0.25825107), (0.08925305, -0.542564, -0.29005206), (0.09386806, -0.564062, -0.32224905), (0.089849055, -0.539674, -0.31322205), (0.07301606, -0.5559539, -0.35639206), (0.084857054, -0.544108, -0.33588707), (0.017630061, -0.637782, -0.30596706), (0.030111061, -0.647564, -0.28404105), (0.04277506, -0.647256, -0.25777906), (0.05586506, -0.649824, -0.22722706), (0.091530055, -0.562646, -0.22659305), (0.09299605, -0.549644, -0.23832405), (0.09147705, -0.543908, -0.25264707), (0.087245055, -0.544021, -0.28114605), (0.09274905, -0.530967, -0.26583907), (0.08967805, -0.52386, -0.29589307), (0.08745905, -0.523924, -0.31883907), (0.020797057, -0.55570495, -0.37302807), (0.039062057, -0.54666895, -0.37624106), (0.06857306, -0.5301129, -0.36610806), (0.07322405, -0.51707494, -0.34491205), (0.05981106, -0.648252, -0.21606006), (0.06452706, -0.638046, -0.19486307), (0.07824505, -0.60611, -0.19485506), (0.08865205, -0.575624, -0.21472605), (0.017571064, -0.663663, -0.28278404), (0.018191064, -0.679503, -0.26544407), (0.030605061, -0.673429, -0.25510806), (0.03756906, -0.671845, -0.24275306), (0.05108906, -0.665738, -0.22097206), (0.05507706, -0.65986, -0.20834306), (0.054145057, -0.654147, -0.18658605), (0.059364054, -0.652547, -0.17696705), (0.07807505, -0.611831, -0.18327007), (0.09203605, -0.571227, -0.19338405), (0.09662205, -0.556735, -0.20251805), (0.100220054, -0.537964, -0.22027504), (0.09927505, -0.523606, -0.24190505), (0.092632055, -0.516586, -0.27889907), (0.09129805, -0.528121, -0.28016007), (0.09248605, -0.515126, -0.29476607), (0.016652063, -0.708309, -0.24353206), (0.028790064, -0.702244, -0.23607107), (0.038192064, -0.696241, -0.22686806), (0.04814106, -0.687389, -0.21192107), (0.05062506, -0.680129, -0.19920506), (0.05331706, -0.675752, -0.18502507), (0.05411706, -0.674255, -0.17639907), (0.016180065, -0.721234, -0.23622206), (0.018401066, -0.729848, -0.23060806), (0.031769063, -0.728062, -0.22615805), (0.044391062, -0.724872, -0.21435507), (0.049056064, -0.708953, -0.20762306), (0.039319064, -0.714965, -0.21969606), (0.051282063, -0.720399, -0.20205806), (0.048666064, -0.701759, -0.19463006), (0.054463062, -0.718898, -0.18353206), (-0.0011239352, -0.720128, -0.23785506), (0.028449066, -0.720945, -0.22875907), (0.05398606, -0.704519, -0.18500707), (0.05605406, -0.6886, -0.17512307), (0.019319067, -0.745632, -0.22490606), (0.020279067, -0.757107, -0.21773906), (0.025870066, -0.752671, -0.21829206), (0.018472066, -0.767229, -0.20882908), (0.026906068, -0.761255, -0.20966107), (0.029474065, -0.741088, -0.22299805), (0.043529063, -0.736448, -0.21133706), (0.03989307, -0.746559, -0.20663306), (0.032676067, -0.759696, -0.19434506), (0.015638066, -0.770176, -0.19409208), (0.010873064, -0.760186, -0.16623005), (0.012962066, -0.764449, -0.17507106), (0.022837065, -0.758488, -0.16158606), (0.04901406, -0.739131, -0.16997506), (0.03801406, -0.75236, -0.16739605), (0.036005065, -0.748094, -0.15714106), (0.038748063, -0.756654, -0.17616107), (0.028190065, -0.7641, -0.18234806), (0.026388066, -0.762718, -0.17062406), (0.046769064, -0.744968, -0.17987105), (0.049576063, -0.734824, -0.19314606), (0.047300063, -0.733466, -0.20163606), (0.057101063, -0.721721, -0.17222907), (0.052034065, -0.733337, -0.16738206), (0.054743063, -0.720298, -0.16625606), (0.05964106, -0.707271, -0.17251407), (0.05466506, -0.687208, -0.15911406), (0.05739206, -0.704429, -0.16507806), (0.05252706, -0.71893, -0.15881906), (0.05380006, -0.704508, -0.15750407), (0.05244606, -0.697343, -0.15449107), (0.05267506, -0.680061, -0.16326806), (0.050803058, -0.681515, -0.15295306), (0.048511058, -0.688761, -0.14838506), (0.05378106, -0.67284, -0.16481707), (0.031610057, -0.671925, -0.13957305), (0.051843055, -0.671462, -0.15450506), (0.037580058, -0.699098, -0.14439906), (0.026696058, -0.693624, -0.13613506), (0.033768058, -0.713577, -0.14256705), (0.02429406, -0.70807, -0.13444106), (0.03102206, -0.730924, -0.14509806), (0.01891106, -0.724002, -0.13387606), (0.059165057, -0.651128, -0.16397706), (0.039689057, -0.660181, -0.14328906), (0.055727057, -0.648311, -0.15352306), (-0.0010769373, -0.744674, -0.14906906), (0.010128061, -0.738601, -0.13873306), (0.015328063, -0.747097, -0.14644006), (0.010128061, -0.738601, -0.13873306), (0.009983059, -0.702623, -0.13159306), (0.009983059, -0.702623, -0.13159306), (0.0151010575, -0.683807, -0.13361906), (0.015830057, -0.652119, -0.13377906), (-0.0011599453, -0.646717, -0.13507406), (-0.0011729465, -0.630847, -0.13254106), (0.020514056, -0.669289, -0.13418406), (0.027338056, -0.65474, -0.13488406), (-0.0011449439, -0.663993, -0.13653105), (0.0151010575, -0.683807, -0.13361906), (-0.0011229424, -0.68703, -0.13223305), (0.020514056, -0.669289, -0.13418406), (0.027338056, -0.65474, -0.13488406), (0.046342056, -0.64422, -0.14539906), (0.021540053, -0.634703, -0.12999906), (-0.001197949, -0.600682, -0.12808307), (0.033107053, -0.637324, -0.13110806), (0.021320052, -0.607396, -0.12572806), (0.051207047, -0.567831, -0.12150005), (0.04292805, -0.612617, -0.12780206), (-0.0012339526, -0.558923, -0.11953505), (0.053077053, -0.613862, -0.14323406), (0.046342056, -0.64422, -0.14539906), (0.06260105, -0.570465, -0.13852805), (0.07090205, -0.614879, -0.16811506), (0.053077053, -0.613862, -0.14323406), (0.087401055, -0.572737, -0.16692504), (0.06256505, -0.61648, -0.14994806), (0.07601905, -0.572992, -0.14988905), (0.09984005, -0.545147, -0.18117905), (0.089929044, -0.533863, -0.16147305), (0.06260105, -0.570465, -0.13852805), (0.074515045, -0.508267, -0.14992605), (0.070946045, -0.521321, -0.14521904), (0.060407046, -0.518671, -0.13408004), (0.028378047, -0.561163, -0.11641105), (-0.0012699562, -0.515717, -0.111125045), (0.024972042, -0.512286, -0.11047105), (0.044571046, -0.50611, -0.115286045), (0.06261204, -0.489838, -0.13437404), (0.100619055, -0.526441, -0.19866504), (0.07731804, -0.478007, -0.15898904), (0.06923904, -0.502663, -0.14368404), (0.085418046, -0.499412, -0.16984105), (0.08440904, -0.46925497, -0.20306204), (0.095358044, -0.48339796, -0.21273105), (0.074515045, -0.508267, -0.14992605), (0.070946045, -0.521321, -0.14521904), (0.085418046, -0.499412, -0.16984105), (0.09796804, -0.513516, -0.17824204), (0.095358044, -0.48339796, -0.21273105), (0.100961044, -0.49477196, -0.21756604), (0.10283204, -0.507653, -0.23074104), (0.09944005, -0.504919, -0.26513502), (0.09577005, -0.519393, -0.26183707), (0.094791055, -0.503565, -0.28346902), (0.088788055, -0.503714, -0.30024603), (0.09063105, -0.49357298, -0.27877003), (0.09222605, -0.49069396, -0.26157603), (0.091141045, -0.47484896, -0.25428802), (0.082929045, -0.46642497, -0.24771404), (0.091141045, -0.47484896, -0.25428802), (0.08903004, -0.47921896, -0.27717704), (0.081740044, -0.46788496, -0.27508104), (0.08903004, -0.47921896, -0.27717704), (0.020829055, -0.5096579, -0.40639403), (0.029421056, -0.50804394, -0.40723002), (0.019245058, -0.52697194, -0.39748707), (0.039485056, -0.50922495, -0.40819904), (0.041101057, -0.52504593, -0.39527905), (0.020124054, -0.48525596, -0.40781802), (0.033235054, -0.48778397, -0.40765503), (0.040291056, -0.48909497, -0.40975603), (0.051870055, -0.48882496, -0.40945202), (0.052860055, -0.50749594, -0.40369004), (0.047037058, -0.5234339, -0.39295506), (0.055606056, -0.5304229, -0.38078806), (0.054130055, -0.5204359, -0.39364704), (0.05271805, -0.46573797, -0.39514503), (0.07015105, -0.46969497, -0.39533904), (0.07304705, -0.46814498, -0.37974602), (0.04552505, -0.46448797, -0.39445302), (0.061749052, -0.46268398, -0.37576804), (0.033078052, -0.46908897, -0.40479004), (0.040582053, -0.47180298, -0.40260503), (0.04633105, -0.47166997, -0.40316102), (0.05924905, -0.47425896, -0.40440202), (0.052870054, -0.46141896, -0.37781602), (0.048039053, -0.45580998, -0.38168904), (0.037989054, -0.46035796, -0.39663902), (-0.0014039478, -0.45960298, -0.39801702), (0.057715047, -0.44979796, -0.36966503), (0.05680405, -0.43542397, -0.36091104), (0.062097054, -0.45978397, -0.37148502), (0.07904905, -0.46799698, -0.36296904), (0.083345056, -0.45061398, -0.35911003), (0.07938405, -0.44067296, -0.35294902), (0.08073705, -0.43343896, -0.33722302), (0.081587054, -0.47371897, -0.36752403), (0.092449054, -0.47346398, -0.35992402), (0.09664105, -0.45749897, -0.35747102), (0.09562405, -0.44459996, -0.35018402), (0.09372105, -0.43885896, -0.33846304), (0.11005005, -0.47877496, -0.35870802), (0.11584705, -0.46282998, -0.35498804), (0.110590056, -0.45433596, -0.34727702), (0.10724504, -0.44721198, -0.33542103), (0.081954055, -0.50248593, -0.35592702), (0.09112805, -0.48930296, -0.36265403), (0.09723605, -0.48915797, -0.35892102), (0.10460305, -0.49187696, -0.35814402), (0.12131605, -0.48287797, -0.36268702), (0.13170704, -0.46824196, -0.35650504), (0.12686305, -0.45967796, -0.34451002), (0.11867205, -0.49874797, -0.36381003), (0.13811906, -0.48968697, -0.37009603), (0.14283404, -0.47229198, -0.36189404), (0.13849504, -0.46518797, -0.34561703), (0.18416004, -0.46554497, -0.35145304), (0.16016205, -0.47188997, -0.36214703), (0.17056206, -0.48026597, -0.37610403), (0.15742606, -0.48635396, -0.37919804), (0.13677207, -0.50411195, -0.37277204), (0.16471606, -0.49768698, -0.38129404), (0.17160206, -0.49174896, -0.38340002), (0.19414707, -0.48261398, -0.38708302), (0.19385405, -0.47111297, -0.37263304), (0.21604507, -0.47060093, -0.38200602), (0.20928304, -0.46496695, -0.36110902), (0.22729504, -0.46313694, -0.36866003), (0.15847005, -0.46325096, -0.34755403), (0.11913205, -0.45412996, -0.33364803), (0.14087504, -0.45934796, -0.33431202), (0.15646504, -0.45898598, -0.33724204), (0.16751005, -0.46160597, -0.31371903), (0.18883604, -0.45970297, -0.33171904), (0.22704305, -0.46884993, -0.34261203), (0.21332504, -0.47204694, -0.32101804), (0.19149505, -0.47973496, -0.29430303), (0.14326404, -0.46075198, -0.30995604), (0.07483505, -0.44358796, -0.31061804), (0.06615005, -0.42799696, -0.33725104), (0.08517805, -0.45054296, -0.31011802), (0.08976405, -0.47060096, -0.29753003), (0.09942105, -0.45310298, -0.31296703), (0.113871045, -0.45854697, -0.31434903), (0.14304204, -0.47943997, -0.28671902), (0.17033404, -0.47591698, -0.28794503), (0.081954055, -0.50248593, -0.35592702), (0.083818056, -0.505322, -0.33731902), (0.08004905, -0.509713, -0.33261803), (0.08362305, -0.503846, -0.32427204), (0.21539205, -0.47922495, -0.37611404), (0.21174406, -0.47930494, -0.36853504), (0.20078306, -0.48244694, -0.36314103), (0.21387005, -0.47783595, -0.36151704), (0.20078306, -0.48244694, -0.36314103), (0.20256305, -0.47809595, -0.35900104), (0.21387005, -0.47783595, -0.36151704), (0.19521606, -0.48688996, -0.37704504), (0.19590706, -0.48686996, -0.36988404), (0.18355606, -0.48715296, -0.36288604), (0.10559905, -0.49904397, -0.34957102), (0.083818056, -0.505322, -0.33731902), (0.13076405, -0.51573795, -0.34763107), (0.095507056, -0.49785298, -0.33414602), (0.095507056, -0.49785298, -0.33414602), (0.16308106, -0.5034989, -0.36956802), (0.17832805, -0.49447596, -0.37396902), (0.19590706, -0.48686996, -0.36988404), (0.17850506, -0.49016497, -0.37109601), (0.14380306, -0.51396894, -0.36187106), (0.14436506, -0.5024499, -0.35330802), (0.13385905, -0.50127196, -0.34216702), (0.17850506, -0.49016497, -0.37109601), (0.16339406, -0.49912596, -0.36528504), (0.12503105, -0.511556, -0.33115405), (0.12503105, -0.511556, -0.33115405), (0.16225205, -0.48911998, -0.35939902), (0.16339406, -0.49912596, -0.36528504), (0.14865907, -0.49084798, -0.35085303), (0.13366105, -0.48688397, -0.34076402), (0.12465505, -0.501481, -0.33262804), (0.13874805, -0.47956496, -0.33114803), (0.13366105, -0.48688397, -0.34076402), (0.12457305, -0.47989398, -0.32829702), (0.15398005, -0.47921497, -0.33836803), (0.14865907, -0.49084798, -0.35085303), (0.17647704, -0.48011297, -0.34492204), (0.16225205, -0.48911998, -0.35939902), (0.19024405, -0.47979596, -0.35200003), (0.18355606, -0.48715296, -0.36288604), (0.14379905, -0.47655398, -0.32293603), (0.16383204, -0.47467297, -0.32487804), (0.18323804, -0.47564298, -0.33397904), (0.19689505, -0.47674698, -0.34252203), (0.16569404, -0.47745198, -0.30627102), (0.18778004, -0.47841796, -0.31711003), (0.20253104, -0.47519094, -0.32861602), (0.21382305, -0.47352093, -0.34564704), (0.21902205, -0.47340494, -0.35189602), (0.21938504, -0.47623494, -0.36353403), (0.083299056, -0.49954098, -0.31127903), (0.08282905, -0.49234897, -0.29970104), (0.08976405, -0.47060096, -0.29753003), (0.12465505, -0.501481, -0.33262804), (0.12258005, -0.500051, -0.32372302), (0.121297054, -0.511639, -0.32504606), (0.12032005, -0.49437696, -0.31629303), (0.12457305, -0.47989398, -0.32829702), (0.14379905, -0.47655398, -0.32293603), (0.12457305, -0.47989398, -0.32829702), (0.12258005, -0.500051, -0.32372302), (0.14401005, -0.48084596, -0.30706802), (0.12032005, -0.49437696, -0.31629303), (0.09090606, -0.602995, -0.31747007), (0.09451306, -0.579853, -0.31936505), (0.22503404, -0.47179893, -0.36409202), (0.14401005, -0.48084596, -0.30706802), (0.14304204, -0.47943997, -0.28671902), (0.17033404, -0.47591698, -0.28794503), (0.07271604, -0.46521497, -0.29299602), (0.024972042, -0.512286, -0.11047105), (0.035465047, -0.42872897, -0.37042102), (0.07317896, 0.34803197, 0.27834702), (0.06961796, 0.39490998, 0.26679504), (-0.0012490412, 0.707409, -0.27866194), (-0.0012630407, 0.700403, -0.27840695), (0.018146958, 0.705525, -0.28658095), (0.21938504, -0.47623494, -0.36353403), (0.22503404, -0.47179893, -0.36409202), (0.11089494, 0.615958, 0.28266805), (0.10191594, 0.646914, 0.27654105), (0.009956959, 0.701777, -0.28059894), (-0.0012630407, 0.700403, -0.27840695), (-0.11589102, -0.12544906, 0.492518), (-0.10574001, -0.10025103, 0.264041), (-0.13671607, 0.64748996, 0.48623607), (-0.12470006, 0.689628, 0.18257606), (-0.09284394, -0.601523, -0.29289407), (-0.091527954, -0.47921896, -0.27717704), (-0.054367945, -0.48882496, -0.40945202), (-0.0012630407, 0.700403, -0.27840695), (-0.10441406, 0.646914, 0.27654105), (0.12762697, 0.28057596, 0.27796602), (0.13109101, -0.205676, 0.122145995), (0.11334399, 0.02839599, 0.203654), (0.09680499, -0.078153014, 0.250777), (-0.0051690578, 0.746374, 0.030474065), (0.047135063, -0.731973, -0.15826206), (0.015328063, -0.747097, -0.14644006), (0.009983059, -0.702623, -0.13159306), (0.16225205, -0.48911998, -0.35939902), (0.12457305, -0.47989398, -0.32829702), (-0.15402204, 0.50712, 0.17734104), (-0.15335205, 0.49324796, 0.17239204), (-0.15336104, 0.541383, 0.20976004), (-0.15190004, 0.513727, 0.20834404), (-0.14929405, 0.49488097, 0.20632005), (-0.14517005, 0.45314097, 0.20036204), (-0.14245304, 0.44250298, 0.20163904), (-0.14084606, 0.553995, 0.24410805), (-0.13959305, 0.523493, 0.24224004), (-0.13173604, 0.49611098, 0.24556005), (-0.12341704, 0.45347896, 0.24364504), (-0.13433404, 0.45327297, 0.23151104), (-0.13803804, 0.43890896, 0.22227904), (-0.13317704, 0.42408898, 0.22136404), (-0.117008045, 0.41780898, 0.24441303), (-0.12526305, 0.43472698, 0.24272604), (-0.096699044, 0.40647697, 0.26038602), (-0.096537046, 0.42557997, 0.25043002), (-0.08019404, 0.41263396, 0.25994304), (-0.057601046, 0.42157897, 0.26663604), (-0.001249044, 0.42690197, 0.26903602), (-0.065223046, 0.45113596, 0.27744102), (-0.0012490465, 0.45676598, 0.27557603), (-0.096652046, 0.44857898, 0.26211902), (-0.11480005, 0.568331, 0.27035207), (-0.10542705, 0.530281, 0.27569607), (-0.10459005, 0.49414197, 0.27293602), (-0.07817705, 0.47819698, 0.28761002), (-0.064433046, 0.46987897, 0.28762603), (-0.08861005, 0.49254897, 0.28499702), (-0.08037705, 0.508146, 0.29341304), (-0.07529305, 0.538227, 0.29462406), (-0.07138905, 0.516041, 0.29456407), (-0.091006055, 0.561707, 0.29202506), (-0.07899405, 0.558495, 0.29762307), (-0.09712106, 0.574444, 0.28814605), (-0.09476506, 0.590098, 0.28987405), (-0.09094506, 0.598395, 0.29088005), (-0.0012490597, 0.628637, 0.27997407), (-0.071642056, 0.595955, 0.29730007), (-0.08130206, 0.599881, 0.29552907), (-0.0012490574, 0.591614, 0.29129606), (-0.06496106, 0.584884, 0.29947206), (-0.0012490537, 0.543018, 0.29382807), (-0.06913606, 0.567533, 0.30022705), (-0.07529305, 0.538227, 0.29462406), (-0.07899405, 0.558495, 0.29762307), (-0.05828005, 0.511409, 0.29918706), (-0.07138905, 0.516041, 0.29456407), (-0.0012490506, 0.502883, 0.28918302), (-0.049607053, 0.49813098, 0.29620603), (-0.05828005, 0.511409, 0.29918706), (-0.055414047, 0.47981298, 0.29439402), (-0.10249106, 0.693563, 0.24867806), (-0.07042107, 0.695145, 0.25133607), (-0.069194056, 0.664628, 0.26846305), (-0.06519007, 0.715163, 0.23324805), (-0.07042107, 0.695145, 0.25133607), (-0.09065907, 0.729612, 0.20907006), (-0.060729064, 0.733381, 0.20836006), (-0.08080307, 0.744917, 0.18191005), (-0.05377006, 0.746238, 0.17911907), (-0.07436606, 0.750687, 0.15154806), (-0.051654063, 0.753622, 0.15002306), (-0.07147006, 0.750358, 0.11523507), (-0.053285062, 0.752063, 0.11452707), (-0.06834806, 0.739376, 0.05423506), (-0.05450806, 0.742625, 0.054863058), (-0.07004305, 0.728951, 0.010118061), (-0.055509057, 0.735328, 0.009188062), (-0.05450806, 0.742625, 0.054863058), (-0.06896205, 0.726926, -0.02371094), (-0.054506052, 0.729848, -0.030383939), (-0.051913053, 0.730043, -0.069855936), (-0.001249052, 0.731277, -0.073768936), (-0.0012490537, 0.732508, -0.03481994), (-0.001249056, 0.737455, 0.007957065), (-0.0012490617, 0.75159, 0.11314607), (-0.053285062, 0.752063, 0.11452707), (-0.0012490632, 0.752407, 0.14556105), (-0.051654063, 0.753622, 0.15002306), (-0.0012490642, 0.747969, 0.17948906), (-0.05377006, 0.746238, 0.17911907), (-0.0012490643, 0.727755, 0.21476206), (-0.060729064, 0.733381, 0.20836006), (-0.0012490639, 0.711325, 0.23486806), (-0.06519007, 0.715163, 0.23324805), (-0.001249063, 0.688249, 0.25294307), (-0.0012490617, 0.66296, 0.26591206), (-0.07088406, 0.636436, 0.28097105), (-0.0012490588, 0.745932, 0.055790067), (-0.07004305, 0.728951, 0.010118061), (-0.08949306, 0.728486, 0.049696058), (-0.10343206, 0.735288, 0.11490606), (-0.10749106, 0.732162, 0.15469506), (-0.11017406, 0.723111, 0.18549906), (-0.11581606, 0.714555, 0.11325205), (-0.12180606, 0.701522, 0.15222307), (-0.04540405, 0.733173, -0.111173935), (-0.001249051, 0.734817, -0.10363393), (-0.08005405, 0.48370898, 0.31331003), (-0.070306055, 0.47780898, 0.31332102), (-0.087452054, 0.49388596, 0.31145602), (-0.08161305, 0.504947, 0.31742504), (-0.07524105, 0.510545, 0.31824103), (-0.06594405, 0.50726, 0.32152003), (-0.07524105, 0.510545, 0.31824103), (-0.05979305, 0.49784398, 0.31940502), (-0.06594405, 0.50726, 0.32152003), (-0.06391205, 0.48485497, 0.31812203), (-0.08915206, 0.569074, 0.31644106), (-0.08063306, 0.566797, 0.32041106), (-0.09348806, 0.578108, 0.31369105), (-0.09181706, 0.589207, 0.31491706), (-0.08910906, 0.595093, 0.31562907), (-0.08130206, 0.599881, 0.29552907), (-0.08226906, 0.596146, 0.31892505), (-0.07542006, 0.593362, 0.32018206), (-0.08226906, 0.596146, 0.31892505), (-0.07068106, 0.58551, 0.32172206), (-0.07364206, 0.573207, 0.32225907), (-0.07364206, 0.573207, 0.32225907), (-0.06328305, 0.48592097, 0.33277303), (-0.059264053, 0.49859196, 0.33402702), (-0.06526405, 0.507778, 0.33608803), (-0.06594405, 0.50726, 0.32152003), (-0.07433305, 0.510981, 0.33289203), (-0.080549054, 0.50552, 0.33209503), (-0.08624505, 0.49473098, 0.32627302), (-0.079028055, 0.48480198, 0.32808203), (-0.06952005, 0.47904897, 0.32809302), (-0.07959306, 0.569008, 0.33500805), (-0.07277406, 0.57526, 0.33680907), (-0.06988606, 0.587262, 0.33628607), (-0.07068106, 0.58551, 0.32172206), (-0.07450706, 0.59492, 0.33478406), (-0.07542006, 0.593362, 0.32018206), (-0.08118806, 0.597636, 0.33355907), (-0.08786006, 0.596609, 0.33034205), (-0.09050306, 0.590869, 0.32964706), (-0.09213306, 0.58004, 0.32845107), (-0.08790206, 0.571229, 0.33113605), (-0.072185054, 0.49592197, 0.34042302), (-0.08159406, 0.58318394, 0.34223607), (-0.10441406, 0.646914, 0.27654105), (0.15152396, 0.50712, 0.17734104), (0.15085396, 0.49324796, 0.17239204), (0.15086296, 0.541383, 0.20976004), (0.14940195, 0.513727, 0.20834404), (0.14679596, 0.49488097, 0.20632005), (0.14267196, 0.45314097, 0.20036204), (0.13995495, 0.44250298, 0.20163904), (0.13834794, 0.553995, 0.24410805), (0.13709496, 0.523493, 0.24224004), (0.12923795, 0.49611098, 0.24556005), (0.13183595, 0.45327297, 0.23151104), (0.13553995, 0.43890896, 0.22227904), (0.13067895, 0.42408898, 0.22136404), (0.11450896, 0.41780898, 0.24441303), (0.12276495, 0.43472698, 0.24272604), (0.12091895, 0.45347896, 0.24364504), (0.094200954, 0.40647697, 0.26038602), (0.094038956, 0.42557997, 0.25043002), (0.07769596, 0.41263396, 0.25994304), (0.055102956, 0.42157897, 0.26663604), (0.055102956, 0.42157897, 0.26663604), (0.062724955, 0.45113596, 0.27744102), (0.094153956, 0.44857898, 0.26211902), (0.112301946, 0.568331, 0.27035207), (0.10292895, 0.530281, 0.27569607), (0.102091946, 0.49414197, 0.27293602), (0.06193495, 0.46987897, 0.28762603), (0.075678945, 0.47819698, 0.28761002), (0.08611195, 0.49254897, 0.28499702), (0.077878945, 0.508146, 0.29341304), (0.068890944, 0.516041, 0.29456407), (0.07279495, 0.538227, 0.29462406), (0.076495945, 0.558495, 0.29762307), (0.08850795, 0.561707, 0.29202506), (0.09462294, 0.574444, 0.28814605), (0.09226694, 0.590098, 0.28987405), (0.08844694, 0.598395, 0.29088005), (0.068385944, 0.636436, 0.28097105), (0.07880394, 0.599881, 0.29552907), (0.06914394, 0.595955, 0.29730007), (0.062462945, 0.584884, 0.29947206), (0.06663794, 0.567533, 0.30022705), (0.076495945, 0.558495, 0.29762307), (0.07279495, 0.538227, 0.29462406), (0.068890944, 0.516041, 0.29456407), (0.05578195, 0.511409, 0.29918706), (0.04710895, 0.49813098, 0.29620603), (0.04710895, 0.49813098, 0.29620603), (0.052915953, 0.47981298, 0.29439402), (0.06193495, 0.46987897, 0.28762603), (0.06669594, 0.664628, 0.26846305), (0.067922935, 0.695145, 0.25133607), (0.062691934, 0.715163, 0.23324805), (0.058230937, 0.733381, 0.20836006), (0.08816093, 0.729612, 0.20907006), (0.051271938, 0.746238, 0.17911907), (0.07830493, 0.744917, 0.18191005), (0.049155936, 0.753622, 0.15002306), (0.07186794, 0.750687, 0.15154806), (0.05078694, 0.752063, 0.11452707), (0.06897194, 0.750358, 0.11523507), (0.05200994, 0.742625, 0.054863065), (0.06584994, 0.739376, 0.054235067), (0.053010944, 0.735328, 0.009188066), (0.067544945, 0.728951, 0.010118066), (0.052007947, 0.729848, -0.030383935), (0.08699494, 0.728486, 0.049696065), (0.10093394, 0.735288, 0.11490607), (0.10499294, 0.732162, 0.15469506), (0.10767594, 0.723111, 0.18549906), (0.113317944, 0.714555, 0.113252066), (0.11930794, 0.701522, 0.15222307), (0.06780795, 0.47780898, 0.31332102), (0.07755595, 0.48370898, 0.31331003), (0.08495395, 0.49388596, 0.31145602), (0.07911495, 0.504947, 0.31742504), (0.07274295, 0.510545, 0.31824103), (0.06344595, 0.50726, 0.32152003), (0.06344595, 0.50726, 0.32152003), (0.057294946, 0.49784398, 0.31940502), (0.057294946, 0.49784398, 0.31940502), (0.061413947, 0.48485497, 0.31812203), (0.052915953, 0.47981298, 0.29439402), (0.061413947, 0.48485497, 0.31812203), (0.07813494, 0.566797, 0.32041106), (0.08665394, 0.569074, 0.31644106), (0.09098994, 0.578108, 0.31369105), (0.08931894, 0.589207, 0.31491706), (0.08661094, 0.595093, 0.31562907), (0.07977094, 0.596146, 0.31892505), (0.07977094, 0.596146, 0.31892505), (0.07292194, 0.593362, 0.32018206), (0.06818294, 0.58551, 0.32172206), (0.07114394, 0.573207, 0.32225907), (0.06663794, 0.567533, 0.30022705), (0.07114394, 0.573207, 0.32225907), (0.057294946, 0.49784398, 0.31940502), (0.056765947, 0.49859196, 0.33402702), (0.060784947, 0.48592097, 0.33277303), (0.06344595, 0.50726, 0.32152003), (0.06276595, 0.507778, 0.33608803), (0.071834944, 0.510981, 0.33289203), (0.07805095, 0.50552, 0.33209503), (0.08374695, 0.49473098, 0.32627302), (0.07652995, 0.48480198, 0.32808203), (0.06702195, 0.47904897, 0.32809302), (0.07027594, 0.57526, 0.33680907), (0.07709494, 0.569008, 0.33500805), (0.06818294, 0.58551, 0.32172206), (0.06738794, 0.587262, 0.33628607), (0.07292194, 0.593362, 0.32018206), (0.07200894, 0.59492, 0.33478406), (0.07868994, 0.597636, 0.33355907), (0.08536194, 0.596609, 0.33034205), (0.08800494, 0.590869, 0.32964706), (0.08963494, 0.58004, 0.32845107), (0.08540394, 0.571229, 0.33113605), (0.06968695, 0.49592197, 0.34042302), (0.07909594, 0.58318394, 0.34223607), (0.08844694, 0.598395, 0.29088005), (0.012700938, 0.75571, 0.11929807), (0.010955939, 0.752039, 0.08647907), (0.014294936, 0.755412, 0.14951606), (-0.0012490506, 0.502883, 0.28918302), (-0.10172006, 0.667537, 0.26524505), (-0.07433305, 0.510981, 0.33289203), (-0.06988606, 0.587262, 0.33628607), (0.062724955, 0.45113596, 0.27744102), (-0.17607501, -0.14602706, 0.512151), (-0.17058101, -0.16453306, 0.50663), (-0.16942002, -0.15842105, 0.495087), (-0.19237702, -0.16294207, 0.534332), (-0.17864601, -0.18012506, 0.525698), (-0.19558601, -0.18112905, 0.558445), (-0.18931401, -0.19512406, 0.551666), (-0.18699601, -0.13814805, 0.541192), (-0.19082202, -0.14511506, 0.559375), (-0.17334202, -0.12949206, 0.517213), (-0.16884701, -0.13639607, 0.494081), (-0.16603701, -0.12324206, 0.501929), (-0.15804102, -0.17288107, 0.507392), (-0.15526602, -0.16786206, 0.492924), (-0.14111501, -0.17530906, 0.49632096), (-0.16724202, -0.11988906, 0.527432), (-0.17603602, -0.12842406, 0.548398), (-0.13736302, -0.114798054, 0.518414), (-0.16091502, -0.11623006, 0.510468), (-0.14554602, -0.15352605, 0.563804), (-0.14026001, -0.115858056, 0.53553), (-0.14481501, -0.13070706, 0.55771), (-0.13254501, -0.11064705, 0.499033), (-0.109743014, -0.13005106, 0.518714), (-0.11159501, -0.13187706, 0.540174), (-0.14026001, -0.115858056, 0.53553), (-0.10951602, -0.14154007, 0.554116), (-0.14481501, -0.13070706, 0.55771), (-0.111548014, -0.16102006, 0.558248), (-0.14554602, -0.15352605, 0.563804), (-0.116564006, -0.17952307, 0.5576), (-0.14859101, -0.17225206, 0.56364), (-0.12716702, -0.17060906, 0.49717698), (-0.14160301, -0.17830506, 0.506385), (-0.18006602, -0.20197205, 0.544487), (-0.16543202, -0.18535706, 0.524981), (-0.16164702, -0.21037605, 0.551937), (-0.15201901, -0.19256106, 0.527195), (-0.12717402, -0.20055406, 0.547931), (-0.12736101, -0.18978307, 0.526117), (-0.13089302, -0.17823206, 0.510012), (-0.10744501, -0.15042706, 0.507961), (-0.107772015, -0.15809806, 0.528965), (-0.14859101, -0.17225206, 0.56364), (-0.19843708, 0.6417409, 0.52034104), (-0.19294207, 0.6213439, 0.5148181), (-0.19178008, 0.62807995, 0.50327605), (-0.21473707, 0.62309694, 0.54252106), (-0.20100707, 0.60416096, 0.5338871), (-0.21794708, 0.6030539, 0.56663406), (-0.21167508, 0.5876299, 0.55985504), (-0.20935808, 0.65042293, 0.5493811), (-0.21318308, 0.64274395, 0.5675641), (-0.19570208, 0.65996194, 0.5254031), (-0.19120808, 0.65235496, 0.50227004), (-0.18839908, 0.66685295, 0.51011807), (-0.18040207, 0.61214393, 0.51558006), (-0.17762607, 0.61767495, 0.50111204), (-0.16347508, 0.6094679, 0.50451005), (-0.18960308, 0.67054695, 0.53562105), (-0.19839707, 0.66113895, 0.55658805), (-0.15972407, 0.6761559, 0.5266021), (-0.18327707, 0.67457795, 0.5186561), (-0.16790807, 0.63347393, 0.57199305), (-0.16262007, 0.6749889, 0.54371905), (-0.16717607, 0.65862393, 0.56589806), (-0.13825308, 0.6644179, 0.50070804), (-0.13210507, 0.6593459, 0.5269021), (-0.13395607, 0.6573349, 0.5483621), (-0.13187808, 0.64668393, 0.56230605), (-0.13390808, 0.62521696, 0.5664381), (-0.13892508, 0.60482496, 0.56578803), (-0.17095107, 0.6128379, 0.57183003), (-0.14952807, 0.61464894, 0.5053651), (-0.16396408, 0.60616696, 0.51457304), (-0.20242608, 0.58008397, 0.55267704), (-0.18779208, 0.59839493, 0.53317106), (-0.18400808, 0.57082295, 0.56012505), (-0.17438108, 0.59045494, 0.53538305), (-0.14953607, 0.5816469, 0.55612105), (-0.14972207, 0.59351695, 0.53430706), (-0.15325308, 0.60624796, 0.5181991), (-0.13671607, 0.64748996, 0.48623607), (-0.12980507, 0.63689095, 0.51615006), (-0.12980507, 0.63689095, 0.51615006), (-0.13013208, 0.62843597, 0.53715503), (-0.13013208, 0.62843597, 0.53715503), (-0.13892508, 0.60482496, 0.56578803), (-0.17095107, 0.6128379, 0.57183003), (-0.17095107, 0.6128379, 0.57183003), (0.16634898, -0.13639604, 0.494081), (0.16692199, -0.15842102, 0.495087), (0.16808298, -0.16453303, 0.50663), (0.17357698, -0.14602703, 0.512151), (0.17614798, -0.18012503, 0.525698), (0.18987899, -0.16294204, 0.534332), (0.18681599, -0.19512403, 0.551666), (0.19308798, -0.18112902, 0.558445), (0.18832399, -0.14511503, 0.559375), (0.18449798, -0.13814802, 0.541192), (0.17084399, -0.12949203, 0.517213), (0.16353899, -0.12324203, 0.501929), (0.16293399, -0.18535703, 0.524981), (0.15554298, -0.17288104, 0.507392), (0.15276799, -0.16786203, 0.492924), (0.15841699, -0.11623003, 0.510468), (0.17353699, -0.12842403, 0.548398), (0.16474399, -0.11988903, 0.527432), (0.13004698, -0.11064704, 0.499033), (0.14231698, -0.13070703, 0.55771), (0.13486499, -0.11479804, 0.518414), (0.13776198, -0.11585804, 0.53553), (0.13486499, -0.11479804, 0.518414), (0.10724498, -0.13005103, 0.518714), (0.13776198, -0.11585804, 0.53553), (0.10909698, -0.13187703, 0.540174), (0.14231698, -0.13070703, 0.55771), (0.10701799, -0.14154004, 0.554116), (0.14304799, -0.15352602, 0.563804), (0.10904998, -0.16102003, 0.558248), (0.14609298, -0.17225203, 0.56364), (0.13861698, -0.17530903, 0.49632096), (0.13910499, -0.17830503, 0.506385), (0.17756799, -0.20197202, 0.544487), (0.14952098, -0.19256103, 0.527195), (0.15914899, -0.21037602, 0.551937), (0.12486199, -0.18978304, 0.526117), (0.12839499, -0.17823203, 0.510012), (0.10494699, -0.15042703, 0.507961), (0.12466899, -0.17060903, 0.49717698), (0.105273984, -0.15809803, 0.528965), (0.10701799, -0.14154004, 0.554116), (0.10904998, -0.16102003, 0.558248), (0.11406599, -0.17952304, 0.5576), (0.12467599, -0.20055403, 0.547931), (0.18870993, 0.65235496, 0.50227004), (0.18928193, 0.62807995, 0.50327605), (0.19044392, 0.6213439, 0.5148181), (0.19593893, 0.6417409, 0.52034104), (0.19850892, 0.60416096, 0.5338871), (0.21223892, 0.62309694, 0.54252106), (0.20917693, 0.5876299, 0.55985504), (0.21544893, 0.6030539, 0.56663406), (0.21068393, 0.64274395, 0.5675641), (0.20685993, 0.65042293, 0.5493811), (0.19320393, 0.65996194, 0.5254031), (0.18590093, 0.66685295, 0.51011807), (0.18529393, 0.59839493, 0.53317106), (0.17790392, 0.61214393, 0.51558006), (0.17512792, 0.61767495, 0.50111204), (0.18077892, 0.67457795, 0.5186561), (0.19589892, 0.66113895, 0.55658805), (0.18710493, 0.67054695, 0.53562105), (0.16467793, 0.65862393, 0.56589806), (0.15722592, 0.6761559, 0.5266021), (0.16012193, 0.6749889, 0.54371905), (0.12960693, 0.6593459, 0.5269021), (0.13145792, 0.6573349, 0.5483621), (0.12937993, 0.64668393, 0.56230605), (0.16540992, 0.63347393, 0.57199305), (0.13140993, 0.62521696, 0.5664381), (0.16845292, 0.6128379, 0.57183003), (0.16097693, 0.6094679, 0.50451005), (0.16146593, 0.60616696, 0.51457304), (0.19992793, 0.58008397, 0.55267704), (0.17188293, 0.59045494, 0.53538305), (0.18150993, 0.57082295, 0.56012505), (0.14722392, 0.59351695, 0.53430706), (0.15075493, 0.60624796, 0.5181991), (0.12960693, 0.6593459, 0.5269021), (0.12730692, 0.63689095, 0.51615006), (0.14702992, 0.61464894, 0.5053651), (0.13145792, 0.6573349, 0.5483621), (0.12763393, 0.62843597, 0.53715503), (0.12937993, 0.64668393, 0.56230605), (0.13140993, 0.62521696, 0.5664381), (0.13642693, 0.60482496, 0.56578803), (0.14703792, 0.5816469, 0.55612105), (0.16845292, 0.6128379, 0.57183003), (0.21544893, 0.6030539, 0.56663406), (-0.13736302, -0.114798054, 0.518414), (-0.16790807, 0.63347393, 0.57199305), (0.17353699, -0.12842403, 0.548398), (0.14609298, -0.17225203, 0.56364), (0.16845292, 0.6128379, 0.57183003), (-0.09776494, -0.601412, -0.30201906), (-0.09653694, -0.605804, -0.30046707), (-0.09443694, -0.605856, -0.30749005), (-0.09345594, -0.60871, -0.30300605), (-0.10006894, -0.597055, -0.30657905), (-0.09861894, -0.601396, -0.30790704), (-0.013926935, -0.75439, -0.15907405), (-0.0010759364, -0.750329, -0.16098106), (-0.021433936, -0.75138, -0.15548205), (-0.034405936, -0.732322, -0.15098506), (-0.021433936, -0.75138, -0.15548205), (-0.03711694, -0.71934, -0.14986005), (-0.027163934, -0.754097, -0.18636006), (-0.030691935, -0.745407, -0.19253007), (-0.034290936, -0.739548, -0.19864206), (-0.029735934, -0.746844, -0.18805106), (-0.03962294, -0.703419, -0.15014806), (-0.013926935, -0.75439, -0.15907405), (-0.0010759364, -0.750329, -0.16098106), (0.09757106, -0.597055, -0.30657905), (0.09612106, -0.601396, -0.30790704), (0.09095806, -0.60871, -0.30300605), (0.09403906, -0.605804, -0.30046707), (0.09526706, -0.601412, -0.30201906), (0.09193906, -0.605856, -0.30749005), (0.011429064, -0.75439, -0.15907405), (0.018936064, -0.75138, -0.15548205), (0.031908065, -0.732322, -0.15098506), (0.024666065, -0.754097, -0.18636006), (0.027238065, -0.746844, -0.18805106), (0.03179306, -0.739548, -0.19864206), (0.028194064, -0.745407, -0.19253007), (0.03461906, -0.71934, -0.14986005), (0.03712506, -0.703419, -0.15014806), (0.011429064, -0.75439, -0.15907405), (0.018936064, -0.75138, -0.15548205), (-0.07534994, -0.5099229, -0.40709603), (-0.07782594, -0.51994497, -0.39860007), (-0.09515394, -0.51235497, -0.41184905), (-0.07864795, -0.49115196, -0.41321504), (-0.09621494, -0.52235395, -0.40327406), (-0.11345494, -0.52054393, -0.41939807), (-0.09429694, -0.49940297, -0.41760603), (-0.11017694, -0.5307009, -0.41040307), (-0.12039894, -0.52899796, -0.42437005), (-0.11438594, -0.51191294, -0.42241406), (-0.118553944, -0.53770494, -0.41551805), (-0.12771694, -0.54180497, -0.42652106), (-0.12437394, -0.52171195, -0.42625606), (-0.12403294, -0.54619294, -0.42034805), (-0.07920094, -0.5256279, -0.38574305), (-0.10026294, -0.52514195, -0.39210406), (-0.11278794, -0.53205097, -0.39904305), (-0.12121094, -0.53763694, -0.40274307), (-0.12561993, -0.54903597, -0.40461805), (-0.12838294, -0.56194896, -0.40917307), (-0.12707195, -0.55909795, -0.42202905), (-0.13063094, -0.5575469, -0.42960507), (-0.13026494, -0.53596795, -0.42820805), (-0.12830395, -0.5705649, -0.41033205), (-0.12712894, -0.57348895, -0.42254207), (-0.13225494, -0.5704839, -0.42853507), (-0.13606894, -0.55600494, -0.43303707), (-0.12549195, -0.58502394, -0.41273907), (-0.12584694, -0.5850219, -0.42379907), (-0.13639294, -0.58189195, -0.43299305), (-0.12954794, -0.5835229, -0.42960307), (-0.12314694, -0.6282619, -0.43448704), (-0.08514695, -0.52548194, -0.36896005), (-0.11955294, -0.5304719, -0.38814905), (-0.10023794, -0.5251349, -0.37764806), (-0.108646944, -0.50624096, -0.37561104), (-0.092115946, -0.50520396, -0.36678904), (-0.12692794, -0.5159059, -0.38315406), (-0.12343594, -0.54046994, -0.39572304), (-0.13664494, -0.5257679, -0.38981405), (-0.12692794, -0.5159059, -0.38315406), (-0.11955294, -0.5304719, -0.38814905), (-0.12620895, -0.55043596, -0.39886507), (-0.13507994, -0.54303193, -0.39541805), (-0.12343594, -0.54046994, -0.39572304), (-0.13057394, -0.56331193, -0.40215304), (-0.14069194, -0.56307596, -0.40165207), (-0.12620895, -0.55043596, -0.39886507), (-0.13912994, -0.57461697, -0.40445107), (-0.13057394, -0.56331193, -0.40215304), (-0.13767594, -0.5905159, -0.40838307), (-0.13190494, -0.57189393, -0.40379405), (-0.13190494, -0.57189393, -0.40379405), (-0.13055694, -0.58631796, -0.40633607), (-0.14878194, -0.53410494, -0.40109307), (-0.14745894, -0.5758969, -0.40791407), (-0.14924894, -0.55998695, -0.40248707), (-0.14136694, -0.51127195, -0.39753804), (-0.13000494, -0.49714097, -0.39215404), (-0.10635695, -0.48612598, -0.37977102), (-0.108646944, -0.50624096, -0.37561104), (-0.09828295, -0.48630998, -0.37324104), (-0.092115946, -0.50520396, -0.36678904), (-0.13767594, -0.5905159, -0.40838307), (-0.14178094, -0.59472996, -0.41150606), (-0.14668193, -0.59031296, -0.41883406), (-0.15086395, -0.57146096, -0.41650906), (-0.15512794, -0.55266196, -0.41468605), (-0.15182494, -0.5282629, -0.41295505), (-0.14177294, -0.50979495, -0.40771103), (-0.12896794, -0.49428198, -0.40219304), (-0.10231195, -0.47761396, -0.38953304), (-0.14354093, -0.50975996, -0.41943502), (-0.12768994, -0.49284598, -0.41504803), (-0.15071894, -0.52829295, -0.42440006), (-0.15693094, -0.5540999, -0.42640707), (-0.103938945, -0.47758397, -0.40272304), (-0.09093895, -0.47498697, -0.38701904), (-0.08675495, -0.47220296, -0.39959604), (-0.15438694, -0.57427394, -0.42504206), (-0.14862494, -0.59168994, -0.42857605), (-0.07907195, -0.47957996, -0.40606204), (-0.14012994, -0.5285419, -0.42918205), (-0.14904495, -0.55281395, -0.43287605), (-0.13129795, -0.51152194, -0.42695206), (-0.11983294, -0.49881196, -0.42297804), (-0.098546945, -0.48349598, -0.41516003), (-0.14920294, -0.57150894, -0.43284407), (-0.13750294, -0.5689479, -0.43313006), (-0.14365093, -0.58603096, -0.43364906), (-0.13055694, -0.58631796, -0.40633607), (-0.13055694, -0.58631796, -0.40633607), (0.07615105, -0.49115196, -0.41321504), (0.07285206, -0.5099229, -0.40709603), (0.09179906, -0.49940297, -0.41760603), (0.09265606, -0.51235497, -0.41184905), (0.07532806, -0.51994497, -0.39860007), (0.11188806, -0.51191294, -0.42241406), (0.11095706, -0.52054393, -0.41939807), (0.09371706, -0.52235395, -0.40327406), (0.12187606, -0.52171195, -0.42625606), (0.10767906, -0.5307009, -0.41040307), (0.11605606, -0.53770494, -0.41551805), (0.12776706, -0.53596795, -0.42820805), (0.11790106, -0.52899796, -0.42437005), (0.12153506, -0.54619294, -0.42034805), (0.07670306, -0.5256279, -0.38574305), (0.09776506, -0.52514195, -0.39210406), (0.11029006, -0.53205097, -0.39904305), (0.11871306, -0.53763694, -0.40274307), (0.12457406, -0.55909795, -0.42202905), (0.12312206, -0.54903597, -0.40461805), (0.12813306, -0.5575469, -0.42960507), (0.12522006, -0.54180497, -0.42652106), (0.13357206, -0.55600494, -0.43303707), (0.12463106, -0.57348895, -0.42254207), (0.12588505, -0.56194896, -0.40917307), (0.12975806, -0.5704839, -0.42853507), (0.13500506, -0.5689479, -0.43313006), (0.12334906, -0.5850219, -0.42379907), (0.12580606, -0.5705649, -0.41033205), (0.12705006, -0.5835229, -0.42960307), (0.12064907, -0.6282619, -0.43448704), (0.13389505, -0.58189195, -0.43299305), (0.12299406, -0.58502394, -0.41273907), (0.08264905, -0.52548194, -0.36896005), (0.09774006, -0.5251349, -0.37764806), (0.08961805, -0.50520396, -0.36678904), (0.11705606, -0.5304719, -0.38814905), (0.106149055, -0.50624096, -0.37561104), (0.12093806, -0.54046994, -0.39572304), (0.12443005, -0.5159059, -0.38315406), (0.12371106, -0.55043596, -0.39886507), (0.13414706, -0.5257679, -0.38981405), (0.12807606, -0.56331193, -0.40215304), (0.13258205, -0.54303193, -0.39541805), (0.12940706, -0.57189393, -0.40379405), (0.13819405, -0.56307596, -0.40165207), (0.12805906, -0.58631796, -0.40633607), (0.12940706, -0.57189393, -0.40379405), (0.13663206, -0.57461697, -0.40445107), (0.14675106, -0.55998695, -0.40248707), (0.13819405, -0.56307596, -0.40165207), (0.13258205, -0.54303193, -0.39541805), (0.14496106, -0.5758969, -0.40791407), (0.13928306, -0.59472996, -0.41150606), (0.13517806, -0.5905159, -0.40838307), (0.13414706, -0.5257679, -0.38981405), (0.13886906, -0.51127195, -0.39753804), (0.12443005, -0.5159059, -0.38315406), (0.12750706, -0.49714097, -0.39215404), (0.106149055, -0.50624096, -0.37561104), (0.10385905, -0.48612598, -0.37977102), (0.08961805, -0.50520396, -0.36678904), (0.09578605, -0.48630998, -0.37324104), (0.13517806, -0.5905159, -0.40838307), (0.14836606, -0.57146096, -0.41650906), (0.14418405, -0.59031296, -0.41883406), (0.15263006, -0.55266196, -0.41468605), (0.14628406, -0.53410494, -0.40109307), (0.14932705, -0.5282629, -0.41295505), (0.13927506, -0.50979495, -0.40771103), (0.12647006, -0.49428198, -0.40219304), (0.09981405, -0.47761396, -0.38953304), (0.08844105, -0.47498697, -0.38701904), (0.12519206, -0.49284598, -0.41504803), (0.14104307, -0.50975996, -0.41943502), (0.14822106, -0.52829295, -0.42440006), (0.15443306, -0.5540999, -0.42640707), (0.101441056, -0.47758397, -0.40272304), (0.08425705, -0.47220296, -0.39959604), (0.15188906, -0.57427394, -0.42504206), (0.14612706, -0.59168994, -0.42857605), (0.07657405, -0.47957996, -0.40606204), (0.14654706, -0.55281395, -0.43287605), (0.13763206, -0.5285419, -0.42918205), (0.12880006, -0.51152194, -0.42695206), (0.11733506, -0.49881196, -0.42297804), (0.096049055, -0.48349598, -0.41516003), (0.14670506, -0.57150894, -0.43284407), (0.14115305, -0.58603096, -0.43364906), (0.12805906, -0.58631796, -0.40633607), (0.12805906, -0.58631796, -0.40633607), (-0.13055694, -0.58631796, -0.40633607), (0.014004936, 0.760381, 0.13652205), (0.012199938, 0.762138, 0.08755807), (0.016237935, 0.761057, 0.17940606), (0.011063936, 0.750479, 0.17916206), (0.014633933, 0.762627, 0.21485506), (0.0077489354, 0.746255, 0.19520706), (0.011579931, 0.775197, 0.24480008), (-0.017671065, 0.737172, 0.22220705), (0.011579931, 0.775197, 0.24480008), (0.0077489354, 0.746255, 0.19520706), (-0.019379066, 0.753081, 0.25021905), (0.0015219286, 0.7857, 0.27509806), (-0.01920207, 0.775959, 0.28083506), (0.0088619385, 0.768159, 0.08501007), (0.014365936, 0.772397, 0.12544407), (0.017046934, 0.778284, 0.15414907), (0.022087933, 0.784787, 0.19821608), (0.022218931, 0.789416, 0.23367907), (0.019256927, 0.805354, 0.26091307), (0.0015219286, 0.7857, 0.27509806), (0.0015219286, 0.7857, 0.27509806), (0.017655926, 0.819813, 0.28869507), (0.019256927, 0.805354, 0.26091307), (0.013159934, 0.787364, 0.12260006), (0.007493938, 0.774404, 0.081975065), (0.020906933, 0.79505, 0.15138008), (0.02459293, 0.798935, 0.18376008), (0.023004929, 0.805915, 0.22208807), (0.024845926, 0.82723, 0.26372707), (0.023153923, 0.835605, 0.30227605), (0.024845926, 0.82723, 0.26372707), (0.014371933, 0.799503, 0.12929508), (0.011004937, 0.786615, 0.098730065), (0.020197932, 0.807623, 0.16387908), (0.01774993, 0.823289, 0.19307408), (0.022539925, 0.831922, 0.25117806), (0.026712924, 0.849799, 0.29709405), (0.022539925, 0.831922, 0.25117806), (0.016145933, 0.814077, 0.14883907), (0.0046269363, 0.792325, 0.08730507), (0.009747928, 0.838764, 0.19293408), (0.016303927, 0.839004, 0.23151408), (0.022403924, 0.851682, 0.27411506), (0.029114923, 0.866727, 0.30205908), (0.001319932, 0.82064, 0.13752808), (-0.003517064, 0.799066, 0.08705207), (0.0022229285, 0.839739, 0.18328008), (0.0077099246, 0.855473, 0.24334008), (0.019337922, 0.869679, 0.2879431), (0.02859892, 0.873095, 0.3167991), (-0.027835067, 0.809667, 0.13767707), (-0.024112063, 0.790654, 0.08446207), (-0.017618071, 0.836978, 0.18238607), (-0.024161072, 0.842704, 0.22597007), (-0.008108077, 0.85508, 0.2660501), (0.0059259213, 0.863861, 0.3093541), (-0.036438067, 0.801079, 0.15122108), (-0.026921064, 0.788871, 0.09440906), (-0.04328507, 0.820557, 0.20949207), (-0.035056073, 0.834714, 0.26226807), (-0.016964076, 0.845912, 0.28277406), (0.0026879217, 0.858259, 0.3061851), (-0.04674807, 0.790026, 0.17010908), (-0.032272063, 0.783062, 0.11916207), (-0.046192072, 0.803182, 0.21618907), (-0.038757075, 0.814446, 0.25926706), (-0.023380075, 0.8306, 0.28424305), (0.002694922, 0.853496, 0.3086741), (-0.024750063, 0.762448, 0.11449507), (-0.039090067, 0.767972, 0.16516508), (-0.043701068, 0.774684, 0.19470307), (-0.044573072, 0.80295, 0.24636808), (-0.030343072, 0.79943, 0.27521607), (-0.0077500744, 0.814751, 0.29937607), (0.0014739237, 0.833232, 0.30715606), (-0.0068960604, 0.735193, 0.119573064), (-0.0068960604, 0.735193, 0.119573064), (0.0077489354, 0.746255, 0.19520706), (0.0015219286, 0.7857, 0.27509806), (0.017655926, 0.819813, 0.28869507), (0.023153923, 0.835605, 0.30227605), (0.026712924, 0.849799, 0.29709405), (0.029114923, 0.866727, 0.30205908)]
        texCoord2f[] primvars:st = [(1.1367472, -0.48772472), (1.0556906, -0.4390631), (1.1222221, -0.4488693), (1.0911869, -0.5100851), (1.0170189, -0.4820791), (1.0537645, -0.53471065), (1.1653539, -0.54734284), (1.1253291, -0.5724112), (1.212375, -0.5236158), (1.1791497, -0.46155372), (1.227307, -0.49309582), (1.2743174, -0.5228666), (1.2789782, -0.57808226), (1.362811, -0.5905865), (1.3231627, -0.6248248), (1.3645962, -0.6527121), (1.3344749, -0.6705808), (1.274521, -0.62964624), (1.2997187, -0.6750454), (1.2561566, -0.6659007), (1.2028064, -0.61351776), (1.226698, -0.57837665), (1.0824169, -0.5841482), (1.2127262, -0.6528523), (1.1610874, -0.64777565), (1.2719315, -0.70260113), (1.2317394, -0.68382305), (1.3002704, -0.70317256), (1.3331622, -0.70519084), (1.3622235, -0.7087992), (1.383475, -0.6965091), (1.4179941, -0.6787017), (1.4914831, -0.66143054), (1.2672044, -0.7256799), (1.2228745, -0.70868987), (1.3045341, -0.7338769), (1.3362747, -0.7357012), (1.3658525, -0.73623276), (1.3939229, -0.7344076), (1.4269925, -0.73156965), (1.4758393, -0.73540616), (1.54204, -0.7610439), (1.3092979, -0.7669301), (1.2636839, -0.7568423), (1.3426145, -0.76741964), (1.3713216, -0.7664357), (1.3981179, -0.7650024), (1.4265574, -0.7658588), (1.4632572, -0.7741948), (1.5108725, -0.7945912), (1.5732118, -0.8306956), (0.9037102, -0.55484194), (0.8980143, -0.508793), (0.9665865, -0.5598354), (0.9896461, -0.6233974), (1.0607983, -0.6173625), (1.0169367, -0.5520421), (0.9519896, -0.510615), (0.9969854, -0.50969666), (0.95223606, -0.47025356), (1.1274718, -0.6712976), (1.1920756, -0.7289707), (1.2705139, -0.7963432), (1.2317568, -0.7980688), (1.1685518, -0.7565768), (1.0996281, -0.692645), (1.2881578, 0.24075395), (1.3141369, 0.24718656), (1.3172969, 0.23538455), (1.3081759, 0.26198056), (1.3429207, 0.25063577), (1.3491696, 0.2360227), (1.3321711, 0.22415178), (1.2770356, 0.2128124), (1.3395461, 0.21044958), (1.3301531, 0.19525126), (1.3105439, 0.17210583), (1.3433312, 0.1850601), (1.3512319, 0.17822504), (1.3699027, 0.1605608), (1.3247446, 0.13694198), (1.3812774, 0.19330722), (1.4228584, 0.17027982), (1.3776592, 0.2252278), (1.3758405, 0.24465702), (1.3834783, 0.26264355), (1.3520933, 0.2674491), (1.3786834, 0.27966586), (1.4249483, 0.2880384), (1.4256521, 0.24967529), (1.4396261, 0.21783175), (1.4578336, 0.1893851), (1.4774319, 0.16135542), (1.4283866, 0.14185292), (1.503872, 0.2093883), (1.5217096, 0.18038172), (1.4906076, 0.2405323), (1.4857897, 0.2788153), (1.4873754, 0.33093995), (1.6988257, -0.30844945), (1.6800545, -0.32151955), (1.684143, -0.29901934), (1.6849543, -0.36848903), (1.6746427, -0.39060676), (1.6716923, -0.35624203), (1.6898116, -0.39793476), (1.6796402, -0.43075863), (1.7124742, -0.27546212), (1.6991476, -0.28164607), (1.7302114, -0.264463), (1.7155067, -0.2918605), (1.7233633, -0.29387048), (1.6976227, -0.36391774), (1.7006699, -0.3868692), (1.6662959, -0.3386007), (1.6848952, -0.33677953), (1.7222165, -0.245572), (1.730095, -0.2835102), (1.7298385, -0.22510494), (1.7301031, -0.24369079), (1.7189058, -0.227742), (1.7250472, -0.22475624), (1.7088813, -0.25293544), (1.6914378, -0.26641825), (1.7090844, -0.21329127), (1.6907018, -0.34932885), (1.7028574, -0.3466998), (1.7019497, -0.33305076), (1.7126061, -0.31168434), (1.7002894, -0.42469612), (1.6903714, -0.44031584), (1.7292434, -0.19883165), (1.7063257, -0.5248732), (1.6966876, -0.48610184), (1.7059585, -0.46512166), (1.7007641, -0.5653502), (1.6872419, -0.5236972), (1.6851245, -0.47005376), (1.728135, -0.16430178), (1.1263083, 0.38262913), (1.1358935, 0.4167217), (1.24798, 0.44326276), (1.0531446, 0.39036578), (1.0672747, 0.43288136), (0.96369654, 0.39747095), (0.9699604, 0.44083267), (0.89473325, 0.42135394), (0.8993584, 0.45606196), (0.8159663, 0.43820742), (0.84686685, 0.47314876), (0.706886, 0.5487011), (0.7218489, 0.5350945), (0.73169136, 0.50285816), (0.72267115, 0.48430902), (0.72171164, 0.4577577), (0.6993357, 0.50103164), (1.0867332, 0.5147671), (0.9907769, 0.5099074), (1.0526203, 0.5529977), (1.0347642, 0.47316158), (0.9610728, 0.47307092), (0.90897566, 0.48966724), (0.9100933, 0.5238269), (0.97078365, 0.5513389), (0.8410912, 0.5017164), (0.77492315, 0.47732517), (0.83918685, 0.5316211), (0.8990654, 0.5551027), (0.7763114, 0.5111393), (1.1736854, 0.5315718), (1.1324586, 0.5559342), (1.130042, 0.4833648), (1.1844965, 0.46099174), (1.229592, 0.519806), (1.2553006, 0.57035726), (1.2034022, 0.57310027), (1.2636603, 0.6023855), (1.3353125, 0.6144296), (1.2924839, 0.52222997), (0.7252525, 0.58699983), (0.7173477, 0.5846664), (0.71864045, 0.5892065), (0.7140276, 0.5934856), (0.71985185, 0.5715766), (0.7128709, 0.5861042), (0.7315598, 0.56748843), (0.734748, 0.5869713), (0.7511846, 0.57077444), (0.7152042, 0.563655), (0.6963071, 0.61196196), (0.70468086, 0.6043047), (0.7262252, 0.5500932), (0.7468422, 0.54971284), (0.7839993, 0.5620117), (0.7404173, 0.5275905), (0.7813079, 0.5383091), (0.83528966, 0.55759734), (0.73727304, 0.47587407), (1.6494671, -0.43949407), (1.6229903, -0.39290324), (1.6550821, -0.38749424), (1.6247724, -0.470452), (1.5846285, -0.42645586), (1.5946313, -0.5175369), (1.5392298, -0.45861414), (1.5473782, -0.5732401), (1.4835573, -0.47269624), (1.6661736, -0.31783038), (1.6691965, -0.29009417), (1.6469606, -0.31439704), (1.6483148, -0.28183883), (1.6189936, -0.31316844), (1.6178409, -0.27380377), (1.5767163, -0.31293333), (1.5723153, -0.26368073), (1.5071722, -0.31303072), (1.6780478, -0.2502197), (1.6585029, -0.2350639), (1.6313657, -0.21652807), (1.5893553, -0.1927918), (1.5100099, -0.2446667), (1.6912009, -0.20080279), (1.6831754, -0.169852), (1.6643888, -0.14039737), (1.6290401, -0.10043345), (1.5244962, -0.16094683), (1.7262758, -0.120033205), (1.7243906, -0.082738355), (1.7227587, -0.053867366), (1.7185391, 0.012069317), (1.541716, -0.033852216), (1.6661297, -0.42237145), (1.4819278, -0.40522906), (1.5381912, -0.38583878), (1.6445101, -0.35346058), (1.5845171, -0.36814386), (1.6504873, -0.33424193), (1.5482932, -0.34800735), (1.4872075, -0.35679734), (1.5954419, -0.34171575), (1.628625, -0.33782977), (1.6153814, -0.35530034), (1.6250528, 0.08049996), (1.7148625, 0.054402478), (1.681491, -0.67217666), (1.6689702, -0.72120625), (1.6632091, -0.7398943), (1.6867396, -0.64743793), (1.6615041, -0.64045805), (1.6713034, -0.47474515), (1.6550723, -0.50967413), (1.675326, -0.540065), (1.6933028, -0.6122215), (1.668784, -0.58435553), (1.6425115, -0.7922322), (1.6374546, -0.80224687), (1.653226, -0.7676887), (1.6275777, -0.6336349), (1.6391872, -0.55841976), (1.3204666, -0.4910912), (1.4257728, -0.51843405), (1.3456208, -0.43435192), (1.41901, -0.42559728), (1.3529009, -0.3821105), (1.4206814, -0.36986762), (1.3555385, -0.34926024), (1.4258944, -0.3354518), (1.3566314, -0.31241468), (1.431202, -0.28557912), (1.3553823, -0.26130107), (1.4348117, -0.21893601), (1.3511001, -0.19524416), (1.4380833, -0.1366156), (1.3499888, -0.116198786), (1.243791, -0.46598122), (1.2683629, -0.42544663), (1.2850732, -0.3864997), (1.290752, -0.35696325), (1.2897872, -0.33022714), (1.2871686, -0.291895), (1.2765423, -0.24112247), (1.25713, -0.1708332), (1.1939877, -0.40942425), (1.2322296, -0.34186208), (1.2226413, -0.3140831), (1.2317458, -0.3595801), (1.2218744, -0.38052145), (1.1881901, -0.23131122), (1.2287692, -0.27565292), (0.29631644, -0.57707846), (0.234734, -0.5467052), (0.29821086, -0.5515532), (0.37969136, -0.5814104), (0.36230308, -0.5470661), (0.4751866, -0.58700013), (0.46382207, -0.55087084), (0.5819061, -0.59715873), (0.56920195, -0.5592856), (0.6752174, -0.6106732), (0.66158384, -0.5701529), (0.72783226, -0.6252734), (0.7246362, -0.58236784), (0.7549369, -0.642819), (0.7530864, -0.5963529), (0.7955181, -0.6613383), (0.78640926, -0.6112638), (0.84603596, -0.68073606), (0.83237416, -0.62924236), (0.90153867, -0.699586), (0.88802534, -0.6522589), (0.9454873, -0.71031344), (0.950073, -0.6825307), (1.0062264, -0.7462744), (1.0205616, -0.72230417), (1.0756859, -0.7845839), (1.0951139, -0.7671557), (1.1478523, -0.82338), (1.1677634, -0.8113119), (0.2897691, -0.6012148), (0.37888086, -0.6093498), (0.37928265, -0.62704265), (1.1390368, -0.8391033), (1.2134358, -0.87330425), (1.2246186, -0.9174612), (1.0659848, -0.8027471), (1.1354727, -0.8631665), (0.99929255, -0.77668047), (0.93680584, -0.7623588), (1.074675, -0.8514817), (0.873876, -0.7412923), (1.003387, -0.8270046), (0.8155373, -0.7201134), (0.93071747, -0.8048111), (0.7642271, -0.69990385), (0.8683543, -0.7887345), (0.72364736, -0.6785036), (0.8062555, -0.7723282), (0.68611777, -0.65655285), (0.7462863, -0.7559189), (0.58841455, -0.63678074), (0.6852833, -0.6938765), (0.47687513, -0.62123877), (0.5817861, -0.6667494), (0.45766747, -0.6380612), (1.1979285, -0.80456036), (1.1274761, -0.75612134), (0.34437335, -0.51073325), (0.22784832, -0.5107203), (0.23901206, -0.47046185), (0.45307344, -0.5166086), (0.34315753, -0.47813982), (0.5571937, -0.5246945), (0.4467129, -0.48535153), (0.6496229, -0.53418636), (0.5474153, -0.4925809), (0.7183719, -0.5451178), (0.6413812, -0.5006683), (0.75285536, -0.55634403), (0.71409494, -0.5126764), (0.7811634, -0.5640815), (0.75110763, -0.52262086), (0.76491725, -0.52168286), (0.78994346, -0.53444606), (0.83122593, -0.5880493), (0.89340365, -0.61785233), (0.8394953, -0.5461229), (0.9659237, -0.6558537), (0.91381055, -0.5975242), (1.0471083, -0.70183), (1.2163271, -0.8554356), (0.74563193, -0.49466404), (0.7638845, -0.49556434), (0.78651273, -0.49762118), (0.84641737, -0.5033053), (0.80859786, -0.49237928), (0.6426289, -0.46482858), (0.67587227, -0.44154492), (0.70849407, -0.47179383), (0.9643774, -0.42977294), (0.90163285, -0.42423514), (0.8490658, -0.41898477), (0.89640737, -0.4657641), (0.80771524, -0.41653612), (0.84665686, -0.46204248), (0.7779771, -0.4171403), (0.80762756, -0.45852146), (0.75458354, -0.42110682), (0.780417, -0.4585587), (0.7180944, -0.42936718), (0.7605005, -0.46140522), (0.73559666, -0.46565977), (0.7185595, -0.4928436), (0.25184557, -0.44125324), (0.34588164, -0.4495575), (0.4409135, -0.45582387), (0.53697973, -0.46048546), (1.0471953, -0.37476724), (1.1206342, -0.40907696), (0.34734762, -0.42253703), (0.42909175, -0.42589164), (0.5105088, -0.4248474), (0.5795258, -0.4154302), (0.63683695, -0.3995791), (0.6953746, -0.383104), (0.7481617, -0.37163514), (0.7779496, -0.36856836), (0.81054664, -0.36881387), (0.8574378, -0.37385002), (0.9115837, -0.38638827), (0.9682043, -0.3783873), (1.1331502, -0.3402557), (0.977101, -0.3249917), (0.2768625, -0.39114848), (0.3424313, -0.39548928), (0.8835003, -0.3286403), (0.8171857, -0.31692216), (0.78048766, -0.31313014), (0.74804384, -0.3122602), (0.66421264, -0.31530875), (0.59193456, -0.3494232), (0.5270047, -0.37093306), (0.46414894, -0.3857225), (0.40453625, -0.3942832), (0.2443638, -0.31358278), (0.13314037, -0.18682145), (0.2157106, -0.18266043), (0.36305183, -0.26411793), (0.3127634, -0.15349422), (0.44347715, -0.2092781), (0.4114794, -0.124842554), (0.51011485, -0.17343366), (0.51779115, -0.10989925), (0.608172, -0.17753792), (0.629923, -0.10600562), (0.7049513, -0.18015665), (0.7212338, -0.10538499), (0.76067483, -0.18375705), (0.76490134, -0.1078908), (0.79142123, -0.18693598), (0.7989161, -0.106726624), (0.8359437, -0.18485853), (0.84776574, -0.09795557), (0.90482205, -0.1740111), (0.9155735, -0.07755599), (0.9877937, -0.14153479), (0.99201787, -0.044050135), (1.0521201, -0.092427604), (1.0705899, -0.007912405), (1.1265398, -0.07197208), (1.152625, 0.028499655), (1.2098013, -0.030677836), (1.2341336, 0.063883506), (1.2910882, 0.016389973), (1.3083893, 0.09279675), (1.3672627, 0.061432425), (1.3721579, 0.119044684), (1.4360715, 0.098323956), (1.4927508, 0.12794411), (1.541056, 0.15013885), (0.096158706, -0.06807194), (0.07915994, 0.04873932), (0.09996111, 0.041548796), (0.13758618, -0.073723026), (0.14646988, 0.04030389), (0.21018028, -0.06579412), (0.22057697, 0.044506565), (0.3048066, -0.050183192), (0.31900352, 0.050655548), (0.4152494, -0.03634425), (0.43710637, 0.055878103), (0.5366031, -0.027910838), (0.56442994, 0.05969583), (0.653036, -0.02343059), (0.6778451, 0.06236201), (0.73553413, -0.021913182), (0.74642676, 0.06370943), (0.77041876, -0.022198992), (0.77835065, 0.06679376), (0.80894417, -0.01565652), (0.82348776, 0.07668282), (0.8636992, -0.00027534016), (0.8866489, 0.09278833), (0.935037, 0.025638018), (0.9655318, 0.11325482), (1.0161043, 0.056141824), (1.0534126, 0.1337775), (1.1009861, 0.084461056), (1.1415688, 0.15028602), (1.1853675, 0.108792834), (1.2268041, 0.16464505), (1.2643057, 0.12742367), (0.062324665, 0.14460298), (0.04007688, 0.21945472), (0.06764047, 0.21295555), (0.080223106, 0.13860549), (0.08587565, 0.20835923), (0.10892225, 0.13452011), (0.12527908, 0.20379798), (0.16308981, 0.132262), (0.18800245, 0.1993982), (0.24287413, 0.13132732), (0.27430874, 0.1950476), (0.34679133, 0.1307796), (0.3831063, 0.19066432), (0.4697768, 0.13022763), (0.50807136, 0.18645936), (0.597391, 0.12984295), (0.6313465, 0.1829654), (0.7017618, 0.12983806), (0.7218906, 0.18136673), (0.7523244, 0.1311624), (0.7592522, 0.18450457), (0.789906, 0.13723768), (0.80639774, 0.19311485), (0.84451747, 0.14818338), (0.87378335, 0.20486955), (0.9186591, 0.16287875), (0.9608571, 0.21785973), (1.0077497, 0.17853646), (1.0626892, 0.22956459), (1.1051012, 0.19137083), (1.1900579, 0.23959342), (1.115013, -0.26291513), (1.1753231, -0.2886688), (0.28291243, -0.36737615), (0.32557255, -0.36783585), (0.36444855, -0.36158592), (0.40243524, -0.34006548), (0.48051643, -0.32513234), (0.5202715, -0.2859304), (0.57479864, -0.23677698), (0.6862661, -0.24721223), (0.7545497, -0.25073364), (0.7852226, -0.25536883), (0.82619065, -0.25910255), (0.8938543, -0.2588863), (1.0035067, -0.24861372), (1.4257334, -0.061035484), (1.4406801, 0.026371146), (1.515956, 0.07950486), (1.5574473, 0.11791749), (1.6111234, 0.13460417), (1.704342, 0.11359916), (1.3577048, -0.027764384), (1.1821002, -0.17727795), (1.1001097, -0.1753687), (1.1896111, -0.12211277), (1.2745975, -0.07983921), (1.5850202, 0.16880976), (1.1871916, 0.19445483), (0.0036760743, 0.28123835), (0.054658, 0.2717264), (0.070895806, 0.2664098), (0.09992687, 0.2609076), (0.14958979, 0.2549094), (0.2200196, 0.2485363), (0.3117596, 0.24182746), (0.42355573, 0.234898), (0.5474696, 0.22815835), (0.6626428, 0.22272633), (0.7359682, 0.22132897), (0.77036375, 0.2278233), (0.82963276, 0.23875582), (0.91254574, 0.2510504), (1.0118083, 0.26172137), (1.1153547, 0.27015316), (-0.04156985, 0.3330811), (0.034108404, 0.321043), (0.060880505, 0.31209), (0.08240462, 0.30558878), (0.12261789, 0.29866976), (0.18044804, 0.29128054), (0.2564597, 0.283443), (0.3515485, 0.27515075), (0.46398354, 0.2665295), (0.5841112, 0.25820887), (0.6885538, 0.25215468), (0.7428997, 0.25297636), (0.7859731, 0.26329643), (0.8615868, 0.2768123), (0.9628096, 0.28922185), (1.0708543, 0.29687265), (1.1589307, 0.3005556), (1.2036556, 0.28249353), (1.2559654, 0.27116585), (1.259103, 0.25004473), (1.2533606, 0.23611803), (-0.096695684, 0.380407), (0.001145164, 0.36741433), (0.052307982, 0.35172206), (0.07026935, 0.3420792), (0.10388833, 0.33320412), (0.15208083, 0.32436568), (0.2148705, 0.3155901), (0.29376733, 0.3067054), (0.3898828, 0.2975012), (0.5007199, 0.28794447), (0.6149867, 0.2789573), (0.7074854, 0.27345586), (0.7482366, 0.27768788), (0.80586624, 0.29190588), (0.90563947, 0.3091699), (1.0323566, 0.32213876), (1.1495625, 0.3275256), (-0.1661783, 0.43741792), (-0.04099719, 0.4314242), (0.04210128, 0.41301215), (0.06220002, 0.3961576), (0.094492786, 0.38276315), (0.1371542, 0.3685205), (0.18982008, 0.35520697), (0.25438946, 0.34278107), (0.3331868, 0.3307953), (0.42733353, 0.3189299), (0.53360486, 0.30734825), (0.63949037, 0.29738405), (0.7193359, 0.29282293), (0.7540942, 0.30096257), (0.82778007, 0.32086873), (0.9786304, 0.34734508), (-0.25558078, 0.50345975), (-0.11740569, 0.5232403), (0.030677209, 0.53613234), (0.059991855, 0.4717126), (0.09969244, 0.46093097), (0.14029752, 0.43484607), (0.18521656, 0.4134381), (0.23781781, 0.39519182), (0.30090356, 0.37871012), (0.3768679, 0.36316982), (0.46623504, 0.34824595), (0.56455445, 0.33449063), (0.65847, 0.3240662), (0.72436714, 0.32189825), (0.75419736, 0.33667028), (0.8323181, 0.37661695), (0.4039337, 0.97871923), (0.41705924, 0.9618666), (0.3371839, 0.71128345), (0.16353309, 0.61085236), (0.27837044, 0.6342009), (0.17840064, 0.53202087), (0.2783839, 0.58588237), (0.20936778, 0.49258247), (0.29645407, 0.55061823), (0.24833028, 0.4646742), (0.32363397, 0.51978034), (0.29566735, 0.44151628), (0.3610695, 0.4924245), (0.35350317, 0.4209154), (0.4103492, 0.46772116), (0.42353028, 0.40167123), (0.47160083, 0.44399053), (0.5050188, 0.38351414), (0.5424871, 0.42188862), (0.59172684, 0.36789486), (0.614086, 0.4044559), (0.67009956, 0.35831383), (0.6738914, 0.39764333), (0.72217095, 0.36018878), (0.7137011, 0.40426856), (0.7415427, 0.38028768), (0.7289053, 0.4219622), (0.76142454, 0.4117035), (0.7411836, 0.4487791), (0.43605775, 0.9357344), (0.41077763, 0.8092648), (0.3906986, 0.71398354), (0.38638622, 0.6754928), (0.38967127, 0.646322), (0.39255804, 0.61134), (0.40273297, 0.5751128), (0.42953146, 0.5461604), (0.4686312, 0.5173664), (0.51916116, 0.48676887), (0.57853097, 0.45857307), (0.6305302, 0.43635133), (0.66881514, 0.44030288), (0.7007507, 0.45270666), (0.45184338, 0.9125097), (0.44115037, 0.8688328), (0.44070113, 0.81434834), (0.49186385, 0.8487106), (0.50069064, 0.834099), (0.5084198, 0.8212895), (0.46987098, 0.6696872), (0.47627532, 0.637104), (0.4973743, 0.60985565), (0.52473944, 0.5700983), (0.56381947, 0.525221), (0.61984813, 0.4903359), (1.1364168, 0.3547474), (1.2103862, 0.39316022), (0.26497573, -0.4154615), (1.3301653, 0.5207338), (1.3081957, 0.6326464), (1.3214775, 0.62352985), (0.99365664, 0.6165114), (1.0148333, 0.58191895), (0.9448945, 0.5847641), (1.1472136, 0.6106747), (1.1684359, 0.59089327), (1.1046346, 0.58676827), (1.1958898, 0.6231685), (1.2236458, 0.6060131), (0.9281922, 0.62242126), (0.94193965, 0.6066704), (0.8898591, 0.6422765), (0.9615209, 0.63916427), (0.9683363, 0.6566241), (1.1560572, 0.6373968), (1.1967458, 0.64632225), (1.0583049, 0.58102226), (1.0587665, 0.603925), (0.8702753, 0.61789143), (0.9226636, 0.6564784), (0.8253073, 0.61638165), (0.8548091, 0.62799275), (0.85050005, 0.60168004), (0.83950084, 0.6084561), (0.8951645, 0.60018563), (0.88310045, 0.57688767), (0.833338, 0.5823486), (1.1085721, 0.6197623), (1.1155874, 0.64631903), (1.0644342, 0.6369625), (1.0127276, 0.6477321), (1.2357689, 0.64903486), (1.2407724, 0.63047326), (0.8135653, 0.59882015), (0.7738686, 0.5976102), (0.8005248, 0.6071995), (1.2796103, 0.65268594), (0.78186244, 0.5824856), (0.75391597, 0.5910318), (1.2679776, 0.6268232), (1.2911981, 0.6445693), (0.6634825, 0.47657296), (0.5970875, 0.5553063), (0.51873475, 0.8043122), (0.52768004, 0.78981704), (0.545026, 0.7627678), (0.56509095, 0.73403823), (0.5711077, 0.6112022), (-0.7795433, 0.7498584), (-0.76946104, 0.86546445), (-0.74212396, 0.8554685), (0.46512336, 0.8920038), (-0.7225101, 0.8490512), (-0.70144224, 0.8428979), (-0.6785466, 0.7543176), (-0.7111402, 0.7281217), (-0.1872205, 0.91494614), (-0.11505593, 0.95143974), (-0.103857175, 0.8777257), (-0.19099088, 0.84011894), (-0.09555735, 0.80390924), (-0.2006466, 0.7766865), (-0.10096351, 0.7454175), (-0.21778168, 0.72817135), (-0.120600164, 0.6862542), (-0.23762685, 0.66620874), (-0.1495879, 0.61747557), (-0.061908677, 1.0038819), (-0.042392485, 0.9405865), (-0.023660151, 0.87682045), (-0.009447971, 0.81268156), (-0.013972338, 0.7308508), (-0.022090362, 0.64158547), (-0.031394515, 1.0659268), (-0.017021498, 1.0197535), (0.021255126, 0.9727725), (0.137669, 0.9328579), (0.37776554, 1.0094879), (-0.019688973, 1.129354), (0.02654065, 1.0924549), (0.12290408, 1.045254), (0.22395329, 1.0069189), (0.37045842, 1.0174437), (-0.0067891125, 1.1867111), (0.084160715, 1.1431925), (0.23288871, 1.1292913), (0.301269, 1.0812109), (0.34483492, 1.0433321), (0.008983784, 1.2456825), (0.124046914, 1.1893833), (0.22079763, 1.1367476), (0.24458371, 1.1218245), (0.29089773, 1.0892763), (0.3112765, 1.0731063), (0.33531535, 1.0522182), (-0.24653663, 0.58801043), (0.5667672, -1.2361891), (0.5639491, -1.2391038), (0.56547105, -1.2349689), (0.5606994, -1.2356727), (0.55595464, -1.2368121), (0.5628044, -1.230686), (0.55863726, -1.2399986), (0.5586652, -1.2445192), (0.55408144, -1.2450645), (0.5643053, -1.242151), (0.55996394, -1.2495918), (0.561452, -1.243866), (0.56871855, -1.2380509), (0.566441, -1.2466989), (0.560991, -1.2577751), (0.55506665, -1.2588508), (0.55274236, -1.2534616), (0.54958844, -1.2446625), (0.5488514, -1.251059), (0.5527718, -1.2324202), (0.5590662, -1.2272661), (0.56534916, -1.224196), (0.5713651, -1.2267599), (0.56441826, -1.217061), (0.55299383, -1.2226157), (0.5498798, -1.2389388), (0.5459087, -1.236594), (0.5451307, -1.2442901), (0.54356307, -1.2519424), (0.54422575, -1.2602646), (0.54823, -1.2651224), (0.5533398, -1.2684414), (0.56112415, -1.269053), (0.56989145, -1.2542698), (0.5746769, -1.2385757), (0.5406408, -1.271095), (0.5385819, -1.2672877), (0.5432636, -1.2788391), (0.5512271, -1.2812858), (0.55865115, -1.2837019), (0.5724288, -1.2692487), (0.58344316, -1.2447793), (0.5879349, -1.2214501), (0.5368566, -1.2621057), (0.5366466, -1.2494328), (0.5378886, -1.2321768), (0.56494987, -1.2000737), (0.57494676, -1.2093141), (0.5690309, -1.2193031), (0.5845183, -1.2090778), (0.59480166, -1.184838), (0.5455727, -1.2135291), (0.5471554, -1.1933701), (0.52433443, -1.2203634), (0.5214811, -1.2512896), (0.5254292, -1.2681932), (0.53256947, -1.2757657), (0.53689414, -1.2794504), (0.59316915, -1.2039974), (0.4930213, -1.224678), (0.5263535, -1.1726906), (0.49767447, -1.2579615), (0.5063333, -1.2808347), (0.5183533, -1.2903664), (0.5310502, -1.2922056), (0.54125583, -1.2946496), (0.54955316, -1.2933476), (0.5536679, -1.2977428), (0.56367207, -1.2919476), (0.5767587, -1.2831879), (0.5927961, -1.2589896), (0.6022874, -1.2274325), (0.60521317, -1.2011862), (0.61221933, -1.1833034), (0.6207768, -1.1658111), (0.6202957, -1.1354172), (0.57346785, -1.162437), (0.47526675, -1.3065381), (0.4990164, -1.3119395), (0.5153013, -1.3139298), (0.5293925, -1.3130083), (0.5428504, -1.3095772), (0.6102476, -1.2393019), (0.6069494, -1.2539833), (0.6177688, -1.2214587), (0.61742854, -1.207164), (0.6272291, -1.1825743), (0.64684594, -1.1469934), (0.4503864, -1.2094424), (0.5828072, -1.0978494), (0.5066443, -1.1161368), (0.53260505, -1.0129895), (0.64130694, -1.0353308), (0.6557726, -1.0910318), (0.65447044, -1.1178064), (0.5534686, -1.3103931), (0.5667759, -1.3079851), (0.5876529, -1.2886441), (0.6013804, -1.2676752), (0.49842823, -1.3392565), (0.48489976, -1.3552167), (0.47975713, -1.3415174), (0.50267524, -1.3532326), (0.49173748, -1.3619924), (0.51514477, -1.3374286), (0.53041965, -1.3307781), (0.54189086, -1.3276124), (0.55166245, -1.3279452), (0.5594332, -1.3312562), (0.57412976, -1.3236268), (0.59507525, -1.3026187), (0.60563457, -1.2782938), (0.61344445, -1.2591436), (0.61648995, -1.2453697), (0.6244264, -1.2298281), (0.633633, -1.2048213), (0.6509951, -1.1741879), (0.5089744, -1.3580132), (0.49895412, -1.3695891), (0.52042776, -1.3542342), (0.5325192, -1.343216), (0.54019856, -1.3440981), (0.54791546, -1.3467839), (0.5564069, -1.3503578), (0.5662089, -1.355633), (0.5186135, -1.3752522), (0.5168299, -1.3903317), (0.509512, -1.3909702), (0.52951705, -1.3595374), (0.53750664, -1.3597414), (0.5276779, -1.3808503), (0.5420776, -1.367604), (0.53443533, -1.3903298), (0.5482453, -1.3778632), (0.5359285, -1.4049838), (0.5075504, -1.3756919), (0.5559926, -1.3797226), (0.51785874, -1.4011972), (0.516976, -1.4142568), (0.5108482, -1.4153264), (0.5114014, -1.4269369), (0.5041643, -1.4292743), (0.5166008, -1.4234433), (0.5103995, -1.4034317), (0.5030452, -1.4059169), (0.5243099, -1.4030125), (0.5207846, -1.4156206), (0.5192647, -1.424212), (0.51456195, -1.4361689), (0.50520486, -1.4431057), (0.507918, -1.4586859), (0.49880993, -1.4621885), (0.50669926, -1.4776516), (0.500196, -1.4792285), (0.51373875, -1.4646697), (0.51130927, -1.4790118), (0.53088856, -1.4375484), (0.5371109, -1.4359529), (0.51866406, -1.4779441), (0.5216791, -1.4469903), (0.51612985, -1.4475241), (0.51992244, -1.4412751), (0.5229569, -1.4332983), (0.5293932, -1.4264231), (0.52681303, -1.4197206), (0.5281806, -1.4078033), (0.54030764, -1.4218493), (0.5380032, -1.4159727), (0.54621977, -1.3968852), (0.55381644, -1.3947253), (0.5451639, -1.4081757), (0.5473953, -1.4114993), (0.54319715, -1.4219787), (0.5538722, -1.4036887), (0.56527084, -1.3737338), (0.5625866, -1.3895793), (0.5575372, -1.4040873), (0.5763237, -1.3546515), (0.5764117, -1.3684313), (0.56835586, -1.3930743), (0.5623179, -1.4114516), (0.55478984, -1.4155979), (0.5583777, -1.4229164), (0.5509017, -1.4288242), (0.5561547, -1.4292445), (0.5497981, -1.4357584), (0.5864115, -1.330442), (0.58701813, -1.3454494), (0.5814435, -1.3730407), (0.59331995, -1.3502095), (0.5430753, -1.4475429), (0.55163574, -1.4364798), (0.5501316, -1.4407578), (0.55892295, -1.4291565), (0.561974, -1.4219525), (0.56738186, -1.4181128), (0.5689387, -1.4103959), (0.5959536, -1.3712697), (0.5980109, -1.3787279), (0.5922715, -1.3876178), (0.57230306, -1.3980958), (0.57897943, -1.384798), (0.5827346, -1.3909252), (0.58594054, -1.3970637), (0.5771565, -1.4095795), (0.58984834, -1.3690763), (0.60626876, -1.356976), (0.6085602, -1.3615334), (0.6062213, -1.3448226), (0.6221624, -1.3292389), (0.6225374, -1.3368711), (0.6255396, -1.3110576), (0.6092418, -1.32773), (0.6022341, -1.3240805), (0.61278933, -1.2876823), (0.60292387, -1.3084471), (0.61748135, -1.2983387), (0.61818594, -1.3094897), (0.62259686, -1.2652795), (0.6319379, -1.2746282), (0.6355575, -1.2874274), (0.654936, -1.2692301), (0.6404733, -1.2896178), (1.2451848, -1.0940616), (1.2827395, -1.0413947), (1.2661766, -1.0671134), (0.6449339, -1.2920008), (0.6389766, -1.3046753), (1.2215413, -1.1180639), (1.0821213, -0.92240185), (1.2368208, -1.1032491), (0.64337873, -1.2485962), (1.0590333, -0.93577343), (1.2174636, -1.1216259), (1.2073079, -1.1298497), (1.1872495, -1.1436691), (0.65741247, -1.2632573), (0.6632261, -1.2486062), (0.6578573, -1.2223961), (0.6269904, -1.2451739), (0.6404421, -1.2243869), (0.654343, -1.1983006), (0.6698078, -1.1714785), (0.6689782, -1.1478355), (0.6697312, -1.1973622), (0.6732028, -1.220779), (0.9885343, -0.9023166), (1.1683491, -1.1541896), (0.6807403, -1.1961634), (0.6793698, -1.1790898), (0.943071, -0.891825), (1.1577, -1.1592038), (0.4644022, -1.2663715), (0.5005447, -1.3952224), (0.5042302, -1.4168491), (0.47459137, -0.95535654), (0.4211685, -1.0130036), (0.41365373, -0.9289527), (0.52134377, -0.9379439), (0.4815098, -0.9002923), (0.5733094, -0.9418998), (0.54306626, -0.8950407), (0.4275794, -0.85749733), (0.5060302, -0.85005736), (0.59861785, -0.9028107), (0.5723628, -0.85879505), (0.6413707, -0.91910005), (0.6235734, -0.877497), (0.62601787, -0.9467474), (0.43519437, -1.1094952), (0.60915244, -0.98152536), (0.64212334, -0.8020897), (0.6641985, -0.8584049), (0.64325976, -0.8332504), (0.5860586, -0.7729975), (0.5947319, -0.80043304), (0.35951614, -0.81051934), (0.46214044, -0.8034104), (0.54533356, -0.81528145), (0.6078216, -0.83735657), (0.6477115, -0.86715764), (0.5201728, -0.77483594), (0.41055924, -0.7586633), (0.51453435, -0.7391594), (0.33570582, -0.7159231), (0.4618585, -0.67005527), (0.62237793, -0.7047429), (0.61181796, -0.7322404), (0.63631994, -0.77175987), (0.66299856, -0.7742146), (0.66230905, -0.79471827), (0.67228824, -0.7558991), (0.6843508, -0.728018), (0.7321009, -0.80220586), (0.67662126, -0.8511929), (0.71304727, -0.83238715), (0.6985911, -0.8518105), (0.73236793, -0.8250705), (0.82177454, -0.90313905), (0.79829776, -0.9381566), (0.7770114, -0.9397189), (0.8175401, -0.92906654), (0.8693395, -0.9630142), (0.7542745, -0.95698917), (0.9105394, -1.1738842), (0.7916546, -0.99028707), (0.8448955, -1.0105071), (0.85322344, -1.0530047), (0.8601616, -1.0005118), (0.89366394, -1.0152988), (0.9010885, -1.0635085), (0.8883324, -1.0740981), (0.91275615, -1.0526919), (0.93370545, -1.0596328), (0.97686815, -1.1296537), (0.957418, -1.1203206), (0.94339955, -1.0951128), (0.9359637, -1.1033564), (0.92507684, -1.1086318), (0.9532104, -1.128835), (0.97778064, -1.1442673), (1.0007242, -1.1553388), (1.0079054, -1.1491318), (1.0222019, -1.1694725), (1.0444936, -1.1844742), (0.94631356, -1.0824709), (0.97412694, -1.1128776), (0.8947195, -0.9975834), (0.9485959, -1.0558882), (0.9679809, -1.0917192), (1.0025474, -1.1282859), (1.0343577, -1.1623402), (1.0031002, -1.1105206), (1.0353028, -1.1369328), (1.0279187, -1.1421373), (1.0400404, -1.1280825), (0.79174775, -0.8257428), (0.8753719, -0.9280184), (0.8389303, -0.8379302), (1.1474482, -1.1634822), (0.9495885, -1.0270176), (0.9997276, -1.0892088), (1.0581807, -1.1233768), (0.6921787, -1.1007962), (0.6676549, -1.1055484), (0.68128514, -1.098943), (0.67447895, -1.1187882), (1.0388826, -1.1847429), (1.0189425, -1.1731479), (1.0348312, -1.1848934), (1.0313867, -1.1849906), (1.023415, -1.1851194), (1.0573353, -1.1835763), (1.0558754, -1.1727602), (1.0648962, -1.1828556), (1.0006135, -1.16572), (1.016323, -1.1782889), (1.0069948, -1.1755574), (1.0130798, -1.1850827), (0.69142354, -1.1087148), (0.94875294, -1.1802261), (0.927693, -1.1770372), (0.9195629, -1.1349976), (0.95303243, -1.1464956), (0.9519905, -1.1650724), (0.97013533, -1.1493709), (0.99795055, -1.1730487), (0.9855254, -1.1599305), (0.9811294, -1.1670094), (0.97024244, -1.1705573), (0.96518105, -1.1765738), (1.0003208, -1.1847396), (0.6858277, -1.133497), (0.9552135, -1.1810539), (0.9906604, -1.1842668), (0.9794274, -1.1834955), (0.9689936, -1.1825721), (1.1120411, -1.1747053), (1.1035546, -1.1766841), (1.0977165, -1.1743541), (1.094144, -1.1786015), (1.0869483, -1.1730587), (1.0858072, -1.1800666), (1.0752898, -1.172498), (1.0744315, -1.1817348), (1.064766, -1.1729205), (1.0918773, -1.1686194), (1.0768281, -1.1640856), (1.0629185, -1.1629584), (1.0551556, -1.1645796), (1.0858206, -1.1567047), (1.0580612, -1.1503975), (1.0473703, -1.1530616), (1.0448254, -1.1610832), (1.0482444, -1.1713979), (1.0540117, -1.1838472), (1.0488037, -1.1770868), (0.68240935, -1.158416), (0.6774692, -1.151937), (0.6869004, -1.1710875), (0.6911567, -1.1443312), (0.691723, -1.1208274), (0.6919368, -1.1250257), (0.69040215, -1.136172), (0.6906339, -1.1489997), (0.6918627, -1.134645), (1.1222779, -1.1719737), (1.1269606, -1.1705935), (0.5642949, -1.2335625), (1.0500549, -1.1841345), (0.9434344, -0.91763026), (0.24633336, -0.66124284), (0.29555637, -0.6222524), (0.7189831, -0.7571966), (0.38486052, 1.0015066), (1.350099, 0.6053996), (1.36402, 0.5978127), (1.5052515, -0.90014046), (1.4957689, -0.90153354), (1.4848648, -0.90272623), (1.4884373, -0.89722234), (1.4677285, -0.8974877), (1.4709169, -0.89178497), (1.4464477, -0.8880655), (1.4363998, -0.8700165), (1.4656774, -0.88331336), (1.4864796, -0.89166754), (1.515566, -0.89819735), (1.4917887, -0.88692015), (1.5216173, -0.8968266), (1.4988881, -0.880757), (1.5308436, -0.89436907), (1.5094589, -0.8746172), (1.477199, -0.8596936), (1.4897298, -0.8517376), (1.46358, -0.8392024), (1.43931, -0.8393237), (1.4624611, -0.8684181), (1.4227864, -0.8741204), (1.428547, -0.85309774), (1.3933188, -0.84833235), (1.4116651, -0.8364934), (1.3894397, -0.82100636), (1.4081267, -0.8181107), (1.4234446, -0.81759155), (1.4401308, -0.8157021), (1.4716564, -0.82707566), (1.4979178, -0.8405137), (1.5187248, -0.86558145), (1.5415057, -0.89090854), (1.3232285, -0.8108667), (1.3558818, -0.8027532), (1.3788844, -0.79578143), (1.406351, -0.795809), (1.4246565, -0.78854907), (1.4521395, -0.7981602), (1.4865092, -0.8135821), (1.5230287, -0.8411754), (1.5510539, -0.88716257), (-0.7264543, -0.4864363), (-0.6348658, -0.45718068), (-0.60248655, -0.46015057), (-0.7100191, -0.49237308), (1.4337672, -0.91414106), (1.4219238, -0.9186514), (1.4160482, -0.8856286), (1.4400059, -0.89735603), (1.4516982, -0.908655), (1.4535733, -0.89881897), (1.4627415, -0.9060721), (1.3606893, -0.8622508), (1.3140379, -0.8299796), (1.3039995, -0.8451469), (1.3620008, -0.8826288), (-1.6528734, 0.27583042), (-1.6758107, 0.27984875), (-1.6667937, 0.2995061), (-1.6371411, 0.31378686), (-1.6415035, 0.34330207), (-1.6923059, 0.27971333), (-1.6908065, 0.26415744), (-1.7043759, 0.23265018), (-1.724006, 0.19067718), (1.609672, 0.33125234), (1.6185085, 0.3046034), (1.603932, 0.30142346), (1.6049834, 0.27678648), (1.6356074, 0.2612128), (1.60757, 0.25212994), (1.5817279, 0.25533387), (1.5824202, 0.300021), (1.5922695, 0.39489487), (-1.6998729, 0.3018108), (-1.7273737, 0.25235483), (-1.7275661, 0.27132168), (-1.7275394, 0.3026056), (-1.6855966, 0.33937106), (1.5414249, 0.40316856), (1.5731839, 0.47055462), (1.5778722, 0.45311606), (1.5442644, 0.32955375), (1.5390948, 0.26746568), (1.5481209, 0.23069373), (1.6077873, 0.22249766), (1.5644914, 0.19926664), (-1.5742038, -0.3661473), (-1.590262, -0.334875), (-1.52643, -0.36822286), (-1.4574851, -0.44368872), (-1.4402777, -0.42518938), (-1.4106735, -0.45053986), (-1.4260801, -0.4760001), (-1.3745083, -0.48005593), (-1.5396696, -0.39667484), (-1.5852026, -0.38005194), (-1.5934085, -0.38590446), (-1.6175152, -0.3655284), (-1.6124526, -0.37879574), (-1.39104, -0.50074375), (-1.4248155, -0.504413), (-1.5053965, -0.431093), (-1.48602, -0.4107588), (-1.6262404, -0.34104067), (-1.3561791, -0.5920623), (-1.353427, -0.5946357), (-1.3636831, -0.59429324), (-1.3549272, -0.58314496), (-1.3740665, -0.5936618), (-1.3346983, -0.59462756), (-1.329456, -0.58213896), (-1.3089455, -0.5842343), (-1.3125325, -0.59372306), (-1.447663, -0.48534888), (-1.4741579, -0.46524376), (-1.5146834, -0.4481657), (-1.5573107, -0.41480646), (-1.385105, -0.5269425), (-1.3845135, -0.56929344), (-1.3504452, -0.56700903), (-1.4009763, -0.54362285), (-1.3732828, -0.55072254), (-1.4157432, -0.5261176), (-1.3450586, -0.5466542), (-1.315142, -0.5701457), (-1.5328201, 0.5815941), (-1.6306177, 0.6281231), (-1.574354, 0.6297305), (-1.5109004, 0.60310125), (-1.555869, 0.6542162), (-1.4638213, 0.60744846), (-1.4930018, 0.6524311), (-1.4235843, 0.61825514), (-1.4298481, 0.6497299), (-1.3589715, 0.6107713), (-1.3576373, 0.650613), (-1.277444, 0.7095256), (-1.3310946, 0.724993), (-1.30892, 0.7663929), (-1.2212387, 0.7770388), (-1.1680683, 0.7311924), (-1.221316, 0.67863834), (-1.5215355, 0.76615244), (-1.4845, 0.78234136), (-1.4504501, 0.7319717), (-1.5152525, 0.7297202), (-1.441218, 0.6884114), (-1.5077142, 0.6920661), (-1.3900846, 0.6928166), (-1.4571806, 0.8039692), (-1.4254636, 0.76337034), (-1.3809947, 0.7229064), (-1.3242303, 0.6847173), (-1.4463218, 0.8319224), (-1.413988, 0.7973666), (-1.3707067, 0.7593149), (-1.5823637, 0.7691628), (-1.5908543, 0.74012166), (-1.5771514, 0.70117754), (-1.6390995, 0.68276685), (-1.6292981, 0.7084372), (-1.683478, 0.76135826), (-1.6780127, 0.7810152), (-1.6927236, 0.721728), (-1.6879419, 0.7433527), (-1.4750007, 0.99271494), (-1.4663864, 0.99657226), (-1.4501644, 0.959237), (-1.4566752, 1.0010636), (-1.4223233, 0.95139825), (-1.3779496, 0.8952358), (-1.4195539, 0.9080984), (-1.4480549, 0.92099977), (-1.4641091, 0.95346475), (-1.4682893, 0.93299776), (-1.2710811, 0.8514409), (-1.3378106, 0.83468014), (-1.3153611, 0.9261177), (-1.3914343, 0.85636586), (-1.4298981, 0.87944865), (-1.4573814, 0.8998646), (-1.3719739, 0.8042701), (-1.416494, 0.83682966), (-1.4484679, 0.8647432), (-1.3125938, -0.48665622), (-1.36121, -0.45097172), (-1.3096672, -0.45105946), (-1.251624, -0.47621074), (-1.266363, -0.43231088), (-1.1809539, -0.46974674), (-1.1974338, -0.41508782), (-1.0904742, -0.47721192), (-1.1087884, -0.40226462), (-1.558709, -0.31767774), (-1.4853562, -0.341224), (-1.5304917, -0.28993672), (-1.4471236, -0.3076412), (-1.5034794, -0.2555167), (-1.4059123, -0.26956522), (-1.4689404, -0.21659343), (-1.3566843, -0.23000604), (-1.4053437, -0.17715082), (-1.3030049, -0.19797178), (-1.5980741, -0.26593012), (-1.582312, -0.23546998), (-1.5750917, -0.19665399), (-1.551174, -0.1562427), (-1.6576277, -0.23328502), (-1.615542, -0.29046345), (-1.6376733, -0.2111557), (-1.6412069, -0.17320834), (-1.6862882, -0.10107864), (-1.2687527, -0.571932), (-1.253441, -0.5879415), (-1.2787544, -0.59090394), (-1.6654996, -0.20067096), (-1.6772386, -0.14718488), (-1.6814746, -0.1263541), (-1.402551, -0.4265515), (-1.2404693, -0.3484767), (-1.1838561, -0.30981204), (-1.3021189, -0.37973684), (-1.3555354, -0.41262147), (-1.4431425, -0.3930327), (-1.2479974, -0.24395615), (-1.298694, -0.28454933), (-1.3500782, -0.32344934), (-1.3984503, -0.35952803), (-1.2911869, -0.5706205), (-1.1438261, -0.54448384), (-1.0122956, -0.5296709), (-1.1702253, -0.57515097), (-1.209479, -0.54614395), (-1.1869234, -0.57798266), (-1.2590433, -0.5479784), (-1.2286016, -0.58452284), (-1.648846, -0.26684147), (-1.6357745, -0.31174606), (-1.3436722, -0.51592344), (-1.3023571, -0.5493138), (-1.293979, -0.52255327), (-1.0981406, -0.51712894), (-0.9782268, -0.5173424), (-1.1885964, -0.5103478), (-0.99580157, -0.49842831), (-1.2523535, -0.5143454), (-0.9529375, -0.49002394), (-0.9408852, -0.47120005), (-0.8969967, -0.49290225), (-1.0052885, -0.43729955), (-0.98019844, -0.38509545), (-1.0717338, -0.34522238), (-1.0287217, -0.29770017), (-1.136361, -0.26454422), (-1.0832602, -0.2218744), (-1.203781, -0.2007827), (-1.1519274, -0.1557311), (-1.2947918, -0.1515593), (-1.2493855, -0.09601364), (-1.4391688, -0.11523527), (-1.3838848, -0.04267176), (-1.6931573, -0.059805274), (-1.477558, 0.0028581966), (-0.91360646, -0.42374048), (-0.8835762, -0.4896796), (-0.9406906, -0.33796838), (-0.9704473, -0.25991398), (-1.0104097, -0.18884265), (-1.0634767, -0.12168419), (-1.1386818, -0.055375054), (-1.2294501, 0.0019615807), (-1.3031725, 0.038977936), (-0.9417418, -0.5053639), (-0.9635266, -0.51233745), (-0.91764075, -0.4983274), (-0.8479064, -0.42084643), (-0.9034397, -0.17754962), (-0.8955631, -0.23504868), (-0.87520623, -0.30833936), (-0.8918305, -0.3715607), (-1.0745448, 0.01852086), (-0.96243775, -0.046859417), (-0.92588174, -0.112697005), (0.2090277, -0.56915146), (0.15492396, -0.5298026), (0.1153071, -0.5577384), (0.07785885, -0.5147346), (0.04665183, -0.54437864), (0.031986438, -0.50102156), (-0.009290016, -0.5296576), (-0.04080072, -0.49675372), (-0.08137286, -0.5234135), (-0.112563856, -0.49867555), (-0.14906408, -0.5196186), (-0.18407331, -0.50003743), (-0.21858351, -0.5156535), (-0.26709545, -0.49867094), (-0.3046257, -0.5142206), (-0.37561673, -0.49390364), (-0.42079943, -0.5158054), (-0.51213354, -0.4897966), (-0.55823696, -0.52059984), (-0.5898059, -0.49974173), (-0.6153285, -0.5268739), (-0.6674958, -0.5242467), (1.3474725, -0.9650531), (1.3044986, -0.8843548), (1.3756706, -0.9434884), (1.2809976, -0.8932247), (1.236616, -0.8494569), (0.15925889, -0.6115138), (0.18854801, -0.5911537), (1.3087672, -1.0045922), (1.2671186, -0.9070434), (1.3277673, -0.9835686), (-0.6852977, -0.60951036), (-0.690889, -0.59039474), (-0.6711724, -0.5689518), (-0.59969956, -0.6159281), (-0.63431853, -0.5622662), (-0.5073173, -0.62028044), (-0.50087756, -0.5609727), (-0.42371166, -0.6199672), (-0.3818878, -0.55791813), (-0.34812814, -0.6184932), (-0.28674686, -0.5534758), (-0.2740246, -0.62024), (-0.20586611, -0.5491396), (-0.13724467, -0.59118384), (-0.12718648, -0.54383904), (-0.038477905, -0.58609015), (-0.04958897, -0.543864), (0.031479422, -0.6010653), (0.021123111, -0.55707633), (0.08254894, -0.5768882), (1.2660455, -0.84601957), (0.14301027, -0.45811364), (0.08604284, -0.4420275), (0.11204594, -0.4862512), (0.03191757, -0.4240958), (0.06602752, -0.47029126), (-0.04329338, -0.4196358), (-0.001049459, -0.45852262), (-0.11215777, -0.42591283), (-0.07340415, -0.45920497), (-0.182875, -0.433431), (-0.14445996, -0.46575087), (-0.26709378, -0.44050518), (-0.22478954, -0.47347388), (-0.35889238, -0.44364402), (-0.33993065, -0.475449), (-0.4674616, -0.45871714), (-0.5591787, -0.4632079), (-0.48609775, -0.47686452), (-0.5695903, -0.4750752), (1.3969554, -0.9305679), (1.3331319, -0.88097167), (-0.68238956, -0.50807685), (-0.6625426, -0.54911476), (-0.22876522, -0.40325466), (-0.15613754, -0.39678982), (-0.31808084, -0.41008165), (-0.4331535, -0.42252606), (-0.54636425, -0.44561407), (-0.09054445, -0.3610754), (-0.07549766, -0.34150487), (-0.02391002, -0.37450022), (-0.56920654, -0.4330047), (-0.77440417, -0.477426), (-0.6365168, -0.4211554), (-0.5005189, -0.3946072), (-0.51176095, -0.36509812), (-0.38629752, -0.3796816), (-0.45396757, -0.34412035), (-0.28459764, -0.37323755), (-0.35196215, -0.34058264), (-0.2046977, -0.36856177), (-0.26170242, -0.33780465), (-0.14022772, -0.3645886), (-0.1870193, -0.33625048), (-0.12592217, -0.33648616), (-0.09242532, -0.389391), (0.16533756, -0.43010926), (0.103324115, -0.41582575), (0.06512204, -0.39707446), (-0.8404211, -0.48093465), (-0.78297144, -0.40189356), (-0.7191882, -0.40521303), (0.12281804, -0.3914964), (0.18612534, -0.40498832), (0.089475416, -0.37496924), (0.03486868, -0.3502675), (-0.037771326, -0.3253696), (-0.10367014, -0.3092172), (-0.16915122, -0.30443057), (-0.24368604, -0.30258685), (-0.33508176, -0.3016835), (-0.4188103, -0.30692083), (-0.4869591, -0.29980195), (-0.5597411, -0.32642043), (-0.8609387, -0.48478743), (-0.7359827, -0.26815513), (0.20751835, -0.38118497), (-0.5175485, -0.24315572), (-0.44269907, -0.25257248), (-0.31818688, -0.25991347), (-0.22457166, -0.26526234), (-0.14944589, -0.26860315), (-0.07353188, -0.27136517), (0.008094873, -0.29957047), (0.07389173, -0.32952887), (0.1030124, -0.3518987), (0.14426604, -0.3680452), (0.11866454, -0.27680948), (0.09392621, -0.16521794), (0.08334733, -0.23521654), (0.062268496, -0.13631283), (0.031959392, -0.19773519), (0.0040180706, -0.10508701), (-0.02159217, -0.16127412), (-0.056178972, -0.08750393), (-0.070618905, -0.1631895), (-0.11580154, -0.08265661), (-0.12818545, -0.16277033), (-0.17797436, -0.08268197), (-0.19052923, -0.16488604), (-0.24634786, -0.08392302), (-0.26539123, -0.1623947), (-0.3265835, -0.08101918), (-0.35942996, -0.15066178), (-0.41806442, -0.06744276), (-0.45969582, -0.12342905), (-0.47992104, -0.041300647), (-0.51608825, -0.08129458), (-0.5450701, -0.0041141347), (-0.64782584, -0.021274611), (-0.707959, 0.046869464), (-0.84309286, 0.028549843), (-0.93689364, 0.09697829), (-1.097133, 0.08187283), (-1.2027036, 0.13269132), (-1.3770593, 0.1005552), (-1.4777888, 0.13984205), (-1.7030715, 0.012374827), (-1.7105886, 0.07770001), (1.6480693, 0.19625261), (1.6564175, 0.218292), (1.6195337, 0.18637082), (0.07425548, -0.052128166), (0.052007645, 0.06118236), (0.030414939, -0.02861567), (-0.009135048, 0.07910881), (-0.034183405, -0.007703374), (-0.078441456, 0.09118359), (-0.09931411, 0.0036611625), (-0.1466743, 0.097468935), (-0.16368015, 0.007961106), (-0.2141354, 0.09996105), (-0.23028015, 0.009256721), (-0.28411204, 0.10137513), (-0.30340403, 0.01173946), (-0.35958296, 0.10482981), (-0.3853317, 0.020040669), (-0.4371571, 0.113062486), (-0.4630196, 0.03703894), (-0.4923129, 0.12642586), (-0.4976771, 0.06019478), (-0.53448987, 0.14553533), (-0.60033315, 0.09424029), (-0.6701807, 0.17202504), (-0.7893324, 0.1333452), (-0.87105066, 0.19886175), (-1.0272135, 0.16455805), (-1.0994257, 0.21821237), (-1.2798086, 0.17857757), (-1.3262354, 0.2264955), (-1.5169052, 0.17818771), (-1.5346593, 0.220195), (-1.7194952, 0.16074403), (0.016430171, 0.15563135), (-0.026527192, 0.22957364), (-0.05404799, 0.16642672), (-0.10350544, 0.23679909), (-0.1267396, 0.17313403), (-0.17866953, 0.24067423), (-0.1971216, 0.17629078), (-0.2506035, 0.24183893), (-0.26681715, 0.1772947), (-0.3215829, 0.24139453), (-0.3387376, 0.17802992), (-0.3931725, 0.24072042), (-0.41306508, 0.18051864), (-0.4613709, 0.24119717), (-0.479307, 0.18609206), (-0.50835127, 0.24374202), (-0.5086759, 0.1953889), (-0.5401819, 0.25073037), (-0.5873674, 0.21095677), (-0.65013343, 0.2623674), (-0.7438342, 0.23033689), (-0.8128326, 0.27607927), (-0.9415147, 0.24891202), (-0.99649346, 0.29081622), (-1.14935, 0.26486394), (-1.1784738, 0.30872312), (-1.3475417, 0.27951214), (-1.3439387, 0.3335785), (-1.5285035, 0.2934419), (-1.4772941, 0.36981267), (-0.81130815, -0.17216176), (-0.70255774, -0.14962639), (0.23298508, -0.36067942), (0.1688115, -0.34119695), (0.11955793, -0.33097225), (0.095371924, -0.3048738), (0.053999238, -0.27260897), (-0.020578878, -0.23247159), (-0.08498241, -0.21506427), (-0.13667285, -0.22232951), (-0.20571728, -0.22160856), (-0.29087925, -0.21559377), (-0.40369177, -0.19925666), (-0.48959655, -0.16649555), (1.6068565, -0.8470302), (1.5721701, -0.8762234), (1.5574538, -0.8842636), (1.6604127, 0.17596936), (1.6761087, 0.18184696), (1.6803595, 0.17376892), (1.6513611, 0.15706283), (1.6869746, 0.16046402), (-1.0939604, -0.5591964), (-1.6970135, -0.03360165), (-1.4774975, 0.04769806), (-0.99244183, 0.03378239), (-0.73906654, -0.051229626), (-1.2258011, 0.06421495), (-0.75492, -0.47979918), (-0.07582159, 0.2899894), (-0.15774426, 0.29534647), (-0.23473305, 0.29751426), (-0.30751097, 0.29715672), (-0.37807125, 0.29512292), (-0.44548756, 0.2925754), (-0.50074637, 0.29074147), (-0.52353734, 0.29101238), (-0.5883868, 0.29622853), (-0.7153256, 0.30420828), (-0.8724565, 0.3144769), (-1.036379, 0.32859874), (-1.1913079, 0.34975383), (-1.3253278, 0.38048926), (-1.4273342, 0.42031327), (-0.13202618, 0.34137428), (-0.21785194, 0.34572104), (-0.29599768, 0.3468492), (-0.3681867, 0.34508148), (-0.43484735, 0.3410862), (-0.49196714, 0.33633748), (-0.5265645, 0.33235076), (-0.5538342, 0.3318828), (-0.6466683, 0.33476695), (-0.7771035, 0.3401081), (-0.9215474, 0.34905258), (-1.0645765, 0.36403728), (-1.1960047, 0.3874244), (-1.3089479, 0.41965643), (-1.400345, 0.45803478), (-1.5029484, 0.4659535), (-1.4636947, 0.49418524), (-1.5862981, 0.33248472), (-1.5425917, 0.42061624), (-1.5735542, 0.37548667), (-0.19696827, 0.3875228), (-0.28569585, 0.39131427), (-0.3640412, 0.39202285), (-0.43188363, 0.38821903), (-0.48793083, 0.38138366), (-0.52698123, 0.37427053), (-0.54122704, 0.36897925), (-0.6024268, 0.3678825), (-0.70769525, 0.36887053), (-0.8322913, 0.37293398), (-0.9612878, 0.38196784), (-1.085512, 0.3981391), (-1.1996831, 0.4228196), (-1.3021218, 0.45582175), (-1.3938795, 0.4945776), (-1.4651605, 0.52531534), (-0.2729215, 0.43977794), (-0.36594325, 0.44370547), (-0.44111437, 0.44029862), (-0.49353236, 0.42858618), (-0.5299124, 0.41750237), (-0.5451432, 0.4082735), (-0.577759, 0.40337813), (-0.66040796, 0.40090096), (-0.7660715, 0.40085468), (-0.87997603, 0.40478778), (-0.9935884, 0.41458368), (-1.1021682, 0.43189493), (-1.2044395, 0.4578455), (-1.3046347, 0.49391583), (-1.425383, 0.54937077), (-0.36304724, 0.5074894), (-0.48066902, 0.5361414), (-0.51824117, 0.49294004), (-0.5410878, 0.46643305), (-0.5534642, 0.45059934), (-0.56817585, 0.44132432), (-0.6313103, 0.43615615), (-0.7199045, 0.43289256), (-0.819027, 0.43268183), (-0.9205333, 0.4371169), (-1.0198034, 0.44781828), (-1.1147476, 0.46617195), (-1.2060064, 0.49356964), (-1.2964689, 0.5323211), (-1.3732871, 0.5788655), (-0.58748955, 0.65411526), (-0.6037617, 0.678064), (-0.6371197, 0.8597142), (-0.5675423, 0.54519343), (-0.584905, 0.58623767), (-0.56513697, 0.50156283), (-0.58191735, 0.5405162), (-0.5695096, 0.4811652), (-0.61243343, 0.5191041), (-0.6163097, 0.47351903), (-0.6725725, 0.5082258), (-0.6907331, 0.46903327), (-0.7478094, 0.5025307), (-0.77644944, 0.46577963), (-0.8284872, 0.5006411), (-0.8659819, 0.4658305), (-0.9078234, 0.50113726), (-0.95485556, 0.47079197), (-0.98404396, 0.50598055), (-1.0404187, 0.4821746), (-1.0555602, 0.5174944), (-1.1216141, 0.5013772), (-1.121298, 0.53750753), (-1.1992224, 0.52999026), (-1.182258, 0.56635886), (-1.2755634, 0.571737), (-1.2310892, 0.6016486), (-1.2977775, 0.6125761), (-1.270836, 0.6437314), (-0.6128058, 0.70298207), (-0.6391339, 0.84727776), (-0.6035551, 0.6278021), (-0.6202742, 0.58883667), (-0.66519666, 0.5670766), (-0.7273374, 0.55461186), (-0.7994983, 0.5459646), (-0.87425953, 0.53972733), (-0.9454239, 0.5378798), (-1.0092725, 0.5416009), (-1.0653895, 0.5523423), (-1.1131221, 0.5763038), (-1.1642324, 0.60425085), (-1.2056159, 0.63292277), (-0.6271376, 0.7274496), (-0.64516383, 0.83951265), (-0.6357273, 0.6847851), (-0.6675914, 0.64933544), (-0.7144114, 0.628288), (-0.7755077, 0.6195717), (-0.84512955, 0.6000392), (-0.91560054, 0.5868965), (-0.97855014, 0.5763384), (-1.0308408, 0.57488143), (-1.0691155, 0.57956266), (-1.0852426, 0.5990074), (-1.485725, 0.5503906), (-1.2721885, 0.6764627), (-1.6982962, 0.69277), (-1.4794811, 0.9650997), (-1.4886192, 0.870046), (-1.4669384, 0.8582527), (-1.4768723, 0.8390502), (-1.5313905, 0.8221524), (-1.5111021, 0.8052972), (-1.5301858, 0.79771584), (-1.564922, 0.8204907), (-1.5690492, 0.7942752), (-1.5048133, 0.8555787), (-1.5090286, 0.88205326), (-1.5192176, 0.89129966), (-1.513498, 0.8985757), (-1.5256926, 0.9063167), (-1.5959669, 0.81428176), (-1.5966684, 0.8343193), (-1.5277208, 0.8472002), (-1.4988185, 0.82107127), (-1.4998199, 0.9005847), (-1.5139943, 0.91378784), (-1.5082794, 0.9322479), (-1.5230087, 0.9329595), (-1.4909912, 0.92261493), (-1.4754468, 0.91744596), (-1.4752012, 0.88952523), (-1.5756401, 0.83844393), (-1.5567099, 0.844866), (-1.5467938, 0.86485845), (-1.5288569, 0.87912595), (-1.6292225, 0.8223947), (-1.5204057, 0.97269076), (-1.5019747, 0.95492274), (-1.6562449, 0.84051585), (-1.6384457, 0.8373876), (-1.6646243, 0.8205365), (-1.6192936, 0.83879465), (-1.5075437, 0.97848755), (-1.4992825, 0.98211217), (-1.6697196, 0.80674005), (-1.4858268, 0.9452008), (-1.6206006, 0.79940516), (-1.4850246, 0.9883135), (-1.1505524, 0.65911084), (-1.1151847, 0.6160581), (-1.0518571, 0.60423785), (-0.8149674, 0.6757956), (-0.7799682, 0.68299085), (-0.88778746, 0.6758686), (-0.9566091, 0.62871313), (-1.0088085, 0.611965), (-0.7500219, 0.70146257), (-0.65563804, 0.83593917), (-0.18559794, 0.9871665), (-0.25520092, 0.971213), (-0.23951179, 1.0311406), (-0.26778275, 0.89619), (-0.28233004, 0.8263083), (-0.30113333, 0.77410895), (-0.3235026, 0.7253136), (-0.34467608, 0.66368127), (-0.35592437, 0.5865852), (-0.3292308, 0.96696913), (-0.31116873, 1.0530179), (-0.3470388, 0.89392954), (-0.36787117, 0.8313745), (-0.3937825, 0.78599495), (-0.4265902, 0.74549896), (-0.4661184, 0.7000926), (-0.46293366, 0.61438876), (-0.39983356, 0.97283924), (-0.38133526, 1.0406926), (-0.4212786, 0.9082918), (-0.4476143, 0.8551482), (-0.48350495, 0.8192581), (-0.5393005, 0.80821085), (-0.63876253, 0.8898633), (-0.46589905, 0.99402654), (-0.44428557, 1.0579464), (-0.490202, 0.9400893), (-0.52110666, 0.89917344), (-0.5649278, 0.879484), (-0.61426294, 0.88734555), (-0.6386524, 0.895204), (-0.52810174, 1.0294323), (-0.5049996, 1.0789053), (-0.5514054, 0.9877382), (-0.5823062, 0.95648134), (-0.6298259, 0.9520897), (-0.6327226, 0.91656864), (-0.63836336, 0.9009783), (-0.5832247, 1.0797622), (-0.5670779, 1.1142571), (-0.5975024, 1.0465691), (-0.61561793, 0.9990218), (-0.6283457, 0.9578304), (-0.63599926, 0.92208), (-0.6312115, 0.9463774), (-0.6378707, 0.9071855), (-0.023267584, 1.2710624), (-0.026616383, 1.2185488), (-0.042924818, 1.2467079), (-0.03410536, 1.1655953), (-0.05729778, 1.2041688), (-0.051393215, 1.1143246), (-0.06778034, 1.1578288), (-0.082088694, 1.0639167), (-0.1077941, 1.1257567), (-0.12653664, 1.0194304), (-0.13628685, 1.0757658), (-0.18738054, 1.0543022), (0.3553053, -1.4342971), (0.36171883, -1.4216616), (0.365072, -1.4219706), (0.36334854, -1.4159696), (0.35798693, -1.4201634), (0.36273873, -1.410975), (0.37103832, -1.4030411), (0.37389582, -1.4072409), (0.37040186, -1.4088078), (0.37069142, -1.41766), (0.37310016, -1.4197602), (0.36764276, -1.4247367), (0.3741817, -1.411104), (0.37656808, -1.4137082), (0.37362385, -1.4242203), (0.37694633, -1.4184718), (0.3810755, -1.4135857), (0.3833713, -1.4016533), (0.36197436, -1.4022121), (0.3698864, -1.3921552), (0.37847453, -1.3901114), (0.3501926, -1.4247308), (0.35458273, -1.4132957), (0.34202993, -1.4323175), (0.3420117, -1.4177976), (0.35250247, -1.4038632), (0.3610115, -1.3899107), (0.37685567, -1.3754795), (0.39112937, -1.3781934), (0.40161777, -1.3852997), (0.39727074, -1.4012346), (0.38811088, -1.4129918), (0.38035452, -1.4210804), (0.3679725, -1.4305165), (0.37568182, -1.4307482), (0.3675217, -1.4385765), (0.41091412, -1.3619909), (0.41352648, -1.3764307), (0.41318762, -1.3923218), (0.399859, -1.4139125), (0.38662368, -1.4264374), (0.37790823, -1.4436114), (0.3606305, -1.4536383), (0.38013136, -1.3536813), (0.3952188, -1.3546522), (0.36177814, -1.3696799), (0.34282708, -1.3960621), (0.33011782, -1.4162426), (0.32156366, -1.437943), (0.33368188, -1.4486392), (0.33954626, -1.4638934), (0.31390184, -1.4130867), (0.33799005, -1.3616734), (0.37137085, -1.3412793), (0.3951463, -1.3274097), (0.41670555, -1.3312886), (0.42946643, -1.3420768), (0.4282568, -1.3661244), (0.30957526, -1.474565), (0.3213293, -1.3143797), (0.38120395, -1.294285), (0.42549914, -1.2897305), (0.44334233, -1.3123279), (0.4477492, -1.3388762), (0.44713056, -1.3622873), (0.43527603, -1.3890452), (0.41603905, -1.4142063), (0.39765555, -1.4361994), (0.3857981, -1.4553578), (0.37111992, -1.4641736), (0.35208768, -1.4770193), (0.32542217, -1.4947932), (0.2701602, -1.5068257), (0.27883267, -1.4625189), (0.2427155, -1.5068672), (0.27091074, -1.4035759), (0.22182022, -1.4926331), (0.4623719, -1.3444104), (0.46166396, -1.3730853), (0.44715148, -1.399339), (0.4327827, -1.4160211), (0.34752625, -1.5007586), (0.3274749, -1.5169387), (0.30421668, -1.5232), (0.2967868, -1.5064087), (0.27410054, -1.5321448), (0.23813716, -1.5290279), (0.20453407, -1.5423565), (0.36249006, -1.220706), (0.25088364, -1.2935376), (0.17020805, -1.4834292), (0.1647792, -1.5535011), (0.41701454, -1.4376268), (0.39989066, -1.4619708), (0.382209, -1.470685), (0.36781448, -1.4844954), (0.4761725, -1.3606308), (0.47825474, -1.3727858), (0.46913767, -1.3877528), (0.4589675, -1.4002609), (0.44680429, -1.4182787), (0.4340918, -1.43749), (0.42120522, -1.4596229), (0.40867943, -1.4865153), (0.38619876, -1.4872723), (0.3673761, -1.5067332), (0.34448916, -1.5241237), (0.3153816, -1.5413945), (0.28562748, -1.5469136), (0.24685676, -1.5528698), (0.2504339, -1.5349855), (0.22283836, -1.5536149), (0.48703003, -1.3819928), (0.47687906, -1.3889129), (0.46983898, -1.4036834), (0.459058, -1.4193494), (0.4485491, -1.4371111), (0.4379084, -1.4560812), (0.42925608, -1.477684), (0.48756588, -1.3956687), (0.49185437, -1.4020336), (0.4832301, -1.4092653), (0.4764939, -1.4208114), (0.46891075, -1.4205759), (0.47571635, -1.4105415), (0.4711582, -1.4329069), (0.46111876, -1.4360912), (0.46680307, -1.4512501), (0.4956059, -1.3866944), (0.48005944, -1.3983452), (0.45209658, -1.455205), (0.44201368, -1.4691539), (0.4955997, -1.4100361), (0.49792504, -1.4189858), (0.49165404, -1.4227197), (0.49893558, -1.4281292), (0.4940526, -1.430238), (0.48851144, -1.4153111), (0.4823329, -1.422111), (0.4863556, -1.4256709), (0.48744845, -1.4360394), (0.49427944, -1.445257), (0.49336565, -1.4813733), (0.4918545, -1.4652164), (0.48553002, -1.4771147), (0.4743157, -1.463412), (0.48149967, -1.4659748), (0.4776966, -1.4747355), (0.48265153, -1.4545562), (0.48782766, -1.4515867), (0.48727882, -1.4599714), (0.4773535, -1.4490197), (0.4759835, -1.439188), (0.47756255, -1.429436), (0.457977, -1.4645355), (0.4642154, -1.4694254), (0.4566074, -1.4747043), (0.450082, -1.472018), (0.44059747, -1.484663), (0.45110434, -1.483726), (0.4596119, -1.4837549), (0.4532578, -1.490241), (0.44637674, -1.4968772), (0.43152767, -1.4904737), (0.43366164, -1.5024838), (0.44060892, -1.5109096), (0.42254257, -1.4969616), (0.43219173, -1.5215595), (0.42161036, -1.5156312), (0.44936997, -1.5093572), (0.44136584, -1.5241117), (0.46045178, -1.5063565), (0.45139897, -1.5211341), (0.47403133, -1.5025022), (0.46561235, -1.5157094), (0.4103338, -1.5086896), (0.42287827, -1.5325415), (0.4078663, -1.5312059), (0.5417036, -1.4525578), (0.5551716, -1.4381285), (0.4846359, -1.507972), (0.47845787, -1.5127959), (0.5697819, -1.4195807), (0.45997268, -1.5261981), (0.44978923, -1.5329659), (-0.7800794, -0.6805674), (-0.77543026, -0.6700284), (-0.7728652, -0.666281), (0.4415847, -1.5381229), (0.43292928, -1.5432882), (-0.77790546, -0.6737276), (-0.78530985, -0.6924037), (-0.78090733, -0.6796672), (-0.7869318, -0.6985443), (-0.7885389, -0.7055526), (0.4196732, -1.5506902), (-0.7759813, -0.6761368), (-0.76695824, -0.65781796), (-0.78146446, -0.6949921), (-0.7675933, -0.669082), (-0.7571505, -0.6700062), (-0.77750134, -0.69627225), (-0.7550184, -0.6429159), (-0.7933986, -0.7345365), (-0.79079956, -0.7172806), (-0.79628795, -0.7631837), (0.39077407, -1.5127583), (0.4020614, -1.5596294), (0.366894, -1.5304909), (0.38740224, -1.5375845), (0.3690074, -1.5532725), (0.34165502, -1.5478983), (0.3392167, -1.5722442), (0.3758585, -1.571223), (-0.7980184, -0.8117334), (-0.7979328, -0.80032945), (-0.7503661, -0.6973216), (-0.7540667, -0.64726925), (-0.73328084, -0.6234688), (-0.7164932, -0.61037314), (-0.72557247, -0.6446903), (-0.6839236, -0.65749735), (0.31415266, -1.5652256), (-0.66470045, -0.6762322), (-0.7219458, -0.6935188), (-0.7977201, -0.8318492), (-0.6144755, -0.6811976), (-0.7954146, -0.87264764), (0.33600765, -1.5854626), (0.3450384, -1.5825627), (0.3204084, -1.5900581), (0.3104332, -1.5816777), (0.289617, -1.5977023), (0.28836071, -1.5829237), (0.28927398, -1.5646708), (0.2661876, -1.5665095), (0.26425892, -1.5530367), (0.24843803, -1.5664499), (0.22103448, -1.576494), (0.24384788, -1.5830569), (0.26554137, -1.5844867), (0.26078022, -1.603298), (-0.56820863, -0.685745), (-0.7911355, -0.911584), (0.24468517, -1.6058152), (-0.5266183, -0.6910614), (-0.7878397, -0.933444), (0.33423048, -0.9885835), (0.24896936, -1.0665679), (0.3279696, -1.1182158), (0.1749876, -1.1498971), (0.23526785, -1.1750658), (0.3398689, -0.8903421), (0.25035045, -0.9534037), (0.17003909, -1.0402691), (0.106862284, -1.138504), (0.118725166, -1.2338867), (0.17351483, -1.2578268), (0.14435609, -1.3839288), (0.12082498, -1.3138366), (0.0007603313, -1.0528476), (-0.024566166, -1.1970544), (-0.06283115, -1.1294115), (0.058046088, -0.92167616), (-0.05334116, -0.9198514), (0.25102234, -0.8502977), (0.15748952, -0.9280561), (0.08602246, -1.0335732), (0.037351247, -1.1508255), (0.044792596, -0.8295278), (0.062501855, -0.7298017), (0.13664469, -0.82188773), (0.26155, -0.7656836), (-0.1118701, -0.7503763), (-0.08243229, -0.6708559), (-0.0819031, -0.8056361), (-0.14473407, -0.90420157), (-0.17919199, -0.7549861), (-0.23594767, -0.71715814), (-0.2609762, -0.6895263), (-0.101005815, -1.2151747), (-0.23407336, -0.9850262), (-0.23733114, -0.8670874), (-0.31686735, -0.818283), (-0.37456352, -0.7628153), (-0.2942328, -1.107873), (-0.3321277, -0.957701), (-0.3883887, -0.90947235), (-0.46081084, -0.8933353), (-0.15018637, -1.5057652), (-0.1867636, -1.1535819), (-0.25650424, -1.269346), (-0.28564888, -1.3534014), (-0.3416217, -1.2203972), (-0.39080417, -1.0928435), (-0.43599945, -0.99176574), (-0.31279415, -1.3717787), (-0.36852282, -1.30652), (-0.42617857, -1.1973915), (-0.48716795, -1.1040814), (-0.5674854, -1.1985102), (-0.49730378, -1.1956675), (-0.50015056, -1.2621651), (-0.44495457, -1.2696414), (-0.33624452, -1.3891127), (-0.40502912, -1.342073), (-0.45491958, -1.3141186), (-0.48459226, -1.3238165), (-0.53586465, -1.2715995), (-0.52768344, -1.3196287), (-0.5878651, -1.2539527), (-0.5765497, -1.3157656), (-0.54068536, -1.1452501), (-0.5361757, -1.0222929), (-0.5578707, -1.0970583), (-0.58719885, -1.1335006), (-0.6317483, -1.1442461), (-0.63542485, -1.1857843), (-0.606183, -1.2740061), (-0.6472123, -1.2133267), (-0.72807455, -1.1237414), (-0.6307828, -1.0850949), (-0.3368731, -0.6753413), (-0.15405823, -0.6378823), (-0.44398004, -0.7431705), (-0.7840773, -0.9543118), (-0.53234667, -0.84756684), (-0.63097614, -0.98804945), (-0.7482973, -1.0778296), (-0.737616, -1.1033003), (0.11019253, -1.6111147), (0.12294595, -1.6118689), (0.166613, -1.5734963), (0.1765899, -1.5850427), (-0.5193687, -1.3503816), (-0.5344445, -1.3453372), (-0.54260623, -1.3416917), (-0.5556818, -1.3321388), (-0.6074753, -1.2885308), (-0.62285435, -1.26825), (-0.59623533, -1.2988796), (-0.44155926, -1.4015529), (-0.45004052, -1.3972974), (-0.5252292, -1.3536353), (-0.2524894, -1.4366791), (-0.17848815, -1.4971597), (-0.28249317, -1.4435194), (-0.20069908, -1.4905782), (0.13266763, -1.6122458), (-0.3812927, -1.3994229), (-0.4315375, -1.3721111), (-0.43294084, -1.40576), (-0.41108066, -1.4159446), (-0.33419102, -1.421515), (-0.35636204, -1.4280438), (-0.3102519, -1.447192), (-0.47038817, -1.3865931), (-0.49073368, -1.3751202), (0.15529843, -1.6125095), (-0.25136465, -1.4751577), (-0.3719923, -1.4326146), (-0.3873948, -1.4262617), (-0.35007286, -1.441221), (-0.32412702, -1.4508276), (-0.26685697, -1.4702401), (-0.6720841, -1.2144022), (-0.6607376, -1.2306094), (-0.671466, -1.2167125), (-0.6637352, -1.2238812), (-0.64842546, -1.245512), (-0.6507555, -1.2388124), (-0.63716394, -1.2582736), (-0.6363504, -1.2554381), (-0.62126666, -1.2750382), (-0.68362564, -1.1997993), (-0.68011546, -1.2011154), (-0.66881204, -1.2130148), (-0.64835703, -1.2369044), (-0.6958678, -1.1791749), (-0.694753, -1.1767447), (-0.67219484, -1.2010868), (-0.63562495, -1.2451727), (-0.61093915, -1.2779238), (-0.59121454, -1.3033321), (0.19206843, -1.5956061), (0.2172637, -1.5979605), (0.22933426, -1.6078312), (0.16241531, -1.6124225), (0.19244726, -1.6111989), (0.19112493, -1.6056292), (0.19920693, -1.6107357), (0.17785214, -1.6119645), (-0.7608391, -1.043251), (-0.7668929, -1.024091), (-0.772505, -1.0043559), (-0.7554899, -1.058733), (-0.7749011, -0.99520224), (0.3674379, -1.4111567), (0.3491844, -1.4304514), (-0.5851695, -1.3085577), (-0.6929878, -1.1858191), (-0.70398945, -1.1681678), (-0.7177545, -1.1438813), (-0.5179967, -0.7079005), (1.2928735, -1.0256224), (0.07734223, -0.6516806), (1.5866457, 0.4183547), (-1.7273744, 0.31982377), (-0.6376103, 0.86953133), (-0.63798803, 0.8730661), (-0.63871104, 0.88457155), (-0.5612412, -1.3279188), (-0.56771207, -1.3228784), (-1.4446222, 1.0069237), (-1.3876814, 0.9648691), (-0.638469, 0.8789646), (0.3540147, 1.0343993), (1.710399, -0.49188024), (1.7164778, 0.038478896), (1.2673596, 0.6611313), (0.67621326, 0.4940771), (0.56280553, -1.2416413), (0.68416923, -1.1830862), (0.6553332, -0.90362173), (0.39940614, 0.9843084), (0.70965207, 0.5992101), (-1.7256128, 0.20425686), (-0.8174354, -0.47773138), (1.6684145, 0.19605021), (1.6910189, 0.15160002), (-0.038357615, 1.2910748), (0.46989214, -1.478755), (0.5500056, -1.4443061), (-0.7831532, -0.68549913), (-0.50311315, -1.3677227), (-0.29964077, -1.4593968), (1.2019788, 0.31910607), (1.2125751, 0.30475336), (1.2112156, 0.35698652), (1.2339982, 0.34188718), (1.2541314, 0.3219855), (1.2438387, 0.3007149), (1.2494203, 0.28833053), (1.2494794, 0.38951778), (1.2838889, 0.3807777), (1.3009785, 0.3561027), (1.3093694, 0.3281802), (1.2746524, 0.31020752), (1.2681652, 0.29833978), (1.2753879, 0.28940853), (1.3057755, 0.28657874), (1.2973508, 0.3038237), (1.3468517, 0.28396463), (1.350067, 0.31403401), (1.3854872, 0.29943728), (1.425856, 0.34185687), (1.4985574, 0.4114126), (1.4530815, 0.4393808), (1.5151371, 0.5191361), (1.3768669, 0.38100183), (1.292214, 0.43241772), (1.358246, 0.45547962), (1.3443273, 0.4047712), (1.4259418, 0.4590317), (1.4513463, 0.4882035), (1.3980693, 0.4588501), (1.4185017, 0.518113), (1.4374002, 0.58410156), (1.4462548, 0.58692473), (1.3606085, 0.48970565), (1.42916, 0.58255917), (1.3250262, 0.47567406), (1.3294674, 0.49756694), (1.3571202, 0.5349523), (-1.288853, 1.1054657), (-1.2714909, 1.1516147), (-1.2294251, 1.1669965), (-1.3308719, 1.1106458), (-1.2892238, 1.1549726), (-1.3462769, 1.1248605), (-1.2874628, 1.1679769), (-1.2896985, 1.1785758), (-1.280373, 1.1791232), (-1.331431, 1.1599157), (-1.2995147, 1.1767695), (1.507394, 0.60324883), (1.4890097, 0.5722533), (1.4868532, 0.605984), (1.4736146, 0.5171098), (-1.16688, 1.1304953), (-1.1465448, 1.1157808), (-1.2099043, 1.1280463), (0.675905, 0.62908375), (0.68583417, 0.6208977), (0.6776133, 0.56898654), (0.663901, 0.6388187), (0.655277, 0.59026676), (0.6507824, 0.6493831), (0.63677573, 0.6083345), (0.6384571, 0.65930665), (0.6189543, 0.62640935), (0.62378067, 0.6711576), (0.5977123, 0.6490436), (0.5989292, 0.6937856), (-0.9298105, 0.9495338), (-0.94578594, 0.8853772), (-0.97740465, 0.98282397), (-0.8949305, 0.9274632), (-0.9069237, 0.8354018), (-0.84137064, 0.8976787), (-0.86397195, 0.79147077), (-0.9258345, 0.74533236), (-0.9622018, 0.7952843), (-1.0357963, 0.8994561), (-1.0307244, 1.0236814), (-1.0730008, 0.9341446), (-1.0596718, 1.0468824), (-1.1061667, 0.9591104), (-1.0828489, 1.0656497), (-1.1388572, 0.98336416), (-1.1067444, 1.0848875), (-1.1703495, 1.0145357), (-1.1283625, 1.1019287), (-1.199963, 1.048713), (-1.2410897, 1.075654), (-1.2325023, 1.1416626), (-0.9977602, 0.8489246), (0.5788445, 0.7163553), (0.59986675, 0.6026232), (0.6189216, 0.5799242), (0.6408424, 0.5590888), (0.6660933, 0.53534657), (0.6239325, 0.53811306), (0.64817786, 0.5139854), (-0.79380494, 0.8753955), (-0.8193575, 0.7641496), (1.430173, 0.4958108), (1.4440256, 0.5029972), (1.4284233, 0.5137158), (1.4404844, 0.5511362), (1.4558522, 0.5914771), (-1.3219241, 1.1668832), (-1.309928, 1.1732681), (1.4725918, 0.5632329), (1.478094, 0.60367054), (1.4594768, 0.5259992), (1.364458, 0.51114815), (1.3922559, 0.539374), (1.353675, 0.5105504), (1.3607837, 0.5280931), (1.3774592, 0.5556621), (1.3869914, 0.5879462), (1.3966585, 0.5850432), (-1.2453932, 1.1730733), (-1.2416197, 1.1717944), (-1.2500187, 1.1744905), (-1.2668685, 1.1781597), (1.4175192, 0.58199435), (1.4526714, 0.53163147), (1.4622163, 0.5549774), (1.4726585, 0.6013823), (1.4671439, 0.59847176), (1.4615396, 0.59496206), (1.4508187, 0.5661977), (1.4426235, 0.54145515), (1.439783, 0.52468455), (1.4440554, 0.5213497), (1.382826, 0.5369276), (1.3979465, 0.5576073), (1.4094008, 0.5826075), (1.4034704, 0.58353156), (1.3987969, 0.5745951), (1.3997034, 0.5843086), (1.3938264, 0.5713738), (1.3864056, 0.5616442), (1.3764764, 0.54564023), (1.3700818, 0.5323891), (1.3717538, 0.5280109), (1.4533757, 0.55393314), (1.3875383, 0.5534317), (-1.1990846, 1.151356), (-1.5024432, 0.5189241), (-1.5159763, 0.5011446), (-1.5190867, 0.5453716), (-1.5475489, 0.5282452), (-1.5622584, 0.49706447), (-1.551947, 0.47273085), (-1.5549732, 0.45525157), (-1.5795022, 0.567432), (-1.6044811, 0.5374297), (-1.6232704, 0.499209), (-1.5868121, 0.4709104), (-1.5896655, 0.4415933), (-1.5927035, 0.4215969), (-1.6157924, 0.39605376), (-1.6218175, 0.42374942), (-1.6372246, 0.45288277), (-1.6623753, 0.3683892), (-1.6723846, 0.39979708), (-1.695167, 0.35740346), (-1.726822, 0.35173738), (1.5645882, 0.5001402), (-1.7258734, 0.38667342), (-1.6896292, 0.43422508), (-1.6395406, 0.5820506), (-1.6718186, 0.54437286), (-1.6741363, 0.48386356), (-1.7250472, 0.4099195), (-1.7013253, 0.4564757), (-1.6972405, 0.48196858), (-1.6966413, 0.50817144), (-1.7171668, 0.54128456), (-1.7151808, 0.56369025), (-1.7131969, 0.58385086), (-1.6952969, 0.5801727), (-1.676627, 0.59009486), (-1.6720511, 0.6192558), (-1.702272, 0.66901886), (-1.3246266, 1.0186777), (-1.3952254, 1.0119393), (-1.3719519, 1.0423055), (-1.3741106, 1.0627944), (-1.4108492, 1.0503397), (-1.4066697, 1.0578926), (-1.4001702, 1.0694463), (-1.3929795, 1.0818334), (-1.3789767, 1.0986314), (-1.3710264, 1.1159954), (1.523755, 0.5904389), (1.5441946, 0.5562457), (1.5487651, 0.5455049), (-1.2649277, 1.0056334), (-1.2383469, 0.9572094), (-1.2009512, 0.90571386), (-1.158476, 0.87776434), (-1.158935, 0.803294), (-1.1180762, 0.86233914), (-1.1248258, 0.7828056), (-1.0822951, 0.83624566), (-1.0904163, 0.7584283), (-1.0468515, 0.80174595), (-1.0576268, 0.728033), (-1.0122267, 0.7614968), (-1.0251621, 0.69509447), (-0.9788146, 0.7205675), (-0.99339974, 0.6611719), (-0.9492977, 0.6834496), (-1.0377702, 0.64326173), (-1.0671598, 0.67176944), (-1.0998818, 0.69599795), (-1.1272627, 0.7223725), (-1.0770115, 0.62909406), (-1.1024314, 0.6522716), (-1.7205216, 0.44355336), (-1.7141186, 0.45146042), (-1.707378, 0.47071904), (-1.7064863, 0.48901883), (-1.7123464, 0.5059197), (-1.7194656, 0.5117447), (-1.3835145, 1.0973148), (-1.3796815, 1.1032722), (1.5319048, 0.5795417), (1.5362269, 0.5723327), (-1.7243704, 0.42628735), (-1.7230324, 0.45415133), (-1.7074307, 0.60322726), (-1.7017509, 0.5973344), (-1.6926314, 0.6000858), (-1.6877879, 0.61264867), (-1.6940795, 0.6325875), (-1.7059444, 0.6441932), (-1.4265612, 1.0227647), (-1.4243287, 1.0261426), (-1.4215828, 1.0308223), (-1.4178349, 1.0376253), (-1.7118217, 0.5967398), (-1.7093431, 0.61811304), (-1.7222279, 0.46886304), (-1.7203594, 0.4774866), (-1.7204608, 0.466877), (-1.7215067, 0.48107255), (-1.7205218, 0.49650204), (-1.7136151, 0.48872393), (-1.7116009, 0.47790718), (-1.7134281, 0.466714), (-1.7169515, 0.45912686), (-1.7196084, 0.45960408), (-1.7059003, 0.62188846), (-1.7054473, 0.61424935), (-1.7079161, 0.6294722), (-1.7052366, 0.62806106), (-1.7068356, 0.63767016), (-1.7039722, 0.6318336), (-1.7002801, 0.6298854), (-1.6958147, 0.6213709), (-1.6953362, 0.6122343), (-1.6988605, 0.60752296), (-1.7030092, 0.60839254), (-1.7170726, 0.47413072), (-1.7015454, 0.619498), (-1.4354647, 1.012672), (-0.4688704, 1.1349337), (-0.47891235, 1.1237891), (-0.47164714, 1.1470206), (-1.3535577, 1.1383333), (-1.1854323, 1.1429508), (-1.3159939, 1.1703768), (-1.2572073, 1.1763601), (1.5551478, 0.5287054), (1.7146622, -0.34078786), (1.7135664, -0.3471407), (1.7096525, -0.34527507), (1.7187299, -0.34279224), (1.7180344, -0.3486027), (1.722521, -0.34489435), (1.7214385, -0.35001794), (1.7199782, -0.33513755), (1.7236112, -0.33755788), (1.7161545, -0.33317128), (1.7098919, -0.338242), (1.7141088, -0.32581592), (1.7130154, -0.35539764), (1.7072686, -0.35282898), (1.7068013, -0.3678226), (1.722176, -0.32373184), (1.7245933, -0.32999077), (1.7298683, -0.29631567), (1.7219428, -0.31033993), (1.7282714, -0.33120593), (1.7295824, -0.3064189), (1.7289695, -0.3205616), (1.7131959, -0.4675393), (1.7122887, -0.4485722), (1.7141932, -0.42075709), (1.7172414, -0.43004152), (1.7169639, -0.40923235), (1.7197651, -0.4056455), (1.7185961, -0.39573017), (1.7217163, -0.38667202), (1.7195233, -0.38261735), (1.723117, -0.3733538), (1.7086445, -0.3903093), (1.713452, -0.36759216), (1.7220165, -0.35205388), (1.7189001, -0.3550604), (1.7256998, -0.35135412), (1.7185806, -0.36553326), (1.72094, -0.3690031), (1.7177497, -0.3778062), (1.714692, -0.37872112), (1.7094241, -0.42291173), (1.7149872, -0.39631426), (1.7276028, -0.33849233), (1.1119038, 0.6769333), (1.1387728, 0.67625135), (1.1213721, 0.6639264), (1.1306332, 0.6928963), (1.1561872, 0.6891255), (1.1540202, 0.70337325), (1.1700433, 0.6973519), (1.1002494, 0.69210565), (1.1208452, 0.71904), (1.0854696, 0.6755398), (1.0931798, 0.6604725), (1.0573024, 0.6627924), (1.165047, 0.67494226), (1.146212, 0.65961355), (1.1788393, 0.6595644), (1.0626496, 0.6843735), (1.0872258, 0.7026895), (0.98502755, 0.6705117), (1.0196818, 0.6689242), (1.0908753, 0.7175576), (1.0233127, 0.68496484), (1.0590407, 0.69902956), (0.9486574, 0.66837996), (0.98214, 0.6783554), (1.0128735, 0.6905504), (1.0340952, 0.6962179), (1.0520433, 0.705063), (1.0517651, 0.7095731), (1.0764488, 0.7153409), (1.2159837, 0.66494685), (1.1916066, 0.6757482), (1.1774265, 0.6978604), (1.1776737, 0.689837), (1.1845132, 0.70651984), (1.1983746, 0.6878712), (1.2063068, 0.6927627), (1.2168046, 0.6848126), (1.2130395, 0.6780666), (0.971153, 0.6786701), (1.0015142, 0.6918517), (1.2525722, 0.67096263), (1.0211614, 0.6995558), (1.2420818, 0.6776039), (1.2240185, 0.68819183), (1.2076367, 0.6966756), (1.1600918, 0.7139187), (-1.5343939, -0.45187923), (-1.5004834, -0.47317377), (-1.5192338, -0.4786609), (-1.5447575, -0.46212885), (-1.5293325, -0.48729244), (-1.5476087, -0.47513878), (-1.5341417, -0.49714625), (-1.5472001, -0.4883511), (-1.5614144, -0.47376233), (-1.5610756, -0.46700296), (-1.568662, -0.44706842), (-1.5683981, -0.42951548), (-1.511583, -0.49833834), (-1.494053, -0.49686375), (-1.4649833, -0.49488994), (-1.590799, -0.4145863), (-1.5801426, -0.4492448), (-1.5869347, -0.42820808), (-1.6071059, -0.39209175), (-1.567844, -0.47051927), (-1.6003524, -0.40790105), (-1.5944203, -0.42092788), (-1.3865715, -0.592477), (-1.4140605, -0.5703213), (-1.397035, -0.5910925), (-1.4248053, -0.578085), (-1.4387642, -0.58119595), (-1.553146, -0.49261886), (-1.5504962, -0.4923015), (-1.5448886, -0.5036058), (-1.5280923, -0.52314544), (-1.4417425, -0.5193541), (-1.4704524, -0.51718014), (-1.5182191, -0.5108817), (-1.4967204, -0.5170815), (-1.5090503, -0.54130274), (-1.4762577, -0.536667), (-1.4480921, -0.5367509), (-1.4211167, -0.5524778), (-1.4256085, -0.53576285), (-1.4526249, -0.5579367), (-1.458795, -0.5733482), (-1.4692487, -0.56827044), (-1.480019, -0.55470014), (-1.4796253, -0.54795575), (-1.5543214, 0.8858913), (-1.5669891, 0.8694042), (-1.5739878, 0.89055467), (-1.5655316, 0.90883285), (-1.5830914, 0.9091209), (-1.582322, 0.93702376), (-1.5915171, 0.9198579), (-1.5733722, 0.9434899), (-1.5580248, 0.9457445), (-1.5641214, 0.939006), (-1.5555309, 0.9277903), (-1.5444559, 0.9052112), (-1.5882455, 0.8941316), (-1.5861427, 0.8774721), (-1.5845476, 0.8546949), (-1.5374719, 0.9264369), (-1.5517253, 0.94211876), (-1.5438823, 0.93896955), (-1.5470182, 0.95275074), (-1.5329262, 0.95018375), (-1.5421506, 0.94966704), (-1.5288903, 0.9687037), (-1.5355386, 0.9654523), (-1.540928, 0.9627178), (-1.5542578, 0.9524115), (-1.5475684, 0.95920104), (-1.5593199, 0.95250535), (-1.6078819, 0.85104257), (-1.602517, 0.86873263), (-1.5972513, 0.9057237), (-1.6009411, 0.88841283), (-1.6159042, 0.905448), (-1.6158406, 0.87974614), (-1.6200875, 0.86155397), (-1.6504046, 0.8527514), (-1.6370682, 0.85184085), (-1.6245207, 0.8482121), (-1.6456469, 0.8618522), (-1.6329821, 0.8695258), (-1.6416692, 0.8689209), (-1.6366125, 0.87727296), (-1.6270815, 0.88570946), (-1.6229106, 0.8850978), (-1.6040994, 0.9181346), (-1.5910803, 0.9300253), (1.7154568, -0.44688943), (1.1483744, 0.7163216), (-1.4204222, -0.5865), (-1.4889449, -0.55657285), (-1.6272231, 0.8911327), (0.5628216, -1.2382512), (0.5615119, -1.2414541), (0.5606143, -1.2406251), (0.560266, -1.2421973), (0.56359285, -1.2360306), (0.56177944, -1.2373514), (0.50666445, -1.4892385), (0.500317, -1.4948933), (0.51074135, -1.4854932), (0.53846204, -1.4496403), (0.5264313, -1.4701858), (0.5413912, -1.4377437), (0.5189154, -1.4372711), (0.52336836, -1.4177465), (0.52416337, -1.4110465), (0.52098614, -1.4280705), (0.54792845, -1.418633), (0.5303112, -1.4661753), (0.5361994, -1.4599037), (0.36684555, -1.415889), (0.36847746, -1.412411), (0.37043905, -1.4116018), (0.37006932, -1.4147658), (0.36817157, -1.4175715), (0.36918938, -1.4109933), (0.4940284, -1.5002868), (0.48978758, -1.5038097), (0.4772088, -1.4883189), (0.4870746, -1.4465549), (0.48314166, -1.4453077), (0.48181129, -1.4321365), (0.4811533, -1.4403415), (0.46620488, -1.4927332), (0.45589787, -1.4965723), (0.5418606, -1.4536643), (0.5455832, -1.449445), (0.66471404, -0.9425725), (0.6606186, -0.96365947), (0.6738053, -0.9698363), (0.66789806, -0.9354341), (0.6737176, -0.98651), (0.6831164, -0.99291617), (0.67898965, -0.9697904), (0.684319, -1.0120633), (0.6932036, -1.0202668), (0.6917218, -1.0026382), (0.6974753, -1.0435345), (0.7066448, -1.0500519), (0.70465666, -1.0324972), (0.7064652, -1.0624659), (0.65513027, -0.99385667), (0.677584, -1.0196562), (0.6866473, -1.0378325), (0.69623196, -1.0556061), (0.7046509, -1.0699577), (0.71160847, -1.0794759), (0.71434784, -1.0724669), (0.7208304, -1.0718021), (0.7181339, -1.0581374), (0.718838, -1.0882428), (0.72534317, -1.0872283), (0.73569024, -1.0910022), (0.7298257, -1.0771036), (0.72657204, -1.101085), (0.7391263, -1.1017716), (0.74829096, -1.1032133), (0.7465079, -1.1050718), (0.7637455, -1.1239307), (0.68105143, -1.0501158), (0.70099, -1.0896335), (0.6878983, -1.0648007), (0.69471383, -1.0935779), (0.69300073, -1.0973854), (0.6977365, -1.0906305), (0.7041373, -1.0897377), (0.82341963, -1.127933), (0.87387717, -1.1654651), (0.86215144, -1.1622763), (0.7072129, -1.0904512), (0.82521975, -1.1367571), (0.8530824, -1.1596377), (0.71193755, -1.0923038), (0.8160775, -1.134125), (0.84558964, -1.1573417), (0.813084, -1.1380503), (0.8358693, -1.1541989), (0.81355554, -1.1462431), (0.82971853, -1.1521125), (0.7154146, -1.0940671), (0.7221722, -1.0981278), (0.7892274, -1.1032367), (0.7952121, -1.1271448), (0.78904593, -1.1135111), (0.775195, -1.078515), (0.7900756, -1.0842729), (0.8084207, -1.0920918), (0.88886, -1.1691854), (0.76417696, -1.022486), (0.90149343, -1.1720204), (0.8043058, -1.1426148), (0.8089267, -1.1444523), (0.77594304, -1.1218402), (0.781597, -1.1199474), (0.76658136, -1.0994759), (0.7566323, -1.0773189), (0.74467915, -1.0508232), (0.734332, -1.0236797), (0.73744726, -1.011025), (0.7208209, -1.0311446), (0.70277995, -0.99037576), (0.7353799, -1.0635083), (0.74912405, -1.0872433), (0.68358725, -0.93934566), (0.6858509, -0.9223779), (0.6622423, -0.8771414), (0.7627302, -1.1058645), (0.76420015, -1.1142054), (0.66424125, -0.9047316), (0.71902514, -1.0497959), (0.73413664, -1.0741782), (0.7082926, -1.0254493), (0.69311285, -0.98999554), (0.67745304, -0.9484605), (0.7482969, -1.0926611), (0.7416594, -1.0905926), (0.7546903, -1.1051211), (0.7314014, -1.1044745), (0.79841423, -1.1401942), (0.06285967, -1.2352722), (0.079327166, -1.3113985), (0.0351857, -1.320632), (0.053237576, -1.3822677), (0.0922311, -1.3813248), (0.01807047, -1.3912156), (0.035764344, -1.4470854), (0.0664605, -1.4387834), (0.0062609273, -1.4460211), (0.054839615, -1.4786668), (0.04058656, -1.5009761), (-0.001011794, -1.4872222), (0.01905834, -1.4874766), (0.027396625, -1.5283456), (0.095306486, -1.4545135), (0.07223446, -1.4858472), (0.06140758, -1.5188308), (0.04881142, -1.542686), (0.024432685, -1.5542319), (0.03959508, -1.5609066), (0.012924079, -1.536967), (0.01070153, -1.5126889), (-0.0018458911, -1.5222456), (0.020945974, -1.5688534), (0.033278573, -1.574244), (0.01454371, -1.5550613), (0.005272682, -1.5481837), (0.01680924, -1.5788574), (0.027912583, -1.5835502), (0.010470776, -1.5666025), (0.0052520935, -1.5860322), (0.002666243, -1.5619273), (0.02213232, -1.5888093), (0.117534585, -1.4956882), (0.0855965, -1.5358653), (0.101184666, -1.6103923), (0.069128424, -1.5660686), (0.088955835, -1.6091387), (0.057473503, -1.5784531), (0.07501934, -1.6072826), (0.048247844, -1.585885), (0.0655956, -1.6057332), (0.04019469, -1.591217), (0.054793227, -1.6036158), (0.035711333, -1.5987599), (0.042511877, -1.6006792), (-0.019150026, -1.5628722), (-0.024836201, -1.5576813), (-0.020197941, -1.5605164), (-0.025804307, -1.5436101), (-0.03106575, -1.5529535), (-0.045797247, -1.5442033), (-0.01928819, -1.5555346), (-0.014653238, -1.5678902), (-0.016477857, -1.5657291), (-0.06300236, -1.5363617), (-0.04091893, -1.5200112), (-0.079586744, -1.5297158), (-0.04855071, -1.4899035), (-0.1060862, -1.5201263), (-0.057464592, -1.4296057), (-0.13098423, -1.5118408), (-0.07420016, -1.362731), (-0.013034958, -1.5699885), (-0.018614478, -1.5447884), (-0.01220523, -1.5625505), (-0.02489488, -1.5317857), (-0.030851837, -1.5313177), (-0.02948353, -1.5161765), (-0.035951316, -1.4907794), (-0.0439232, -1.4474587), (-0.04743434, -1.3788378), (-0.06717759, -1.2897375), (-0.031419575, -1.4217362), (-0.030896619, -1.4691446), (-0.028469913, -1.4994869), (-0.021962333, -1.5223334), (-0.026323378, -1.3715329), (-0.030306801, -1.3069732), (-0.013849406, -1.5391777), (-0.008265257, -1.5570195), (0.01026511, -1.2588854), (-0.012693159, -1.525562), (-0.017577859, -1.4976716), (-0.015825925, -1.4549718), (-0.010314269, -1.405189), (-0.0025199065, -1.3428283), (-0.0048069414, -1.5454266), (-0.001469485, -1.5627434), (0.028139861, -1.5963204), (-0.011074383, -1.5725806), (0.81947726, -1.1484597), (-0.4558441, 1.1342506), (-0.4503625, 1.1048334), (-0.46247393, 1.1722407), (-0.4916278, 1.1707346), (-0.48114473, 1.2070813), (-0.513394, 1.2099979), (-0.4926663, 1.2395852), (-0.15601647, 1.3494103), (-0.22088532, 1.3621702), (-0.18200354, 1.355792), (-0.2206096, 1.3524208), (-0.24307156, 1.3640339), (-0.25833005, 1.364511), (-0.42132688, 1.1050315), (-0.43558174, 1.1535485), (-0.44295406, 1.1848793), (-0.45683408, 1.2101152), (-0.4682194, 1.2416215), (-0.46819013, 1.2694914), (-0.47995603, 1.255779), (-0.39648783, 1.3294854), (-0.376588, 1.3400116), (-0.41075635, 1.3204577), (-0.40474838, 1.1479034), (-0.37208754, 1.1018329), (-0.42439687, 1.1787288), (-0.43471646, 1.2105634), (-0.4503978, 1.2455535), (-0.4590069, 1.2793727), (-0.3654871, 1.3449216), (-0.42122144, 1.3129845), (-0.3691995, 1.1532841), (-0.33847404, 1.1159339), (-0.40290207, 1.1976788), (-0.42941946, 1.247179), (-0.45340466, 1.2850566), (-0.3573026, 1.3481317), (-0.42733747, 1.3082695), (-0.3316511, 1.1579437), (-0.30542982, 1.1163638), (-0.36163545, 1.2009044), (-0.39233744, 1.247041), (-0.44060528, 1.2971046), (-0.34772336, 1.351469), (-0.28996533, 1.1592658), (-0.2524113, 1.0995574), (-0.32150447, 1.2041631), (-0.3479554, 1.2469673), (-0.36564118, 1.2930894), (-0.33890086, 1.3541634), (-0.24210452, 1.1692669), (-0.18174654, 1.1255119), (-0.28229433, 1.2115805), (-0.31176227, 1.2500067), (-0.33095092, 1.2877283), (-0.33426428, 1.3280084), (-0.19699152, 1.1960933), (-0.14794903, 1.1712718), (-0.2447304, 1.2287714), (-0.28021592, 1.259845), (-0.30494905, 1.2905691), (-0.31890512, 1.3182428), (-0.15284415, 1.225781), (-0.10293312, 1.189266), (-0.21098883, 1.2608819), (-0.25291067, 1.277014), (-0.2824388, 1.3016996), (-0.30399865, 1.3259833), (-0.09512904, 1.2610877), (-0.16713901, 1.2832675), (-0.22338003, 1.323127), (-0.2370483, 1.2944419), (-0.26027614, 1.3167908), (-0.29089528, 1.3397934), (-0.30639726, 1.3463383), (-0.5395085, 1.1669228), (-0.08157477, 1.3206096), (-0.1303674, 1.3414085), (-0.2732796, 1.3643), (-0.2979052, 1.3623698), (-0.3107062, 1.3605189), (-0.31974173, 1.3588371), (-0.32990873, 1.3565512)] (
            interpolation = "vertex"
        )
    }
}

