#usda 1.0

def "Cow_dABF"
{
    def Mesh "Cow_dABF"
    {
        int[] faceVertexCounts = [3, 3, 3, 3, 3, 3, 3, 3, 3, 3, 3, 3, 3, 3, 3, 3, 3, 3, 3, 3, 3, 3, 3, 3, 3, 3, 3, 3, 3, 3, 3, 3, 3, 3, 3, 3, 3, 3, 3, 3, 3, 3, 3, 3, 3, 3, 3, 3, 3, 3, 3, 3, 3, 3, 3, 3, 3, 3, 3, 3, 3, 3, 3, 3, 3, 3, 3, 3, 3, 3, 3, 3, 3, 3, 3, 3, 3, 3, 3, 3, 3, 3, 3, 3, 3, 3, 3, 3, 3, 3, 3, 3, 3, 3, 3, 3, 3, 3, 3, 3, 3, 3, 3, 3, 3, 3, 3, 3, 3, 3, 3, 3, 3, 3, 3, 3, 3, 3, 3, 3, 3, 3, 3, 3, 3, 3, 3, 3, 3, 3, 3, 3, 3, 3, 3, 3, 3, 3, 3, 3, 3, 3, 3, 3, 3, 3, 3, 3, 3, 3, 3, 3, 3, 3, 3, 3, 3, 3, 3, 3, 3, 3, 3, 3, 3, 3, 3, 3, 3, 3, 3, 3, 3, 3, 3, 3, 3, 3, 3, 3, 3, 3, 3, 3, 3, 3, 3, 3, 3, 3, 3, 3, 3, 3, 3, 3, 3, 3, 3, 3, 3, 3, 3, 3, 3, 3, 3, 3, 3, 3, 3, 3, 3, 3, 3, 3, 3, 3, 3, 3, 3, 3, 3, 3, 3, 3, 3, 3, 3, 3, 3, 3, 3, 3, 3, 3, 3, 3, 3, 3, 3, 3, 3, 3, 3, 3, 3, 3, 3, 3, 3, 3, 3, 3, 3, 3, 3, 3, 3, 3, 3, 3, 3, 3, 3, 3, 3, 3, 3, 3, 3, 3, 3, 3, 3, 3, 3, 3, 3, 3, 3, 3, 3, 3, 3, 3, 3, 3, 3, 3, 3, 3, 3, 3, 3, 3, 3, 3, 3, 3, 3, 3, 3, 3, 3, 3, 3, 3, 3, 3, 3, 3, 3, 3, 3, 3, 3, 3, 3, 3, 3, 3, 3, 3, 3, 3, 3, 3, 3, 3, 3, 3, 3, 3, 3, 3, 3, 3, 3, 3, 3, 3, 3, 3, 3, 3, 3, 3, 3, 3, 3, 3, 3, 3, 3, 3, 3, 3, 3, 3, 3, 3, 3, 3, 3, 3, 3, 3, 3, 3, 3, 3, 3, 3, 3, 3, 3, 3, 3, 3, 3, 3, 3, 3, 3, 3, 3, 3, 3, 3, 3, 3, 3, 3, 3, 3, 3, 3, 3, 3, 3, 3, 3, 3, 3, 3, 3, 3, 3, 3, 3, 3, 3, 3, 3, 3, 3, 3, 3, 3, 3, 3, 3, 3, 3, 3, 3, 3, 3, 3, 3, 3, 3, 3, 3, 3, 3, 3, 3, 3, 3, 3, 3, 3, 3, 3, 3, 3, 3, 3, 3, 3, 3, 3, 3, 3, 3, 3, 3, 3, 3, 3, 3, 3, 3, 3, 3, 3, 3, 3, 3, 3, 3, 3, 3, 3, 3, 3, 3, 3, 3, 3, 3, 3, 3, 3, 3, 3, 3, 3, 3, 3, 3, 3, 3, 3, 3, 3, 3, 3, 3, 3, 3, 3, 3, 3, 3, 3, 3, 3, 3, 3, 3, 3, 3, 3, 3, 3, 3, 3, 3, 3, 3, 3, 3, 3, 3, 3, 3, 3, 3, 3, 3, 3, 3, 3, 3, 3, 3, 3, 3, 3, 3, 3, 3, 3, 3, 3, 3, 3, 3, 3, 3, 3, 3, 3, 3, 3, 3, 3, 3, 3, 3, 3, 3, 3, 3, 3, 3, 3, 3, 3, 3, 3, 3, 3, 3, 3, 3, 3, 3, 3, 3, 3, 3, 3, 3, 3, 3, 3, 3, 3, 3, 3, 3, 3, 3, 3, 3, 3, 3, 3, 3, 3, 3, 3, 3, 3, 3, 3, 3, 3, 3, 3, 3, 3, 3, 3, 3, 3, 3, 3, 3, 3, 3, 3, 3, 3, 3, 3, 3, 3, 3, 3, 3, 3, 3, 3, 3, 3, 3, 3, 3, 3, 3, 3, 3, 3, 3, 3, 3, 3, 3, 3, 3, 3, 3, 3, 3, 3, 3, 3, 3, 3, 3, 3, 3, 3, 3, 3, 3, 3, 3, 3, 3, 3, 3, 3, 3, 3, 3, 3, 3, 3, 3, 3, 3, 3, 3, 3, 3, 3, 3, 3, 3, 3, 3, 3, 3, 3, 3, 3, 3, 3, 3, 3, 3, 3, 3, 3, 3, 3, 3, 3, 3, 3, 3, 3, 3, 3, 3, 3, 3, 3, 3, 3, 3, 3, 3, 3, 3, 3, 3, 3, 3, 3, 3, 3, 3, 3, 3, 3, 3, 3, 3, 3, 3, 3, 3, 3, 3, 3, 3, 3, 3, 3, 3, 3, 3, 3, 3, 3, 3, 3, 3, 3, 3, 3, 3, 3, 3, 3, 3, 3, 3, 3, 3, 3, 3, 3, 3, 3, 3, 3, 3, 3, 3, 3, 3, 3, 3, 3, 3, 3, 3, 3, 3, 3, 3, 3, 3, 3, 3, 3, 3, 3, 3, 3, 3, 3, 3, 3, 3, 3, 3, 3, 3, 3, 3, 3, 3, 3, 3, 3, 3, 3, 3, 3, 3, 3, 3, 3, 3, 3, 3, 3, 3, 3, 3, 3, 3, 3, 3, 3, 3, 3, 3, 3, 3, 3, 3, 3, 3, 3, 3, 3, 3, 3, 3, 3, 3, 3, 3, 3, 3, 3, 3, 3, 3, 3, 3, 3, 3, 3, 3, 3, 3, 3, 3, 3, 3, 3, 3, 3, 3, 3, 3, 3, 3, 3, 3, 3, 3, 3, 3, 3, 3, 3, 3, 3, 3, 3, 3, 3, 3, 3, 3, 3, 3, 3, 3, 3, 3, 3, 3, 3, 3, 3, 3, 3, 3, 3, 3, 3, 3, 3, 3, 3, 3, 3, 3, 3, 3, 3, 3, 3, 3, 3, 3, 3, 3, 3, 3, 3, 3, 3, 3, 3, 3, 3, 3, 3, 3, 3, 3, 3, 3, 3, 3, 3, 3, 3, 3, 3, 3, 3, 3, 3, 3, 3, 3, 3, 3, 3, 3, 3, 3, 3, 3, 3, 3, 3, 3, 3, 3, 3, 3, 3, 3, 3, 3, 3, 3, 3, 3, 3, 3, 3, 3, 3, 3, 3, 3, 3, 3, 3, 3, 3, 3, 3, 3, 3, 3, 3, 3, 3, 3, 3, 3, 3, 3, 3, 3, 3, 3, 3, 3, 3, 3, 3, 3, 3, 3, 3, 3, 3, 3, 3, 3, 3, 3, 3, 3, 3, 3, 3, 3, 3, 3, 3, 3, 3, 3, 3, 3, 3, 3, 3, 3, 3, 3, 3, 3, 3, 3, 3, 3, 3, 3, 3, 3, 3, 3, 3, 3, 3, 3, 3, 3, 3, 3, 3, 3, 3, 3, 3, 3, 3, 3, 3, 3, 3, 3, 3, 3, 3, 3, 3, 3, 3, 3, 3, 3, 3, 3, 3, 3, 3, 3, 3, 3, 3, 3, 3, 3, 3, 3, 3, 3, 3, 3, 3, 3, 3, 3, 3, 3, 3, 3, 3, 3, 3, 3, 3, 3, 3, 3, 3, 3, 3, 3, 3, 3, 3, 3, 3, 3, 3, 3, 3, 3, 3, 3, 3, 3, 3, 3, 3, 3, 3, 3, 3, 3, 3, 3, 3, 3, 3, 3, 3, 3, 3, 3, 3, 3, 3, 3, 3, 3, 3, 3, 3, 3, 3, 3, 3, 3, 3, 3, 3, 3, 3, 3, 3, 3, 3, 3, 3, 3, 3, 3, 3, 3, 3, 3, 3, 3, 3, 3, 3, 3, 3, 3, 3, 3, 3, 3, 3, 3, 3, 3, 3, 3, 3, 3, 3, 3, 3, 3, 3, 3, 3, 3, 3, 3, 3, 3, 3, 3, 3, 3, 3, 3, 3, 3, 3, 3, 3, 3, 3, 3, 3, 3, 3, 3, 3, 3, 3, 3, 3, 3, 3, 3, 3, 3, 3, 3, 3, 3, 3, 3, 3, 3, 3, 3, 3, 3, 3, 3, 3, 3, 3, 3, 3, 3, 3, 3, 3, 3, 3, 3, 3, 3, 3, 3, 3, 3, 3, 3, 3, 3, 3, 3, 3, 3, 3, 3, 3, 3, 3, 3, 3, 3, 3, 3, 3, 3, 3, 3, 3, 3, 3, 3, 3, 3, 3, 3, 3, 3, 3, 3, 3, 3, 3, 3, 3, 3, 3, 3, 3, 3, 3, 3, 3, 3, 3, 3, 3, 3, 3, 3, 3, 3, 3, 3, 3, 3, 3, 3, 3, 3, 3, 3, 3, 3, 3, 3, 3, 3, 3, 3, 3, 3, 3, 3, 3, 3, 3, 3, 3, 3, 3, 3, 3, 3, 3, 3, 3, 3, 3, 3, 3, 3, 3, 3, 3, 3, 3, 3, 3, 3, 3, 3, 3, 3, 3, 3, 3, 3, 3, 3, 3, 3, 3, 3, 3, 3, 3, 3, 3, 3, 3, 3, 3, 3, 3, 3, 3, 3, 3, 3, 3, 3, 3, 3, 3, 3, 3, 3, 3, 3, 3, 3, 3, 3, 3, 3, 3, 3, 3, 3, 3, 3, 3, 3, 3, 3, 3, 3, 3, 3, 3, 3, 3, 3, 3, 3, 3, 3, 3, 3, 3, 3, 3, 3, 3, 3, 3, 3, 3, 3, 3, 3, 3, 3, 3, 3, 3, 3, 3, 3, 3, 3, 3, 3, 3, 3, 3, 3, 3, 3, 3, 3, 3, 3, 3, 3, 3, 3, 3, 3, 3, 3, 3, 3, 3, 3, 3, 3, 3, 3, 3, 3, 3, 3, 3, 3, 3, 3, 3, 3, 3, 3, 3, 3, 3, 3, 3, 3, 3, 3, 3, 3, 3, 3, 3, 3, 3, 3, 3, 3, 3, 3, 3, 3, 3, 3, 3, 3, 3, 3, 3, 3, 3, 3, 3, 3, 3, 3, 3, 3, 3, 3, 3, 3, 3, 3, 3, 3, 3, 3, 3, 3, 3, 3, 3, 3, 3, 3, 3, 3, 3, 3, 3, 3, 3, 3, 3, 3, 3, 3, 3, 3, 3, 3, 3, 3, 3, 3, 3, 3, 3, 3, 3, 3, 3, 3, 3, 3, 3, 3, 3, 3, 3, 3, 3, 3, 3, 3, 3, 3, 3, 3, 3, 3, 3, 3, 3, 3, 3, 3, 3, 3, 3, 3, 3, 3, 3, 3, 3, 3, 3, 3, 3, 3, 3, 3, 3, 3, 3, 3, 3, 3, 3, 3, 3, 3, 3, 3, 3, 3, 3, 3, 3, 3, 3, 3, 3, 3, 3, 3, 3, 3, 3, 3, 3, 3, 3, 3, 3, 3, 3, 3, 3, 3, 3, 3, 3, 3, 3, 3, 3, 3, 3, 3, 3, 3, 3, 3, 3, 3, 3, 3, 3, 3, 3, 3, 3, 3, 3, 3, 3, 3, 3, 3, 3, 3, 3, 3, 3, 3, 3, 3, 3, 3, 3, 3, 3, 3, 3, 3, 3, 3, 3, 3, 3, 3, 3, 3, 3, 3, 3, 3, 3, 3, 3, 3, 3, 3, 3, 3, 3, 3, 3, 3, 3, 3, 3, 3, 3, 3, 3, 3, 3, 3, 3, 3, 3, 3, 3, 3, 3, 3, 3, 3, 3, 3, 3, 3, 3, 3, 3, 3, 3, 3, 3, 3, 3, 3, 3, 3, 3, 3, 3, 3, 3, 3, 3, 3, 3, 3, 3, 3, 3, 3, 3, 3, 3, 3, 3, 3, 3, 3, 3, 3, 3, 3, 3, 3, 3, 3, 3, 3, 3, 3, 3, 3, 3, 3, 3, 3, 3, 3, 3, 3, 3, 3, 3, 3, 3, 3, 3, 3, 3, 3, 3, 3, 3, 3, 3, 3, 3, 3, 3, 3, 3, 3, 3, 3, 3, 3, 3, 3, 3, 3, 3, 3, 3, 3, 3, 3, 3, 3, 3, 3, 3, 3, 3, 3, 3, 3, 3, 3, 3, 3, 3, 3, 3, 3, 3, 3, 3, 3, 3, 3, 3, 3, 3, 3, 3, 3, 3, 3, 3, 3, 3, 3, 3, 3, 3, 3, 3, 3, 3, 3, 3, 3, 3, 3, 3, 3, 3, 3, 3, 3, 3, 3, 3, 3, 3, 3, 3, 3, 3, 3, 3, 3, 3, 3, 3, 3, 3, 3, 3, 3, 3, 3, 3, 3, 3, 3, 3, 3, 3, 3, 3, 3, 3, 3, 3, 3, 3, 3, 3, 3, 3, 3, 3, 3, 3, 3, 3, 3, 3, 3, 3, 3, 3, 3, 3, 3, 3, 3, 3, 3, 3, 3, 3, 3, 3, 3, 3, 3, 3, 3, 3, 3, 3, 3, 3, 3, 3, 3, 3, 3, 3, 3, 3, 3, 3, 3, 3, 3, 3, 3, 3, 3, 3, 3, 3, 3, 3, 3, 3, 3, 3, 3, 3, 3, 3, 3, 3, 3, 3, 3, 3, 3, 3, 3, 3, 3, 3, 3, 3, 3, 3, 3, 3, 3, 3, 3, 3, 3, 3, 3, 3, 3, 3, 3, 3, 3, 3, 3, 3, 3, 3, 3, 3, 3, 3, 3, 3, 3, 3, 3, 3, 3, 3, 3, 3, 3, 3, 3, 3, 3, 3, 3, 3, 3, 3, 3, 3, 3, 3, 3, 3, 3, 3, 3, 3, 3, 3, 3, 3, 3, 3, 3, 3, 3, 3, 3, 3, 3, 3, 3, 3, 3, 3, 3, 3, 3, 3, 3, 3, 3, 3, 3, 3, 3, 3, 3, 3, 3, 3, 3, 3, 3, 3, 3, 3, 3, 3, 3, 3, 3, 3, 3, 3, 3, 3, 3, 3, 3, 3, 3, 3, 3, 3, 3, 3, 3, 3, 3, 3, 3, 3, 3, 3, 3, 3, 3, 3, 3, 3, 3, 3, 3, 3, 3, 3, 3, 3, 3, 3, 3, 3, 3, 3, 3, 3, 3, 3, 3, 3, 3, 3, 3, 3, 3, 3, 3, 3, 3, 3, 3, 3, 3, 3, 3, 3, 3, 3, 3, 3, 3, 3, 3, 3, 3, 3, 3, 3, 3, 3, 3, 3, 3, 3, 3, 3, 3, 3, 3, 3, 3, 3, 3, 3, 3, 3, 3, 3, 3, 3, 3, 3, 3, 3, 3, 3, 3, 3, 3, 3, 3, 3, 3, 3, 3, 3, 3, 3, 3, 3, 3, 3, 3, 3, 3, 3, 3, 3, 3, 3, 3, 3, 3, 3, 3, 3, 3, 3, 3, 3, 3, 3, 3, 3, 3, 3, 3, 3, 3, 3, 3, 3, 3, 3, 3, 3, 3, 3, 3, 3, 3, 3, 3, 3, 3, 3, 3, 3, 3, 3, 3, 3, 3, 3, 3, 3, 3, 3, 3, 3, 3, 3, 3, 3, 3, 3, 3, 3, 3, 3, 3, 3, 3, 3, 3, 3, 3, 3, 3, 3, 3, 3, 3, 3, 3, 3, 3, 3, 3, 3, 3, 3, 3, 3, 3, 3, 3, 3, 3, 3, 3, 3, 3, 3, 3, 3, 3, 3, 3, 3, 3, 3, 3, 3, 3, 3, 3, 3, 3, 3, 3, 3, 3, 3, 3, 3, 3, 3, 3, 3, 3, 3, 3, 3, 3, 3, 3, 3, 3, 3, 3, 3, 3, 3, 3, 3, 3, 3, 3, 3, 3, 3, 3, 3, 3, 3, 3, 3, 3, 3, 3, 3, 3, 3, 3, 3, 3, 3, 3, 3, 3, 3, 3, 3, 3, 3, 3, 3, 3, 3, 3, 3, 3, 3, 3, 3, 3, 3, 3, 3, 3, 3, 3, 3, 3, 3, 3, 3, 3, 3, 3, 3, 3, 3, 3, 3, 3, 3, 3, 3, 3, 3, 3, 3, 3, 3, 3, 3, 3, 3, 3, 3, 3, 3, 3, 3, 3, 3, 3, 3, 3, 3, 3, 3, 3, 3, 3, 3, 3, 3, 3, 3, 3, 3, 3, 3, 3, 3, 3, 3, 3, 3, 3, 3, 3, 3, 3, 3, 3, 3, 3, 3, 3, 3, 3, 3, 3, 3, 3, 3, 3, 3, 3, 3, 3, 3, 3, 3, 3, 3, 3, 3, 3, 3, 3, 3, 3, 3, 3, 3, 3, 3, 3, 3, 3, 3, 3, 3, 3, 3, 3, 3, 3, 3, 3, 3, 3, 3, 3, 3, 3, 3, 3, 3, 3, 3, 3, 3, 3, 3, 3, 3, 3, 3, 3, 3, 3, 3, 3, 3, 3, 3, 3, 3, 3, 3, 3, 3, 3, 3, 3, 3, 3, 3, 3, 3, 3, 3, 3, 3, 3, 3, 3, 3, 3, 3, 3, 3, 3, 3, 3, 3, 3, 3, 3, 3, 3, 3, 3, 3, 3, 3, 3, 3, 3, 3, 3, 3, 3, 3, 3, 3, 3, 3, 3, 3, 3, 3, 3, 3, 3, 3, 3, 3, 3, 3, 3, 3, 3, 3, 3, 3, 3, 3, 3, 3, 3, 3, 3, 3, 3, 3, 3, 3, 3, 3, 3, 3, 3, 3, 3, 3, 3, 3, 3, 3, 3, 3, 3, 3, 3, 3, 3, 3, 3, 3, 3, 3, 3, 3, 3, 3, 3, 3, 3, 3, 3, 3, 3, 3, 3, 3, 3, 3, 3, 3, 3, 3, 3, 3, 3, 3, 3, 3, 3, 3, 3, 3, 3, 3, 3, 3, 3, 3, 3, 3, 3, 3, 3, 3, 3, 3, 3, 3, 3, 3, 3, 3, 3, 3, 3, 3, 3, 3, 3, 3, 3, 3, 3, 3, 3, 3, 3, 3, 3, 3, 3, 3, 3, 3, 3, 3, 3, 3, 3, 3, 3, 3, 3, 3, 3, 3, 3, 3, 3, 3, 3, 3, 3, 3, 3, 3, 3, 3, 3, 3, 3, 3, 3, 3, 3, 3, 3, 3, 3, 3, 3, 3, 3, 3, 3, 3, 3, 3, 3, 3, 3, 3, 3, 3, 3, 3, 3, 3, 3, 3, 3, 3, 3, 3, 3, 3, 3, 3, 3, 3, 3, 3, 3, 3, 3, 3, 3, 3, 3, 3, 3, 3, 3, 3, 3, 3, 3, 3, 3, 3, 3, 3, 3, 3, 3, 3, 3, 3, 3, 3, 3, 3, 3, 3, 3, 3, 3, 3, 3, 3, 3, 3, 3, 3, 3, 3, 3, 3, 3, 3, 3, 3, 3, 3, 3, 3, 3, 3, 3, 3, 3, 3, 3, 3, 3, 3, 3, 3, 3, 3, 3, 3, 3, 3, 3, 3, 3, 3, 3, 3, 3, 3, 3, 3, 3, 3, 3, 3, 3, 3, 3, 3, 3, 3, 3, 3, 3, 3, 3, 3, 3, 3, 3, 3, 3, 3, 3, 3, 3, 3, 3, 3, 3, 3, 3, 3, 3, 3, 3, 3, 3, 3, 3, 3, 3, 3, 3, 3, 3, 3, 3, 3, 3, 3, 3, 3, 3, 3, 3, 3, 3, 3, 3, 3, 3, 3, 3, 3, 3, 3, 3, 3, 3, 3, 3, 3, 3, 3, 3, 3, 3, 3, 3, 3, 3, 3, 3, 3, 3, 3, 3, 3, 3, 3, 3, 3, 3, 3, 3, 3, 3, 3, 3, 3, 3, 3, 3, 3, 3, 3, 3, 3, 3, 3, 3, 3, 3, 3, 3, 3, 3, 3, 3, 3, 3, 3, 3, 3, 3, 3, 3, 3, 3, 3, 3, 3, 3, 3, 3, 3, 3, 3, 3, 3, 3, 3, 3, 3, 3, 3, 3, 3, 3, 3, 3, 3, 3, 3, 3, 3, 3, 3, 3, 3, 3, 3, 3, 3, 3, 3, 3, 3, 3, 3, 3, 3, 3, 3, 3, 3, 3, 3, 3, 3, 3, 3, 3, 3, 3, 3, 3, 3, 3, 3, 3, 3, 3, 3, 3, 3, 3, 3, 3, 3, 3, 3, 3, 3, 3, 3, 3, 3, 3, 3, 3, 3, 3, 3, 3, 3, 3, 3, 3, 3, 3, 3, 3, 3, 3, 3, 3, 3, 3, 3, 3, 3, 3, 3, 3, 3, 3, 3, 3, 3, 3, 3, 3, 3, 3, 3, 3, 3, 3, 3, 3, 3, 3, 3, 3, 3, 3, 3, 3, 3, 3, 3, 3, 3, 3, 3, 3, 3, 3, 3, 3, 3, 3, 3, 3, 3, 3, 3, 3, 3, 3, 3, 3, 3, 3, 3, 3, 3, 3, 3, 3, 3, 3, 3, 3, 3, 3, 3, 3, 3, 3, 3, 3, 3, 3, 3, 3, 3, 3, 3, 3, 3, 3, 3, 3, 3, 3, 3, 3, 3, 3, 3, 3, 3, 3, 3, 3, 3, 3, 3, 3, 3, 3, 3, 3, 3, 3, 3, 3, 3, 3, 3, 3, 3, 3, 3, 3, 3, 3, 3, 3, 3, 3, 3, 3, 3, 3, 3, 3, 3, 3, 3, 3, 3, 3, 3, 3, 3, 3, 3, 3, 3, 3, 3, 3, 3, 3, 3, 3, 3, 3, 3, 3, 3, 3, 3, 3, 3, 3, 3, 3, 3, 3, 3, 3, 3, 3, 3, 3, 3, 3, 3, 3, 3, 3, 3, 3, 3, 3, 3, 3, 3, 3, 3, 3, 3, 3, 3, 3, 3, 3, 3, 3, 3, 3, 3, 3, 3, 3, 3, 3, 3, 3, 3, 3, 3, 3, 3, 3, 3, 3, 3, 3, 3, 3, 3, 3, 3, 3, 3, 3, 3, 3, 3, 3, 3, 3, 3, 3, 3, 3, 3, 3, 3, 3, 3, 3, 3, 3, 3, 3, 3, 3, 3, 3, 3, 3, 3, 3, 3, 3, 3, 3, 3, 3, 3, 3, 3, 3, 3, 3, 3, 3, 3, 3, 3, 3, 3, 3, 3, 3, 3, 3, 3, 3, 3, 3, 3, 3, 3, 3, 3, 3, 3, 3, 3, 3, 3, 3, 3, 3, 3, 3, 3, 3, 3, 3, 3, 3, 3, 3, 3, 3, 3, 3, 3, 3, 3, 3, 3, 3, 3, 3, 3, 3, 3, 3, 3, 3, 3, 3, 3, 3, 3, 3, 3, 3, 3, 3, 3, 3, 3, 3, 3, 3, 3, 3, 3, 3, 3, 3, 3, 3, 3, 3, 3, 3, 3, 3, 3, 3, 3, 3, 3, 3, 3, 3, 3, 3, 3, 3, 3, 3, 3, 3, 3, 3, 3, 3, 3, 3, 3, 3, 3, 3, 3, 3, 3, 3, 3, 3, 3, 3, 3, 3, 3, 3, 3, 3, 3, 3, 3, 3, 3, 3, 3, 3, 3, 3, 3, 3, 3, 3, 3, 3, 3, 3, 3, 3, 3, 3, 3, 3, 3, 3, 3, 3, 3, 3, 3, 3, 3, 3, 3, 3, 3, 3, 3, 3, 3, 3, 3, 3, 3, 3, 3, 3, 3, 3, 3, 3, 3, 3, 3, 3, 3, 3, 3, 3, 3, 3, 3, 3, 3, 3, 3, 3, 3, 3, 3, 3, 3, 3, 3, 3, 3, 3, 3, 3, 3, 3, 3, 3, 3, 3, 3, 3, 3, 3, 3, 3, 3, 3, 3, 3, 3, 3, 3, 3, 3, 3, 3, 3, 3, 3, 3, 3, 3, 3, 3, 3, 3, 3, 3, 3, 3, 3, 3, 3, 3, 3, 3, 3, 3, 3, 3, 3, 3, 3, 3, 3, 3, 3, 3, 3, 3, 3, 3, 3, 3, 3, 3, 3, 3, 3, 3, 3, 3, 3, 3, 3, 3, 3, 3, 3, 3, 3, 3, 3, 3, 3, 3, 3, 3, 3, 3, 3, 3, 3, 3, 3, 3, 3, 3, 3, 3, 3, 3, 3, 3, 3, 3, 3, 3, 3, 3, 3, 3, 3, 3, 3, 3, 3, 3, 3, 3, 3, 3, 3, 3, 3, 3, 3, 3, 3, 3, 3, 3, 3, 3, 3, 3, 3, 3, 3, 3, 3, 3, 3, 3, 3, 3, 3, 3, 3, 3, 3, 3, 3, 3, 3, 3, 3, 3, 3, 3, 3, 3, 3, 3, 3, 3, 3, 3, 3, 3, 3, 3, 3, 3, 3, 3, 3, 3, 3, 3, 3, 3, 3, 3, 3, 3, 3, 3, 3, 3, 3, 3, 3, 3, 3, 3, 3, 3, 3, 3, 3, 3, 3, 3, 3, 3, 3, 3, 3, 3, 3, 3, 3, 3, 3, 3, 3, 3, 3, 3, 3, 3, 3, 3, 3, 3, 3, 3, 3, 3, 3, 3, 3, 3, 3, 3, 3, 3, 3, 3, 3, 3, 3, 3, 3, 3, 3, 3, 3, 3, 3, 3, 3, 3, 3, 3, 3, 3, 3, 3, 3, 3, 3, 3, 3, 3, 3, 3, 3, 3, 3, 3, 3, 3, 3, 3, 3, 3, 3, 3, 3, 3, 3, 3, 3, 3, 3, 3, 3, 3, 3, 3, 3, 3, 3, 3, 3, 3, 3, 3, 3, 3, 3, 3, 3, 3, 3, 3, 3, 3, 3, 3, 3, 3, 3, 3, 3, 3, 3, 3, 3, 3, 3, 3, 3, 3, 3, 3, 3, 3, 3, 3, 3, 3, 3, 3, 3, 3, 3, 3, 3, 3, 3, 3, 3, 3, 3, 3, 3, 3, 3, 3, 3, 3, 3, 3, 3, 3, 3, 3, 3, 3, 3, 3, 3, 3, 3, 3, 3, 3, 3, 3, 3, 3, 3, 3, 3, 3, 3, 3, 3, 3, 3, 3, 3, 3, 3, 3, 3, 3, 3, 3, 3, 3, 3, 3, 3, 3, 3, 3, 3, 3, 3, 3, 3, 3, 3, 3, 3, 3, 3, 3, 3, 3, 3, 3, 3, 3, 3, 3, 3, 3, 3, 3, 3, 3, 3, 3, 3, 3, 3, 3, 3, 3, 3, 3, 3, 3, 3, 3, 3, 3, 3, 3, 3, 3, 3, 3, 3, 3, 3, 3, 3, 3, 3, 3, 3, 3, 3, 3, 3, 3, 3, 3, 3, 3, 3, 3, 3, 3, 3, 3, 3, 3, 3, 3, 3, 3, 3, 3, 3, 3, 3, 3, 3, 3, 3, 3, 3, 3, 3, 3, 3, 3, 3, 3, 3, 3, 3, 3, 3, 3, 3, 3, 3, 3, 3, 3, 3, 3, 3, 3, 3, 3, 3, 3, 3, 3, 3, 3, 3, 3, 3, 3, 3, 3, 3, 3, 3, 3, 3, 3, 3, 3, 3, 3, 3, 3, 3, 3, 3, 3, 3, 3, 3, 3, 3, 3, 3, 3, 3, 3, 3, 3, 3, 3, 3, 3, 3, 3, 3, 3, 3, 3, 3, 3, 3, 3, 3, 3, 3, 3, 3, 3, 3, 3, 3, 3, 3, 3, 3, 3, 3, 3, 3, 3, 3, 3, 3, 3, 3, 3, 3, 3, 3, 3, 3, 3, 3, 3, 3, 3, 3, 3, 3, 3, 3, 3, 3, 3, 3, 3, 3, 3, 3, 3, 3, 3, 3, 3, 3, 3, 3, 3, 3, 3, 3, 3, 3, 3, 3, 3, 3, 3, 3, 3, 3, 3, 3, 3, 3, 3, 3, 3, 3, 3, 3, 3, 3, 3, 3, 3, 3, 3, 3, 3, 3, 3, 3, 3, 3, 3, 3, 3, 3, 3, 3, 3, 3, 3, 3, 3, 3, 3, 3, 3, 3, 3, 3, 3, 3, 3, 3, 3, 3, 3, 3, 3, 3, 3, 3, 3, 3, 3, 3, 3, 3, 3, 3, 3, 3, 3, 3, 3, 3, 3, 3, 3, 3, 3, 3, 3, 3, 3, 3, 3, 3, 3, 3, 3, 3, 3, 3, 3, 3, 3, 3, 3, 3, 3, 3, 3, 3, 3, 3, 3, 3, 3, 3, 3, 3, 3, 3, 3, 3, 3, 3, 3, 3, 3, 3, 3, 3, 3, 3, 3, 3, 3, 3, 3, 3, 3, 3, 3, 3, 3, 3, 3, 3, 3, 3, 3, 3, 3, 3, 3, 3, 3, 3, 3, 3, 3, 3, 3, 3, 3, 3, 3, 3, 3, 3, 3, 3, 3, 3, 3, 3, 3, 3, 3, 3, 3, 3, 3, 3, 3, 3, 3, 3, 3, 3, 3, 3, 3, 3, 3, 3, 3, 3, 3, 3, 3, 3, 3, 3, 3, 3, 3, 3, 3, 3, 3, 3, 3, 3, 3, 3, 3, 3, 3, 3, 3, 3, 3, 3, 3, 3, 3, 3, 3, 3, 3, 3, 3, 3, 3, 3, 3, 3, 3, 3, 3, 3, 3, 3, 3, 3, 3, 3, 3, 3, 3, 3, 3, 3, 3, 3, 3, 3, 3, 3, 3, 3, 3, 3, 3, 3, 3, 3, 3, 3, 3, 3, 3, 3, 3, 3, 3, 3, 3, 3, 3, 3, 3, 3, 3, 3, 3, 3, 3, 3, 3, 3, 3, 3, 3, 3, 3, 3, 3, 3, 3, 3, 3, 3, 3, 3, 3, 3, 3, 3, 3, 3, 3, 3, 3, 3, 3, 3, 3, 3, 3, 3, 3, 3, 3, 3, 3, 3, 3, 3, 3, 3, 3, 3, 3, 3, 3, 3, 3, 3, 3, 3, 3, 3, 3, 3, 3, 3, 3, 3, 3, 3, 3, 3, 3, 3, 3, 3, 3, 3, 3, 3, 3, 3, 3, 3, 3, 3, 3, 3, 3, 3, 3, 3, 3, 3, 3, 3, 3, 3, 3, 3, 3, 3, 3, 3, 3, 3, 3, 3, 3, 3, 3, 3, 3, 3, 3, 3, 3, 3, 3, 3, 3, 3, 3, 3, 3, 3, 3, 3, 3, 3, 3, 3, 3, 3, 3, 3, 3, 3, 3, 3, 3, 3, 3, 3, 3, 3, 3, 3, 3, 3, 3, 3, 3, 3, 3, 3, 3, 3, 3, 3, 3, 3, 3, 3, 3, 3, 3, 3, 3, 3, 3, 3, 3, 3, 3, 3, 3, 3, 3, 3, 3, 3, 3, 3, 3, 3, 3, 3, 3, 3, 3, 3, 3, 3, 3, 3, 3, 3, 3, 3, 3, 3, 3, 3, 3, 3, 3, 3, 3, 3, 3, 3, 3, 3, 3, 3, 3, 3, 3, 3, 3, 3, 3, 3, 3, 3, 3, 3, 3, 3, 3, 3, 3, 3, 3, 3, 3, 3, 3, 3, 3, 3, 3, 3, 3, 3, 3, 3, 3, 3, 3, 3, 3, 3, 3, 3, 3, 3, 3, 3, 3, 3, 3, 3, 3, 3, 3, 3, 3, 3, 3, 3, 3, 3, 3, 3, 3, 3, 3, 3, 3, 3, 3, 3, 3, 3, 3, 3, 3, 3, 3, 3, 3, 3, 3, 3, 3, 3, 3, 3, 3, 3, 3, 3, 3, 3, 3, 3, 3, 3, 3, 3, 3, 3, 3, 3, 3, 3, 3, 3, 3, 3, 3, 3, 3, 3, 3, 3, 3, 3, 3, 3, 3, 3, 3, 3, 3, 3, 3, 3, 3, 3, 3, 3, 3, 3, 3, 3, 3, 3, 3, 3, 3, 3, 3, 3, 3, 3, 3, 3, 3, 3, 3, 3, 3, 3, 3, 3, 3, 3, 3, 3, 3, 3, 3, 3, 3, 3, 3, 3, 3, 3, 3, 3, 3, 3, 3, 3, 3, 3, 3, 3, 3, 3, 3, 3, 3, 3, 3, 3, 3, 3, 3, 3, 3, 3, 3, 3, 3, 3, 3, 3, 3, 3, 3, 3, 3, 3, 3, 3, 3, 3, 3, 3, 3, 3, 3, 3, 3, 3, 3, 3, 3, 3, 3, 3, 3, 3, 3, 3, 3, 3, 3, 3, 3, 3, 3, 3, 3, 3, 3, 3, 3, 3, 3, 3, 3, 3, 3, 3, 3, 3, 3, 3, 3, 3, 3, 3, 3, 3, 3, 3, 3, 3, 3, 3, 3, 3, 3, 3, 3, 3, 3, 3, 3, 3, 3, 3, 3, 3, 3, 3, 3, 3, 3, 3, 3, 3, 3, 3, 3, 3, 3, 3, 3, 3, 3, 3, 3, 3, 3, 3, 3, 3, 3, 3, 3, 3, 3, 3, 3, 3, 3, 3, 3, 3, 3, 3, 3, 3, 3, 3, 3, 3, 3, 3, 3, 3, 3, 3, 3, 3, 3, 3, 3, 3, 3, 3, 3, 3, 3, 3, 3, 3, 3, 3, 3, 3, 3, 3, 3, 3, 3, 3, 3, 3, 3, 3, 3, 3, 3, 3, 3, 3, 3, 3, 3, 3, 3, 3, 3, 3, 3, 3, 3, 3, 3, 3, 3, 3, 3, 3, 3, 3, 3, 3, 3, 3, 3, 3, 3, 3, 3, 3, 3, 3, 3, 3, 3, 3, 3, 3, 3, 3, 3, 3, 3, 3, 3, 3, 3, 3, 3, 3, 3, 3, 3, 3, 3, 3, 3, 3, 3, 3, 3, 3, 3, 3, 3, 3, 3, 3, 3, 3, 3, 3, 3, 3, 3, 3, 3, 3, 3, 3, 3, 3, 3, 3, 3, 3, 3, 3, 3, 3, 3, 3, 3, 3, 3, 3, 3, 3, 3, 3, 3, 3, 3, 3, 3, 3, 3, 3, 3, 3, 3, 3, 3, 3, 3, 3, 3, 3, 3, 3, 3, 3, 3, 3, 3, 3, 3, 3, 3, 3, 3, 3, 3, 3, 3, 3, 3, 3, 3, 3, 3, 3, 3, 3, 3, 3, 3, 3, 3, 3, 3, 3, 3, 3, 3, 3, 3, 3, 3, 3, 3, 3, 3, 3, 3, 3, 3, 3, 3, 3, 3, 3, 3, 3, 3, 3, 3, 3, 3, 3, 3, 3, 3, 3, 3, 3, 3, 3, 3, 3, 3, 3, 3, 3, 3, 3, 3, 3, 3, 3, 3, 3, 3, 3, 3, 3, 3, 3, 3, 3, 3, 3, 3, 3, 3, 3, 3, 3, 3, 3, 3, 3, 3, 3, 3, 3, 3, 3, 3, 3, 3, 3, 3, 3, 3, 3, 3, 3, 3, 3, 3, 3, 3, 3, 3, 3, 3, 3, 3, 3, 3, 3, 3, 3, 3, 3, 3, 3, 3, 3, 3, 3, 3, 3, 3, 3, 3, 3, 3, 3, 3, 3, 3, 3, 3, 3, 3, 3, 3, 3, 3, 3, 3, 3, 3, 3, 3, 3, 3, 3, 3, 3, 3, 3, 3, 3, 3, 3, 3, 3, 3, 3, 3, 3, 3, 3, 3, 3, 3, 3, 3, 3, 3, 3, 3, 3, 3, 3, 3, 3, 3, 3, 3, 3, 3, 3, 3, 3, 3, 3, 3, 3, 3, 3, 3, 3, 3, 3, 3, 3, 3, 3, 3, 3, 3, 3, 3, 3, 3, 3, 3, 3, 3, 3, 3, 3, 3, 3, 3, 3, 3, 3, 3, 3, 3, 3, 3, 3, 3, 3, 3, 3, 3, 3, 3, 3, 3, 3, 3, 3, 3, 3, 3, 3, 3, 3, 3, 3, 3, 3, 3, 3, 3, 3, 3, 3, 3, 3, 3, 3, 3, 3, 3, 3, 3, 3, 3, 3, 3, 3, 3, 3, 3, 3, 3, 3, 3, 3, 3, 3, 3, 3, 3, 3, 3, 3, 3, 3, 3, 3, 3, 3, 3, 3, 3, 3, 3, 3, 3, 3, 3, 3, 3, 3, 3, 3, 3, 3, 3, 3, 3, 3, 3, 3, 3, 3, 3, 3, 3, 3, 3, 3, 3, 3, 3, 3, 3, 3, 3, 3, 3, 3, 3, 3, 3, 3, 3, 3, 3, 3, 3, 3, 3, 3, 3, 3, 3, 3, 3, 3, 3, 3, 3, 3, 3, 3, 3, 3, 3, 3, 3, 3, 3, 3, 3, 3, 3, 3, 3, 3, 3, 3, 3, 3, 3, 3, 3, 3, 3, 3, 3, 3, 3, 3, 3, 3, 3, 3, 3, 3, 3, 3, 3, 3, 3, 3, 3, 3, 3, 3, 3, 3, 3, 3, 3, 3, 3, 3, 3, 3, 3, 3, 3, 3, 3, 3, 3, 3, 3, 3, 3, 3, 3, 3, 3, 3, 3, 3, 3, 3, 3, 3, 3, 3, 3, 3, 3, 3, 3, 3, 3, 3, 3, 3, 3, 3, 3, 3, 3, 3, 3, 3, 3, 3, 3, 3, 3, 3, 3, 3, 3, 3, 3, 3, 3, 3, 3, 3, 3, 3, 3, 3, 3, 3, 3, 3, 3, 3, 3, 3, 3, 3, 3, 3, 3, 3, 3, 3, 3, 3, 3, 3, 3, 3, 3, 3, 3, 3, 3, 3, 3, 3, 3, 3, 3, 3, 3, 3, 3, 3, 3, 3, 3, 3, 3, 3, 3, 3, 3, 3, 3, 3, 3, 3, 3, 3, 3, 3, 3, 3, 3, 3, 3, 3, 3, 3, 3, 3, 3, 3, 3, 3, 3, 3, 3, 3, 3, 3, 3, 3, 3, 3, 3, 3, 3, 3, 3]
        int[] faceVertexIndices = [0, 2, 1, 3, 1, 4, 5, 3, 4, 3, 7, 6, 0, 6, 8, 9, 8, 10, 11, 8, 12, 13, 12, 14, 15, 13, 14, 16, 14, 17, 18, 16, 17, 19, 18, 17, 20, 17, 21, 12, 17, 14, 21, 8, 6, 20, 6, 7, 22, 7, 5, 23, 20, 24, 20, 23, 19, 19, 26, 25, 24, 26, 23, 27, 19, 25, 18, 27, 28, 16, 28, 29, 30, 16, 29, 15, 30, 31, 13, 31, 32, 26, 34, 33, 25, 33, 35, 27, 35, 36, 28, 36, 37, 29, 37, 38, 30, 38, 39, 31, 39, 40, 32, 40, 41, 33, 43, 42, 35, 42, 44, 36, 44, 45, 37, 45, 46, 38, 46, 47, 39, 47, 48, 40, 48, 49, 41, 49, 50, 51, 53, 52, 53, 51, 54, 55, 53, 54, 53, 55, 56, 57, 53, 56, 58, 5, 4, 59, 58, 4, 58, 59, 57, 22, 56, 55, 24, 22, 55, 60, 24, 55, 24, 61, 34, 43, 61, 62, 63, 61, 64, 7, 24, 20, 7, 22, 24, 56, 58, 57, 56, 5, 58, 55, 65, 60, 61, 65, 64, 66, 68, 67, 69, 66, 67, 70, 68, 71, 72, 68, 73, 74, 72, 73, 75, 73, 76, 77, 75, 76, 78, 77, 76, 79, 76, 80, 81, 79, 82, 78, 81, 77, 75, 77, 81, 74, 81, 83, 72, 71, 68, 84, 71, 83, 70, 84, 85, 67, 70, 69, 86, 69, 70, 85, 88, 87, 89, 88, 85, 90, 83, 81, 91, 81, 82, 92, 82, 93, 91, 95, 94, 90, 94, 96, 89, 96, 97, 88, 97, 98, 83, 71, 72, 72, 74, 83, 99, 101, 100, 102, 104, 103, 105, 103, 106, 107, 108, 99, 109, 107, 110, 111, 109, 110, 112, 105, 113, 104, 115, 114, 115, 100, 114, 116, 107, 109, 117, 109, 111, 118, 116, 119, 120, 116, 121, 122, 124, 123, 125, 112, 126, 125, 127, 115, 99, 127, 128, 111, 110, 128, 110, 99, 128, 108, 107, 122, 129, 105, 130, 131, 121, 118, 120, 121, 131, 132, 134, 133, 133, 129, 130, 135, 133, 136, 137, 133, 130, 124, 131, 138, 139, 141, 140, 142, 140, 143, 144, 143, 145, 146, 145, 147, 148, 147, 149, 150, 152, 151, 153, 155, 154, 156, 158, 157, 159, 157, 160, 145, 160, 147, 160, 157, 161, 147, 161, 149, 157, 163, 162, 161, 162, 164, 149, 164, 165, 162, 167, 166, 164, 166, 168, 165, 168, 152, 169, 170, 156, 171, 156, 159, 143, 159, 145, 140, 172, 143, 171, 172, 173, 169, 173, 174, 175, 174, 176, 173, 178, 177, 174, 173, 177, 179, 181, 180, 181, 182, 180, 180, 184, 183, 179, 183, 185, 186, 185, 187, 188, 150, 151, 189, 184, 190, 183, 188, 191, 185, 191, 192, 187, 192, 193, 191, 151, 194, 192, 194, 195, 193, 195, 196, 195, 168, 166, 196, 166, 167, 194, 152, 168, 197, 152, 153, 198, 200, 199, 201, 199, 202, 203, 202, 204, 205, 204, 206, 101, 207, 100, 208, 209, 207, 210, 211, 209, 212, 213, 211, 214, 215, 213, 216, 210, 208, 217, 212, 210, 218, 214, 212, 219, 220, 214, 221, 217, 216, 222, 218, 217, 223, 219, 218, 224, 225, 219, 226, 222, 221, 227, 223, 222, 228, 224, 223, 229, 230, 224, 103, 231, 106, 104, 200, 103, 204, 232, 206, 202, 233, 204, 234, 199, 200, 199, 235, 202, 114, 207, 236, 114, 234, 104, 237, 215, 238, 239, 213, 237, 240, 211, 239, 236, 209, 240, 233, 238, 232, 235, 237, 233, 241, 239, 235, 234, 240, 241, 124, 226, 221, 229, 243, 242, 244, 246, 245, 247, 248, 244, 124, 216, 123, 130, 106, 137, 249, 136, 137, 250, 251, 249, 136, 252, 135, 252, 253, 247, 106, 249, 137, 254, 256, 255, 248, 257, 246, 257, 205, 256, 258, 203, 257, 250, 201, 258, 249, 198, 250, 13, 259, 11, 260, 261, 259, 262, 263, 261, 264, 265, 263, 266, 267, 265, 268, 269, 267, 270, 271, 269, 272, 273, 271, 11, 274, 10, 259, 275, 274, 261, 276, 275, 263, 277, 276, 265, 278, 277, 267, 279, 278, 269, 280, 279, 271, 281, 280, 256, 32, 41, 266, 215, 268, 264, 238, 266, 262, 232, 264, 260, 206, 262, 32, 260, 13, 9, 274, 282, 283, 278, 284, 285, 277, 283, 286, 276, 285, 282, 275, 286, 230, 272, 225, 281, 287, 280, 220, 268, 215, 225, 270, 220, 279, 284, 278, 280, 288, 279, 289, 291, 290, 292, 293, 291, 294, 295, 293, 296, 297, 295, 298, 299, 297, 300, 301, 299, 302, 303, 301, 304, 305, 303, 306, 307, 305, 308, 309, 307, 310, 311, 309, 312, 313, 311, 314, 315, 313, 316, 317, 315, 318, 320, 319, 321, 323, 322, 324, 325, 321, 326, 325, 324, 327, 328, 326, 329, 330, 327, 331, 332, 329, 333, 334, 331, 335, 336, 333, 337, 338, 335, 339, 340, 337, 341, 342, 339, 319, 343, 341, 344, 64, 345, 346, 348, 347, 349, 350, 346, 351, 352, 349, 353, 354, 351, 355, 356, 353, 357, 358, 355, 359, 360, 357, 359, 362, 361, 363, 362, 359, 364, 365, 363, 366, 367, 364, 368, 54, 366, 345, 65, 368, 289, 319, 292, 317, 345, 315, 291, 347, 290, 293, 347, 291, 295, 346, 293, 297, 349, 295, 299, 351, 297, 301, 353, 299, 303, 355, 301, 305, 357, 303, 307, 359, 305, 309, 363, 307, 311, 364, 309, 313, 366, 311, 315, 368, 313, 316, 322, 369, 314, 321, 316, 312, 324, 314, 310, 326, 312, 308, 326, 310, 306, 327, 308, 304, 329, 306, 302, 331, 304, 300, 333, 302, 298, 335, 300, 296, 337, 298, 294, 339, 296, 292, 341, 294, 367, 54, 51, 361, 370, 360, 362, 371, 361, 365, 372, 362, 373, 51, 52, 51, 365, 367, 365, 373, 374, 375, 377, 376, 378, 4, 1, 379, 59, 378, 380, 381, 379, 382, 383, 380, 384, 385, 382, 386, 387, 384, 388, 389, 386, 376, 390, 388, 57, 381, 52, 391, 377, 375, 370, 377, 391, 371, 390, 370, 372, 389, 371, 374, 387, 372, 373, 385, 374, 52, 383, 373, 360, 391, 358, 350, 392, 348, 352, 393, 350, 354, 394, 352, 356, 395, 354, 358, 375, 356, 1, 397, 396, 394, 398, 393, 395, 399, 394, 375, 400, 395, 376, 401, 375, 388, 402, 376, 386, 403, 388, 384, 404, 386, 382, 405, 384, 380, 406, 382, 379, 407, 380, 378, 408, 379, 1, 409, 378, 397, 9, 282, 410, 396, 397, 411, 396, 410, 412, 398, 413, 414, 409, 411, 414, 407, 408, 415, 407, 414, 416, 406, 415, 417, 405, 416, 418, 404, 417, 419, 403, 418, 420, 402, 419, 421, 401, 420, 422, 400, 421, 413, 399, 422, 423, 425, 424, 426, 427, 425, 428, 429, 427, 430, 431, 429, 432, 433, 431, 434, 435, 433, 436, 437, 435, 438, 439, 437, 440, 441, 439, 442, 443, 441, 444, 445, 443, 446, 447, 445, 448, 449, 447, 450, 451, 449, 452, 453, 451, 454, 455, 453, 456, 93, 455, 457, 92, 93, 458, 95, 92, 459, 461, 460, 462, 463, 461, 464, 465, 463, 466, 467, 465, 468, 469, 467, 470, 471, 469, 472, 473, 471, 474, 475, 473, 476, 477, 475, 478, 479, 477, 480, 481, 479, 482, 483, 481, 484, 485, 483, 486, 487, 485, 488, 489, 487, 490, 76, 489, 491, 493, 492, 494, 495, 493, 496, 497, 495, 498, 499, 497, 500, 501, 499, 502, 503, 501, 504, 505, 503, 506, 507, 505, 508, 509, 507, 510, 511, 509, 512, 513, 511, 514, 515, 513, 516, 517, 515, 518, 519, 517, 520, 521, 519, 410, 523, 522, 413, 524, 412, 422, 525, 413, 421, 526, 422, 420, 527, 421, 419, 528, 420, 418, 529, 419, 418, 531, 530, 417, 531, 418, 416, 532, 417, 415, 533, 416, 414, 534, 415, 411, 535, 414, 410, 536, 411, 410, 286, 285, 410, 397, 282, 410, 284, 523, 410, 283, 284, 410, 285, 283, 50, 255, 256, 230, 538, 537, 242, 539, 230, 50, 256, 41, 242, 541, 540, 243, 542, 242, 537, 543, 273, 544, 546, 545, 281, 546, 544, 273, 547, 281, 288, 523, 284, 287, 523, 288, 522, 545, 536, 287, 545, 522, 423, 524, 525, 458, 541, 548, 457, 540, 458, 456, 539, 457, 454, 538, 456, 452, 543, 454, 450, 547, 452, 448, 546, 450, 446, 545, 448, 444, 545, 446, 442, 536, 444, 440, 535, 442, 438, 534, 440, 436, 533, 438, 434, 532, 436, 432, 531, 434, 430, 530, 432, 428, 530, 430, 426, 529, 428, 426, 527, 528, 423, 527, 426, 423, 525, 526, 424, 462, 459, 425, 464, 462, 427, 466, 464, 429, 468, 466, 431, 470, 468, 433, 472, 470, 435, 474, 472, 437, 476, 474, 439, 478, 476, 441, 480, 478, 443, 482, 480, 445, 484, 482, 447, 486, 484, 449, 488, 486, 451, 490, 488, 453, 80, 490, 455, 79, 80, 79, 93, 82, 460, 494, 491, 461, 496, 494, 463, 498, 496, 465, 500, 498, 467, 502, 500, 469, 504, 502, 471, 506, 504, 473, 508, 506, 475, 510, 508, 477, 512, 510, 479, 514, 512, 481, 516, 514, 483, 518, 516, 485, 520, 518, 487, 549, 520, 489, 73, 549, 53, 57, 52, 36, 28, 27, 544, 545, 287, 492, 551, 550, 493, 552, 551, 495, 553, 552, 497, 554, 553, 499, 555, 554, 501, 556, 555, 503, 557, 556, 505, 558, 557, 507, 559, 558, 509, 560, 559, 511, 561, 560, 513, 562, 561, 515, 563, 562, 517, 564, 563, 519, 565, 564, 550, 567, 566, 551, 568, 567, 552, 569, 568, 553, 570, 569, 554, 571, 570, 555, 572, 571, 556, 573, 572, 557, 574, 573, 558, 575, 574, 559, 576, 575, 560, 577, 576, 561, 578, 577, 562, 579, 578, 563, 580, 579, 564, 581, 580, 565, 582, 581, 73, 521, 549, 521, 583, 565, 521, 585, 584, 521, 586, 585, 566, 588, 587, 567, 589, 588, 568, 590, 589, 569, 591, 590, 570, 592, 591, 571, 593, 592, 572, 594, 593, 573, 595, 594, 574, 596, 595, 575, 597, 596, 576, 598, 597, 577, 599, 598, 578, 600, 599, 579, 601, 600, 580, 602, 601, 581, 603, 602, 587, 605, 604, 588, 606, 605, 589, 607, 606, 590, 608, 607, 591, 609, 608, 592, 610, 609, 593, 611, 610, 594, 612, 611, 595, 613, 612, 596, 614, 613, 597, 615, 614, 598, 616, 615, 599, 617, 616, 600, 618, 617, 601, 619, 618, 604, 621, 620, 605, 622, 621, 606, 623, 622, 607, 624, 623, 608, 625, 624, 609, 626, 625, 610, 627, 626, 611, 628, 627, 612, 629, 628, 613, 630, 629, 614, 631, 630, 615, 632, 631, 616, 633, 632, 617, 634, 633, 618, 635, 634, 619, 144, 635, 636, 638, 637, 639, 640, 638, 641, 642, 640, 643, 644, 642, 645, 646, 644, 647, 648, 646, 649, 650, 648, 651, 652, 650, 653, 654, 652, 655, 656, 654, 657, 658, 656, 659, 660, 658, 661, 662, 660, 663, 664, 662, 637, 666, 665, 638, 667, 666, 640, 668, 667, 642, 669, 668, 644, 670, 669, 646, 671, 670, 648, 672, 671, 650, 673, 672, 652, 674, 673, 654, 675, 674, 656, 676, 675, 658, 677, 676, 660, 678, 677, 662, 154, 678, 665, 680, 679, 666, 681, 680, 667, 682, 681, 668, 683, 682, 669, 684, 683, 670, 685, 684, 671, 686, 685, 672, 687, 686, 673, 688, 687, 674, 689, 688, 675, 690, 689, 661, 635, 663, 659, 634, 661, 657, 633, 659, 655, 632, 657, 653, 631, 655, 651, 630, 653, 649, 629, 651, 647, 628, 649, 645, 627, 647, 643, 626, 645, 641, 625, 643, 639, 624, 641, 139, 142, 619, 691, 602, 603, 139, 691, 692, 253, 258, 248, 393, 693, 392, 144, 146, 635, 148, 165, 664, 635, 148, 663, 664, 153, 154, 664, 165, 197, 178, 141, 694, 141, 172, 140, 176, 696, 695, 697, 699, 698, 700, 702, 701, 703, 701, 704, 705, 706, 697, 707, 705, 708, 709, 707, 708, 710, 703, 711, 702, 713, 712, 713, 698, 712, 714, 705, 707, 715, 707, 709, 716, 714, 717, 718, 714, 719, 720, 722, 721, 723, 710, 724, 723, 725, 713, 697, 725, 726, 709, 708, 726, 708, 697, 726, 706, 705, 720, 720, 699, 706, 727, 703, 728, 729, 719, 716, 718, 719, 729, 729, 731, 730, 732, 727, 728, 733, 730, 734, 735, 732, 728, 722, 729, 733, 728, 704, 735, 170, 702, 158, 167, 721, 196, 163, 699, 167, 158, 698, 163, 158, 702, 712, 701, 175, 704, 722, 196, 721, 733, 193, 722, 734, 187, 733, 735, 695, 736, 704, 176, 735, 155, 678, 154, 677, 690, 676, 678, 737, 677, 690, 738, 689, 685, 739, 684, 686, 740, 685, 687, 741, 686, 688, 742, 687, 689, 743, 688, 744, 746, 745, 680, 747, 679, 681, 747, 680, 682, 747, 681, 748, 750, 749, 746, 751, 748, 752, 754, 753, 755, 756, 754, 757, 758, 756, 759, 760, 758, 761, 762, 760, 753, 764, 763, 754, 765, 764, 756, 766, 765, 758, 767, 766, 760, 768, 767, 763, 770, 769, 764, 771, 770, 765, 772, 771, 766, 773, 772, 767, 768, 773, 769, 775, 774, 770, 776, 775, 771, 777, 776, 772, 778, 777, 774, 780, 779, 775, 781, 780, 776, 782, 781, 777, 783, 782, 779, 785, 784, 780, 786, 785, 781, 788, 787, 782, 790, 789, 773, 768, 622, 621, 791, 620, 621, 768, 762, 622, 768, 621, 773, 622, 639, 639, 622, 623, 792, 794, 793, 795, 797, 796, 798, 800, 799, 793, 801, 792, 801, 803, 802, 804, 801, 805, 805, 802, 806, 806, 802, 807, 807, 802, 808, 796, 809, 800, 800, 809, 810, 808, 800, 810, 796, 812, 811, 813, 797, 814, 813, 815, 812, 812, 816, 811, 811, 818, 817, 817, 819, 809, 809, 820, 810, 810, 821, 808, 808, 821, 822, 807, 822, 823, 806, 823, 824, 825, 806, 824, 826, 805, 825, 826, 814, 804, 827, 821, 828, 822, 827, 829, 823, 829, 830, 824, 830, 831, 832, 824, 831, 833, 825, 832, 834, 826, 833, 820, 836, 835, 818, 836, 819, 816, 837, 818, 838, 816, 815, 839, 815, 840, 814, 839, 840, 834, 841, 814, 842, 838, 839, 838, 844, 843, 843, 845, 837, 837, 846, 836, 836, 847, 835, 835, 848, 828, 827, 848, 849, 829, 827, 849, 834, 850, 841, 845, 852, 851, 845, 853, 846, 846, 854, 847, 847, 855, 848, 848, 856, 849, 829, 856, 857, 830, 857, 858, 831, 858, 859, 860, 831, 859, 861, 832, 860, 862, 832, 861, 863, 833, 862, 864, 834, 863, 864, 842, 850, 865, 866, 842, 867, 868, 842, 866, 867, 842, 853, 869, 854, 854, 870, 855, 855, 871, 856, 856, 872, 857, 873, 857, 872, 858, 857, 873, 874, 862, 875, 876, 863, 874, 877, 863, 876, 878, 864, 877, 878, 866, 865, 879, 867, 866, 852, 880, 851, 881, 882, 852, 881, 884, 883, 885, 881, 867, 886, 885, 867, 859, 873, 887, 860, 887, 888, 861, 888, 889, 862, 889, 890, 875, 862, 890, 870, 891, 871, 891, 893, 892, 891, 895, 894, 896, 891, 894, 872, 896, 897, 873, 897, 898, 887, 898, 899, 888, 899, 900, 901, 888, 900, 889, 901, 902, 903, 889, 902, 904, 890, 903, 905, 875, 904, 906, 874, 905, 907, 876, 906, 907, 878, 877, 908, 879, 878, 894, 910, 909, 896, 909, 911, 897, 911, 912, 898, 912, 913, 899, 913, 914, 900, 914, 915, 901, 915, 916, 917, 919, 918, 920, 922, 921, 923, 922, 924, 925, 924, 926, 910, 927, 909, 911, 927, 917, 911, 920, 912, 913, 920, 921, 914, 921, 923, 915, 923, 925, 916, 925, 928, 929, 931, 930, 931, 933, 932, 930, 932, 934, 919, 936, 935, 918, 935, 929, 922, 929, 937, 937, 930, 938, 938, 934, 939, 934, 932, 940, 932, 941, 940, 939, 934, 940, 942, 941, 943, 942, 945, 944, 946, 944, 947, 948, 950, 949, 951, 952, 946, 950, 946, 947, 951, 954, 953, 955, 956, 954, 926, 957, 956, 924, 937, 957, 958, 959, 948, 959, 955, 948, 960, 926, 959, 928, 925, 960, 961, 928, 960, 962, 959, 958, 963, 958, 964, 960, 962, 961, 961, 963, 965, 966, 928, 961, 967, 966, 961, 967, 961, 965, 967, 965, 968, 969, 916, 966, 970, 966, 967, 971, 967, 968, 971, 970, 967, 971, 973, 972, 972, 975, 974, 974, 977, 976, 978, 916, 969, 979, 969, 970, 980, 970, 971, 981, 970, 980, 982, 984, 983, 977, 983, 976, 985, 983, 984, 976, 985, 986, 986, 985, 987, 974, 986, 988, 989, 991, 990, 972, 988, 992, 971, 992, 993, 994, 995, 991, 988, 987, 996, 994, 996, 995, 994, 992, 988, 993, 992, 994, 993, 980, 971, 997, 980, 993, 997, 994, 989, 998, 990, 999, 1000, 989, 998, 1001, 1000, 998, 1001, 999, 1002, 1000, 981, 997, 1003, 1004, 1000, 1005, 978, 979, 1005, 981, 1004, 1006, 902, 1007, 1008, 1007, 1005, 1009, 1005, 1004, 1010, 903, 1006, 1011, 1006, 1008, 1012, 1008, 1009, 1013, 1012, 1014, 1015, 1017, 1016, 1018, 1001, 1019, 1018, 1014, 1003, 1020, 1022, 1021, 1003, 1012, 1009, 1023, 1010, 1011, 1021, 1024, 1020, 1020, 1026, 1025, 1024, 1027, 1026, 1012, 1028, 1011, 1028, 1023, 1011, 1029, 1030, 1023, 1023, 1032, 1031, 1031, 906, 905, 1032, 907, 906, 1033, 908, 907, 1034, 1035, 908, 1036, 1034, 1033, 1030, 1033, 1032, 1037, 1036, 1030, 1038, 1039, 1027, 1040, 1041, 1036, 1042, 1043, 1039, 851, 1044, 853, 870, 869, 893, 927, 1045, 919, 935, 1046, 931, 1047, 1049, 1048, 1050, 1051, 1047, 1052, 1053, 1050, 1051, 1054, 1049, 1053, 1055, 1051, 1056, 1057, 1053, 1058, 1059, 1056, 1060, 1056, 1052, 882, 1061, 880, 883, 1061, 882, 883, 1050, 1047, 883, 1052, 1050, 1052, 1062, 1060, 883, 1062, 1052, 884, 1062, 883, 1063, 1065, 1064, 1066, 1067, 1063, 1054, 1069, 1068, 1055, 1070, 1069, 1057, 1071, 1070, 1059, 1072, 1071, 1073, 1075, 1074, 1076, 1074, 1075, 1074, 1068, 1069, 1073, 1069, 1070, 1067, 1070, 1071, 1065, 1071, 1072, 1077, 1076, 1075, 1077, 1079, 1078, 1080, 1066, 1063, 1079, 1075, 1080, 1081, 1080, 1082, 1083, 1079, 1081, 1084, 1083, 1085, 1086, 1063, 1064, 1080, 1086, 1082, 1081, 1088, 1087, 1083, 1087, 1089, 1085, 1089, 1090, 1087, 1092, 1091, 1093, 1087, 1091, 1090, 1093, 1094, 1095, 1086, 1096, 1088, 1086, 1095, 1088, 1097, 1092, 1092, 1099, 1098, 1091, 1098, 1100, 1093, 1100, 1101, 1098, 1103, 1102, 1100, 1102, 1104, 1101, 1104, 1105, 1106, 1108, 1107, 1108, 1102, 1109, 1107, 1108, 1109, 1110, 1102, 1103, 1109, 1110, 1111, 1107, 1111, 1112, 1106, 1112, 1113, 1114, 1113, 1115, 1116, 1114, 1115, 1117, 1104, 1108, 1118, 1117, 1108, 1119, 1093, 1101, 1120, 1101, 1105, 1121, 1105, 1117, 1118, 1121, 1117, 1114, 1118, 1106, 1122, 1121, 1118, 1114, 1122, 1118, 1123, 1114, 1116, 1123, 1122, 1114, 1124, 1126, 1125, 1127, 1124, 1125, 1124, 1120, 1121, 1128, 1084, 1085, 1129, 1085, 1090, 1130, 1128, 1131, 1131, 1128, 1129, 1132, 1120, 1133, 1119, 1132, 1094, 1132, 1090, 1094, 1131, 1129, 1132, 1131, 1132, 1134, 1134, 1133, 1127, 885, 1135, 884, 1136, 1137, 885, 1138, 1137, 1136, 885, 1137, 1135, 886, 1136, 885, 886, 1138, 1136, 1139, 1115, 1140, 1141, 1143, 1142, 1144, 1146, 1145, 1140, 1113, 1147, 1148, 1147, 1149, 1148, 1150, 1143, 1151, 1135, 1137, 1152, 1154, 1153, 1097, 1095, 1096, 1099, 1097, 1096, 1154, 1099, 1096, 1154, 1103, 1099, 1110, 1103, 1154, 1138, 1151, 1137, 1155, 1154, 1156, 1155, 1111, 1110, 1157, 1112, 1111, 1112, 1147, 1113, 1158, 1147, 1159, 1160, 1159, 1157, 1160, 1155, 1161, 1161, 1156, 1162, 1158, 1150, 1149, 1163, 1158, 1160, 1164, 1151, 1138, 1165, 1156, 1152, 1166, 1160, 1161, 1167, 1161, 1162, 1168, 1162, 1165, 1169, 1171, 1170, 1171, 1172, 1170, 1173, 1174, 1172, 1175, 1176, 1174, 1177, 1146, 1176, 1169, 1178, 1171, 1178, 1173, 1171, 1179, 1175, 1173, 1180, 1177, 1175, 1177, 1181, 1145, 1182, 1179, 1178, 1183, 1180, 1179, 1184, 1181, 1180, 1185, 1145, 1181, 1186, 1144, 1145, 1144, 1188, 1187, 1189, 1164, 1190, 1034, 1189, 1190, 1035, 1164, 1138, 879, 1138, 886, 1041, 1191, 1189, 1192, 1194, 1193, 1192, 1193, 1195, 1196, 1192, 1195, 1192, 1197, 1194, 1182, 1169, 1198, 1164, 1195, 1193, 1196, 1164, 1189, 1199, 1182, 1198, 952, 942, 946, 949, 958, 948, 922, 917, 918, 902, 978, 1007, 904, 1031, 905, 841, 842, 839, 814, 1200, 794, 804, 814, 792, 798, 796, 800, 814, 840, 813, 802, 799, 808, 799, 800, 808, 796, 811, 817, 868, 852, 844, 821, 835, 828, 1201, 1123, 1116, 1188, 1201, 1187, 1134, 1199, 1131, 1127, 1182, 1134, 1125, 1183, 1127, 1126, 1184, 1125, 1123, 1185, 1126, 1123, 1188, 1186, 1202, 1131, 1043, 1016, 325, 1015, 1202, 338, 1130, 1042, 338, 1202, 1038, 336, 1042, 1024, 334, 1038, 1021, 332, 1024, 1022, 330, 1021, 1015, 328, 1022, 342, 1077, 1078, 1077, 1204, 1203, 1077, 343, 320, 338, 1205, 1130, 340, 1205, 338, 340, 1084, 1205, 342, 1084, 340, 342, 1078, 1084, 1191, 1196, 1189, 123, 208, 101, 123, 108, 122, 89, 84, 83, 85, 86, 70, 639, 636, 773, 636, 1206, 773, 1140, 1141, 1139, 178, 1208, 1207, 182, 190, 184, 1209, 1211, 1210, 1212, 1213, 1211, 1214, 1215, 1213, 1215, 1217, 1216, 1214, 1218, 1217, 1212, 1219, 1218, 1219, 1220, 1218, 1221, 1222, 1220, 1223, 1224, 1222, 1224, 1225, 1222, 1226, 1227, 1225, 1227, 1228, 1225, 1228, 1229, 1225, 1229, 1222, 1225, 1220, 1217, 1218, 1229, 1216, 1217, 1216, 1230, 1215, 1231, 1233, 1232, 1233, 1231, 1228, 1233, 1235, 1234, 1234, 1232, 1233, 1228, 1236, 1235, 1228, 1237, 1236, 1227, 1238, 1237, 1226, 1239, 1238, 1226, 1240, 1239, 1224, 1241, 1240, 1232, 1243, 1242, 1234, 1244, 1243, 1235, 1245, 1244, 1245, 1237, 1246, 1237, 1247, 1246, 1238, 1248, 1247, 1239, 1249, 1248, 1240, 1250, 1249, 1242, 42, 43, 1243, 44, 42, 1244, 45, 44, 1245, 46, 45, 1246, 47, 46, 1247, 48, 47, 1248, 49, 48, 1249, 50, 49, 1251, 1253, 1252, 1253, 1251, 1254, 1255, 1257, 1256, 1257, 1255, 1258, 1255, 1259, 1258, 1215, 1260, 1213, 1260, 1261, 1213, 1261, 1260, 1259, 1215, 1257, 1258, 1230, 1232, 1257, 1232, 1262, 1257, 1262, 1242, 1263, 1242, 62, 1263, 62, 1264, 1263, 1232, 1216, 1231, 1230, 1216, 1232, 1260, 1258, 1259, 1215, 1258, 1260, 1256, 1262, 1265, 1262, 1264, 1265, 1266, 1268, 1267, 1269, 1270, 1268, 1268, 1271, 1267, 1267, 1272, 1266, 1272, 1273, 1266, 1273, 1274, 1266, 1275, 1277, 1276, 1277, 1278, 1276, 1278, 1279, 1276, 1278, 1281, 1280, 1282, 1278, 1277, 1277, 1275, 1282, 1275, 1283, 1282, 1271, 1272, 1267, 1284, 1285, 1271, 1286, 1284, 1287, 1284, 1268, 1270, 1270, 1288, 1284, 1289, 1291, 1290, 1289, 1292, 1291, 1292, 1282, 1283, 1293, 1281, 1282, 1294, 1295, 1281, 1296, 94, 95, 1294, 96, 94, 1293, 97, 96, 1292, 98, 97, 1271, 1285, 1272, 1273, 1272, 1285, 1297, 1299, 1298, 1300, 1302, 1301, 1303, 1304, 1302, 1297, 1306, 1305, 1306, 1308, 1307, 1308, 1309, 1307, 1303, 1311, 1310, 1300, 1313, 1312, 1305, 1313, 1299, 1314, 1308, 1306, 1315, 1317, 1316, 1318, 1319, 1315, 1320, 1318, 1315, 1321, 1323, 1322, 1303, 1325, 1324, 1325, 1312, 1326, 1312, 1327, 1326, 1307, 1309, 1327, 1306, 1327, 1305, 1306, 1297, 1314, 1311, 1328, 1310, 1318, 1330, 1329, 1318, 1321, 1330, 1329, 1332, 1331, 1331, 1328, 1333, 1330, 1334, 1332, 1334, 1328, 1332, 1321, 1335, 1330, 1336, 1338, 1337, 1339, 1340, 1338, 1341, 1342, 1340, 1343, 1344, 1342, 1345, 1346, 1344, 1347, 1349, 1348, 1350, 1352, 1351, 1353, 1355, 1354, 1356, 1357, 1355, 1358, 1344, 1357, 1355, 1357, 1359, 1357, 1346, 1359, 1354, 1361, 1360, 1355, 1362, 1361, 1359, 1363, 1362, 1360, 1365, 1364, 1361, 1366, 1365, 1362, 1348, 1366, 1367, 1356, 1353, 1368, 1358, 1356, 1369, 1342, 1358, 1370, 1338, 1340, 1340, 1371, 1370, 1369, 1372, 1371, 1368, 1373, 1372, 1370, 1375, 1374, 1371, 1372, 1375, 1376, 1378, 1377, 1379, 1378, 1380, 1380, 1382, 1381, 1378, 1383, 1382, 1384, 1385, 1383, 1386, 1349, 1350, 1387, 1388, 1381, 1381, 1389, 1387, 1382, 1390, 1389, 1383, 1391, 1390, 1387, 1392, 1349, 1389, 1393, 1392, 1390, 1394, 1393, 1392, 1365, 1366, 1393, 1364, 1365, 1349, 1366, 1348, 1363, 1347, 1348, 1395, 1397, 1396, 1398, 1399, 1397, 1400, 1401, 1399, 1402, 1403, 1401, 1404, 1299, 1405, 1406, 1405, 1407, 1408, 1407, 1409, 1410, 1409, 1411, 1412, 1411, 1413, 1414, 1404, 1406, 1415, 1406, 1408, 1416, 1408, 1410, 1417, 1410, 1412, 1418, 1419, 1414, 1420, 1414, 1415, 1421, 1415, 1416, 1422, 1416, 1417, 1423, 1425, 1424, 1426, 1418, 1420, 1427, 1420, 1421, 1428, 1421, 1422, 1396, 1304, 1395, 1429, 1302, 1396, 1430, 1403, 1431, 1432, 1401, 1430, 1433, 1396, 1397, 1433, 1399, 1432, 1299, 1434, 1405, 1434, 1301, 1429, 1411, 1435, 1413, 1409, 1436, 1411, 1407, 1437, 1409, 1405, 1438, 1407, 1436, 1431, 1435, 1437, 1430, 1436, 1438, 1432, 1437, 1434, 1433, 1438, 1335, 1425, 1439, 1440, 1442, 1441, 1443, 1444, 1440, 1445, 1446, 1443, 1447, 1448, 1419, 1310, 1449, 1304, 1450, 1449, 1334, 1445, 1451, 1450, 1450, 1335, 1439, 1450, 1423, 1445, 1395, 1449, 1451, 1452, 1441, 1453, 1454, 1440, 1452, 1402, 1453, 1455, 1400, 1452, 1402, 1398, 1454, 1400, 1395, 1456, 1398, 1457, 1459, 1458, 1460, 1458, 1461, 1462, 1461, 1463, 1464, 1463, 1465, 1466, 1465, 1467, 1468, 1467, 1469, 1470, 1469, 1471, 1472, 1471, 1473, 1458, 1475, 1474, 1461, 1474, 1476, 1463, 1476, 1477, 1465, 1477, 1478, 1467, 1478, 1479, 1469, 1479, 1480, 1471, 1480, 1481, 1473, 1481, 1482, 1455, 1484, 1483, 1435, 1466, 1413, 1431, 1464, 1435, 1403, 1462, 1431, 1455, 1460, 1403, 1455, 1485, 1457, 1475, 1486, 1474, 1478, 1487, 1479, 1477, 1488, 1478, 1476, 1489, 1477, 1474, 1490, 1476, 1472, 1417, 1470, 1491, 1481, 1492, 1468, 1413, 1466, 1470, 1412, 1468, 1493, 1479, 1487, 1492, 1480, 1493, 1494, 290, 1495, 1496, 1495, 1497, 1498, 1497, 1499, 1500, 1499, 1501, 1502, 1501, 1503, 1504, 1503, 1505, 1506, 1505, 1507, 1508, 1507, 1509, 1510, 1509, 1511, 1512, 1511, 1513, 1514, 1513, 1515, 1516, 1518, 1517, 1519, 1517, 1520, 369, 1520, 317, 1204, 1522, 1521, 1523, 322, 323, 1523, 1525, 1524, 1526, 1528, 1527, 1529, 1530, 1526, 1531, 1532, 1529, 1533, 1534, 1531, 1535, 1536, 1533, 1537, 1538, 1535, 1539, 1540, 1537, 1541, 1542, 1539, 1543, 1544, 1541, 1521, 1545, 1543, 63, 1546, 1264, 1547, 347, 348, 1548, 1549, 1547, 1550, 1551, 1548, 1552, 1553, 1550, 1554, 1555, 1552, 1556, 1557, 1554, 1558, 1559, 1556, 1560, 1561, 1558, 1562, 1561, 1560, 1563, 1564, 1562, 1254, 1565, 1563, 1265, 1566, 1256, 1264, 1567, 1265, 318, 1494, 1522, 344, 1520, 1546, 347, 1495, 290, 1549, 1495, 347, 1551, 1497, 1549, 1553, 1499, 1551, 1555, 1501, 1553, 1557, 1503, 1555, 1559, 1505, 1557, 1561, 1507, 1559, 1564, 1509, 1561, 1565, 1511, 1564, 1568, 1513, 1565, 1567, 1518, 1566, 1546, 1517, 1567, 1524, 369, 322, 1525, 1519, 1524, 1530, 1569, 1528, 1530, 1512, 1514, 1532, 1512, 1530, 1534, 1510, 1532, 1536, 1508, 1534, 1538, 1506, 1536, 1540, 1504, 1538, 1542, 1502, 1540, 1544, 1500, 1542, 1545, 1498, 1544, 1522, 1496, 1545, 1254, 1563, 1253, 1570, 1556, 1571, 1572, 1558, 1570, 1573, 1560, 1572, 1253, 1574, 1252, 1574, 1563, 1562, 1574, 1562, 1573, 1575, 1577, 1576, 1261, 1211, 1213, 1578, 1580, 1579, 1581, 1582, 1578, 1583, 1584, 1581, 1585, 1586, 1583, 1587, 1588, 1585, 1589, 1590, 1587, 1575, 1591, 1589, 1579, 1252, 1578, 1575, 1592, 1577, 1589, 1592, 1575, 1587, 1571, 1589, 1585, 1570, 1587, 1583, 1572, 1585, 1581, 1573, 1583, 1578, 1574, 1581, 1571, 1554, 1592, 1593, 348, 392, 1594, 1547, 1593, 1595, 1548, 1594, 1577, 1550, 1595, 1592, 1552, 1577, 1596, 1598, 1597, 1599, 1593, 1600, 1601, 1594, 1599, 1602, 1595, 1601, 1603, 1577, 1602, 1604, 1576, 1603, 1605, 1591, 1604, 1606, 1590, 1605, 1607, 1588, 1606, 1608, 1586, 1607, 1609, 1584, 1608, 1610, 1582, 1609, 1598, 1580, 1610, 1596, 1486, 1611, 1598, 1612, 1597, 1610, 1612, 1598, 693, 1613, 1600, 1609, 1614, 1610, 1608, 1615, 1609, 1607, 1615, 1608, 1606, 1616, 1607, 1605, 1617, 1606, 1604, 1618, 1605, 1603, 1619, 1604, 1602, 1620, 1603, 1601, 1621, 1602, 1599, 1622, 1601, 1600, 1623, 1599, 1624, 424, 1625, 1626, 1625, 1627, 1628, 1627, 1629, 1630, 1629, 1631, 1632, 1631, 1633, 1634, 1633, 1635, 1636, 1635, 1637, 1638, 1637, 1639, 1640, 1639, 1641, 1642, 1641, 1643, 1644, 1643, 1645, 1646, 1645, 1647, 1648, 1647, 1649, 1650, 1649, 1651, 1652, 1651, 1653, 1654, 1653, 1655, 1656, 1657, 1295, 1658, 1295, 1296, 548, 1296, 95, 1659, 460, 1660, 1661, 1660, 1662, 1663, 1662, 1664, 1665, 1664, 1666, 1667, 1666, 1668, 1669, 1668, 1670, 1671, 1670, 1672, 1673, 1672, 1674, 1675, 1674, 1676, 1677, 1676, 1678, 1679, 1678, 1680, 1681, 1680, 1682, 1683, 1682, 1684, 1685, 1684, 1686, 1687, 1686, 1688, 1689, 1688, 1274, 1690, 492, 1691, 1692, 1691, 1693, 1694, 1693, 1695, 1696, 1695, 1697, 1698, 1697, 1699, 1700, 1699, 1701, 1702, 1701, 1703, 1704, 1703, 1705, 1706, 1705, 1707, 1708, 1707, 1709, 1710, 1709, 1711, 1712, 1711, 1713, 1714, 1713, 1715, 1716, 1715, 1717, 1718, 1717, 1719, 1720, 1612, 1721, 1722, 412, 524, 1723, 1613, 1722, 1724, 1623, 1723, 1725, 1622, 1724, 1726, 1621, 1725, 1727, 1620, 1726, 1728, 1619, 1727, 1729, 1619, 1728, 1730, 1618, 1729, 1731, 1617, 1730, 1732, 1616, 1731, 1733, 1615, 1732, 1721, 1614, 1733, 1486, 1489, 1490, 1597, 1612, 1486, 1487, 1612, 1720, 1488, 1612, 1487, 1489, 1612, 1488, 1734, 1736, 1735, 1737, 1739, 1738, 1740, 1741, 1737, 1736, 50, 1250, 542, 1740, 541, 1742, 1441, 1442, 1743, 1473, 1744, 1745, 1491, 1746, 1747, 1491, 1745, 1744, 1482, 1747, 1720, 1493, 1487, 1721, 1493, 1720, 1746, 1721, 1733, 1746, 1492, 1721, 524, 423, 1722, 1740, 548, 541, 1737, 1658, 1740, 1738, 1656, 1737, 1744, 1654, 1743, 1747, 1652, 1744, 1745, 1650, 1747, 1746, 1648, 1745, 1746, 1644, 1646, 1733, 1644, 1746, 1732, 1642, 1733, 1731, 1640, 1732, 1730, 1638, 1731, 1729, 1636, 1730, 1728, 1634, 1729, 1727, 1632, 1728, 1727, 1628, 1630, 1726, 1628, 1727, 1725, 1626, 1726, 1724, 1624, 1725, 1723, 1624, 1724, 1722, 423, 1723, 1625, 459, 1659, 1627, 1659, 1661, 1629, 1661, 1663, 1631, 1663, 1665, 1633, 1665, 1667, 1635, 1667, 1669, 1637, 1669, 1671, 1639, 1671, 1673, 1641, 1673, 1675, 1643, 1675, 1677, 1645, 1677, 1679, 1647, 1679, 1681, 1649, 1681, 1683, 1651, 1683, 1685, 1653, 1685, 1687, 1655, 1687, 1689, 1295, 1279, 1280, 1295, 1280, 1281, 1660, 491, 1690, 1662, 1690, 1692, 1664, 1692, 1694, 1666, 1694, 1696, 1668, 1696, 1698, 1670, 1698, 1700, 1672, 1700, 1702, 1674, 1702, 1704, 1676, 1704, 1706, 1678, 1706, 1708, 1680, 1708, 1710, 1682, 1710, 1712, 1684, 1712, 1714, 1686, 1714, 1716, 1688, 1716, 1718, 1274, 1718, 1266, 1748, 1251, 1252, 1237, 1245, 1236, 1746, 1491, 1492, 1691, 550, 1749, 1693, 1749, 1750, 1695, 1750, 1751, 1697, 1751, 1752, 1699, 1752, 1753, 1701, 1753, 1754, 1703, 1754, 1755, 1705, 1755, 1756, 1707, 1756, 1757, 1709, 1757, 1758, 1711, 1758, 1759, 1713, 1759, 1760, 1715, 1760, 1761, 1717, 1761, 1762, 1719, 1762, 1763, 1749, 566, 1764, 1750, 1764, 1765, 1751, 1765, 1766, 1752, 1766, 1767, 1753, 1767, 1768, 1754, 1768, 1769, 1755, 1769, 1770, 1756, 1770, 1771, 1757, 1771, 1772, 1758, 1772, 1773, 1759, 1773, 1774, 1760, 1774, 1775, 1761, 1775, 1776, 1762, 1776, 1777, 1763, 1777, 1778, 1779, 1778, 1780, 1781, 1718, 1719, 1782, 1763, 1779, 1783, 1719, 1782, 1781, 1719, 1783, 1764, 587, 1784, 1765, 1784, 1785, 1766, 1785, 1786, 1767, 1786, 1787, 1768, 1787, 1788, 1769, 1788, 1789, 1770, 1789, 1790, 1771, 1790, 1791, 1772, 1791, 1792, 1773, 1792, 1793, 1774, 1793, 1794, 1775, 1794, 1795, 1776, 1795, 1796, 1777, 1796, 1797, 1778, 1797, 1798, 1780, 1798, 1799, 1784, 604, 1800, 1785, 1800, 1801, 1786, 1801, 1802, 1787, 1802, 1803, 1788, 1803, 1804, 1789, 1804, 1805, 1790, 1805, 1806, 1791, 1806, 1807, 1792, 1807, 1808, 1793, 1808, 1809, 1794, 1809, 1810, 1795, 1810, 1811, 1796, 1811, 1812, 1797, 1812, 1813, 1798, 1813, 1814, 1800, 620, 1815, 1801, 1815, 1816, 1802, 1816, 1817, 1803, 1817, 1818, 1804, 1818, 1819, 1805, 1819, 1820, 1806, 1820, 1821, 1807, 1821, 1822, 1808, 1822, 1823, 1809, 1823, 1824, 1810, 1824, 1825, 1811, 1825, 1826, 1812, 1826, 1827, 1813, 1827, 1828, 1814, 1828, 1829, 1341, 1829, 1343, 1830, 1832, 1831, 1833, 1831, 1834, 1835, 1834, 1836, 1837, 1836, 1838, 1839, 1838, 1840, 1841, 1840, 1842, 1843, 1842, 1844, 1845, 1844, 1846, 1847, 1846, 1848, 1849, 1848, 1850, 1851, 1850, 1852, 1853, 1852, 1854, 1855, 1854, 1856, 1857, 1856, 1858, 1831, 1860, 1859, 1834, 1859, 1861, 1836, 1861, 1862, 1838, 1862, 1863, 1840, 1863, 1864, 1842, 1864, 1865, 1844, 1865, 1866, 1846, 1866, 1867, 1848, 1867, 1868, 1850, 1868, 1869, 1852, 1869, 1870, 1854, 1870, 1871, 1856, 1871, 1872, 1858, 1872, 1352, 1859, 1874, 1873, 1861, 1873, 1875, 1862, 1875, 1876, 1863, 1876, 1877, 1864, 1877, 1878, 1865, 1878, 1879, 1866, 1879, 1880, 1867, 1880, 1881, 1868, 1881, 1882, 1869, 1882, 1883, 1870, 1883, 1884, 1828, 1855, 1829, 1827, 1853, 1828, 1826, 1851, 1827, 1825, 1849, 1826, 1824, 1847, 1825, 1823, 1845, 1824, 1822, 1843, 1823, 1821, 1841, 1822, 1820, 1839, 1821, 1819, 1837, 1820, 1818, 1835, 1819, 1817, 1833, 1818, 1341, 1339, 1814, 1814, 1799, 1798, 1814, 1336, 1885, 1456, 1443, 1454, 1600, 392, 693, 1345, 1343, 1829, 1346, 1858, 1363, 1345, 1855, 1857, 1886, 1352, 1347, 1363, 1858, 1886, 1370, 1887, 1337, 1370, 1337, 1338, 1376, 1888, 1384, 1889, 1891, 1890, 1892, 1894, 1893, 1895, 1896, 1894, 1889, 1898, 1897, 1898, 1900, 1899, 1900, 1901, 1899, 1895, 1903, 1902, 1892, 1905, 1904, 1897, 1905, 1891, 1906, 1900, 1898, 1907, 1901, 1900, 1908, 1909, 1907, 1906, 1908, 1907, 1910, 1912, 1911, 1895, 1914, 1913, 1914, 1904, 1915, 1904, 1916, 1915, 1899, 1901, 1916, 1898, 1916, 1897, 1898, 1889, 1906, 1912, 1889, 1890, 1903, 1917, 1902, 1908, 1919, 1918, 1908, 1910, 1919, 1920, 1922, 1921, 1921, 1917, 1923, 1919, 1925, 1924, 1926, 1917, 1922, 1910, 1927, 1919, 1902, 1928, 1896, 1894, 1354, 1893, 1890, 1394, 1912, 1891, 1364, 1890, 1905, 1360, 1891, 1893, 1354, 1905, 1353, 1896, 1367, 1391, 1912, 1394, 1385, 1911, 1391, 1888, 1927, 1385, 1929, 1925, 1888, 1367, 1928, 1373, 1930, 1352, 1872, 1931, 1870, 1884, 1930, 1871, 1931, 1932, 1884, 1883, 1933, 1878, 1934, 1935, 1879, 1933, 1936, 1880, 1935, 1937, 1881, 1936, 1932, 1882, 1937, 1938, 1934, 1878, 1939, 1873, 1874, 1939, 1875, 1873, 750, 1875, 1939, 751, 1876, 750, 1938, 1877, 751, 1940, 1942, 1941, 752, 1941, 1943, 755, 1943, 1944, 757, 1944, 1945, 759, 1945, 1946, 761, 1946, 1947, 791, 1947, 1948, 1941, 1950, 1949, 1943, 1949, 1951, 1944, 1951, 1952, 1945, 1952, 1953, 1946, 1953, 1954, 1947, 1954, 1955, 1948, 1955, 1956, 1949, 1958, 1957, 1951, 1957, 1959, 1952, 1959, 1960, 1953, 1960, 1961, 1954, 1961, 1962, 1955, 1962, 1963, 1956, 1955, 1963, 1957, 1965, 1964, 1959, 1964, 1966, 1960, 1966, 1967, 1961, 1967, 1968, 1962, 1968, 1969, 1963, 1969, 1970, 1964, 1972, 1971, 1966, 1971, 1973, 1967, 1973, 1974, 1968, 1974, 1975, 1969, 1975, 1976, 1970, 1976, 1977, 1971, 1979, 1978, 1973, 1978, 1980, 1974, 1980, 1981, 1975, 1981, 1982, 1976, 1984, 1983, 1977, 1983, 1985, 1986, 1988, 1987, 784, 1987, 779, 1987, 1990, 1989, 779, 1989, 774, 1989, 1992, 1991, 774, 1991, 769, 1991, 1994, 1993, 769, 1993, 763, 1993, 1996, 1995, 763, 1995, 753, 1995, 1997, 1940, 753, 1940, 752, 1956, 1963, 1816, 1948, 620, 791, 1956, 1815, 1948, 1956, 1816, 1815, 1816, 1963, 1830, 1816, 1830, 1817, 1998, 2000, 1999, 2001, 2003, 2002, 2004, 2006, 2005, 2007, 2009, 2008, 2007, 2011, 2010, 2009, 2012, 2008, 2008, 2013, 2011, 2011, 2013, 2014, 2011, 2014, 2015, 2016, 2004, 2017, 2017, 2004, 2018, 2004, 2015, 2018, 2002, 2020, 2019, 2019, 1998, 2002, 2021, 2019, 2022, 2022, 2020, 2023, 2023, 2016, 2024, 2024, 2017, 2025, 2025, 2018, 2026, 2026, 2015, 2027, 2027, 2015, 2028, 2015, 2029, 2028, 2014, 2030, 2029, 2012, 2030, 2013, 2031, 2032, 2012, 1998, 2033, 2031, 2027, 2035, 2034, 2027, 2036, 2035, 2028, 2037, 2036, 2029, 2038, 2037, 2032, 2038, 2030, 2033, 2039, 2032, 1998, 2040, 2033, 2025, 2042, 2041, 2043, 2025, 2041, 2044, 2024, 2043, 2044, 2022, 2023, 2045, 2046, 2022, 2047, 2021, 2046, 2047, 2048, 1998, 2049, 2046, 2045, 2049, 2044, 2050, 2050, 2043, 2051, 2051, 2041, 2052, 2052, 2042, 2053, 2053, 2034, 2054, 2034, 2055, 2054, 2035, 2036, 2055, 2056, 2048, 2047, 2050, 2058, 2057, 2058, 2052, 2059, 2059, 2053, 2060, 2060, 2054, 2061, 2061, 2055, 2062, 2055, 2063, 2062, 2036, 2064, 2063, 2037, 2065, 2064, 2039, 2065, 2038, 2039, 2067, 2066, 2040, 2067, 2039, 2048, 2068, 2040, 2056, 2069, 2048, 2070, 2056, 2071, 2072, 2070, 2071, 2073, 2071, 2049, 2074, 2072, 2071, 1044, 2060, 869, 869, 2061, 2075, 2075, 2062, 2076, 2076, 2063, 2077, 2063, 2078, 2077, 2063, 2064, 2078, 2069, 2079, 2068, 2069, 2081, 2080, 2082, 2081, 2069, 2070, 2083, 2082, 2084, 2070, 2072, 2085, 2072, 2074, 2086, 2058, 880, 2087, 2057, 2086, 2088, 2073, 2087, 2088, 2074, 2073, 2089, 2085, 2074, 2064, 2090, 2078, 2065, 2091, 2090, 2066, 2092, 2091, 2067, 2093, 2092, 2068, 2079, 2093, 893, 2076, 2094, 893, 2094, 892, 892, 2095, 895, 2076, 2095, 2094, 2076, 2097, 2096, 2077, 2098, 2097, 2078, 2099, 2098, 2090, 2100, 2099, 2091, 2101, 2100, 2091, 2102, 2101, 2093, 2102, 2092, 2079, 2103, 2093, 2080, 2104, 2079, 2081, 2105, 2080, 2083, 2106, 2081, 2107, 2083, 2108, 2109, 2108, 2084, 895, 2110, 910, 2095, 2111, 2110, 2096, 2112, 2111, 2097, 2113, 2112, 2098, 2114, 2113, 2099, 2115, 2114, 2100, 2116, 2115, 2117, 2119, 2118, 2120, 2122, 2121, 2121, 2123, 2120, 2124, 2125, 2123, 2126, 2110, 2117, 2110, 2127, 2117, 2127, 2112, 2122, 2112, 2121, 2122, 2113, 2124, 2121, 2114, 2128, 2124, 2115, 2129, 2128, 2130, 2132, 2131, 1046, 2133, 933, 2131, 2134, 2133, 1045, 2130, 936, 2118, 2135, 2130, 2119, 2136, 2135, 2135, 2137, 2132, 2132, 2138, 2134, 2133, 2134, 2139, 933, 2139, 941, 2134, 2138, 2139, 2139, 943, 941, 943, 2140, 945, 2141, 2142, 2140, 2143, 2145, 2144, 2146, 2148, 2147, 2144, 2142, 2148, 2143, 2146, 2149, 2125, 2149, 2150, 2123, 2150, 2151, 2120, 2151, 2136, 2152, 2154, 2153, 2125, 2153, 2143, 2128, 2152, 2125, 2128, 2129, 2155, 2129, 2156, 2155, 2155, 2154, 2152, 2157, 2158, 2154, 2157, 2155, 2156, 2157, 2160, 2159, 2116, 2156, 2129, 2161, 2162, 2156, 2156, 2162, 2160, 2160, 2162, 2163, 2116, 2164, 2161, 2164, 2162, 2161, 2162, 2165, 2163, 2166, 2165, 2162, 2163, 2168, 2167, 2167, 2170, 2169, 2169, 2172, 2171, 2101, 2164, 2116, 2173, 2166, 2164, 2166, 2174, 2165, 2175, 2174, 2166, 2176, 2177, 984, 2178, 2172, 2179, 2177, 985, 984, 2177, 2180, 985, 985, 2180, 987, 2172, 2182, 2181, 2183, 2185, 2184, 2170, 2186, 2182, 2168, 2187, 2186, 2188, 2183, 2184, 2180, 996, 987, 2189, 2188, 2190, 2191, 2183, 2189, 2191, 2192, 2183, 2174, 2187, 2165, 2193, 2187, 2174, 2192, 2194, 2183, 2194, 2195, 2185, 2196, 2197, 2194, 2198, 2197, 2199, 2197, 2200, 2195, 2201, 2196, 2202, 2203, 2199, 2201, 2204, 2175, 2173, 2175, 2205, 2193, 2103, 2204, 2102, 2206, 2207, 2204, 2208, 2205, 2207, 2104, 2206, 2103, 2209, 2208, 2206, 2210, 2211, 2208, 2212, 2214, 2213, 2215, 2216, 2200, 2198, 2217, 2215, 2214, 2218, 2198, 2214, 2219, 2218, 2214, 2203, 2213, 2220, 2210, 2209, 2221, 2219, 2222, 2221, 2212, 2223, 2224, 2223, 2225, 2226, 2227, 2210, 2228, 2210, 2229, 2230, 2229, 2231, 2231, 2220, 2232, 2232, 2105, 2106, 2233, 2106, 2234, 2235, 2234, 2107, 2236, 2107, 2109, 2237, 2233, 2235, 2238, 2232, 2233, 2239, 2231, 2238, 2240, 2225, 2241, 2242, 2238, 2237, 2243, 2241, 2244, 880, 2059, 1044, 869, 2075, 893, 2126, 2118, 1045, 936, 2131, 1046, 2245, 1048, 1049, 2246, 2247, 2245, 2248, 2249, 2246, 2250, 1049, 1054, 2251, 2245, 2250, 2252, 2246, 2251, 2253, 2248, 2252, 2254, 2255, 2248, 1061, 2086, 880, 2247, 1061, 1048, 2249, 2087, 2247, 2255, 2087, 2249, 2256, 2255, 2257, 2256, 2087, 2255, 2256, 2088, 2087, 2258, 2260, 2259, 2261, 2262, 2258, 2250, 1068, 2263, 2251, 2263, 2264, 2252, 2264, 2265, 2253, 2265, 2266, 2267, 2269, 2268, 2270, 2268, 2269, 2270, 2263, 1068, 2269, 2264, 2263, 2261, 2265, 2264, 2258, 2266, 2265, 1203, 2268, 1076, 2268, 2272, 2271, 2268, 2262, 2267, 2268, 2271, 2273, 2271, 2274, 2273, 2272, 2275, 2271, 2272, 2277, 2276, 2262, 2278, 2260, 2262, 2274, 2278, 2274, 2280, 2279, 2275, 2281, 2280, 2276, 2282, 2281, 2279, 2284, 2283, 2281, 2284, 2280, 2281, 2286, 2285, 2278, 2288, 2287, 2274, 2288, 2278, 2288, 2283, 2289, 2289, 2291, 2290, 2283, 2292, 2291, 2284, 2293, 2292, 2290, 2295, 2294, 2291, 2296, 2295, 2292, 2297, 2296, 2298, 2300, 2299, 2296, 2301, 2295, 2299, 2300, 2301, 2295, 2302, 2294, 2295, 2303, 2302, 2301, 2304, 2303, 2300, 2305, 2304, 2306, 2307, 2305, 2308, 2309, 2307, 2297, 2299, 2296, 2310, 2298, 2299, 2286, 2293, 2285, 2311, 2297, 2293, 2312, 2310, 2297, 2313, 2298, 2310, 2298, 2308, 2306, 2314, 2298, 2313, 2315, 2308, 2298, 2308, 2316, 2309, 2317, 2308, 2315, 2315, 2318, 2317, 2319, 2318, 2314, 2319, 2313, 2312, 2320, 2277, 2321, 2322, 2282, 2277, 2320, 2323, 2322, 2322, 2323, 2324, 2311, 2319, 2312, 2325, 2311, 2286, 2324, 2286, 2282, 2324, 2323, 2325, 2325, 2323, 2326, 2325, 2327, 2319, 2328, 2089, 2088, 2329, 2330, 2089, 2329, 2331, 2330, 2329, 2089, 2328, 2330, 2085, 2089, 2331, 2085, 2330, 2309, 2332, 2307, 2333, 2335, 2334, 2336, 2338, 2337, 2307, 2339, 2305, 2332, 2340, 2339, 2340, 2334, 2341, 2342, 2343, 2287, 2344, 2345, 2342, 2288, 2289, 2287, 2289, 2290, 2287, 2290, 2342, 2287, 2294, 2342, 2290, 2294, 2302, 2342, 2346, 2331, 2329, 2302, 2344, 2342, 2347, 2302, 2303, 2348, 2303, 2304, 2348, 2305, 2339, 2349, 2348, 2339, 2350, 2347, 2348, 2347, 2352, 2351, 2351, 2353, 2344, 2341, 2354, 2340, 2341, 2355, 2354, 2356, 2331, 2346, 2353, 2357, 2344, 2358, 2352, 2359, 2360, 2353, 2352, 2361, 2362, 2353, 2363, 2365, 2364, 2366, 2364, 2367, 2368, 2367, 2369, 2370, 2369, 2371, 2337, 2371, 2336, 2372, 2365, 2363, 2373, 2363, 2366, 2374, 2366, 2368, 2375, 2368, 2370, 2375, 2370, 2337, 2376, 2372, 2373, 2377, 2373, 2374, 2378, 2374, 2375, 2379, 2375, 2337, 2380, 2337, 2338, 2380, 2338, 2381, 2382, 2383, 2236, 2237, 2236, 2383, 2236, 2331, 2382, 2109, 2085, 2331, 2242, 2383, 2384, 2385, 2386, 2356, 2356, 2386, 2387, 2386, 2388, 2387, 2389, 2386, 2385, 2390, 2392, 2391, 2387, 2382, 2356, 2387, 2383, 2382, 2393, 2394, 2392, 2139, 2148, 2141, 2158, 2153, 2154, 2122, 2119, 2127, 2101, 2204, 2173, 2209, 2105, 2220, 2056, 2046, 2071, 2002, 1999, 2001, 1998, 2031, 2009, 2395, 2004, 2003, 2021, 1998, 2396, 2010, 2015, 2005, 2004, 2005, 2015, 2020, 2003, 2016, 2073, 2050, 2057, 2026, 2034, 2042, 2316, 2397, 2309, 2316, 2381, 2397, 2393, 2323, 2394, 2376, 2399, 2398, 2377, 2400, 2376, 2378, 2318, 2377, 2379, 2317, 2378, 2380, 2316, 2379, 2401, 2244, 2323, 323, 2402, 1523, 1537, 2243, 2401, 1535, 2243, 1537, 1533, 2240, 1535, 1531, 2224, 1533, 1529, 2221, 1531, 1526, 2219, 1529, 1527, 2218, 1526, 1543, 2272, 2403, 1521, 1203, 1204, 1543, 2403, 1521, 2320, 1537, 2401, 2320, 1539, 1537, 2321, 1539, 2320, 2321, 1541, 1539, 2272, 1541, 2321, 2388, 2384, 2383, 1419, 1298, 1404, 1298, 1314, 1297, 1291, 1283, 2404, 2405, 1284, 1288, 2406, 1830, 1963, 2407, 1963, 2408, 2333, 2410, 2409, 2411, 1380, 2412, 2412, 1381, 1388, 2407, 2408, 2413, 2414, 783, 778, 2, 0, 9, 1, 3, 0, 7, 3, 5, 6, 0, 3, 8, 9, 0, 8, 11, 10, 12, 13, 11, 14, 16, 15, 17, 20, 19, 17, 12, 21, 8, 21, 12, 6, 20, 21, 26, 19, 23, 27, 18, 19, 28, 16, 18, 30, 15, 16, 31, 13, 15, 34, 26, 24, 33, 25, 26, 35, 27, 25, 37, 29, 28, 38, 30, 29, 39, 31, 30, 40, 32, 31, 43, 33, 34, 42, 35, 33, 44, 36, 35, 45, 37, 36, 46, 38, 37, 47, 39, 38, 48, 40, 39, 49, 41, 40, 56, 22, 5, 61, 24, 60, 61, 43, 34, 61, 63, 62, 65, 55, 54, 65, 61, 60, 68, 66, 73, 68, 70, 67, 73, 75, 74, 76, 79, 78, 79, 81, 78, 81, 74, 75, 71, 84, 70, 83, 90, 89, 81, 91, 90, 82, 92, 91, 95, 91, 92, 94, 90, 91, 96, 89, 90, 97, 88, 89, 101, 99, 108, 104, 102, 125, 103, 105, 102, 105, 112, 102, 115, 104, 125, 100, 115, 99, 107, 116, 122, 109, 119, 116, 116, 118, 121, 116, 120, 122, 124, 122, 120, 112, 125, 102, 127, 125, 126, 127, 99, 115, 99, 110, 107, 105, 129, 113, 134, 132, 2415, 129, 133, 134, 133, 135, 132, 133, 137, 136, 131, 124, 120, 141, 139, 692, 140, 142, 139, 143, 144, 142, 145, 146, 144, 147, 148, 146, 152, 150, 153, 155, 153, 150, 158, 156, 170, 157, 159, 156, 160, 145, 159, 161, 147, 160, 163, 157, 158, 162, 161, 157, 164, 149, 161, 167, 162, 163, 166, 164, 162, 168, 165, 164, 170, 169, 175, 156, 171, 169, 159, 143, 171, 172, 171, 143, 173, 169, 171, 174, 175, 169, 178, 173, 172, 177, 696, 174, 1207, 177, 178, 184, 180, 182, 183, 179, 180, 185, 186, 179, 150, 188, 189, 184, 189, 188, 188, 183, 184, 191, 185, 183, 192, 187, 185, 151, 191, 188, 194, 192, 191, 195, 193, 192, 168, 195, 194, 166, 196, 195, 152, 194, 151, 152, 197, 165, 200, 198, 231, 199, 201, 198, 202, 203, 201, 204, 205, 203, 207, 101, 208, 209, 208, 210, 211, 210, 212, 213, 212, 214, 215, 214, 220, 210, 216, 217, 212, 217, 218, 214, 218, 219, 220, 219, 225, 217, 221, 222, 218, 222, 223, 219, 223, 224, 225, 224, 230, 222, 226, 227, 223, 227, 228, 224, 228, 229, 230, 229, 242, 231, 103, 200, 200, 104, 234, 232, 204, 233, 233, 202, 235, 199, 234, 241, 235, 199, 241, 207, 114, 100, 234, 114, 236, 215, 237, 213, 213, 239, 211, 211, 240, 209, 209, 236, 207, 238, 233, 237, 237, 235, 239, 239, 241, 240, 240, 234, 236, 226, 124, 138, 243, 229, 2416, 246, 244, 248, 248, 247, 253, 216, 124, 221, 106, 130, 105, 136, 249, 251, 251, 250, 253, 252, 136, 251, 253, 252, 251, 249, 106, 231, 256, 246, 257, 257, 248, 258, 205, 257, 203, 203, 258, 201, 201, 250, 198, 198, 249, 231, 259, 13, 260, 261, 260, 262, 263, 262, 264, 265, 264, 266, 267, 266, 268, 269, 268, 270, 271, 270, 272, 273, 272, 537, 274, 11, 259, 275, 259, 261, 276, 261, 263, 277, 263, 265, 278, 265, 267, 279, 267, 269, 280, 269, 271, 281, 271, 273, 32, 256, 205, 215, 266, 238, 238, 264, 232, 232, 262, 206, 206, 260, 205, 260, 32, 205, 274, 9, 10, 278, 283, 277, 277, 285, 276, 276, 286, 275, 275, 282, 274, 272, 230, 537, 287, 281, 544, 268, 220, 270, 270, 225, 272, 284, 279, 288, 288, 280, 287, 291, 289, 292, 293, 292, 294, 295, 294, 296, 297, 296, 298, 299, 298, 300, 301, 300, 302, 303, 302, 304, 305, 304, 306, 307, 306, 308, 309, 308, 310, 311, 310, 312, 313, 312, 314, 315, 314, 316, 317, 316, 369, 320, 318, 1204, 323, 321, 325, 325, 326, 328, 328, 327, 330, 330, 329, 332, 332, 331, 334, 334, 333, 336, 336, 335, 338, 338, 337, 340, 340, 339, 342, 342, 341, 343, 343, 319, 320, 64, 344, 63, 348, 346, 350, 350, 349, 352, 352, 351, 354, 354, 353, 356, 356, 355, 358, 358, 357, 360, 360, 359, 361, 362, 363, 365, 365, 364, 367, 367, 366, 54, 54, 368, 65, 65, 345, 64, 319, 289, 318, 345, 317, 344, 347, 293, 346, 346, 295, 349, 349, 297, 351, 351, 299, 353, 353, 301, 355, 355, 303, 357, 357, 305, 359, 359, 307, 363, 363, 309, 364, 364, 311, 366, 366, 313, 368, 368, 315, 345, 322, 316, 321, 321, 314, 324, 324, 312, 326, 326, 308, 327, 327, 306, 329, 329, 304, 331, 331, 302, 333, 333, 300, 335, 335, 298, 337, 337, 296, 339, 339, 294, 341, 341, 292, 319, 370, 361, 371, 371, 362, 372, 372, 365, 374, 365, 51, 373, 4, 378, 59, 59, 379, 381, 381, 380, 383, 383, 382, 385, 385, 384, 387, 387, 386, 389, 389, 388, 390, 390, 376, 377, 381, 57, 59, 377, 370, 390, 390, 371, 389, 389, 372, 387, 387, 374, 385, 385, 373, 383, 383, 52, 381, 391, 360, 370, 392, 350, 393, 393, 352, 394, 394, 354, 395, 395, 356, 375, 375, 358, 391, 397, 1, 2, 398, 394, 399, 399, 395, 400, 400, 375, 401, 401, 376, 402, 402, 388, 403, 403, 386, 404, 404, 384, 405, 405, 382, 406, 406, 380, 407, 407, 379, 408, 408, 378, 409, 409, 1, 396, 9, 397, 2, 396, 411, 409, 398, 412, 693, 409, 414, 408, 407, 415, 406, 406, 416, 405, 405, 417, 404, 404, 418, 403, 403, 419, 402, 402, 420, 401, 401, 421, 400, 400, 422, 399, 399, 413, 398, 425, 423, 426, 427, 426, 428, 429, 428, 430, 431, 430, 432, 433, 432, 434, 435, 434, 436, 437, 436, 438, 439, 438, 440, 441, 440, 442, 443, 442, 444, 445, 444, 446, 447, 446, 448, 449, 448, 450, 451, 450, 452, 453, 452, 454, 455, 454, 456, 93, 456, 457, 92, 457, 458, 95, 458, 548, 461, 459, 462, 463, 462, 464, 465, 464, 466, 467, 466, 468, 469, 468, 470, 471, 470, 472, 473, 472, 474, 475, 474, 476, 477, 476, 478, 479, 478, 480, 481, 480, 482, 483, 482, 484, 485, 484, 486, 487, 486, 488, 489, 488, 490, 76, 490, 80, 493, 491, 494, 495, 494, 496, 497, 496, 498, 499, 498, 500, 501, 500, 502, 503, 502, 504, 505, 504, 506, 507, 506, 508, 509, 508, 510, 511, 510, 512, 513, 512, 514, 515, 514, 516, 517, 516, 518, 519, 518, 520, 521, 520, 549, 524, 413, 525, 525, 422, 526, 526, 421, 527, 527, 420, 528, 528, 419, 529, 529, 418, 530, 531, 417, 532, 532, 416, 533, 533, 415, 534, 534, 414, 535, 535, 411, 536, 536, 410, 522, 286, 410, 282, 255, 50, 1734, 538, 230, 539, 539, 242, 540, 541, 242, 542, 543, 537, 538, 546, 281, 547, 547, 273, 543, 523, 287, 522, 541, 458, 540, 540, 457, 539, 539, 456, 538, 538, 454, 543, 543, 452, 547, 547, 450, 546, 546, 448, 545, 545, 444, 536, 536, 442, 535, 535, 440, 534, 534, 438, 533, 533, 436, 532, 532, 434, 531, 531, 432, 530, 530, 428, 529, 529, 426, 528, 527, 423, 526, 462, 424, 425, 464, 425, 427, 466, 427, 429, 468, 429, 431, 470, 431, 433, 472, 433, 435, 474, 435, 437, 476, 437, 439, 478, 439, 441, 480, 441, 443, 482, 443, 445, 484, 445, 447, 486, 447, 449, 488, 449, 451, 490, 451, 453, 80, 453, 455, 79, 455, 93, 494, 460, 461, 496, 461, 463, 498, 463, 465, 500, 465, 467, 502, 467, 469, 504, 469, 471, 506, 471, 473, 508, 473, 475, 510, 475, 477, 512, 477, 479, 514, 479, 481, 516, 481, 483, 518, 483, 485, 520, 485, 487, 549, 487, 489, 73, 489, 76, 551, 492, 493, 552, 493, 495, 553, 495, 497, 554, 497, 499, 555, 499, 501, 556, 501, 503, 557, 503, 505, 558, 505, 507, 559, 507, 509, 560, 509, 511, 561, 511, 513, 562, 513, 515, 563, 515, 517, 564, 517, 519, 565, 519, 521, 567, 550, 551, 568, 551, 552, 569, 552, 553, 570, 553, 554, 571, 554, 555, 572, 555, 556, 573, 556, 557, 574, 557, 558, 575, 558, 559, 576, 559, 560, 577, 560, 561, 578, 561, 562, 579, 562, 563, 580, 563, 564, 581, 564, 565, 582, 565, 583, 521, 73, 586, 583, 521, 584, 588, 566, 567, 589, 567, 568, 590, 568, 569, 591, 569, 570, 592, 570, 571, 593, 571, 572, 594, 572, 573, 595, 573, 574, 596, 574, 575, 597, 575, 576, 598, 576, 577, 599, 577, 578, 600, 578, 579, 601, 579, 580, 602, 580, 581, 603, 581, 582, 605, 587, 588, 606, 588, 589, 607, 589, 590, 608, 590, 591, 609, 591, 592, 610, 592, 593, 611, 593, 594, 612, 594, 595, 613, 595, 596, 614, 596, 597, 615, 597, 598, 616, 598, 599, 617, 599, 600, 618, 600, 601, 619, 601, 602, 621, 604, 605, 622, 605, 606, 623, 606, 607, 624, 607, 608, 625, 608, 609, 626, 609, 610, 627, 610, 611, 628, 611, 612, 629, 612, 613, 630, 613, 614, 631, 614, 615, 632, 615, 616, 633, 616, 617, 634, 617, 618, 635, 618, 619, 144, 619, 142, 638, 636, 639, 640, 639, 641, 642, 641, 643, 644, 643, 645, 646, 645, 647, 648, 647, 649, 650, 649, 651, 652, 651, 653, 654, 653, 655, 656, 655, 657, 658, 657, 659, 660, 659, 661, 662, 661, 663, 664, 663, 148, 666, 637, 638, 667, 638, 640, 668, 640, 642, 669, 642, 644, 670, 644, 646, 671, 646, 648, 672, 648, 650, 673, 650, 652, 674, 652, 654, 675, 654, 656, 676, 656, 658, 677, 658, 660, 678, 660, 662, 154, 662, 664, 680, 665, 666, 681, 666, 667, 682, 667, 668, 683, 668, 669, 684, 669, 670, 685, 670, 671, 686, 671, 672, 687, 672, 673, 688, 673, 674, 689, 674, 675, 690, 675, 676, 635, 661, 634, 634, 659, 633, 633, 657, 632, 632, 655, 631, 631, 653, 630, 630, 651, 629, 629, 649, 628, 628, 647, 627, 627, 645, 626, 626, 643, 625, 625, 641, 624, 624, 639, 623, 602, 691, 619, 691, 139, 619, 258, 253, 250, 693, 393, 398, 165, 148, 149, 148, 635, 146, 153, 664, 197, 141, 178, 172, 696, 176, 174, 699, 697, 706, 702, 700, 723, 701, 703, 700, 703, 710, 700, 713, 702, 723, 698, 713, 697, 705, 714, 720, 707, 717, 714, 714, 716, 719, 714, 718, 720, 722, 720, 718, 710, 723, 700, 725, 723, 724, 725, 697, 713, 697, 708, 705, 699, 720, 721, 703, 727, 711, 731, 729, 716, 727, 732, 2417, 730, 733, 729, 732, 735, 736, 729, 722, 718, 704, 728, 703, 702, 170, 701, 721, 167, 699, 699, 163, 698, 698, 158, 712, 175, 701, 170, 196, 722, 193, 193, 733, 187, 187, 734, 186, 695, 735, 176, 176, 704, 175, 678, 155, 2418, 690, 677, 737, 737, 678, 2418, 739, 685, 740, 740, 686, 741, 741, 687, 742, 742, 688, 743, 743, 689, 738, 746, 744, 1938, 1939, 749, 750, 750, 748, 751, 751, 746, 1938, 754, 752, 755, 756, 755, 757, 758, 757, 759, 760, 759, 761, 762, 761, 791, 764, 753, 754, 765, 754, 756, 766, 756, 758, 767, 758, 760, 768, 760, 762, 770, 763, 764, 771, 764, 765, 772, 765, 766, 773, 766, 767, 775, 769, 770, 776, 770, 771, 777, 771, 772, 778, 772, 773, 780, 774, 775, 781, 775, 776, 782, 776, 777, 783, 777, 778, 785, 779, 780, 786, 780, 781, 788, 781, 782, 790, 782, 783, 791, 621, 762, 794, 792, 814, 797, 795, 1200, 801, 793, 2419, 803, 801, 2419, 801, 804, 792, 802, 805, 801, 809, 796, 817, 812, 796, 797, 797, 813, 812, 815, 813, 840, 816, 812, 815, 818, 811, 816, 819, 817, 818, 820, 809, 819, 821, 810, 820, 822, 807, 808, 823, 806, 807, 806, 825, 805, 805, 826, 804, 827, 822, 821, 829, 823, 822, 830, 824, 823, 824, 832, 825, 825, 833, 826, 826, 834, 814, 836, 820, 819, 836, 818, 837, 837, 816, 843, 816, 838, 843, 815, 839, 838, 839, 814, 841, 838, 842, 868, 844, 838, 868, 845, 843, 844, 846, 837, 845, 847, 836, 846, 848, 835, 847, 848, 827, 828, 852, 845, 844, 853, 845, 851, 854, 846, 853, 855, 847, 854, 856, 848, 855, 856, 829, 849, 857, 830, 829, 858, 831, 830, 831, 860, 832, 832, 862, 833, 833, 863, 834, 834, 864, 850, 842, 864, 865, 868, 867, 881, 869, 853, 1044, 870, 854, 869, 871, 855, 870, 872, 856, 871, 862, 874, 863, 863, 877, 864, 864, 878, 865, 866, 878, 879, 867, 879, 886, 880, 852, 882, 882, 881, 883, 881, 885, 884, 873, 859, 858, 887, 860, 859, 888, 861, 860, 889, 862, 861, 891, 870, 893, 895, 891, 892, 891, 896, 871, 896, 872, 871, 897, 873, 872, 898, 887, 873, 899, 888, 887, 901, 889, 888, 889, 903, 890, 890, 904, 875, 875, 905, 874, 874, 906, 876, 876, 907, 877, 878, 907, 908, 879, 908, 1035, 910, 894, 895, 909, 896, 894, 911, 897, 896, 912, 898, 897, 913, 899, 898, 914, 900, 899, 915, 901, 900, 919, 917, 927, 922, 923, 921, 924, 925, 923, 927, 910, 2126, 927, 911, 909, 920, 911, 917, 920, 913, 912, 921, 914, 913, 923, 915, 914, 925, 916, 915, 931, 929, 935, 933, 931, 1046, 932, 930, 931, 936, 919, 1045, 935, 918, 919, 929, 922, 918, 930, 937, 929, 934, 938, 930, 941, 932, 933, 941, 942, 940, 945, 942, 943, 944, 946, 942, 951, 948, 955, 950, 948, 951, 952, 951, 953, 946, 950, 951, 954, 951, 955, 956, 955, 926, 957, 926, 924, 937, 924, 922, 955, 959, 926, 926, 960, 925, 959, 962, 960, 958, 963, 962, 963, 961, 962, 928, 966, 916, 966, 970, 969, 973, 971, 968, 975, 972, 973, 977, 974, 975, 916, 978, 901, 969, 979, 978, 970, 981, 979, 984, 982, 2176, 983, 977, 982, 985, 976, 983, 986, 974, 976, 991, 989, 994, 988, 972, 974, 992, 971, 972, 987, 988, 986, 996, 994, 988, 980, 997, 981, 994, 997, 993, 990, 998, 989, 989, 1000, 997, 1000, 1001, 1003, 999, 1001, 998, 981, 1000, 1004, 1004, 1003, 1009, 978, 1005, 1007, 981, 1005, 979, 902, 1006, 903, 1007, 1008, 1006, 1005, 1009, 1008, 903, 1010, 904, 1006, 1011, 1010, 1008, 1012, 1011, 1012, 1013, 1028, 1002, 1019, 1001, 1001, 1018, 1003, 1018, 1013, 1014, 1012, 1003, 1014, 1010, 1023, 1031, 1026, 1020, 1024, 1027, 1024, 1038, 1023, 1028, 1029, 1030, 1029, 1037, 1032, 1023, 1030, 906, 1031, 1032, 907, 1032, 1033, 908, 1033, 1034, 1035, 1034, 1190, 1034, 1036, 1041, 1033, 1030, 1036, 1036, 1037, 1040, 1039, 1038, 1042, 1041, 1040, 2420, 1043, 1042, 1202, 1044, 851, 880, 1045, 927, 2126, 1046, 935, 936, 1049, 1047, 1051, 1051, 1050, 1053, 1053, 1052, 1056, 1054, 1051, 1055, 1055, 1053, 1057, 1057, 1056, 1059, 1059, 1058, 2421, 1056, 1060, 1058, 1048, 883, 1047, 1061, 883, 1048, 1065, 1063, 1067, 1067, 1066, 1073, 1069, 1054, 1055, 1070, 1055, 1057, 1071, 1057, 1059, 1072, 1059, 2421, 1075, 1073, 1066, 1074, 1076, 2270, 1068, 1074, 2270, 1069, 1073, 1074, 1070, 1067, 1073, 1071, 1065, 1067, 1076, 1077, 1203, 1079, 1077, 1075, 1066, 1080, 1075, 1080, 1081, 1079, 1079, 1083, 1078, 1083, 1084, 1078, 1086, 1080, 1063, 1088, 1081, 1082, 1087, 1083, 1081, 1089, 1085, 1083, 1092, 1087, 1088, 1087, 1093, 1089, 1093, 1090, 1089, 1086, 1088, 1082, 1097, 1088, 1095, 1099, 1092, 1097, 1098, 1091, 1092, 1100, 1093, 1091, 1103, 1098, 1099, 1102, 1100, 1098, 1104, 1101, 1100, 1108, 1106, 1118, 1102, 1108, 1104, 1110, 1109, 1102, 1111, 1107, 1109, 1112, 1106, 1107, 1113, 1114, 1106, 1104, 1117, 1105, 1093, 1119, 1094, 1101, 1120, 1119, 1105, 1121, 1120, 1121, 1122, 1124, 1122, 1123, 1126, 1126, 1124, 1122, 1124, 1127, 1133, 1120, 1124, 1133, 1084, 1128, 1205, 1085, 1129, 1128, 1128, 1130, 1205, 1120, 1132, 1119, 1090, 1132, 1129, 1133, 1134, 1132, 1115, 1139, 1116, 1143, 1141, 1148, 1113, 1140, 1115, 1147, 1148, 1140, 1150, 1148, 1149, 1096, 1153, 1154, 1154, 1152, 1156, 1154, 1155, 1110, 1111, 1155, 1157, 1112, 1157, 1159, 1147, 1112, 1159, 1147, 1158, 1149, 1159, 1160, 1158, 1155, 1160, 1157, 1156, 1161, 1155, 1158, 1163, 1150, 1151, 1164, 1193, 1156, 1165, 1162, 1160, 1166, 1163, 1161, 1167, 1166, 1162, 1168, 1167, 1172, 1171, 1173, 1174, 1173, 1175, 1176, 1175, 1177, 1146, 1177, 1145, 1173, 1178, 1179, 1175, 1179, 1180, 1177, 1180, 1181, 1179, 1182, 1183, 1180, 1183, 1184, 1181, 1184, 1185, 1145, 1185, 1186, 1144, 1186, 1188, 1189, 1034, 1041, 1164, 1035, 1190, 1138, 879, 1035, 1191, 1041, 2420, 1169, 1182, 1178, 1164, 1196, 1195, 942, 952, 940, 958, 949, 964, 917, 922, 920, 978, 902, 901, 1031, 904, 1010, 842, 841, 850, 1200, 814, 797, 796, 798, 795, 799, 802, 803, 852, 868, 881, 835, 821, 820, 1201, 1188, 1123, 1199, 1134, 1182, 1182, 1127, 1183, 1183, 1125, 1184, 1184, 1126, 1185, 1185, 1123, 1186, 1131, 1202, 1130, 325, 1016, 323, 338, 1042, 336, 336, 1038, 334, 334, 1024, 332, 332, 1021, 330, 330, 1022, 328, 328, 1015, 325, 1077, 342, 343, 1204, 1077, 320, 208, 123, 216, 108, 123, 101, 84, 89, 85, 86, 85, 87, 1206, 636, 2422, 1141, 1140, 1148, 1208, 178, 694, 190, 182, 2423, 1211, 1209, 1212, 1213, 1212, 1214, 1217, 1215, 1214, 1218, 1214, 1212, 1219, 1212, 1209, 1220, 1219, 1221, 1222, 1221, 1223, 1225, 1224, 1226, 1229, 1228, 1231, 1222, 1229, 1220, 1217, 1220, 1229, 1216, 1229, 1231, 1235, 1233, 1228, 1237, 1228, 1227, 1238, 1227, 1226, 1240, 1226, 1224, 1241, 1224, 1223, 1243, 1232, 1234, 1244, 1234, 1235, 1245, 1235, 1236, 1247, 1237, 1238, 1248, 1238, 1239, 1249, 1239, 1240, 1250, 1240, 1241, 42, 1242, 1243, 44, 1243, 1244, 45, 1244, 1245, 46, 1245, 1246, 47, 1246, 1247, 48, 1247, 1248, 49, 1248, 1249, 50, 1249, 1250, 1257, 1215, 1230, 1242, 1262, 1232, 62, 1242, 43, 1264, 62, 63, 1262, 1256, 1257, 1264, 1262, 1263, 1268, 1266, 1269, 1271, 1268, 1284, 1274, 1273, 2424, 1279, 1278, 1280, 1281, 1278, 1282, 1285, 2424, 1273, 1285, 1284, 1286, 1282, 1292, 1293, 1281, 1293, 1294, 1295, 1294, 1296, 94, 1296, 1294, 96, 1294, 1293, 97, 1293, 1292, 98, 1292, 1289, 1299, 1297, 1305, 1302, 1300, 1303, 1304, 1303, 1310, 1311, 1303, 1324, 1313, 1300, 1301, 1313, 1305, 1312, 1316, 1320, 1315, 1317, 1315, 1319, 1319, 1318, 1329, 1318, 1320, 1321, 1323, 1321, 1320, 1325, 1303, 1300, 1312, 1325, 1300, 1327, 1312, 1305, 1327, 1306, 1307, 1328, 1311, 1333, 1332, 1329, 1330, 1328, 1331, 1332, 1334, 1330, 1335, 1328, 1334, 1449, 1335, 1321, 1322, 1338, 1336, 1339, 1340, 1339, 1341, 1342, 1341, 1343, 1344, 1343, 1345, 1346, 1345, 1857, 1349, 1347, 1350, 1352, 1350, 1347, 1355, 1353, 1356, 1357, 1356, 1358, 1344, 1358, 1342, 1346, 1357, 1344, 1361, 1354, 1355, 1362, 1355, 1359, 1363, 1359, 1346, 1365, 1360, 1361, 1366, 1361, 1362, 1348, 1362, 1363, 1356, 1367, 1368, 1358, 1368, 1369, 1342, 1369, 1340, 1371, 1340, 1369, 1372, 1369, 1368, 1373, 1368, 1367, 1375, 1370, 1371, 1378, 1376, 1384, 1378, 1379, 1377, 1382, 1380, 1378, 1383, 1378, 1384, 1385, 1384, 1888, 1349, 1386, 1387, 1388, 1387, 1386, 1389, 1381, 1382, 1390, 1382, 1383, 1391, 1383, 1385, 1392, 1387, 1389, 1393, 1389, 1390, 1394, 1390, 1391, 1365, 1392, 1393, 1364, 1393, 1394, 1366, 1349, 1392, 1347, 1363, 1886, 1397, 1395, 1398, 1399, 1398, 1400, 1401, 1400, 1402, 1403, 1402, 1455, 1299, 1404, 1298, 1405, 1406, 1404, 1407, 1408, 1406, 1409, 1410, 1408, 1411, 1412, 1410, 1404, 1414, 1419, 1406, 1415, 1414, 1408, 1416, 1415, 1410, 1417, 1416, 1419, 1418, 1447, 1414, 1420, 1418, 1415, 1421, 1420, 1416, 1422, 1421, 1425, 1423, 1439, 1424, 1446, 1423, 1420, 1427, 1426, 1421, 1428, 1427, 1304, 1396, 1302, 1302, 1429, 1301, 1403, 1430, 1401, 1401, 1432, 1399, 1396, 1433, 1429, 1399, 1433, 1397, 1434, 1299, 1313, 1301, 1434, 1313, 1435, 1411, 1436, 1436, 1409, 1437, 1437, 1407, 1438, 1438, 1405, 1434, 1431, 1436, 1430, 1430, 1437, 1432, 1432, 1438, 1433, 1433, 1434, 1429, 1425, 1335, 1322, 1442, 1440, 1444, 1444, 1443, 1446, 1446, 1445, 1423, 1323, 1425, 1322, 1449, 1310, 1328, 1449, 1450, 1451, 1451, 1445, 1456, 1335, 1450, 1334, 1423, 1450, 1439, 1449, 1395, 1304, 1441, 1452, 1440, 1440, 1454, 1443, 1453, 1402, 1452, 1452, 1400, 1454, 1454, 1398, 1456, 1456, 1395, 1451, 1459, 1457, 1485, 1458, 1460, 1457, 1461, 1462, 1460, 1463, 1464, 1462, 1465, 1466, 1464, 1467, 1468, 1466, 1469, 1470, 1468, 1471, 1472, 1470, 1475, 1458, 1459, 1474, 1461, 1458, 1476, 1463, 1461, 1477, 1465, 1463, 1478, 1467, 1465, 1479, 1469, 1467, 1480, 1471, 1469, 1481, 1473, 1471, 1484, 1455, 1453, 1466, 1435, 1464, 1464, 1431, 1462, 1462, 1403, 1460, 1460, 1455, 1457, 1485, 1455, 1483, 1486, 1475, 1611, 1487, 1478, 1488, 1488, 1477, 1489, 1489, 1476, 1490, 1490, 1474, 1486, 1417, 1472, 1422, 1481, 1491, 1482, 1413, 1468, 1412, 1412, 1470, 1417, 1479, 1493, 1480, 1480, 1492, 1481, 290, 1494, 289, 1495, 1496, 1494, 1497, 1498, 1496, 1499, 1500, 1498, 1501, 1502, 1500, 1503, 1504, 1502, 1505, 1506, 1504, 1507, 1508, 1506, 1509, 1510, 1508, 1511, 1512, 1510, 1513, 1514, 1512, 1515, 1569, 1514, 1517, 1519, 1516, 1520, 369, 1519, 1522, 1204, 318, 322, 1523, 1524, 1528, 1526, 1530, 1530, 1529, 1532, 1532, 1531, 1534, 1534, 1533, 1536, 1536, 1535, 1538, 1538, 1537, 1540, 1540, 1539, 1542, 1542, 1541, 1544, 1544, 1543, 1545, 1545, 1521, 1522, 1546, 63, 344, 347, 1547, 1549, 1549, 1548, 1551, 1551, 1550, 1553, 1553, 1552, 1555, 1555, 1554, 1557, 1557, 1556, 1559, 1559, 1558, 1561, 1561, 1562, 1564, 1564, 1563, 1565, 1565, 1254, 1568, 1566, 1265, 1567, 1567, 1264, 1546, 1494, 318, 289, 1520, 344, 317, 1495, 1549, 1497, 1497, 1551, 1499, 1499, 1553, 1501, 1501, 1555, 1503, 1503, 1557, 1505, 1505, 1559, 1507, 1507, 1561, 1509, 1509, 1564, 1511, 1511, 1565, 1513, 1513, 1568, 1515, 1518, 1567, 1517, 1517, 1546, 1520, 369, 1524, 1519, 1519, 1525, 1516, 1569, 1530, 1514, 1512, 1532, 1510, 1510, 1534, 1508, 1508, 1536, 1506, 1506, 1538, 1504, 1504, 1540, 1502, 1502, 1542, 1500, 1500, 1544, 1498, 1498, 1545, 1496, 1496, 1522, 1494, 1556, 1570, 1558, 1558, 1572, 1560, 1560, 1573, 1562, 1563, 1574, 1253, 2425, 1579, 1580, 1580, 1578, 1582, 1582, 1581, 1584, 1584, 1583, 1586, 1586, 1585, 1588, 1588, 1587, 1590, 1590, 1589, 1591, 1591, 1575, 1576, 1252, 1579, 1748, 1592, 1589, 1571, 1571, 1587, 1570, 1570, 1585, 1572, 1572, 1583, 1573, 1573, 1581, 1574, 1574, 1578, 1252, 1554, 1571, 1556, 348, 1593, 1547, 1547, 1594, 1548, 1548, 1595, 1550, 1550, 1577, 1552, 1552, 1592, 1554, 1598, 1596, 2425, 1593, 1599, 1594, 1594, 1601, 1595, 1595, 1602, 1577, 1577, 1603, 1576, 1576, 1604, 1591, 1591, 1605, 1590, 1590, 1606, 1588, 1588, 1607, 1586, 1586, 1608, 1584, 1584, 1609, 1582, 1582, 1610, 1580, 1580, 1598, 2425, 1486, 1596, 1597, 1612, 1610, 1614, 1613, 693, 412, 1614, 1609, 1615, 1615, 1607, 1616, 1616, 1606, 1617, 1617, 1605, 1618, 1618, 1604, 1619, 1619, 1603, 1620, 1620, 1602, 1621, 1621, 1601, 1622, 1622, 1599, 1623, 1623, 1600, 1613, 424, 1624, 423, 1625, 1626, 1624, 1627, 1628, 1626, 1629, 1630, 1628, 1631, 1632, 1630, 1633, 1634, 1632, 1635, 1636, 1634, 1637, 1638, 1636, 1639, 1640, 1638, 1641, 1642, 1640, 1643, 1644, 1642, 1645, 1646, 1644, 1647, 1648, 1646, 1649, 1650, 1648, 1651, 1652, 1650, 1653, 1654, 1652, 1657, 1656, 2426, 1295, 1658, 1656, 1296, 548, 1658, 460, 1659, 459, 1660, 1661, 1659, 1662, 1663, 1661, 1664, 1665, 1663, 1666, 1667, 1665, 1668, 1669, 1667, 1670, 1671, 1669, 1672, 1673, 1671, 1674, 1675, 1673, 1676, 1677, 1675, 1678, 1679, 1677, 1680, 1681, 1679, 1682, 1683, 1681, 1684, 1685, 1683, 1686, 1687, 1685, 1688, 1689, 1687, 492, 1690, 491, 1691, 1692, 1690, 1693, 1694, 1692, 1695, 1696, 1694, 1697, 1698, 1696, 1699, 1700, 1698, 1701, 1702, 1700, 1703, 1704, 1702, 1705, 1706, 1704, 1707, 1708, 1706, 1709, 1710, 1708, 1711, 1712, 1710, 1713, 1714, 1712, 1715, 1716, 1714, 1717, 1718, 1716, 412, 1722, 1613, 1613, 1723, 1623, 1623, 1724, 1622, 1622, 1725, 1621, 1621, 1726, 1620, 1620, 1727, 1619, 1619, 1729, 1618, 1618, 1730, 1617, 1617, 1731, 1616, 1616, 1732, 1615, 1615, 1733, 1614, 1614, 1721, 1612, 1489, 1486, 1612, 1736, 1734, 50, 1739, 1737, 1741, 1741, 1740, 2427, 1740, 542, 2427, 1473, 1743, 1472, 1491, 1747, 1482, 1482, 1744, 1473, 1493, 1721, 1492, 548, 1740, 1658, 1658, 1737, 1656, 1656, 1738, 2426, 1654, 1744, 1652, 1652, 1747, 1650, 1650, 1745, 1648, 1648, 1746, 1646, 1644, 1733, 1642, 1642, 1732, 1640, 1640, 1731, 1638, 1638, 1730, 1636, 1636, 1729, 1634, 1634, 1728, 1632, 1632, 1727, 1630, 1628, 1726, 1626, 1626, 1725, 1624, 1624, 1723, 423, 459, 1625, 424, 1659, 1627, 1625, 1661, 1629, 1627, 1663, 1631, 1629, 1665, 1633, 1631, 1667, 1635, 1633, 1669, 1637, 1635, 1671, 1639, 1637, 1673, 1641, 1639, 1675, 1643, 1641, 1677, 1645, 1643, 1679, 1647, 1645, 1681, 1649, 1647, 1683, 1651, 1649, 1685, 1653, 1651, 1687, 1655, 1653, 1279, 1295, 1657, 491, 1660, 460, 1690, 1662, 1660, 1692, 1664, 1662, 1694, 1666, 1664, 1696, 1668, 1666, 1698, 1670, 1668, 1700, 1672, 1670, 1702, 1674, 1672, 1704, 1676, 1674, 1706, 1678, 1676, 1708, 1680, 1678, 1710, 1682, 1680, 1712, 1684, 1682, 1714, 1686, 1684, 1716, 1688, 1686, 1718, 1274, 1688, 550, 1691, 492, 1749, 1693, 1691, 1750, 1695, 1693, 1751, 1697, 1695, 1752, 1699, 1697, 1753, 1701, 1699, 1754, 1703, 1701, 1755, 1705, 1703, 1756, 1707, 1705, 1757, 1709, 1707, 1758, 1711, 1709, 1759, 1713, 1711, 1760, 1715, 1713, 1761, 1717, 1715, 1762, 1719, 1717, 566, 1749, 550, 1764, 1750, 1749, 1765, 1751, 1750, 1766, 1752, 1751, 1767, 1753, 1752, 1768, 1754, 1753, 1769, 1755, 1754, 1770, 1756, 1755, 1771, 1757, 1756, 1772, 1758, 1757, 1773, 1759, 1758, 1774, 1760, 1759, 1775, 1761, 1760, 1776, 1762, 1761, 1777, 1763, 1762, 1778, 1779, 1763, 1718, 1781, 1266, 1763, 1782, 1719, 587, 1764, 566, 1784, 1765, 1764, 1785, 1766, 1765, 1786, 1767, 1766, 1787, 1768, 1767, 1788, 1769, 1768, 1789, 1770, 1769, 1790, 1771, 1770, 1791, 1772, 1771, 1792, 1773, 1772, 1793, 1774, 1773, 1794, 1775, 1774, 1795, 1776, 1775, 1796, 1777, 1776, 1797, 1778, 1777, 1798, 1780, 1778, 604, 1784, 587, 1800, 1785, 1784, 1801, 1786, 1785, 1802, 1787, 1786, 1803, 1788, 1787, 1804, 1789, 1788, 1805, 1790, 1789, 1806, 1791, 1790, 1807, 1792, 1791, 1808, 1793, 1792, 1809, 1794, 1793, 1810, 1795, 1794, 1811, 1796, 1795, 1812, 1797, 1796, 1813, 1798, 1797, 620, 1800, 604, 1815, 1801, 1800, 1816, 1802, 1801, 1817, 1803, 1802, 1818, 1804, 1803, 1819, 1805, 1804, 1820, 1806, 1805, 1821, 1807, 1806, 1822, 1808, 1807, 1823, 1809, 1808, 1824, 1810, 1809, 1825, 1811, 1810, 1826, 1812, 1811, 1827, 1813, 1812, 1828, 1814, 1813, 1829, 1341, 1814, 1832, 1830, 2406, 1831, 1833, 1830, 1834, 1835, 1833, 1836, 1837, 1835, 1838, 1839, 1837, 1840, 1841, 1839, 1842, 1843, 1841, 1844, 1845, 1843, 1846, 1847, 1845, 1848, 1849, 1847, 1850, 1851, 1849, 1852, 1853, 1851, 1854, 1855, 1853, 1856, 1857, 1855, 1860, 1831, 1832, 1859, 1834, 1831, 1861, 1836, 1834, 1862, 1838, 1836, 1863, 1840, 1838, 1864, 1842, 1840, 1865, 1844, 1842, 1866, 1846, 1844, 1867, 1848, 1846, 1868, 1850, 1848, 1869, 1852, 1850, 1870, 1854, 1852, 1871, 1856, 1854, 1872, 1858, 1856, 1874, 1859, 1860, 1873, 1861, 1859, 1875, 1862, 1861, 1876, 1863, 1862, 1877, 1864, 1863, 1878, 1865, 1864, 1879, 1866, 1865, 1880, 1867, 1866, 1881, 1868, 1867, 1882, 1869, 1868, 1883, 1870, 1869, 1855, 1828, 1853, 1853, 1827, 1851, 1851, 1826, 1849, 1849, 1825, 1847, 1847, 1824, 1845, 1845, 1823, 1843, 1843, 1822, 1841, 1841, 1821, 1839, 1839, 1820, 1837, 1837, 1819, 1835, 1835, 1818, 1833, 1833, 1817, 1830, 1799, 1814, 1885, 1336, 1814, 1339, 1443, 1456, 1445, 392, 1600, 1593, 1858, 1346, 1857, 1855, 1345, 1829, 1352, 1886, 1858, 1887, 1370, 1374, 1888, 1376, 1929, 1891, 1889, 1897, 1894, 1892, 1895, 1896, 1895, 1902, 1903, 1895, 1913, 1905, 1892, 1893, 1905, 1897, 1904, 1900, 1906, 1907, 1901, 1907, 1909, 1909, 1908, 1918, 1908, 1906, 1910, 1912, 1910, 1906, 1914, 1895, 1892, 1904, 1914, 1892, 1916, 1904, 1897, 1916, 1898, 1899, 1889, 1912, 1906, 1917, 1903, 1923, 1924, 1918, 1919, 1917, 1921, 1922, 1925, 1919, 1927, 1917, 1926, 1928, 1927, 1910, 1911, 1928, 1902, 1917, 1354, 1894, 1353, 1394, 1890, 1364, 1364, 1891, 1360, 1360, 1905, 1354, 1896, 1353, 1894, 1912, 1391, 1911, 1911, 1385, 1927, 1927, 1888, 1925, 1926, 1373, 1928, 1928, 1367, 1896, 1352, 1930, 1351, 1870, 1931, 1871, 1871, 1930, 1872, 1878, 1933, 1879, 1879, 1935, 1880, 1880, 1936, 1881, 1881, 1937, 1882, 1882, 1932, 1883, 1934, 1938, 744, 1875, 750, 1876, 1876, 751, 1877, 1877, 1938, 1878, 1942, 1940, 1997, 1941, 752, 1940, 1943, 755, 752, 1944, 757, 755, 1945, 759, 757, 1946, 761, 759, 1947, 791, 761, 1950, 1941, 1942, 1949, 1943, 1941, 1951, 1944, 1943, 1952, 1945, 1944, 1953, 1946, 1945, 1954, 1947, 1946, 1955, 1948, 1947, 1958, 1949, 1950, 1957, 1951, 1949, 1959, 1952, 1951, 1960, 1953, 1952, 1961, 1954, 1953, 1962, 1955, 1954, 1965, 1957, 1958, 1964, 1959, 1957, 1966, 1960, 1959, 1967, 1961, 1960, 1968, 1962, 1961, 1969, 1963, 1962, 1972, 1964, 1965, 1971, 1966, 1964, 1973, 1967, 1966, 1974, 1968, 1967, 1975, 1969, 1968, 1976, 1970, 1969, 1979, 1971, 1972, 1978, 1973, 1971, 1980, 1974, 1973, 1981, 1975, 1974, 1984, 1976, 1975, 1983, 1977, 1976, 1988, 1986, 2428, 1987, 784, 1986, 1990, 1987, 1988, 1989, 779, 1987, 1992, 1989, 1990, 1991, 774, 1989, 1994, 1991, 1992, 1993, 769, 1991, 1996, 1993, 1994, 1995, 763, 1993, 1997, 1995, 1996, 1940, 753, 1995, 620, 1948, 1815, 2000, 1998, 2009, 2003, 2001, 2395, 2009, 2007, 2000, 2011, 2007, 2008, 2012, 2009, 2031, 2013, 2008, 2012, 2004, 2016, 2003, 2020, 2002, 2003, 1998, 2019, 2396, 2019, 2021, 2396, 2020, 2022, 2019, 2016, 2023, 2020, 2017, 2024, 2016, 2018, 2025, 2017, 2015, 2026, 2018, 2029, 2015, 2014, 2030, 2014, 2013, 2030, 2012, 2032, 2032, 2031, 2033, 2036, 2027, 2028, 2037, 2028, 2029, 2038, 2029, 2030, 2038, 2032, 2039, 2039, 2033, 2040, 2040, 1998, 2048, 2042, 2025, 2026, 2025, 2043, 2024, 2024, 2044, 2023, 2022, 2044, 2045, 2022, 2046, 2021, 2021, 2047, 1998, 2046, 2049, 2071, 2044, 2049, 2045, 2043, 2050, 2044, 2041, 2051, 2043, 2042, 2052, 2041, 2034, 2053, 2042, 2055, 2034, 2035, 2058, 2050, 2051, 2052, 2058, 2051, 2053, 2059, 2052, 2054, 2060, 2053, 2055, 2061, 2054, 2063, 2055, 2036, 2064, 2036, 2037, 2065, 2037, 2038, 2065, 2039, 2066, 2067, 2040, 2068, 2068, 2048, 2069, 2069, 2056, 2082, 2056, 2070, 2082, 2071, 2073, 2074, 2060, 1044, 2059, 2061, 869, 2060, 2062, 2075, 2061, 2063, 2076, 2062, 2079, 2069, 2080, 2081, 2082, 2083, 2083, 2070, 2108, 2070, 2084, 2108, 2072, 2085, 2084, 2058, 2086, 2057, 2057, 2087, 2073, 2074, 2088, 2089, 2090, 2064, 2065, 2091, 2065, 2066, 2092, 2066, 2067, 2093, 2067, 2068, 2076, 893, 2075, 2095, 892, 2094, 2095, 2076, 2096, 2097, 2076, 2077, 2098, 2077, 2078, 2099, 2078, 2090, 2100, 2090, 2091, 2102, 2091, 2092, 2102, 2093, 2103, 2103, 2079, 2104, 2104, 2080, 2105, 2105, 2081, 2106, 2106, 2083, 2234, 2083, 2107, 2234, 2108, 2109, 2107, 2110, 895, 2095, 2111, 2095, 2096, 2112, 2096, 2097, 2113, 2097, 2098, 2114, 2098, 2099, 2115, 2099, 2100, 2116, 2100, 2101, 2119, 2117, 2127, 2123, 2121, 2124, 2125, 2124, 2128, 2110, 2126, 910, 2127, 2110, 2111, 2112, 2127, 2111, 2121, 2112, 2113, 2124, 2113, 2114, 2128, 2114, 2115, 2129, 2115, 2116, 2132, 2130, 2135, 2133, 1046, 2131, 2134, 2131, 2132, 2130, 1045, 2118, 2135, 2118, 2119, 2136, 2119, 2120, 2137, 2135, 2136, 2138, 2132, 2137, 2139, 933, 2133, 943, 2139, 2141, 2140, 943, 2141, 2142, 2141, 2148, 2429, 2143, 2153, 2145, 2143, 2429, 2148, 2146, 2144, 2142, 2144, 2145, 2146, 2143, 2144, 2149, 2125, 2143, 2150, 2123, 2125, 2151, 2120, 2123, 2153, 2125, 2152, 2152, 2128, 2155, 2154, 2155, 2157, 2158, 2157, 2159, 2160, 2157, 2156, 2156, 2116, 2161, 2162, 2164, 2166, 2168, 2163, 2165, 2170, 2167, 2168, 2172, 2169, 2170, 2164, 2101, 2173, 2166, 2173, 2175, 2174, 2175, 2193, 2177, 2176, 2430, 2172, 2178, 2171, 2181, 2179, 2172, 2182, 2172, 2170, 2185, 2183, 2194, 2186, 2170, 2168, 2187, 2168, 2165, 2190, 2431, 2189, 2188, 2189, 2183, 2192, 2202, 2196, 2194, 2192, 2196, 2195, 2194, 2197, 2197, 2196, 2199, 2197, 2198, 2215, 2200, 2197, 2215, 2196, 2201, 2199, 2199, 2203, 2198, 2175, 2204, 2207, 2205, 2175, 2207, 2204, 2103, 2206, 2207, 2206, 2208, 2205, 2208, 2211, 2206, 2104, 2209, 2208, 2209, 2210, 2211, 2210, 2227, 2214, 2212, 2222, 2216, 2215, 2217, 2217, 2198, 2218, 2219, 2214, 2222, 2203, 2214, 2198, 2210, 2220, 2229, 2212, 2221, 2222, 2223, 2224, 2221, 2210, 2228, 2226, 2229, 2230, 2228, 2220, 2231, 2229, 2105, 2232, 2220, 2106, 2233, 2232, 2234, 2235, 2233, 2107, 2236, 2235, 2233, 2237, 2238, 2232, 2238, 2231, 2231, 2239, 2230, 2225, 2240, 2224, 2238, 2242, 2239, 2241, 2243, 2240, 2059, 880, 2058, 2118, 2126, 2117, 2131, 936, 2130, 1048, 2245, 2247, 2247, 2246, 2249, 2249, 2248, 2255, 1049, 2250, 2245, 2245, 2251, 2246, 2246, 2252, 2248, 2248, 2253, 2254, 2255, 2254, 2257, 2086, 2247, 2087, 1061, 2247, 2086, 2260, 2258, 2262, 2262, 2261, 2267, 1068, 2250, 1054, 2263, 2251, 2250, 2264, 2252, 2251, 2265, 2253, 2252, 2269, 2267, 2261, 2268, 2270, 1076, 2263, 2270, 2269, 2264, 2269, 2261, 2265, 2261, 2258, 2266, 2258, 2259, 2268, 1203, 2403, 2272, 2268, 2403, 2262, 2268, 2273, 2274, 2271, 2275, 2275, 2272, 2276, 2277, 2272, 2321, 2274, 2262, 2273, 2280, 2274, 2275, 2281, 2275, 2276, 2282, 2276, 2277, 2284, 2279, 2280, 2284, 2281, 2285, 2286, 2281, 2282, 2288, 2274, 2279, 2283, 2288, 2279, 2291, 2289, 2283, 2292, 2283, 2284, 2293, 2284, 2285, 2295, 2290, 2291, 2296, 2291, 2292, 2297, 2292, 2293, 2300, 2298, 2306, 2301, 2296, 2299, 2303, 2295, 2301, 2304, 2301, 2300, 2305, 2300, 2306, 2307, 2306, 2308, 2299, 2297, 2310, 2293, 2286, 2311, 2297, 2311, 2312, 2310, 2312, 2313, 2298, 2314, 2315, 2308, 2317, 2316, 2318, 2315, 2314, 2318, 2319, 2327, 2313, 2319, 2314, 2277, 2320, 2322, 2282, 2322, 2324, 2323, 2320, 2401, 2319, 2311, 2325, 2286, 2324, 2325, 2327, 2325, 2326, 2332, 2309, 2410, 2335, 2333, 2409, 2339, 2307, 2332, 2340, 2332, 2333, 2334, 2340, 2333, 2343, 2342, 2345, 2345, 2344, 2357, 2344, 2302, 2351, 2302, 2347, 2351, 2303, 2348, 2347, 2305, 2348, 2304, 2348, 2349, 2350, 2347, 2350, 2359, 2352, 2347, 2359, 2353, 2351, 2352, 2355, 2341, 2432, 2331, 2356, 2382, 2357, 2353, 2362, 2352, 2358, 2360, 2353, 2360, 2361, 2362, 2361, 2433, 2364, 2366, 2363, 2367, 2368, 2366, 2369, 2370, 2368, 2371, 2337, 2370, 2363, 2373, 2372, 2366, 2374, 2373, 2368, 2375, 2374, 2372, 2376, 2398, 2373, 2377, 2376, 2374, 2378, 2377, 2375, 2379, 2378, 2337, 2380, 2379, 2236, 2237, 2235, 2331, 2236, 2109, 2085, 2109, 2084, 2383, 2242, 2237, 2392, 2390, 2393, 2383, 2387, 2388, 2148, 2139, 2147, 2153, 2158, 2429, 2119, 2122, 2120, 2204, 2101, 2102, 2105, 2209, 2104, 2046, 2056, 2047, 1999, 2002, 1998, 2004, 2395, 2006, 2015, 2010, 2011, 2050, 2073, 2049, 2034, 2026, 2027, 2381, 2316, 2380, 2323, 2393, 2326, 2399, 2376, 2400, 2400, 2377, 2318, 2318, 2378, 2317, 2317, 2379, 2316, 2244, 2401, 2243, 2402, 323, 1016, 2243, 1535, 2240, 2240, 1533, 2224, 2224, 1531, 2221, 2221, 1529, 2219, 2219, 1526, 2218, 2218, 1527, 2217, 2272, 1543, 1541, 1203, 1521, 2403, 1298, 1419, 1448, 1314, 1298, 1448, 1283, 1291, 1292, 1284, 2405, 1287, 1963, 2407, 2406, 2410, 2333, 2332, 1380, 2411, 1379, 1381, 2412, 1380, 603, 582, 2434, 2435, 2434, 582, 583, 2435, 582, 2436, 691, 603, 2437, 603, 2434, 2438, 2434, 2435, 2439, 2435, 583, 2440, 2439, 583, 584, 2440, 583, 2441, 691, 2436, 2442, 2436, 2437, 2443, 2437, 2438, 2444, 2438, 2445, 2439, 2445, 2438, 2446, 2439, 2440, 2447, 2440, 584, 2448, 2447, 584, 2447, 2448, 2449, 2446, 2447, 2449, 2445, 2449, 2444, 69, 584, 585, 66, 585, 586, 73, 66, 586, 69, 86, 2450, 2448, 69, 2450, 2451, 2448, 2450, 2452, 2451, 2450, 87, 2450, 86, 2453, 2451, 2452, 88, 2452, 87, 2453, 98, 2454, 2455, 2454, 2456, 2453, 2457, 2451, 2444, 2451, 2457, 2451, 2444, 2449, 2448, 2451, 2449, 2458, 692, 2441, 2459, 2441, 2442, 2460, 2442, 2443, 2457, 2443, 2444, 2461, 2455, 2462, 2457, 2463, 2460, 2459, 2463, 2464, 2465, 2464, 2466, 2459, 2468, 2467, 2458, 2467, 2469, 141, 2469, 2470, 694, 2470, 2471, 2472, 2474, 2473, 2475, 2473, 2476, 2477, 2476, 2478, 2479, 2478, 2480, 2477, 2482, 2481, 2483, 2485, 2484, 2456, 2484, 2486, 2455, 2486, 2462, 2487, 2489, 2488, 150, 2491, 2490, 2492, 2490, 2493, 2494, 2493, 2495, 2496, 2495, 2497, 2498, 2497, 2499, 2500, 2499, 2501, 2502, 2504, 2503, 2505, 2503, 2506, 2507, 2505, 2506, 2508, 2506, 2509, 2510, 2506, 2503, 2511, 2504, 2512, 2513, 2512, 2514, 2515, 2514, 2516, 2517, 2516, 2518, 2519, 2518, 2520, 2521, 2520, 2488, 2522, 2488, 2489, 2472, 2489, 2523, 2524, 2503, 2504, 2525, 742, 743, 2500, 743, 2526, 2498, 2526, 2527, 2496, 2527, 2528, 2494, 2528, 2529, 2492, 2529, 155, 150, 2492, 155, 2530, 738, 690, 2526, 743, 738, 2527, 738, 2530, 2528, 2530, 2531, 2529, 2531, 2418, 155, 2529, 2418, 737, 2418, 2531, 2532, 2508, 2533, 745, 2533, 744, 690, 2531, 2530, 2461, 2535, 2534, 2463, 2534, 2536, 2464, 2536, 2537, 2466, 2537, 2538, 2481, 2540, 2539, 2484, 2542, 2541, 2486, 2541, 2543, 2462, 2543, 2535, 2467, 2545, 2544, 2469, 2544, 2546, 2470, 2546, 2547, 2471, 2547, 2548, 2549, 2548, 2550, 2473, 2552, 2551, 2476, 2551, 2553, 2478, 2553, 2554, 2468, 2555, 2545, 2543, 2557, 2556, 2541, 2558, 2557, 2559, 2560, 2558, 2538, 2561, 2560, 2537, 2562, 2561, 2536, 2563, 2562, 2534, 2564, 2563, 2535, 2556, 2564, 2545, 2566, 2565, 2555, 2567, 2566, 2568, 2569, 2567, 2570, 2571, 2569, 2550, 2572, 2571, 2548, 2573, 2572, 2547, 2574, 2573, 2546, 2575, 2574, 2544, 2565, 2575, 2576, 2563, 2564, 2576, 2562, 2563, 2576, 2561, 2562, 2576, 2560, 2561, 2576, 2558, 2560, 2576, 2557, 2558, 2576, 2556, 2557, 2576, 2564, 2556, 2577, 2575, 2565, 2577, 2574, 2575, 2577, 2573, 2574, 2577, 2572, 2573, 2577, 2571, 2572, 2577, 2569, 2571, 2577, 2567, 2569, 2577, 2566, 2567, 2577, 2565, 2566, 2489, 2578, 2523, 2523, 2578, 2474, 2549, 694, 2471, 1780, 1799, 2579, 2579, 2580, 1780, 2580, 1779, 1780, 1885, 2581, 1799, 2581, 2579, 1799, 2582, 2580, 2579, 2583, 1779, 2580, 2584, 2585, 1779, 2585, 1782, 1779, 1336, 2581, 1885, 2586, 2582, 2581, 2587, 2583, 2582, 2588, 2589, 2583, 2589, 2584, 2583, 2589, 2585, 2584, 2590, 1782, 2585, 2591, 2592, 1782, 2592, 2591, 2593, 2591, 2590, 2593, 2590, 2594, 2593, 2592, 1783, 1782, 1270, 1781, 1783, 1269, 1266, 1781, 1288, 1270, 2595, 1270, 2592, 2595, 2592, 2596, 2595, 2596, 2597, 2595, 2597, 1288, 2595, 2596, 2598, 2597, 2598, 2405, 2597, 1289, 2454, 98, 2599, 2456, 2454, 2600, 2596, 2601, 2596, 2594, 2601, 2594, 2596, 2593, 2596, 2592, 2593, 1337, 2586, 1336, 2602, 2587, 2586, 2603, 2588, 2587, 2604, 2594, 2588, 2601, 2605, 2600, 2606, 2604, 2607, 2604, 2608, 2607, 2603, 2609, 2608, 2610, 2612, 2611, 2603, 2613, 2612, 2602, 2614, 2613, 1337, 2615, 2614, 2616, 2618, 2617, 2472, 2619, 2618, 2475, 2620, 2619, 2477, 2621, 2620, 2622, 2624, 2623, 2477, 2625, 2624, 2483, 2627, 2626, 2456, 2628, 2627, 1388, 2630, 2629, 1386, 2631, 2630, 1350, 2632, 2631, 2633, 2634, 2632, 2635, 2636, 2634, 2637, 2638, 2636, 2639, 2640, 2638, 2641, 2642, 2640, 2643, 2644, 2642, 1936, 1935, 2644, 1935, 2509, 2644, 2509, 2642, 2644, 2524, 2638, 2640, 2511, 2636, 2638, 2513, 2634, 2636, 2515, 2632, 2634, 2517, 2631, 2632, 2519, 2630, 2631, 2521, 2629, 2630, 2522, 2616, 2629, 2510, 2640, 2642, 1936, 2643, 1937, 2643, 2645, 1937, 2641, 2646, 2645, 2639, 2647, 2646, 2637, 2648, 2647, 2635, 1351, 2648, 2633, 1350, 1351, 1932, 2649, 1884, 1937, 2645, 1932, 2645, 2649, 1932, 2646, 2650, 2649, 2647, 1930, 2650, 2648, 1351, 1930, 1930, 1931, 2650, 1935, 2533, 2508, 1933, 744, 2533, 1931, 2649, 2650, 2605, 2652, 2651, 2606, 2653, 2652, 2607, 2654, 2653, 2608, 2655, 2654, 2609, 2656, 2655, 2624, 2658, 2657, 2626, 2660, 2659, 2661, 2651, 2662, 2611, 2664, 2663, 2612, 2665, 2664, 2613, 2666, 2665, 2614, 2667, 2666, 2615, 2668, 2667, 2617, 2670, 2669, 2618, 2671, 2670, 2619, 2672, 2671, 2673, 2663, 2674, 2675, 2677, 2676, 2678, 2676, 2679, 2655, 2679, 2680, 2654, 2680, 2681, 2653, 2681, 2682, 2652, 2682, 2683, 2651, 2683, 2684, 2662, 2684, 2677, 2674, 2686, 2685, 2687, 2685, 2688, 2689, 2688, 2690, 2668, 2690, 2691, 2667, 2691, 2692, 2666, 2692, 2693, 2665, 2693, 2694, 2664, 2694, 2695, 2663, 2695, 2686, 2683, 2696, 2684, 2682, 2696, 2683, 2681, 2696, 2682, 2680, 2696, 2681, 2679, 2696, 2680, 2676, 2696, 2679, 2677, 2696, 2676, 2684, 2696, 2677, 2695, 2697, 2686, 2694, 2697, 2695, 2693, 2697, 2694, 2692, 2697, 2693, 2691, 2697, 2692, 2690, 2697, 2691, 2688, 2697, 2690, 2685, 2697, 2688, 2686, 2697, 2685, 1388, 2616, 2412, 2412, 2616, 2617, 2412, 2698, 2411, 2699, 2701, 2700, 603, 2437, 2436, 2434, 2438, 2437, 2435, 2439, 2438, 691, 2441, 692, 2436, 2442, 2441, 2437, 2443, 2442, 2438, 2444, 2443, 2439, 2446, 2445, 2440, 2447, 2446, 2449, 2445, 2446, 584, 69, 2448, 585, 66, 69, 2450, 87, 2452, 2452, 88, 2453, 98, 2453, 88, 2454, 2455, 2453, 2457, 2453, 2455, 692, 2458, 141, 2441, 2459, 2458, 2442, 2460, 2459, 2443, 2457, 2460, 2455, 2461, 2457, 2463, 2457, 2461, 2463, 2459, 2460, 2464, 2465, 2459, 2468, 2459, 2465, 2467, 2458, 2459, 2469, 141, 2458, 2470, 694, 141, 2474, 2472, 2523, 2473, 2475, 2472, 2476, 2477, 2475, 2478, 2479, 2477, 2482, 2477, 2479, 2481, 2702, 2477, 2484, 2456, 2483, 2486, 2455, 2456, 2489, 2487, 2703, 2491, 150, 189, 2490, 2492, 150, 2493, 2494, 2492, 2495, 2496, 2494, 2497, 2498, 2496, 2499, 2500, 2498, 2501, 2525, 2500, 2503, 2505, 2502, 2506, 2508, 2507, 2506, 2510, 2509, 2504, 2511, 2524, 2512, 2513, 2511, 2514, 2515, 2513, 2516, 2517, 2515, 2518, 2519, 2517, 2520, 2521, 2519, 2488, 2522, 2521, 2489, 2472, 2522, 2503, 2524, 2510, 743, 2500, 2525, 2526, 2498, 2500, 2527, 2496, 2498, 2528, 2494, 2496, 2529, 2492, 2494, 738, 2527, 2526, 2530, 2528, 2527, 2531, 2529, 2528, 2508, 2532, 2507, 2533, 745, 2532, 2531, 690, 737, 2535, 2461, 2462, 2534, 2463, 2461, 2536, 2464, 2463, 2537, 2466, 2464, 2540, 2481, 2482, 2542, 2484, 2485, 2541, 2486, 2484, 2543, 2462, 2486, 2545, 2467, 2468, 2544, 2469, 2467, 2546, 2470, 2469, 2547, 2471, 2470, 2548, 2549, 2471, 2552, 2473, 2474, 2551, 2476, 2473, 2553, 2478, 2476, 2554, 2480, 2478, 2557, 2543, 2541, 2558, 2541, 2542, 2704, 2539, 2540, 2561, 2538, 2537, 2562, 2537, 2536, 2563, 2536, 2534, 2564, 2534, 2535, 2556, 2535, 2543, 2566, 2545, 2555, 2705, 2554, 2553, 2569, 2568, 2570, 2571, 2570, 2550, 2572, 2550, 2548, 2573, 2548, 2547, 2574, 2547, 2546, 2575, 2546, 2544, 2565, 2544, 2545, 2578, 2489, 2703, 694, 2549, 1208, 2579, 2581, 2582, 2580, 2582, 2583, 1779, 2583, 2584, 2581, 1336, 2586, 2582, 2586, 2587, 2583, 2587, 2588, 2589, 2588, 2594, 2585, 2589, 2590, 1782, 2590, 2591, 2594, 2590, 2589, 1783, 2592, 1270, 1781, 1270, 1269, 1288, 2597, 2405, 1290, 2599, 1289, 2454, 1289, 2599, 2456, 2599, 2706, 2596, 2600, 2598, 2586, 1337, 2602, 2587, 2602, 2603, 2588, 2603, 2604, 2594, 2604, 2601, 2605, 2601, 2606, 2604, 2606, 2601, 2608, 2604, 2603, 2609, 2603, 2610, 2612, 2610, 2603, 2613, 2603, 2602, 2614, 2602, 1337, 2615, 1337, 1887, 2618, 2616, 2472, 2619, 2472, 2475, 2620, 2475, 2477, 2621, 2477, 2622, 2624, 2622, 2477, 2625, 2477, 2702, 2627, 2483, 2456, 2628, 2456, 2706, 2630, 1388, 1386, 2631, 1386, 1350, 2632, 1350, 2633, 2634, 2633, 2635, 2636, 2635, 2637, 2638, 2637, 2639, 2640, 2639, 2641, 2642, 2641, 2643, 2644, 2643, 1936, 2509, 1935, 2508, 2642, 2509, 2510, 2638, 2524, 2511, 2636, 2511, 2513, 2634, 2513, 2515, 2632, 2515, 2517, 2631, 2517, 2519, 2630, 2519, 2521, 2629, 2521, 2522, 2616, 2522, 2472, 2640, 2510, 2524, 2645, 2643, 2641, 2646, 2641, 2639, 2647, 2639, 2637, 2648, 2637, 2635, 1351, 2635, 2633, 2649, 2645, 2646, 2650, 2646, 2647, 1930, 2647, 2648, 2533, 1935, 1933, 744, 1933, 1934, 2649, 1931, 1884, 2652, 2605, 2606, 2653, 2606, 2607, 2654, 2607, 2608, 2655, 2608, 2609, 2657, 2623, 2624, 2658, 2624, 2625, 2660, 2626, 2627, 2651, 2661, 2605, 2664, 2611, 2612, 2665, 2612, 2613, 2666, 2613, 2614, 2667, 2614, 2615, 2669, 2698, 2617, 2670, 2617, 2618, 2671, 2618, 2619, 2672, 2619, 2620, 2663, 2673, 2611, 2677, 2675, 2662, 2676, 2678, 2675, 2679, 2655, 2656, 2680, 2654, 2655, 2681, 2653, 2654, 2682, 2652, 2653, 2683, 2651, 2652, 2684, 2662, 2651, 2686, 2674, 2663, 2685, 2687, 2674, 2688, 2689, 2687, 2690, 2668, 2689, 2691, 2667, 2668, 2692, 2666, 2667, 2693, 2665, 2666, 2694, 2664, 2665, 2695, 2663, 2664, 2616, 1388, 2629, 2698, 2412, 2617, 2707, 2709, 2708, 2710, 2708, 2711, 2712, 2711, 2713, 2710, 2715, 2714, 2707, 2714, 2716, 2717, 2716, 2718, 2719, 2711, 2708, 2720, 2708, 2709, 2721, 112, 113, 2722, 2718, 2716, 2714, 2722, 2716, 2723, 2714, 2715, 2709, 126, 2720, 2724, 111, 2725, 2726, 2723, 2715, 2727, 2725, 2722, 2728, 2722, 2723, 2729, 2730, 2415, 2730, 2732, 2731, 2733, 2732, 2734, 2735, 2734, 2736, 2737, 2736, 2738, 2717, 126, 2709, 2718, 127, 2717, 2725, 128, 2718, 2739, 113, 129, 2719, 2721, 2740, 2713, 2742, 2741, 2743, 2742, 2744, 2740, 2742, 2719, 2745, 2744, 2746, 2747, 2744, 2740, 2739, 2740, 2721, 134, 2730, 2748, 129, 2748, 2739, 2748, 2731, 2749, 2739, 2749, 2747, 2733, 2749, 2731, 2733, 2735, 2749, 2746, 2747, 2749, 2749, 2735, 2737, 2737, 2746, 2749, 2738, 2745, 2737, 2750, 2715, 2712, 2720, 126, 112, 2743, 2713, 2741, 2751, 2753, 2752, 2754, 2752, 2755, 2756, 2755, 2757, 2754, 2759, 2758, 2751, 2758, 2760, 2761, 2760, 2762, 2763, 2755, 2752, 2764, 2752, 2753, 2765, 710, 711, 2766, 2762, 2760, 2758, 2766, 2760, 2767, 2758, 2759, 2753, 724, 2764, 2768, 709, 2769, 2770, 2767, 2759, 2771, 2769, 2766, 2772, 2766, 2767, 715, 2774, 2773, 2774, 2771, 2775, 2776, 2771, 2772, 2777, 2772, 2770, 2778, 2770, 2779, 2761, 724, 2753, 2762, 725, 2761, 2769, 726, 2762, 2780, 711, 727, 2763, 2765, 2781, 2757, 2783, 2782, 2784, 2783, 2785, 2781, 2783, 2763, 2786, 2785, 2787, 2788, 2785, 2781, 2780, 2781, 2765, 2789, 2774, 2790, 727, 2791, 2780, 2790, 2775, 2792, 2780, 2793, 2788, 2776, 2792, 2775, 2776, 2777, 2792, 2787, 2788, 2793, 2792, 2777, 2778, 2794, 2787, 2793, 2795, 2786, 2794, 2796, 2759, 2756, 2764, 724, 710, 2784, 2757, 2782, 2797, 2799, 2798, 2800, 2801, 2799, 2802, 2803, 2801, 2804, 2806, 2805, 2802, 2807, 2806, 2800, 2808, 2807, 2809, 2799, 2801, 2810, 2798, 2799, 2811, 1311, 1324, 2812, 2807, 2808, 2813, 2807, 2814, 2806, 2813, 2805, 1325, 2798, 2811, 2815, 2812, 1309, 2816, 2805, 2813, 2817, 2814, 2812, 2818, 2813, 2814, 2819, 1329, 2820, 2819, 2822, 2821, 2822, 2823, 2821, 2824, 2825, 2816, 2826, 2827, 2825, 1326, 2798, 1325, 1327, 2797, 1326, 1309, 2808, 1327, 2828, 1333, 1311, 2811, 2829, 2828, 2801, 2830, 2809, 2830, 2831, 2809, 2831, 2810, 2809, 2832, 2833, 2831, 2833, 2829, 2831, 2834, 2828, 2829, 1329, 2835, 2820, 1331, 2836, 2835, 2820, 2837, 2822, 2835, 2834, 2837, 2837, 2838, 2822, 2839, 2838, 2837, 2834, 2833, 2837, 2839, 2837, 2840, 2841, 2837, 2833, 2832, 2840, 2841, 2825, 2804, 2805, 1325, 2811, 1324, 2827, 2803, 2804, 2842, 2844, 2843, 2845, 2846, 2844, 2847, 2848, 2846, 2849, 2851, 2850, 2847, 2852, 2851, 2845, 2853, 2852, 2854, 2844, 2846, 2855, 2843, 2844, 2856, 1903, 1913, 2857, 2852, 2853, 2858, 2852, 2859, 2851, 2858, 2850, 1914, 2843, 2856, 1909, 2857, 1901, 2860, 2850, 2858, 2861, 2859, 2857, 2862, 2858, 2859, 2861, 1918, 2863, 2861, 2864, 2862, 2864, 2860, 2862, 2865, 2866, 2860, 2867, 2868, 2866, 1915, 2843, 1914, 1916, 2842, 1915, 1901, 2853, 1916, 2869, 1923, 1903, 2856, 2870, 2869, 2846, 2871, 2854, 2871, 2872, 2854, 2872, 2855, 2854, 2873, 2874, 2872, 2874, 2870, 2872, 2875, 2869, 2870, 1920, 2877, 2876, 1921, 2878, 2877, 2876, 2880, 2879, 2877, 2875, 2880, 2880, 2881, 2879, 2882, 2881, 2880, 2875, 2874, 2880, 2882, 2880, 2883, 2884, 2880, 2874, 2873, 2883, 2884, 2866, 2849, 2850, 1914, 2856, 1913, 2885, 2848, 2886, 2709, 2707, 2717, 2708, 2710, 2707, 2711, 2712, 2710, 2715, 2710, 2712, 2714, 2707, 2710, 2716, 2717, 2707, 2711, 2719, 2742, 2708, 2720, 2719, 112, 2721, 2720, 2718, 2722, 2725, 2722, 2714, 2723, 111, 2724, 117, 2723, 2726, 2728, 2725, 2727, 2724, 2722, 2728, 2727, 2730, 2729, 2887, 2732, 2730, 2887, 2732, 2733, 2731, 2734, 2735, 2733, 2736, 2737, 2735, 126, 2717, 127, 127, 2718, 128, 128, 2725, 111, 113, 2739, 2721, 2721, 2719, 2720, 2742, 2713, 2711, 2742, 2743, 2741, 2742, 2740, 2744, 2744, 2745, 2743, 2744, 2747, 2746, 2740, 2739, 2747, 2730, 134, 2415, 2748, 129, 134, 2731, 2748, 2730, 2749, 2739, 2748, 2746, 2737, 2745, 2745, 2738, 2743, 2715, 2750, 2726, 2712, 2743, 2750, 2713, 2743, 2712, 2753, 2751, 2761, 2752, 2754, 2751, 2755, 2756, 2754, 2759, 2754, 2756, 2758, 2751, 2754, 2760, 2761, 2751, 2755, 2763, 2783, 2752, 2764, 2763, 710, 2765, 2764, 2762, 2766, 2769, 2766, 2758, 2767, 709, 2768, 715, 2767, 2770, 2772, 2769, 2771, 2768, 2766, 2772, 2771, 2774, 715, 2768, 2771, 2774, 2768, 2771, 2776, 2775, 2772, 2777, 2776, 2770, 2778, 2777, 724, 2761, 725, 725, 2762, 726, 726, 2769, 709, 711, 2780, 2765, 2765, 2763, 2764, 2783, 2757, 2755, 2783, 2784, 2782, 2783, 2781, 2785, 2785, 2786, 2784, 2785, 2788, 2787, 2781, 2780, 2788, 2774, 2789, 2773, 2791, 727, 2417, 2775, 2790, 2774, 2793, 2780, 2791, 2787, 2794, 2786, 2786, 2795, 2784, 2759, 2796, 2888, 2756, 2784, 2796, 2757, 2784, 2756, 2799, 2797, 2800, 2801, 2800, 2802, 2803, 2802, 2804, 2806, 2804, 2802, 2807, 2802, 2800, 2808, 2800, 2797, 2799, 2809, 2810, 2798, 2810, 2811, 1311, 2811, 2828, 2807, 2812, 2814, 2807, 2813, 2806, 2812, 2815, 2817, 2805, 2816, 2825, 2814, 2817, 2818, 2889, 2821, 2823, 1329, 2819, 1319, 2822, 2819, 2820, 2823, 2822, 2838, 2825, 2824, 2826, 2890, 2839, 2840, 2798, 1326, 2797, 2797, 1327, 2808, 2808, 1309, 2812, 1333, 2828, 2836, 2829, 2811, 2810, 2830, 2801, 2803, 2831, 2830, 2832, 2810, 2831, 2829, 2833, 2832, 2841, 2829, 2833, 2834, 2828, 2834, 2836, 2835, 1329, 1331, 2836, 1331, 1333, 2837, 2820, 2835, 2834, 2835, 2836, 2837, 2841, 2840, 2840, 2832, 2890, 2804, 2825, 2827, 2830, 2827, 2832, 2803, 2827, 2830, 2844, 2842, 2845, 2846, 2845, 2847, 2848, 2847, 2886, 2851, 2849, 2847, 2852, 2847, 2845, 2853, 2845, 2842, 2844, 2854, 2855, 2843, 2855, 2856, 1903, 2856, 2869, 2852, 2857, 2859, 2852, 2858, 2851, 2857, 1909, 2861, 2850, 2860, 2866, 2859, 2861, 2862, 2858, 2862, 2860, 1918, 2861, 1909, 2864, 2861, 2863, 2860, 2864, 2865, 2866, 2865, 2867, 2891, 2882, 2883, 2843, 1915, 2842, 2842, 1916, 2853, 2853, 1901, 2857, 1923, 2869, 2878, 2870, 2856, 2855, 2871, 2846, 2848, 2872, 2871, 2873, 2855, 2872, 2870, 2874, 2873, 2884, 2870, 2874, 2875, 2869, 2875, 2878, 2877, 1920, 1921, 2878, 1921, 1923, 2880, 2876, 2877, 2875, 2877, 2878, 2880, 2884, 2883, 2883, 2873, 2891, 2849, 2866, 2868, 2871, 2885, 2873, 2848, 2885, 2871, 2892, 2894, 2893, 2894, 799, 2895, 2893, 799, 803, 2419, 2893, 803, 793, 2893, 2419, 794, 2892, 793, 1200, 2896, 794, 2897, 798, 2894, 944, 2899, 2898, 947, 2898, 2900, 950, 2902, 2901, 2903, 950, 2901, 953, 2904, 952, 954, 2904, 953, 957, 2905, 956, 937, 2906, 957, 938, 2906, 937, 2905, 938, 939, 2907, 2905, 939, 2907, 940, 2904, 2908, 949, 2903, 2908, 963, 964, 965, 963, 2908, 973, 2903, 975, 975, 2901, 977, 2901, 982, 977, 2909, 2910, 2176, 2902, 2176, 982, 2904, 940, 952, 2907, 956, 2905, 968, 2908, 973, 2897, 1200, 795, 2911, 2913, 2912, 2006, 2913, 2005, 2913, 2010, 2005, 2914, 2007, 2010, 2915, 2007, 2914, 2911, 2000, 2915, 2911, 2001, 1999, 2395, 2916, 2006, 945, 2917, 2899, 2140, 2918, 2917, 2142, 2919, 2918, 2429, 2919, 2145, 2920, 2146, 2147, 2921, 2146, 2920, 2922, 2150, 2923, 2922, 2136, 2151, 2922, 2137, 2136, 2922, 2138, 2137, 2923, 2921, 2138, 2138, 2920, 2139, 2158, 2924, 2429, 2159, 2925, 2158, 2159, 2160, 2925, 2925, 2169, 2924, 2924, 2171, 2919, 2918, 2171, 2178, 2910, 2926, 2176, 2926, 2430, 2176, 2139, 2920, 2147, 2149, 2923, 2150, 2160, 2167, 2925, 2911, 2395, 2001, 2897, 2892, 2896, 2894, 2892, 2897, 2893, 2894, 2895, 799, 2894, 798, 799, 2893, 2895, 2893, 793, 2892, 2892, 794, 2896, 798, 2897, 795, 2899, 944, 945, 2898, 947, 944, 2900, 950, 947, 950, 2903, 949, 2904, 954, 2907, 2905, 957, 2906, 938, 2905, 2906, 940, 2907, 939, 949, 2908, 964, 2903, 973, 2908, 2901, 975, 2903, 982, 2901, 2902, 2176, 2902, 2909, 956, 2907, 954, 2908, 968, 965, 1200, 2897, 2896, 2914, 2911, 2915, 2913, 2911, 2914, 2912, 2913, 2916, 2913, 2006, 2916, 2010, 2913, 2914, 2007, 2915, 2000, 2000, 2911, 1999, 2916, 2395, 2912, 2917, 945, 2140, 2918, 2140, 2142, 2919, 2142, 2145, 2919, 2429, 2924, 2146, 2921, 2149, 2150, 2922, 2151, 2138, 2922, 2923, 2920, 2138, 2921, 2924, 2158, 2925, 2169, 2925, 2167, 2171, 2924, 2169, 2171, 2918, 2919, 2430, 2926, 2927, 2923, 2149, 2921, 2167, 2160, 2163, 2395, 2911, 2912, 2928, 2421, 1058, 2929, 1058, 1060, 2930, 2931, 2928, 2932, 2928, 2929, 2933, 2934, 2930, 2935, 2930, 2932, 2936, 2937, 2933, 2936, 2935, 2938, 2939, 2940, 2936, 2939, 2938, 2941, 2942, 1060, 1062, 2943, 2929, 2942, 2944, 2932, 2943, 2945, 2935, 2944, 2946, 2938, 2945, 2947, 2941, 2946, 2948, 2939, 2941, 2949, 2950, 2939, 2951, 2948, 2947, 2952, 2949, 2948, 2953, 2954, 2949, 2955, 2952, 2951, 2956, 2953, 2952, 2957, 2953, 2958, 2958, 2959, 2957, 2956, 2959, 2958, 2955, 2959, 2956, 884, 2942, 1062, 2960, 2943, 2942, 2961, 2943, 2962, 2963, 2960, 2964, 1135, 2960, 884, 2965, 2962, 2963, 2966, 2944, 2961, 2967, 2969, 2968, 2970, 2945, 2966, 2971, 2972, 2967, 2973, 2946, 2970, 2974, 2975, 2971, 2976, 2977, 2974, 2978, 2979, 2976, 2980, 2947, 2973, 2981, 2951, 2980, 2982, 2974, 2971, 2976, 2984, 2983, 2983, 2978, 2976, 2982, 2967, 2985, 2986, 2967, 2968, 2987, 2968, 2988, 2989, 2988, 2990, 1096, 2989, 2990, 2991, 2992, 2959, 2992, 2994, 2993, 2983, 2995, 2994, 2984, 2996, 2995, 2982, 2997, 2996, 2985, 2998, 2997, 2986, 2999, 2998, 2959, 2992, 2993, 2989, 2999, 2987, 1064, 2989, 1086, 2997, 3001, 3000, 2996, 3000, 3002, 2995, 3002, 3003, 2998, 3004, 3001, 3005, 3004, 2999, 1064, 3006, 3005, 2995, 3007, 2994, 2993, 3007, 3008, 2421, 3009, 1072, 2950, 3011, 3010, 2940, 3010, 3012, 2937, 3012, 3013, 3014, 2931, 2934, 3006, 1072, 3009, 3013, 2934, 2937, 3004, 3009, 3014, 3001, 3014, 3013, 3000, 3013, 3012, 3002, 3012, 3010, 3011, 3016, 3015, 3016, 3017, 3015, 2959, 3017, 2957, 3002, 3011, 3003, 3003, 3015, 3007, 3017, 3007, 3015, 2959, 3008, 3017, 2959, 2993, 3008, 2959, 2955, 3018, 2959, 3019, 2991, 3020, 2254, 2253, 3021, 2257, 2254, 3022, 3021, 3020, 3023, 3024, 3021, 3025, 3023, 3022, 3026, 3027, 3023, 3028, 3026, 3025, 3026, 3030, 3029, 3031, 3032, 3028, 3032, 3033, 3030, 3024, 2256, 2257, 3027, 3034, 3024, 3029, 3035, 3027, 3030, 3036, 3029, 3033, 3037, 3030, 3038, 3039, 3033, 3040, 3033, 3041, 3042, 3041, 3031, 3043, 3044, 3038, 3045, 3038, 3040, 3046, 3040, 3042, 3047, 3048, 3043, 3049, 3043, 3045, 3046, 3049, 3045, 3050, 3049, 3051, 3050, 3047, 3049, 3050, 3052, 3047, 3053, 2256, 3034, 3054, 3034, 3035, 3036, 3054, 3035, 3054, 3055, 3053, 3055, 2088, 3053, 3056, 3057, 3054, 3037, 3056, 3036, 3058, 3059, 3056, 3039, 3058, 3037, 3060, 3061, 3058, 3044, 3060, 3039, 3062, 3063, 3060, 3064, 3065, 3062, 3066, 3068, 3067, 3048, 3062, 3044, 3052, 3064, 3048, 3069, 3071, 3070, 3070, 3072, 3069, 3073, 3068, 3074, 3071, 3076, 3075, 3076, 3077, 3075, 3078, 3079, 3077, 3080, 3081, 3079, 2278, 3081, 3082, 3073, 3083, 3050, 3072, 3085, 3084, 3069, 3084, 3086, 3087, 3086, 3088, 3076, 3088, 3089, 3078, 3089, 3090, 3080, 3090, 3091, 3073, 3050, 3085, 3092, 3080, 3091, 3092, 2278, 3082, 3090, 3094, 3093, 3089, 3095, 3094, 3088, 3096, 3095, 3091, 3093, 3097, 3098, 3091, 3097, 2259, 3092, 3098, 3096, 3084, 3099, 3084, 3100, 3099, 3020, 2266, 3101, 3042, 3103, 3102, 3031, 3104, 3103, 3028, 3105, 3104, 3101, 3022, 3020, 2259, 3101, 2266, 3106, 3025, 3022, 3098, 3106, 3101, 3097, 3105, 3106, 3093, 3104, 3105, 3094, 3103, 3104, 3042, 3107, 3046, 3051, 3107, 3108, 3108, 3050, 3051, 3103, 3096, 3102, 3102, 3099, 3107, 3100, 3107, 3099, 3100, 3050, 3108, 3085, 3050, 3100, 3052, 3050, 3109, 3110, 3050, 3083, 2421, 2928, 2931, 1058, 2929, 2928, 2931, 2930, 2934, 2928, 2932, 2930, 2934, 2933, 2937, 2930, 2935, 2933, 2937, 2936, 2940, 2935, 2936, 2933, 2940, 2939, 2950, 2938, 2939, 2936, 1060, 2942, 2929, 2929, 2943, 2932, 2932, 2944, 2935, 2935, 2945, 2938, 2938, 2946, 2941, 2941, 2947, 2948, 2939, 2948, 2949, 2950, 2949, 2954, 2948, 2951, 2952, 2949, 2952, 2953, 2954, 2953, 3016, 2952, 2955, 2956, 2953, 2956, 2958, 2953, 2957, 3016, 2942, 884, 2960, 2943, 2960, 2962, 2943, 2961, 2944, 2960, 2963, 2962, 2960, 1135, 2964, 2962, 2965, 2961, 2944, 2966, 2945, 2969, 2967, 2972, 2945, 2970, 2946, 2972, 2971, 2975, 2946, 2973, 2947, 2975, 2974, 2977, 2977, 2976, 2979, 2979, 2978, 3111, 2947, 2980, 2951, 2951, 2981, 2955, 2974, 2982, 2984, 2984, 2976, 2974, 2978, 2983, 2992, 2967, 2982, 2971, 2967, 2986, 2985, 2968, 2987, 2986, 2988, 2989, 2987, 2989, 1096, 1086, 2994, 2992, 2983, 2995, 2983, 2984, 2996, 2984, 2982, 2997, 2982, 2985, 2998, 2985, 2986, 2999, 2986, 2987, 2999, 2989, 3005, 2989, 1064, 3005, 3001, 2997, 2998, 3000, 2996, 2997, 3002, 2995, 2996, 3004, 2998, 2999, 3004, 3005, 3006, 3006, 1064, 1065, 3007, 2995, 3003, 3007, 2993, 2994, 3009, 2421, 2931, 3011, 2950, 2954, 3010, 2940, 2950, 3012, 2937, 2940, 2931, 3014, 3009, 1072, 3006, 1065, 2934, 3013, 3014, 3009, 3004, 3006, 3014, 3001, 3004, 3013, 3000, 3001, 3012, 3002, 3000, 3016, 3011, 2954, 3017, 3016, 2957, 3011, 3002, 3010, 3015, 3003, 3011, 3007, 3017, 3008, 2254, 3020, 3021, 2257, 3021, 3024, 3021, 3022, 3023, 3024, 3023, 3027, 3023, 3025, 3026, 3027, 3026, 3029, 3026, 3028, 3032, 3030, 3026, 3032, 3032, 3031, 3041, 3033, 3032, 3041, 2256, 3024, 3034, 3034, 3027, 3035, 3035, 3029, 3036, 3036, 3030, 3037, 3037, 3033, 3039, 3039, 3038, 3044, 3033, 3040, 3038, 3041, 3042, 3040, 3044, 3043, 3048, 3038, 3045, 3043, 3040, 3046, 3045, 3048, 3047, 3052, 3043, 3049, 3047, 3049, 3046, 3051, 2256, 3053, 2088, 3034, 3054, 3053, 3054, 3036, 3056, 3055, 3054, 3057, 2088, 3055, 2328, 3057, 3056, 3059, 3056, 3037, 3058, 3059, 3058, 3061, 3058, 3039, 3060, 3061, 3060, 3063, 3060, 3044, 3062, 3063, 3062, 3065, 3070, 3067, 3068, 3068, 3066, 3074, 3062, 3048, 3064, 3064, 3052, 3109, 3071, 3069, 3087, 3072, 3070, 3068, 3068, 3073, 3072, 3076, 3071, 3087, 3077, 3076, 3078, 3079, 3078, 3080, 3081, 3080, 3082, 3081, 2278, 2287, 3085, 3072, 3073, 3084, 3069, 3072, 3086, 3087, 3069, 3088, 3076, 3087, 3089, 3078, 3076, 3090, 3080, 3078, 3080, 3092, 3082, 2278, 3092, 2260, 3094, 3090, 3089, 3095, 3089, 3088, 3096, 3088, 3086, 3093, 3091, 3090, 3091, 3098, 3092, 3092, 2259, 2260, 3084, 3096, 3086, 3100, 3084, 3085, 2266, 3020, 2253, 3103, 3042, 3031, 3104, 3031, 3028, 3105, 3028, 3025, 3022, 3101, 3106, 3101, 2259, 3098, 3025, 3106, 3105, 3106, 3098, 3097, 3105, 3097, 3093, 3104, 3093, 3094, 3103, 3094, 3095, 3107, 3042, 3102, 3107, 3051, 3046, 3096, 3103, 3095, 3099, 3102, 3096, 3107, 3100, 3108, 3112, 2700, 3113, 2699, 2700, 3112, 2701, 2699, 3112, 3114, 2701, 3112, 3115, 2701, 3114, 3116, 3115, 3114, 3117, 3115, 3116, 3118, 3117, 3116, 3119, 3121, 3120, 3122, 3119, 3120, 3123, 3122, 3120, 3124, 3122, 3123, 3112, 3113, 3125, 3112, 3125, 3126, 3114, 3112, 3126, 3114, 3126, 3127, 3114, 3127, 3128, 3116, 3114, 3128, 3116, 3128, 3129, 3118, 3116, 3129, 3118, 3129, 3130, 3131, 3118, 3130, 3132, 3134, 3133, 3135, 3125, 3136, 3126, 3125, 3135, 3137, 3126, 3135, 3127, 3126, 3137, 3138, 3127, 3137, 3128, 3127, 3138, 3139, 3128, 3138, 3129, 3128, 3139, 3140, 3129, 3139, 3130, 3129, 3140, 3141, 3134, 3142, 3133, 3134, 3141, 3143, 3136, 3144, 3135, 3136, 3143, 3145, 3135, 3143, 3137, 3135, 3145, 3138, 3137, 3145, 3146, 3138, 3145, 3139, 3138, 3146, 3147, 3139, 3146, 3140, 3139, 3147, 3148, 3142, 3149, 3141, 3142, 3148, 3150, 3144, 3151, 3143, 3144, 3150, 3152, 3143, 3150, 3145, 3143, 3152, 3153, 3145, 3152, 3146, 3145, 3153, 3154, 3146, 3153, 3147, 3146, 3154, 3155, 3149, 3154, 3148, 3149, 3155, 3156, 3151, 3157, 3150, 3151, 3156, 3158, 3150, 3156, 3152, 3150, 3158, 3159, 3152, 3158, 3153, 3152, 3159, 3160, 3153, 3159, 3154, 3153, 3160, 3161, 3154, 3160, 3155, 3154, 3161, 3162, 3157, 3163, 3156, 3157, 3162, 3164, 3156, 3162, 3158, 3156, 3164, 3165, 3158, 3164, 3159, 3158, 3165, 3166, 3159, 3165, 3160, 3159, 3166, 3167, 3160, 3166, 3161, 3160, 3167, 3168, 3163, 3169, 3162, 3163, 3168, 3170, 3162, 3168, 3164, 3162, 3170, 3171, 3164, 3170, 3165, 3164, 3171, 3172, 3165, 3171, 3166, 3165, 3172, 3173, 3166, 3172, 3167, 3166, 3173, 3174, 3169, 3175, 3168, 3169, 3174, 3176, 3168, 3174, 3170, 3168, 3176, 3177, 3170, 3176, 3171, 3170, 3177, 3178, 3171, 3177, 3172, 3171, 3178, 3179, 3172, 3178, 3173, 3172, 3179, 3174, 3175, 3180, 3174, 3180, 3181, 3176, 3174, 3181, 3176, 3181, 3182, 3176, 3182, 3183, 3177, 3176, 3183, 3177, 3183, 3184, 3178, 3177, 3184, 3178, 3184, 3185, 3179, 3178, 3185, 3179, 3185, 3186, 2700, 1965, 3113, 3151, 1950, 3157, 3144, 1950, 3151, 3136, 1950, 3144, 3136, 1958, 1950, 3125, 1958, 3136, 3113, 1965, 3125, 3157, 1942, 1997, 3175, 1990, 3180, 3175, 1992, 1990, 3175, 1994, 1992, 3169, 1994, 3175, 3163, 1994, 3169, 3163, 1996, 1994, 3157, 1997, 3163, 2428, 3180, 1988, 1988, 3180, 1990, 3187, 1972, 2700, 2428, 3188, 3180, 3115, 2700, 2701, 3119, 3182, 3181, 3115, 3187, 2700, 3117, 3187, 3115, 3119, 3188, 3189, 3119, 3180, 3188, 3119, 3181, 3180, 3185, 3184, 3190, 3182, 3184, 3183, 3122, 3182, 3119, 3124, 3182, 3122, 3190, 3182, 3124, 3190, 3184, 3182, 3185, 3190, 3191, 3185, 3191, 3192, 3193, 3194, 3167, 3192, 3186, 3185, 3193, 3186, 3192, 3193, 3179, 3186, 3193, 3173, 3179, 3193, 3167, 3173, 3167, 3194, 3161, 3125, 1965, 1958, 3157, 1950, 1942, 3163, 1997, 1996, 1972, 3187, 1979, 1965, 2700, 1972]
        point3f[] points = [(-0.12792398, -0.20519403, 0.15313898), (-0.13358898, -0.20567603, 0.12214598), (-0.14008799, -0.18712203, 0.13691199), (-0.11759599, -0.22299103, 0.14996198), (-0.11933099, -0.22594702, 0.11424397), (-0.10148198, -0.24143903, 0.12059997), (-0.11242899, -0.22200803, 0.16930398), (-0.08891599, -0.24641302, 0.14616698), (-0.12104499, -0.20191503, 0.17533799), (-0.137009, -0.17719403, 0.15592998), (-0.130555, -0.16943203, 0.17761798), (-0.12459599, -0.16597503, 0.19005698), (-0.11692499, -0.19685203, 0.18756099), (-0.114695, -0.16097103, 0.20902498), (-0.107274994, -0.19126703, 0.20334798), (-0.090519994, -0.18430401, 0.22528198), (-0.086192995, -0.21302201, 0.22016399), (-0.100030996, -0.21766102, 0.20033999), (-0.08545199, -0.22754002, 0.20981799), (-0.08310499, -0.23834002, 0.19414498), (-0.086845994, -0.24656801, 0.17412698), (-0.107935995, -0.22148503, 0.18205899), (-0.085031986, -0.252934, 0.13034098), (-0.07546399, -0.26036504, 0.17280397), (-0.06280099, -0.276055, 0.14616098), (-0.07021698, -0.26757002, 0.19733498), (-0.06454699, -0.27443403, 0.17340897), (-0.07419299, -0.25768104, 0.21045098), (-0.07648199, -0.24543001, 0.22638398), (-0.07728899, -0.22218901, 0.23685898), (-0.07900299, -0.20755301, 0.23746498), (-0.08484, -0.18039201, 0.23459998), (-0.104308, -0.15363203, 0.23155798), (-0.050347984, -0.28724602, 0.17398497), (-0.046049986, -0.292175, 0.14792296), (-0.05349499, -0.28163004, 0.20461898), (-0.05710699, -0.27081403, 0.22115497), (-0.058266994, -0.25457302, 0.23895998), (-0.06203199, -0.22690001, 0.25042596), (-0.062607996, -0.20351101, 0.25041696), (-0.069085, -0.17942001, 0.24908598), (-0.088704, -0.14869201, 0.24864599), (-0.001248986, -0.28771302, 0.17747597), (-0.0012489844, -0.293872, 0.15072997), (-0.0012489877, -0.28212404, 0.20735598), (-0.0012489894, -0.27034602, 0.22497497), (-0.0012489915, -0.25234404, 0.24028799), (-0.001248994, -0.22516501, 0.25416797), (-0.0012489964, -0.19589302, 0.25535098), (-0.0012489983, -0.16741002, 0.250904), (-0.001249001, -0.12858902, 0.24635099), (-0.092175975, -0.272557, 0.036094975), (-0.10499199, -0.256943, 0.054209974), (-0.08337699, -0.279737, 0.07732598), (-0.068742976, -0.296312, 0.064793974), (-0.06909399, -0.28441, 0.10018798), (-0.08819599, -0.271, 0.08903797), (-0.10713699, -0.24937901, 0.08115897), (-0.106586985, -0.24296603, 0.09595597), (-0.12798698, -0.23839404, 0.08612897), (-0.05515398, -0.297361, 0.11120098), (-0.042430982, -0.305644, 0.12053897), (-0.001248982, -0.308763, 0.12383997), (-0.0012489809, -0.317037, 0.11049097), (-0.04288198, -0.31537, 0.10845997), (-0.052688982, -0.306812, 0.09566197), (-0.12699504, 0.36249596, 0.24795403), (-0.10939704, 0.36656797, 0.26015902), (-0.115674034, 0.34526497, 0.26833504), (-0.11437004, 0.39010996, 0.26123402), (-0.08903304, 0.37288797, 0.26594803), (-0.10905204, 0.34502497, 0.27621502), (-0.122177035, 0.32652798, 0.27893904), (-0.14272803, 0.32356098, 0.24297503), (-0.122168034, 0.30147198, 0.28065702), (-0.13012503, 0.28057596, 0.27796602), (-0.14609203, 0.25777698, 0.25399604), (-0.12762403, 0.26232898, 0.28128102), (-0.13080803, 0.24011196, 0.27527103), (-0.12715903, 0.18592295, 0.26537004), (-0.13736303, 0.18349098, 0.24881001), (-0.08996303, 0.25902498, 0.28459802), (-0.08887603, 0.18838798, 0.27808604), (-0.07972304, 0.32735896, 0.28186902), (-0.07567704, 0.34803197, 0.27834702), (-0.07743904, 0.37892497, 0.26854602), (-0.09101904, 0.39345896, 0.26624304), (-0.07211605, 0.39490998, 0.26679504), (-0.056448042, 0.39173296, 0.27011704), (-0.059883036, 0.32659498, 0.28653303), (-0.062300034, 0.25599796, 0.29082704), (-0.061561026, 0.19130297, 0.28398603), (-0.064494014, 0.09801497, 0.25644), (-0.10704401, 0.09650797, 0.23967202), (-0.0012490274, 0.19798297, 0.28740102), (-0.0012490193, 0.10331598, 0.262959), (-0.0012490322, 0.25702697, 0.29251704), (-0.001249037, 0.32399598, 0.28699803), (-0.0012490415, 0.39318296, 0.27096203), (-0.15608302, -0.110641055, 0.463852), (-0.15011102, -0.10514205, 0.435419), (-0.14628701, -0.09678704, 0.436432), (-0.15002601, -0.14447007, 0.453151), (-0.14299701, -0.13491605, 0.42658), (-0.14131501, -0.12237904, 0.429787), (-0.13408001, -0.15015505, 0.454024), (-0.13098602, -0.14017606, 0.42661), (-0.15430401, -0.09942506, 0.475337), (-0.15645102, -0.09934405, 0.466392), (-0.15530401, -0.09732706, 0.490152), (-0.15258801, -0.11001506, 0.485861), (-0.14806502, -0.11149606, 0.493102), (-0.15025601, -0.15551107, 0.476864), (-0.13525002, -0.15898006, 0.473625), (-0.14337802, -0.11446504, 0.430241), (-0.15811402, -0.117236055, 0.460315), (-0.12837201, -0.09535005, 0.49271), (-0.13254501, -0.11064705, 0.499033), (-0.11589102, -0.12544906, 0.492518), (-0.13254501, -0.11064705, 0.499033), (-0.11258201, -0.10586804, 0.468627), (-0.11149901, -0.100491054, 0.489725), (-0.13225701, -0.094842054, 0.472803), (-0.13093902, -0.09403104, 0.439472), (-0.11719002, -0.09963705, 0.431432), (-0.15074301, -0.12723006, 0.45536), (-0.15296501, -0.13805807, 0.478667), (-0.15770102, -0.12515005, 0.482504), (-0.15640901, -0.118315056, 0.484855), (-0.12439301, -0.15270206, 0.47504), (-0.121226005, -0.14132006, 0.4478), (-0.10666701, -0.11868104, 0.464006), (-0.10666701, -0.11868104, 0.464006), (-0.111879006, -0.13255405, 0.452361), (-0.11435601, -0.14080906, 0.478047), (-0.11264901, -0.116136044, 0.427077), (-0.11170301, -0.122906044, 0.428398), (-0.12279601, -0.13680406, 0.429097), (-0.11264901, -0.116136044, 0.427077), (-0.15671106, 0.596382, 0.24201004), (-0.14624906, 0.61998, 0.28165007), (-0.11918906, 0.60378, 0.27004007), (-0.17185706, 0.60864, 0.24537104), (-0.15932406, 0.632749, 0.29934305), (-0.17702205, 0.623981, 0.24312605), (-0.17173105, 0.647322, 0.29624406), (-0.17885906, 0.638532, 0.23525004), (-0.17558905, 0.664088, 0.29347405), (-0.17289805, 0.655538, 0.22639404), (-0.17241006, 0.682204, 0.28834605), (-0.10711807, 0.706536, 0.23354906), (-0.121217065, 0.724043, 0.27698305), (-0.14334506, 0.722784, 0.27672207), (-0.14098206, 0.703191, 0.23341306), (-0.14065506, 0.695924, 0.21450906), (-0.11525806, 0.698462, 0.21461406), (-0.16410907, 0.65637296, 0.35535806), (-0.16607706, 0.6735829, 0.35834306), (-0.16778207, 0.67117095, 0.40196005), (-0.16858307, 0.653153, 0.33166707), (-0.17067505, 0.672273, 0.33173206), (-0.16982105, 0.678244, 0.33065706), (-0.15888707, 0.68994594, 0.36241707), (-0.16231008, 0.6851829, 0.40316707), (-0.15943006, 0.697137, 0.32633305), (-0.15475605, 0.701932, 0.28480607), (-0.15077907, 0.7068709, 0.36250705), (-0.15154308, 0.70024997, 0.40467405), (-0.14788808, 0.716717, 0.32658306), (-0.15611807, 0.6467819, 0.35701206), (-0.16596007, 0.65798694, 0.40158206), (-0.15589206, 0.640834, 0.32982805), (-0.13941406, 0.62868, 0.30667806), (-0.13630407, 0.642644, 0.33687407), (-0.14039107, 0.65041995, 0.36338606), (-0.15531006, 0.64919496, 0.39658806), (-0.14297806, 0.65293896, 0.39480105), (-0.12841406, 0.65196, 0.33900005), (-0.123436056, 0.639974, 0.31107107), (-0.13184206, 0.6682639, 0.36691305), (-0.121841066, 0.664606, 0.33924207), (-0.12841406, 0.65196, 0.33900005), (-0.11446006, 0.655993, 0.30704305), (-0.120941065, 0.685461, 0.33603105), (-0.111502066, 0.678804, 0.29088005), (-0.13036308, 0.68271697, 0.36718106), (-0.13477607, 0.66649497, 0.39760005), (-0.13597508, 0.6834539, 0.40181607), (-0.11092107, 0.705593, 0.28738505), (-0.10249106, 0.693563, 0.24867806), (-0.10172006, 0.667537, 0.26524505), (-0.12301607, 0.712112, 0.32555705), (-0.13146107, 0.6990209, 0.36604905), (-0.13682407, 0.69247395, 0.40080205), (-0.13415207, 0.718573, 0.32698807), (-0.13747807, 0.71043897, 0.37044907), (-0.14361107, 0.70414495, 0.40397105), (-0.14626107, 0.69943, 0.24109507), (-0.128898, -0.14496705, 0.345153), (-0.141779, -0.13880004, 0.349241), (-0.142029, -0.13021204, 0.387352), (-0.129437, -0.14861305, 0.322307), (-0.144594, -0.14316905, 0.322586), (-0.131033, -0.14946404, 0.27324), (-0.14476, -0.14450404, 0.275914), (-0.136399, -0.15052503, 0.24539699), (-0.153422, -0.14677803, 0.24818999), (-0.14574102, -0.099826045, 0.390732), (-0.14155902, -0.090599045, 0.395156), (-0.15140101, -0.09554304, 0.357251), (-0.14747801, -0.08584904, 0.358476), (-0.154083, -0.097057045, 0.331028), (-0.15283102, -0.082088046, 0.328154), (-0.159235, -0.096603036, 0.284449), (-0.15636, -0.073920034, 0.287291), (-0.166986, -0.08608804, 0.2587), (-0.13408801, -0.08697405, 0.396382), (-0.13986301, -0.076018035, 0.35749), (-0.14086701, -0.067048036, 0.328906), (-0.14826402, -0.06380904, 0.284299), (-0.160824, -0.06900604, 0.258343), (-0.12567002, -0.08816204, 0.390881), (-0.12518801, -0.07837304, 0.356448), (-0.124988005, -0.069373034, 0.327118), (-0.12705702, -0.058328036, 0.285931), (-0.151267, -0.059388034, 0.257795), (-0.112243004, -0.102771044, 0.384655), (-0.110809006, -0.090380035, 0.351857), (-0.10974701, -0.08500104, 0.326467), (-0.10897501, -0.07765903, 0.270681), (-0.11182201, -0.05485803, 0.24784), (-0.131936, -0.13385604, 0.387148), (-0.162815, -0.13119704, 0.25548), (-0.15819, -0.13194504, 0.276571), (-0.14845902, -0.11972005, 0.388362), (-0.158791, -0.12830704, 0.327581), (-0.14892901, -0.10981705, 0.39068), (-0.162303, -0.112605035, 0.27618), (-0.172626, -0.110415034, 0.24864197), (-0.158332, -0.11581104, 0.33161), (-0.153658, -0.11251404, 0.3638), (-0.153067, -0.12637505, 0.358834), (-0.09930301, -0.07815303, 0.250777), (-0.095958, -0.09724203, 0.24993698), (-0.10974701, -0.08500104, 0.326467), (-0.10897501, -0.07765903, 0.270681), (-0.10574001, -0.10025103, 0.264041), (-0.110809006, -0.090380035, 0.351857), (-0.101766005, -0.10140504, 0.325041), (-0.11651701, -0.13281104, 0.384157), (-0.11023701, -0.12881604, 0.339218), (-0.107214004, -0.11414904, 0.389526), (-0.112243004, -0.102771044, 0.384655), (-0.102726005, -0.10539104, 0.350652), (-0.10574001, -0.10025103, 0.264041), (-0.095958, -0.09724203, 0.24993698), (-0.097678, -0.13531101, 0.24972498), (-0.103958, -0.13983305, 0.274831), (-0.10709601, -0.13248704, 0.316899), (-0.149347, -0.16333704, 0.19399399), (-0.142317, -0.15866102, 0.21638398), (-0.167364, -0.15677403, 0.19798398), (-0.159566, -0.15234903, 0.22160399), (-0.182778, -0.13586803, 0.19297497), (-0.16944, -0.13705103, 0.23090199), (-0.184603, -0.11045903, 0.19931097), (-0.178932, -0.10992204, 0.23031297), (-0.180843, -0.07844103, 0.19835599), (-0.174283, -0.08012104, 0.23350099), (-0.172478, -0.06204003, 0.20163499), (-0.169373, -0.065064035, 0.228359), (-0.162512, -0.05155103, 0.204468), (-0.154905, -0.055327028, 0.224768), (-0.134235, -0.03855503, 0.201457), (-0.154567, -0.16902803, 0.17717898), (-0.168883, -0.16448203, 0.17329298), (-0.185728, -0.14499404, 0.16882098), (-0.190281, -0.11576003, 0.17079698), (-0.185933, -0.08538003, 0.17083298), (-0.180973, -0.06627703, 0.17679198), (-0.174022, -0.05275103, 0.18036698), (-0.145192, -0.032678027, 0.178525), (-0.160816, -0.17605104, 0.15036298), (-0.19115, -0.12028403, 0.14458898), (-0.187694, -0.08370003, 0.15160298), (-0.18432, -0.15026303, 0.14625597), (-0.176473, -0.16606003, 0.15012297), (-0.179661, -0.05124803, 0.15498199), (-0.187794, -0.06810703, 0.15485398), (-0.0012489603, -0.33737797, -0.32648903), (-0.001248964, -0.29614797, -0.31222302), (-0.0066329637, -0.29988196, -0.31048304), (-0.012644961, -0.33526498, -0.32426503), (-0.027971964, -0.30416998, -0.30141804), (-0.02456896, -0.33813596, -0.31909603), (-0.04803296, -0.30763397, -0.27928802), (-0.047549963, -0.34192997, -0.29351702), (-0.054565966, -0.31208697, -0.25720602), (-0.05477796, -0.35156098, -0.27544603), (-0.061074965, -0.31660596, -0.23508203), (-0.06430896, -0.35780498, -0.25009403), (-0.07400997, -0.32412398, -0.19064602), (-0.072785966, -0.37293696, -0.21522003), (-0.07993897, -0.328293, -0.14305504), (-0.07825896, -0.381597, -0.16707003), (-0.07983097, -0.342612, -0.08063703), (-0.07245296, -0.386467, -0.11143104), (-0.07453097, -0.349087, -0.042228032), (-0.06288597, -0.395947, -0.074539036), (-0.06618197, -0.355099, -0.026305035), (-0.058237966, -0.399338, -0.064376034), (-0.057161976, -0.358051, -0.0118680345), (-0.049684968, -0.40461, -0.053581037), (-0.041687973, -0.367515, 0.012726966), (-0.039130967, -0.408648, -0.042087037), (-0.030764973, -0.379478, 0.018911965), (-0.029070968, -0.414414, -0.028878037), (-0.0012489726, -0.374922, 0.022025967), (-0.0012489571, -0.37003598, -0.34167904), (-0.017401958, -0.37055996, -0.33881202), (-0.024857953, -0.41285297, -0.36347604), (-0.032337964, -0.448812, -0.06830404), (-0.0012489635, -0.44466, -0.06504304), (-0.0012489596, -0.475707, -0.10128505), (-0.040168963, -0.438426, -0.075049035), (-0.03042996, -0.474807, -0.09894204), (-0.050332963, -0.434053, -0.088479035), (-0.062171962, -0.43209, -0.10481204), (-0.04845196, -0.472345, -0.10609204), (-0.073865965, -0.427964, -0.13448805), (-0.064312965, -0.466531, -0.12597005), (-0.08285696, -0.41609898, -0.18670703), (-0.07943595, -0.462347, -0.16386305), (-0.07655596, -0.40087697, -0.23057503), (-0.08614196, -0.45398396, -0.20446505), (-0.06607196, -0.39136496, -0.26792002), (-0.08067995, -0.43786496, -0.24416904), (-0.06204096, -0.38360196, -0.29122102), (-0.07619695, -0.43722597, -0.27788603), (-0.05120196, -0.37388298, -0.31152904), (-0.07095195, -0.42666498, -0.30998102), (-0.029628957, -0.37085897, -0.33123502), (-0.05207895, -0.41774997, -0.34747103), (-0.03931495, -0.41577497, -0.35680404), (-0.001248976, -0.351192, 0.05885597), (-0.03292998, -0.352286, 0.06025997), (-0.027636968, -0.25371996, -0.28792304), (-0.0012489676, -0.25494596, -0.29903403), (-0.0012489728, -0.19453996, -0.28469503), (-0.04767297, -0.25724798, -0.26575503), (-0.033124972, -0.19792198, -0.27823702), (-0.05676397, -0.26315498, -0.24237102), (-0.054977972, -0.20514096, -0.25914702), (-0.06629397, -0.26939896, -0.21701802), (-0.067797974, -0.22277199, -0.23406601), (-0.07907897, -0.27552396, -0.17239103), (-0.08186097, -0.22825499, -0.20233901), (-0.08228997, -0.29033, -0.12352202), (-0.092759974, -0.24140699, -0.16032502), (-0.09159398, -0.308062, -0.06276604), (-0.098119974, -0.25879, -0.11233403), (-0.104691975, -0.268792, -0.07407603), (-0.10372598, -0.282517, -0.04305003), (-0.08619798, -0.319898, -0.027209032), (-0.07319498, -0.324593, -0.0036200318), (-0.102334976, -0.285842, -0.01362003), (-0.06106198, -0.329851, 0.02392297), (-0.083145976, -0.291059, 0.01982397), (-0.04472698, -0.343517, 0.047053967), (-0.0012489675, -0.413575, -0.029594036), (-0.11462498, -0.248014, -0.10842903), (-0.11345598, -0.259611, -0.06333403), (-0.11426198, -0.265515, -0.034755025), (-0.11426398, -0.25817, 0.020163972), (-0.11414098, -0.265511, -0.0072400286), (-0.09529598, -0.20347199, -0.19572401), (-0.11177098, -0.217091, -0.15723701), (-0.10738098, -0.222008, -0.15583302), (-0.14870699, -0.22660503, 0.08596097), (-0.15564299, -0.23464702, 0.06628097), (-0.15453498, -0.23668201, 0.03249997), (-0.13016598, -0.24976501, 0.05764397), (-0.16249299, -0.24328901, -0.0052270284), (-0.12643199, -0.251653, 0.030793972), (-0.16085298, -0.24636002, -0.032707028), (-0.13747798, -0.256627, -0.006367028), (-0.15241599, -0.23803002, -0.07071203), (-0.14153199, -0.256207, -0.03472503), (-0.13190597, -0.230855, -0.11649203), (-0.13492398, -0.252342, -0.06219703), (-0.122350976, -0.236177, -0.11494203), (-0.103299975, -0.226456, -0.15759802), (-0.0012489755, -0.16126896, -0.281658), (-0.029612975, -0.16193797, -0.276531), (-0.055023976, -0.16990297, -0.260522), (-0.087160975, -0.18852398, -0.22018701), (-0.16068399, -0.19556104, 0.11700898), (-0.15792699, -0.17975503, 0.13573499), (-0.03472398, -0.15202397, -0.272125), (-0.052669976, -0.15630098, -0.264363), (-0.082673974, -0.17097798, -0.23140101), (-0.105618976, -0.182962, -0.20060201), (-0.120633975, -0.195755, -0.16801101), (-0.14526099, -0.203948, -0.123322025), (-0.16446699, -0.21175002, -0.08363602), (-0.17937298, -0.21904902, -0.039684027), (-0.18536799, -0.21985601, 0.005244973), (-0.18043098, -0.21231902, 0.038135976), (-0.17925298, -0.21031201, 0.061944973), (-0.16536598, -0.20162703, 0.09286698), (-0.18872, -0.14323802, 0.10394098), (-0.19945098, -0.15824501, 0.055923976), (-0.0012489795, -0.10876898, -0.28155), (-0.02919798, -0.110832974, -0.276644), (-0.20234099, -0.16254902, 0.029261976), (-0.20509699, -0.16341701, 0.008435977), (-0.19941498, -0.15396301, -0.04483402), (-0.18131198, -0.14479502, -0.08355402), (-0.16148998, -0.137322, -0.13053802), (-0.13684799, -0.13454, -0.17810601), (-0.100723974, -0.118992984, -0.22847502), (-0.06477598, -0.11309299, -0.254879), (-0.04205498, -0.10943798, -0.27002), (-0.0012489924, 0.058116022, -0.274179), (-0.0012489983, 0.13667503, -0.272488), (-0.026539998, 0.13838702, -0.265242), (-0.04557399, 0.05747302, -0.252677), (-0.046669, 0.13623501, -0.251344), (-0.07390999, 0.059353016, -0.232826), (-0.068914, 0.12809801, -0.23571998), (-0.11147499, 0.053882007, -0.189869), (-0.100331, 0.125482, -0.20456299), (-0.138771, 0.038683005, -0.155249), (-0.130268, 0.135267, -0.17870499), (-0.158486, 0.028615, -0.119164005), (-0.172164, 0.123803996, -0.123829), (-0.187836, 0.025789991, -0.060054004), (-0.198633, 0.088728994, -0.055963), (-0.195258, 0.027597986, -0.030983007), (-0.2091, 0.08874598, -0.023594001), (-0.198901, 0.024067985, -0.0069930064), (-0.214704, 0.09224998, 0.0029919988), (-0.201824, 0.025067983, 0.015644992), (-0.21686701, 0.08823598, 0.029349998), (-0.196845, 0.02247798, 0.048201997), (-0.21574402, 0.08752998, 0.061243996), (-0.180675, 0.02024298, 0.08238199), (-0.21072102, 0.08693498, 0.099334), (-0.174791, 0.024286978, 0.10020699), (-0.19852701, 0.09054297, 0.135498), (-0.16170801, 0.025677973, 0.140514), (-0.17383702, 0.08785197, 0.178022), (-0.14617002, 0.023084974, 0.16817), (-0.14755201, 0.090085976, 0.20686302), (-0.13203202, 0.027144974, 0.191144), (-0.12160201, 0.08880797, 0.22136602), (-0.115843005, 0.028395971, 0.203654), (-0.09190602, 0.029970972, 0.228677), (-0.067262016, 0.029924974, 0.235639), (-0.0012490038, 0.20959303, -0.27313998), (-0.0012490075, 0.25968102, -0.27437598), (-0.030532008, 0.26164204, -0.26683298), (-0.025070004, 0.20843004, -0.26560098), (-0.043961007, 0.26131502, -0.25850996), (-0.043193005, 0.21559203, -0.25627196), (-0.07097301, 0.27215004, -0.24971998), (-0.062477004, 0.21259801, -0.24652898), (-0.10211301, 0.26763302, -0.23464698), (-0.08692401, 0.20182702, -0.23176399), (-0.12099601, 0.27972803, -0.21000597), (-0.11140101, 0.203872, -0.20568198), (-0.13306102, 0.31685302, -0.18972597), (-0.15404202, 0.237482, -0.15840998), (-0.18159701, 0.326054, -0.14206299), (-0.21306302, 0.19170098, -0.072395995), (-0.23212501, 0.29196298, -0.06920298), (-0.23289801, 0.17270498, -0.025995994), (-0.25052902, 0.27513996, -0.028471988), (-0.24091302, 0.17073098, -0.0007169956), (-0.26593503, 0.25803196, 0.02246301), (-0.24402002, 0.16821298, 0.035144005), (-0.26895204, 0.25752196, 0.09135101), (-0.24926801, 0.17192599, 0.078770004), (-0.26017302, 0.25304097, 0.143517), (-0.23908001, 0.17026497, 0.130631), (-0.23789702, 0.25023594, 0.187525), (-0.22077002, 0.18011697, 0.179706), (-0.20784304, 0.25606093, 0.21989802), (-0.19594103, 0.18489598, 0.211672), (-0.18498403, 0.25635797, 0.23496002), (-0.17234303, 0.18495297, 0.227919), (-0.0012490113, 0.30985704, -0.27635098), (-0.0012490147, 0.35915804, -0.28138196), (-0.022252016, 0.36483702, -0.27673298), (-0.02515101, 0.31426203, -0.26973897), (-0.044680014, 0.36673304, -0.26917896), (-0.04735501, 0.32382104, -0.26421398), (-0.08212701, 0.37698203, -0.26090598), (-0.08652402, 0.33371404, -0.25324497), (-0.115391016, 0.38417703, -0.25417498), (-0.12099601, 0.33816904, -0.23771097), (-0.14330302, 0.39446104, -0.24148197), (-0.13021001, 0.34910804, -0.21934697), (-0.16648902, 0.41769803, -0.22054897), (-0.15022701, 0.37480304, -0.18782596), (-0.18235703, 0.41791502, -0.17785099), (-0.17485902, 0.362509, -0.15427598), (-0.19617403, 0.402437, -0.13794799), (-0.19858602, 0.35419497, -0.12739098), (-0.21400402, 0.39475098, -0.09055397), (-0.23049504, 0.34991297, -0.06698098), (-0.22782902, 0.40637797, -0.046798974), (-0.24566303, 0.34308198, -0.026229981), (-0.23899104, 0.40797096, 0.0035440251), (-0.26719704, 0.33932698, 0.05363102), (-0.24564204, 0.39314896, 0.10966803), (-0.25821102, 0.34306797, 0.13656601), (-0.22964904, 0.39010796, 0.14901301), (-0.23667003, 0.34055993, 0.17940001), (-0.20721704, 0.39422694, 0.17719202), (-0.21418703, 0.33113295, 0.20992601), (-0.17636004, 0.39506096, 0.19421302), (-0.197423, -0.084480025, 0.105869986), (-0.191396, -0.08512203, 0.13471198), (-0.0012489834, -0.055616975, -0.281261), (-0.036239985, -0.056537982, -0.274905), (-0.046686985, -0.059892982, -0.26737), (-0.064359985, -0.061986983, -0.254993), (-0.09344798, -0.06321499, -0.233682), (-0.117852986, -0.06513199, -0.21022), (-0.15687798, -0.073559, -0.147906), (-0.16931799, -0.075371005, -0.12159102), (-0.18571198, -0.082903005, -0.06638701), (-0.19194299, -0.08588502, -0.035584014), (-0.197297, -0.08766802, -0.0033180162), (-0.200559, -0.088266015, 0.029574983), (-0.204407, -0.090542026, 0.06425299), (-0.120629005, -0.035510026, 0.212559), (-0.10803901, -0.013981027, 0.209095), (-0.09201001, -0.016895028, 0.229462), (-0.06961801, -0.018919026, 0.240885), (-0.0012490083, -0.029308021, 0.243079), (-0.0012490047, -0.07894802, 0.244715), (-0.130746, -0.018250026, 0.191429), (-0.161943, -0.036928024, 0.148535), (-0.175309, -0.042488024, 0.08857099), (-0.158849, -0.023566024, 0.145878), (-0.141998, -0.019973027, 0.170519), (-0.0012490128, 0.02764198, 0.244949), (-0.18512703, 0.32344896, 0.22639701), (-0.0012490167, 0.38613904, -0.28458598), (-0.022317016, 0.38849804, -0.27870098), (-0.043360017, 0.39328003, -0.27148998), (-0.08452401, 0.39662504, -0.26399997), (-0.114871025, 0.40415204, -0.26071998), (-0.15581402, 0.42252204, -0.24690697), (-0.17642003, 0.44449002, -0.21917097), (-0.18714803, 0.44636202, -0.17080297), (-0.19154203, 0.457961, -0.10366297), (-0.19692603, 0.456188, -0.07144497), (-0.20457703, 0.45851198, -0.045516968), (-0.21699002, 0.45602798, -0.0055279694), (-0.22173603, 0.45724398, 0.044187028), (-0.20514104, 0.46275097, 0.08483503), (-0.18590905, 0.454107, 0.12101203), (-0.17052205, 0.450118, 0.14847504), (-0.0012490205, 0.43736404, -0.28771198), (-0.02036602, 0.43852103, -0.28175798), (-0.040205024, 0.44333103, -0.27529296), (-0.06950602, 0.44809702, -0.27323198), (-0.12812804, 0.47720602, -0.25471896), (-0.16867703, 0.48765004, -0.21863995), (-0.18112303, 0.48517603, -0.17869897), (-0.18358202, 0.490411, -0.12782797), (-0.18844803, 0.493013, -0.08642996), (-0.19551603, 0.491592, -0.065088965), (-0.20651603, 0.47770697, -0.036922965), (-0.21614704, 0.47211796, -0.006222968), (-0.21791404, 0.48047996, 0.04309203), (-0.20227504, 0.49355796, 0.08249704), (-0.17655504, 0.496175, 0.11861604), (-0.16313605, 0.495121, 0.13753805), (-0.15296204, 0.493518, 0.14292005), (-0.14968304, 0.454007, 0.16031304), (-0.14195104, 0.40277097, 0.20357403), (-0.14404805, 0.38864496, 0.21060503), (-0.14056404, 0.36215398, 0.22883902), (-0.0012490249, 0.49729103, -0.28998297), (-0.023022026, 0.500785, -0.28628096), (-0.037320025, 0.504024, -0.28190598), (-0.06940003, 0.5099, -0.27611598), (-0.12796003, 0.515347, -0.25563493), (-0.17144004, 0.520642, -0.21362597), (-0.18551902, 0.534844, -0.16749197), (-0.19067003, 0.53519, -0.12115796), (-0.19608603, 0.528586, -0.08638296), (-0.20154002, 0.513185, -0.060298964), (-0.21131803, 0.49934098, -0.032955963), (-0.22339505, 0.49845496, -0.0032229663), (-0.22261405, 0.517785, 0.058809035), (-0.20076305, 0.531742, 0.10827104), (-0.17875305, 0.534214, 0.14667803), (-0.16562304, 0.535363, 0.16108005), (-0.15249205, 0.536513, 0.17548205), (-0.001249031, 0.587303, -0.30208093), (-0.011818032, 0.594139, -0.30002093), (-0.035676032, 0.597987, -0.29469994), (-0.06341903, 0.598892, -0.28748393), (-0.09638603, 0.6008, -0.27510595), (-0.13907602, 0.601153, -0.24836394), (-0.17597602, 0.596031, -0.19883497), (-0.19827205, 0.578307, -0.13172497), (-0.20102005, 0.572615, -0.10358196), (-0.20164305, 0.570229, -0.08822595), (-0.20842105, 0.562804, -0.04761696), (-0.21700704, 0.556448, -0.012573961), (-0.22080204, 0.553517, 0.016786039), (-0.21760204, 0.548512, 0.06541604), (-0.19863304, 0.555998, 0.12911902), (-0.18488304, 0.577435, 0.19032402), (-0.0012490354, 0.651514, -0.31518993), (-0.009289036, 0.65396, -0.31004295), (-0.035451036, 0.657826, -0.29467195), (-0.058388036, 0.657454, -0.29071993), (-0.09019804, 0.662761, -0.28182793), (-0.12468104, 0.659081, -0.26103693), (-0.14935805, 0.650157, -0.23022494), (-0.17839704, 0.63464, -0.17390695), (-0.19148204, 0.6182, -0.11920196), (-0.19387804, 0.612662, -0.07402995), (-0.19593604, 0.612093, -0.041881956), (-0.20430905, 0.59636, -0.012347957), (-0.21203105, 0.590429, 0.037766043), (-0.21273805, 0.585258, 0.08019304), (-0.19968605, 0.586578, 0.13948403), (-0.18854606, 0.602457, 0.19088204), (-0.0012490412, 0.707409, -0.27866194), (-0.001249043, 0.725486, -0.26778194), (-0.051147044, 0.727377, -0.26542494), (-0.06105504, 0.702013, -0.28509593), (-0.08191504, 0.72855, -0.24941994), (-0.08853804, 0.707815, -0.27188995), (-0.097447045, 0.72632, -0.22810595), (-0.10975804, 0.698903, -0.25184593), (-0.112139046, 0.720536, -0.20289195), (-0.13561304, 0.689358, -0.22564694), (-0.12129004, 0.715173, -0.17420495), (-0.14458005, 0.684117, -0.18837593), (-0.14065404, 0.705258, -0.12109195), (-0.15637404, 0.676508, -0.12575693), (-0.15664405, 0.693888, -0.060010947), (-0.17193705, 0.663313, -0.07223095), (-0.16699904, 0.685126, -0.027811948), (-0.18454204, 0.652629, -0.035561953), (-0.17647004, 0.670814, 0.002699051), (-0.19257204, 0.641127, -0.0053079524), (-0.18414506, 0.661515, 0.05555205), (-0.20289305, 0.630985, 0.05410805), (-0.18063205, 0.66075, 0.10485305), (-0.20328605, 0.630053, 0.097208045), (-0.16882005, 0.66481, 0.15687107), (-0.19311406, 0.635795, 0.15750805), (-0.15875205, 0.669239, 0.19792005), (-0.17961206, 0.642878, 0.19871704), (-0.15286607, 0.675335, 0.22131506), (-0.0012490458, 0.754278, -0.25234094), (-0.047696047, 0.76125, -0.25035095), (-0.06944604, 0.755425, -0.23104094), (-0.080145046, 0.753325, -0.21278694), (-0.09151504, 0.748686, -0.18765195), (-0.09804605, 0.746283, -0.15999694), (-0.111041054, 0.737314, -0.11582194), (-0.13452904, 0.724987, -0.06407994), (-0.14573306, 0.712357, -0.025227943), (-0.15110105, 0.7031, 0.017584054), (-0.15609805, 0.691295, 0.06648705), (-0.16103207, 0.682318, 0.107321054), (-0.15255406, 0.683067, 0.15383106), (-0.14526506, 0.689269, 0.18498106), (-0.0012490473, 0.75729, -0.22333995), (-0.03456505, 0.757277, -0.21286593), (-0.043805048, 0.756001, -0.20050794), (-0.05110005, 0.755094, -0.18230894), (-0.058677047, 0.751407, -0.16456693), (-0.059584048, 0.750135, -0.14704295), (-0.06737705, 0.744934, -0.11056493), (-0.083772056, 0.73535, -0.06093094), (-0.098575056, 0.727452, -0.02231994), (-0.116378054, 0.717707, 0.019550057), (-0.11869906, 0.709582, 0.05377406), (-0.12616307, 0.690241, 0.11474505), (-0.15330504, 0.561085, 0.20514305), (-0.14057006, 0.581307, 0.23745404), (-0.0012489766, -0.14774898, -0.279887), (-0.11339306, 0.615958, 0.28266805), (-0.13477607, 0.66649497, 0.39760005), (-0.13184206, 0.6682639, 0.36691305), (-0.17844507, 0.68073595, 0.47204006), (-0.17247207, 0.68679893, 0.44360706), (-0.16864708, 0.69600695, 0.44462207), (-0.17238708, 0.64345497, 0.46134007), (-0.16535908, 0.65398395, 0.43477106), (-0.16367708, 0.66780096, 0.43797705), (-0.15644208, 0.6371899, 0.46221405), (-0.15334707, 0.64818794, 0.43479905), (-0.17666507, 0.69309795, 0.48352605), (-0.17881107, 0.69318897, 0.47457907), (-0.17766607, 0.6954119, 0.49834007), (-0.17495008, 0.6814259, 0.49404907), (-0.17042507, 0.67979497, 0.50129205), (-0.17261808, 0.63128793, 0.48505306), (-0.15761107, 0.62746495, 0.48181406), (-0.16573907, 0.67652196, 0.43843007), (-0.18047407, 0.67346996, 0.46850505), (-0.15073408, 0.69759095, 0.50089806), (-0.15490508, 0.6807299, 0.5072241), (-0.13825308, 0.6644179, 0.50070804), (-0.15490508, 0.6807299, 0.5072241), (-0.13494207, 0.6859989, 0.47681504), (-0.13386108, 0.6919249, 0.49791506), (-0.15461807, 0.69814897, 0.48099107), (-0.15330008, 0.6990429, 0.44766107), (-0.13955007, 0.69286597, 0.43961906), (-0.17310308, 0.6624559, 0.46355006), (-0.17532407, 0.65052193, 0.48685607), (-0.18006207, 0.66474897, 0.49069107), (-0.17877008, 0.67228097, 0.49304605), (-0.14675407, 0.63438296, 0.48322907), (-0.14358707, 0.64692795, 0.45598805), (-0.12902808, 0.67187595, 0.47219607), (-0.13424107, 0.6565889, 0.46055105), (-0.13671607, 0.64748996, 0.48623607), (-0.13424107, 0.6565889, 0.46055105), (-0.13501008, 0.6746829, 0.43526605), (-0.13406508, 0.66722095, 0.43658605), (-0.14515507, 0.6519029, 0.43728706), (-0.13406508, 0.66722095, 0.43658605), (-0.13024905, 0.685131, 0.14892706), (-0.106833056, 0.711004, 0.04834706), (-0.04664205, 0.736575, -0.13207394), (-0.04540405, 0.733173, -0.111173935), (-0.051913053, 0.730043, -0.069855936), (-0.06896205, 0.726926, -0.02371094), (-0.08722105, 0.719677, 0.012041059), (-0.0012490504, 0.739863, -0.12554394), (-0.04664205, 0.736575, -0.13207394), (-0.059584048, 0.750135, -0.14704295), (-0.001249047, 0.740271, -0.20371795), (-0.058677047, 0.751407, -0.16456693), (-0.05110005, 0.755094, -0.18230894), (-0.0012490479, 0.741362, -0.18334694), (-0.0012490492, 0.743522, -0.15845594), (-0.0012490555, 0.780392, -0.07843393), (-0.0096080545, 0.778475, -0.07864993), (-0.010319052, 0.785221, -0.15821593), (-0.0012490525, 0.787301, -0.15800293), (-0.011026048, 0.781049, -0.23308893), (-0.0012490489, 0.783302, -0.23318993), (-0.011734045, 0.755574, -0.28158495), (-0.0012490448, 0.757763, -0.28261593), (-0.012443041, 0.71951, -0.30889395), (-0.0012490408, 0.720882, -0.31108195), (-0.013150038, 0.683087, -0.31580094), (-0.015730053, 0.773239, -0.07924093), (-0.016956052, 0.779535, -0.15880193), (-0.018183049, 0.774891, -0.23281692), (-0.019411044, 0.749595, -0.27876893), (-0.020638041, 0.715764, -0.30291593), (-0.021866037, 0.6814, -0.30893195), (-0.017971054, 0.766086, -0.08004993), (-0.019389052, 0.771768, -0.15960293), (-0.020806048, 0.766481, -0.23244394), (-0.022223044, 0.74143, -0.27492195), (-0.02364104, 0.710645, -0.29474795), (-0.015734054, 0.758934, -0.080856934), (-0.01696205, 0.763998, -0.16040094), (-0.018190047, 0.758069, -0.23207094), (-0.019417042, 0.73326, -0.27107295), (-0.02064404, 0.705525, -0.28658095), (-0.009618053, 0.753694, -0.081448935), (-0.01032605, 0.758311, -0.16098695), (-0.011035047, 0.75191, -0.23179694), (-0.011746042, 0.727278, -0.26825494), (-0.012455041, 0.701777, -0.28059894), (-0.0012580532, 0.751773, -0.08166593), (-0.0012600501, 0.756224, -0.16120294), (-0.0012600465, 0.749652, -0.23169693), (-0.0012600465, 0.749652, -0.23169693), (-0.001249043, 0.725486, -0.26778194), (-0.001249043, 0.725486, -0.26778194), (-0.0012630407, 0.700403, -0.27840695), (-0.0012490377, 0.683704, -0.31831694), (-0.09849994, -0.591361, -0.29199007), (-0.09644594, -0.589939, -0.29760006), (-0.09980194, -0.58556, -0.30658507), (-0.09340394, -0.602995, -0.31747007), (-0.09138194, -0.603046, -0.32308006), (-0.10163794, -0.588414, -0.31830806), (-0.08518694, -0.608908, -0.31381506), (-0.07783094, -0.613435, -0.30148306), (-0.08357194, -0.611836, -0.31649607), (-0.09177894, -0.604435, -0.28988105), (-0.08318594, -0.61183, -0.29045206), (-0.08561394, -0.61036, -0.29501605), (-0.09614294, -0.589941, -0.28601807), (-0.09374694, -0.598662, -0.28286007), (-0.08834094, -0.607399, -0.28083405), (-0.08082894, -0.610466, -0.28448007), (-0.07413094, -0.614932, -0.29537305), (-0.07990494, -0.60762, -0.32338005), (-0.07692794, -0.616294, -0.31151706), (-0.08620594, -0.594502, -0.32983106), (-0.09189094, -0.585757, -0.32898206), (-0.09701094, -0.579853, -0.31936505), (-0.09771894, -0.575517, -0.29628205), (-0.094252944, -0.581399, -0.33354807), (-0.08666894, -0.593079, -0.34001005), (-0.08506594, -0.600306, -0.32828104), (-0.08252794, -0.601788, -0.33958507), (-0.07492094, -0.613518, -0.33158907), (-0.07236294, -0.622182, -0.31538406), (-0.07107594, -0.625092, -0.29937407), (-0.07060594, -0.6179, -0.28779706), (-0.08155494, -0.611861, -0.27732006), (-0.08893294, -0.603075, -0.27367505), (-0.09444794, -0.592863, -0.27423805), (-0.09628894, -0.584211, -0.28314605), (-0.06549594, -0.626637, -0.29740706), (-0.06442494, -0.628141, -0.30885306), (-0.06692194, -0.622288, -0.28162307), (-0.07764794, -0.616256, -0.27402806), (-0.08687494, -0.600229, -0.26483405), (-0.09095894, -0.591521, -0.26525307), (-0.094284944, -0.574167, -0.27142906), (-0.09198195, -0.565555, -0.27845705), (-0.06769294, -0.623709, -0.31931007), (-0.06927194, -0.617956, -0.33103105), (-0.07786494, -0.60337096, -0.34345406), (-0.09099494, -0.582893, -0.33755305), (-0.09790594, -0.57049, -0.32063806), (-0.10102494, -0.574038, -0.32119206), (-0.09906094, -0.572597, -0.29642105), (-0.09636594, -0.564062, -0.32224905), (-0.084685944, -0.59454596, -0.34556106), (-0.07666794, -0.58753896, -0.35203406), (-0.06697194, -0.5964329, -0.34964907), (-0.055457942, -0.612502, -0.33836007), (-0.049918942, -0.622707, -0.32334206), (-0.05298094, -0.628407, -0.30774507), (-0.05586394, -0.629748, -0.29356506), (-0.096291944, -0.565464, -0.29332805), (-0.04590094, -0.5868409, -0.35629007), (-0.05946394, -0.57213795, -0.36202407), (-0.03661594, -0.608634, -0.33803007), (-0.034169942, -0.62449, -0.32181606), (-0.03448194, -0.633142, -0.30594507), (-0.04641294, -0.63716, -0.28830707), (-0.05384194, -0.634088, -0.27019706), (-0.069579944, -0.629409, -0.25585306), (-0.08111794, -0.610432, -0.23676306), (-0.08406295, -0.601694, -0.23422606), (-0.09103095, -0.581416, -0.23205605), (-0.093190946, -0.568394, -0.23662505), (-0.09215695, -0.552622, -0.25825107), (-0.08974295, -0.544021, -0.28114605), (-0.09175095, -0.542564, -0.29005206), (-0.09234695, -0.539674, -0.31322205), (-0.08735495, -0.544108, -0.33588707), (-0.08873994, -0.57286197, -0.34316906), (-0.0012379391, -0.620953, -0.32010105), (-0.020127939, -0.637782, -0.30596706), (-0.03260894, -0.647564, -0.28404105), (-0.04527294, -0.647256, -0.25777906), (-0.058362942, -0.649824, -0.22722706), (-0.095492944, -0.549644, -0.23832405), (-0.09402795, -0.562646, -0.22659305), (-0.09397495, -0.543908, -0.25264707), (-0.09524695, -0.530967, -0.26583907), (-0.09379595, -0.528121, -0.28016007), (-0.092175946, -0.52386, -0.29589307), (-0.0012929408, -0.5734819, -0.36217907), (-0.075513944, -0.5559539, -0.35639206), (-0.023294942, -0.55570495, -0.37302807), (-0.041559946, -0.54666895, -0.37624106), (-0.07107094, -0.5301129, -0.36610806), (-0.07572195, -0.51707494, -0.34491205), (-0.08995695, -0.523924, -0.31883907), (-0.06230894, -0.648252, -0.21606006), (-0.06702494, -0.638046, -0.19486307), (-0.08074295, -0.60611, -0.19485506), (-0.09114995, -0.575624, -0.21472605), (-0.020068936, -0.663663, -0.28278404), (-0.001178937, -0.672655, -0.27851906), (-0.0012159382, -0.64107, -0.30430207), (-0.020688936, -0.679503, -0.26544407), (-0.0011699367, -0.679891, -0.27107605), (-0.033102937, -0.673429, -0.25510806), (-0.04006694, -0.671845, -0.24275306), (-0.05358694, -0.665738, -0.22097206), (-0.05757494, -0.65986, -0.20834306), (-0.056642946, -0.654147, -0.18658605), (-0.061861943, -0.652547, -0.17696705), (-0.08057295, -0.611831, -0.18327007), (-0.09453395, -0.571227, -0.19338405), (-0.09911995, -0.556735, -0.20251805), (-0.10271795, -0.537964, -0.22027504), (-0.10177295, -0.523606, -0.24190505), (-0.09826795, -0.519393, -0.26183707), (-0.095129944, -0.516586, -0.27889907), (-0.019149937, -0.708309, -0.24353206), (-0.0011409358, -0.705772, -0.24789806), (-0.03128794, -0.702244, -0.23607107), (-0.040689938, -0.696241, -0.22686806), (-0.05063894, -0.687389, -0.21192107), (-0.05312294, -0.680129, -0.19920506), (-0.05581494, -0.675752, -0.18502507), (-0.05661494, -0.674255, -0.17639907), (-0.030946935, -0.720945, -0.22875907), (-0.034266938, -0.728062, -0.22615805), (-0.020898934, -0.729848, -0.23060806), (-0.041816935, -0.714965, -0.21969606), (-0.051553935, -0.708953, -0.20762306), (-0.046888936, -0.724872, -0.21435507), (-0.051163938, -0.701759, -0.19463006), (-0.053779937, -0.720399, -0.20205806), (-0.05648394, -0.704519, -0.18500707), (-0.056960937, -0.718898, -0.18353206), (-0.018677935, -0.721234, -0.23622206), (-0.05855194, -0.6886, -0.17512307), (-0.03197193, -0.741088, -0.22299805), (-0.028367933, -0.752671, -0.21829206), (-0.022776933, -0.757107, -0.21773906), (-0.020969933, -0.767229, -0.20882908), (-0.0010759333, -0.764674, -0.20603406), (-0.029403932, -0.761255, -0.20966107), (-0.021816934, -0.745632, -0.22490606), (-0.0010999339, -0.744594, -0.22625406), (-0.046026938, -0.736448, -0.21133706), (-0.04239093, -0.746559, -0.20663306), (-0.035173934, -0.759696, -0.19434506), (-0.018135933, -0.770176, -0.19409208), (-0.0010729338, -0.764738, -0.19417606), (-0.015459935, -0.764449, -0.17507106), (-0.001072935, -0.759008, -0.17825106), (-0.013370936, -0.760186, -0.16623005), (-0.0010729356, -0.756126, -0.16813706), (-0.028885935, -0.762718, -0.17062406), (-0.025334936, -0.758488, -0.16158606), (-0.054531936, -0.733337, -0.16738206), (-0.049632937, -0.731973, -0.15826206), (-0.038502935, -0.748094, -0.15714106), (-0.040511936, -0.75236, -0.16739605), (-0.030687936, -0.7641, -0.18234806), (-0.041245937, -0.756654, -0.17616107), (-0.049266938, -0.744968, -0.17987105), (-0.051511936, -0.739131, -0.16997506), (-0.052073937, -0.734824, -0.19314606), (-0.049797937, -0.733466, -0.20163606), (-0.057240937, -0.720298, -0.16625606), (-0.059598938, -0.721721, -0.17222907), (-0.06213894, -0.707271, -0.17251407), (-0.05716294, -0.687208, -0.15911406), (-0.05988994, -0.704429, -0.16507806), (-0.05629794, -0.704508, -0.15750407), (-0.05502494, -0.71893, -0.15881906), (-0.05494394, -0.697343, -0.15449107), (-0.05517294, -0.680061, -0.16326806), (-0.05330094, -0.681515, -0.15295306), (-0.05100894, -0.688761, -0.14838506), (-0.05627894, -0.67284, -0.16481707), (-0.054340944, -0.671462, -0.15450506), (-0.034107946, -0.671925, -0.13957305), (-0.029193942, -0.693624, -0.13613506), (-0.04007794, -0.699098, -0.14439906), (-0.02679194, -0.70807, -0.13444106), (-0.03626594, -0.713577, -0.14256705), (-0.02140894, -0.724002, -0.13387606), (-0.033519935, -0.730924, -0.14509806), (-0.061662946, -0.651128, -0.16397706), (-0.058224943, -0.648311, -0.15352306), (-0.042186946, -0.660181, -0.14328906), (-0.048839945, -0.64422, -0.14539906), (-0.017825937, -0.747097, -0.14644006), (-0.012625938, -0.738601, -0.13873306), (-0.0010819383, -0.735985, -0.14050306), (-0.0010939398, -0.720069, -0.13235606), (-0.012480942, -0.702623, -0.13159306), (-0.0011069411, -0.704276, -0.13208605), (-0.017598942, -0.683807, -0.13361906), (-0.024037946, -0.634703, -0.12999906), (-0.0011729465, -0.630847, -0.13254106), (-0.0011599453, -0.646717, -0.13507406), (-0.023011943, -0.669289, -0.13418406), (-0.029835945, -0.65474, -0.13488406), (-0.018327944, -0.652119, -0.13377906), (-0.0011449439, -0.663993, -0.13653105), (-0.0011229424, -0.68703, -0.13223305), (-0.035604946, -0.637324, -0.13110806), (-0.023817947, -0.607396, -0.12572806), (-0.001197949, -0.600682, -0.12808307), (-0.045425948, -0.612617, -0.12780206), (-0.030875953, -0.561163, -0.11641105), (-0.0012339526, -0.558923, -0.11953505), (-0.05370495, -0.567831, -0.12150005), (-0.055574946, -0.613862, -0.14323406), (-0.06506295, -0.61648, -0.14994806), (-0.08989895, -0.572737, -0.16692504), (-0.073399946, -0.614879, -0.16811506), (-0.078516945, -0.572992, -0.14988905), (-0.06509895, -0.570465, -0.13852805), (-0.10233795, -0.545147, -0.18117905), (-0.092426956, -0.533863, -0.16147305), (-0.07344396, -0.521321, -0.14521904), (-0.071736954, -0.502663, -0.14368404), (-0.062904954, -0.518671, -0.13408004), (-0.027469957, -0.512286, -0.11047105), (-0.0012699562, -0.515717, -0.111125045), (-0.0012339526, -0.558923, -0.11953505), (-0.047068954, -0.50611, -0.115286045), (-0.027469957, -0.512286, -0.11047105), (-0.071736954, -0.502663, -0.14368404), (-0.06510995, -0.489838, -0.13437404), (-0.047068954, -0.50611, -0.115286045), (-0.10046595, -0.513516, -0.17824204), (-0.079815954, -0.478007, -0.15898904), (-0.077012956, -0.508267, -0.14992605), (-0.08791596, -0.499412, -0.16984105), (-0.097855955, -0.48339796, -0.21273105), (-0.077012956, -0.508267, -0.14992605), (-0.08791596, -0.499412, -0.16984105), (-0.103458956, -0.49477196, -0.21756604), (-0.103116944, -0.526441, -0.19866504), (-0.10532995, -0.507653, -0.23074104), (-0.10193795, -0.504919, -0.26513502), (-0.09728895, -0.503565, -0.28346902), (-0.09498395, -0.515126, -0.29476607), (-0.09472395, -0.49069396, -0.26157603), (-0.097855955, -0.48339796, -0.21273105), (-0.086906955, -0.46925497, -0.20306204), (-0.09363896, -0.47484896, -0.25428802), (-0.09363896, -0.47484896, -0.25428802), (-0.09312895, -0.49357298, -0.27877003), (-0.08542696, -0.46642497, -0.24771404), (-0.091527954, -0.47921896, -0.27717704), (-0.0012629398, -0.599337, -0.34054106), (-0.0011149347, -0.730197, -0.23356406), (-0.0010869333, -0.756135, -0.21881007), (-0.021742942, -0.52697194, -0.39748707), (-0.0013429428, -0.52737796, -0.39728907), (-0.001366944, -0.50576496, -0.40761304), (-0.043598942, -0.52504593, -0.39527905), (-0.023326945, -0.5096579, -0.40639403), (-0.049534943, -0.5234339, -0.39295506), (-0.031917945, -0.50804394, -0.40723002), (-0.0013849454, -0.48566896, -0.41044402), (-0.022621946, -0.48525596, -0.40781802), (-0.041982945, -0.50922495, -0.40819904), (-0.035732944, -0.48778397, -0.40765503), (-0.055357944, -0.50749594, -0.40369004), (-0.042787943, -0.48909497, -0.40975603), (-0.056627944, -0.5204359, -0.39364704), (-0.0013309424, -0.5388829, -0.38851407), (-0.058103945, -0.5304229, -0.38078806), (-0.064246945, -0.46268398, -0.37576804), (-0.075544946, -0.46814498, -0.37974602), (-0.07264895, -0.46969497, -0.39533904), (-0.055367947, -0.46141896, -0.37781602), (-0.055215947, -0.46573797, -0.39514503), (-0.001397947, -0.46835098, -0.40489602), (-0.03557595, -0.46908897, -0.40479004), (-0.043079946, -0.47180298, -0.40260503), (-0.04882895, -0.47166997, -0.40316102), (-0.061746947, -0.47425896, -0.40440202), (-0.04802295, -0.46448797, -0.39445302), (-0.040486947, -0.46035796, -0.39663902), (-0.05053695, -0.45580998, -0.38168904), (-0.0014079486, -0.45393196, -0.39199302), (-0.03796295, -0.42872897, -0.37042102), (-0.05930195, -0.43542397, -0.36091104), (-0.06021295, -0.44979796, -0.36966503), (-0.06459495, -0.45978397, -0.37148502), (-0.085842945, -0.45061398, -0.35911003), (-0.08154695, -0.46799698, -0.36296904), (-0.08188195, -0.44067296, -0.35294902), (-0.06864796, -0.42799696, -0.33725104), (-0.08323496, -0.43343896, -0.33722302), (-0.08408495, -0.47371897, -0.36752403), (-0.099138945, -0.45749897, -0.35747102), (-0.09494695, -0.47346398, -0.35992402), (-0.09812195, -0.44459996, -0.35018402), (-0.09621896, -0.43885896, -0.33846304), (-0.11834495, -0.46282998, -0.35498804), (-0.11254795, -0.47877496, -0.35870802), (-0.113087945, -0.45433596, -0.34727702), (-0.109742954, -0.44721198, -0.33542103), (-0.09362595, -0.48930296, -0.36265403), (-0.08445195, -0.50248593, -0.35592702), (-0.09973395, -0.48915797, -0.35892102), (-0.12381395, -0.48287797, -0.36268702), (-0.10710095, -0.49187696, -0.35814402), (-0.13420495, -0.46824196, -0.35650504), (-0.12936096, -0.45967796, -0.34451002), (-0.14061694, -0.48968697, -0.37009603), (-0.12116995, -0.49874797, -0.36381003), (-0.14533195, -0.47229198, -0.36189404), (-0.14099196, -0.46518797, -0.34561703), (-0.19635196, -0.47111297, -0.37263304), (-0.17305994, -0.48026597, -0.37610403), (-0.16265996, -0.47188997, -0.36214703), (-0.15992394, -0.48635396, -0.37919804), (-0.13926993, -0.50411195, -0.37277204), (-0.16721293, -0.49768698, -0.38129404), (-0.17409994, -0.49174896, -0.38340002), (-0.19664495, -0.48261398, -0.38708302), (-0.21178095, -0.464967, -0.36110902), (-0.21854293, -0.470601, -0.38200602), (-0.22979295, -0.463137, -0.36866003), (-0.16096796, -0.46325096, -0.34755403), (-0.18665795, -0.46554497, -0.35145304), (-0.121629946, -0.45412996, -0.33364803), (-0.14337295, -0.45934796, -0.33431202), (-0.15896295, -0.45898598, -0.33724204), (-0.19133395, -0.45970297, -0.33171904), (-0.22954096, -0.46885, -0.34261203), (-0.17000796, -0.46160597, -0.31371903), (-0.19399296, -0.47973496, -0.29430303), (-0.21582195, -0.472047, -0.32101804), (-0.17283195, -0.47591698, -0.28794503), (-0.08767596, -0.45054296, -0.31011802), (-0.10191896, -0.45310298, -0.31296703), (-0.075213954, -0.46521497, -0.29299602), (-0.09226195, -0.47060096, -0.29753003), (-0.11636896, -0.45854697, -0.31434903), (-0.14576195, -0.46075198, -0.30995604), (-0.14553995, -0.47943997, -0.28671902), (-0.08445195, -0.50248593, -0.35592702), (-0.08254695, -0.509713, -0.33261803), (-0.086315945, -0.505322, -0.33731902), (-0.08612095, -0.503846, -0.32427204), (-0.22753195, -0.471799, -0.36409202), (-0.21788993, -0.479225, -0.37611404), (-0.22188295, -0.476235, -0.36353403), (-0.21636696, -0.477836, -0.36151704), (-0.20328094, -0.482447, -0.36314103), (-0.21636696, -0.477836, -0.36151704), (-0.20506096, -0.478096, -0.35900104), (-0.20328094, -0.482447, -0.36314103), (-0.19771394, -0.48689, -0.37704504), (-0.21424194, -0.479305, -0.36853504), (-0.19840494, -0.48687, -0.36988404), (-0.18605395, -0.48715296, -0.36288604), (-0.098004945, -0.49785298, -0.33414602), (-0.12752894, -0.511556, -0.33115405), (-0.098004945, -0.49785298, -0.33414602), (-0.10809695, -0.49904397, -0.34957102), (-0.14630094, -0.51396894, -0.36187106), (-0.13326193, -0.51573795, -0.34763107), (-0.16557895, -0.5034989, -0.36956802), (-0.18100294, -0.49016497, -0.37109601), (-0.18082593, -0.49447596, -0.37396902), (-0.16589195, -0.49912596, -0.36528504), (-0.14686294, -0.5024499, -0.35330802), (-0.13635693, -0.50127196, -0.34216702), (-0.16474994, -0.48911998, -0.35939902), (-0.085796945, -0.49954098, -0.31127903), (-0.12715293, -0.501481, -0.33262804), (-0.15115695, -0.49084798, -0.35085303), (-0.13615896, -0.48688397, -0.34076402), (-0.12707095, -0.47989398, -0.32829702), (-0.12707095, -0.47989398, -0.32829702), (-0.13615896, -0.48688397, -0.34076402), (-0.14124596, -0.47956496, -0.33114803), (-0.15115695, -0.49084798, -0.35085303), (-0.15647796, -0.47921497, -0.33836803), (-0.16474994, -0.48911998, -0.35939902), (-0.17897496, -0.48011297, -0.34492204), (-0.18605395, -0.48715296, -0.36288604), (-0.19274196, -0.47979596, -0.35200003), (-0.14629695, -0.47655398, -0.32293603), (-0.16632995, -0.47467297, -0.32487804), (-0.18573596, -0.47564298, -0.33397904), (-0.19939296, -0.476747, -0.34252203), (-0.14650695, -0.48084596, -0.30706802), (-0.16819195, -0.47745198, -0.30627102), (-0.19027795, -0.47841796, -0.31711003), (-0.20502895, -0.475191, -0.32861602), (-0.21632096, -0.473521, -0.34564704), (-0.22188295, -0.476235, -0.36353403), (-0.22151996, -0.473405, -0.35189602), (-0.08532695, -0.49234897, -0.29970104), (-0.09128595, -0.503714, -0.30024603), (-0.09226195, -0.47060096, -0.29753003), (-0.12507795, -0.500051, -0.32372302), (-0.12752894, -0.511556, -0.33115405), (-0.12715293, -0.501481, -0.33262804), (-0.12379495, -0.511639, -0.32504606), (-0.12281795, -0.49437696, -0.31629303), (-0.12707095, -0.47989398, -0.32829702), (-0.12507795, -0.500051, -0.32372302), (-0.12281795, -0.49437696, -0.31629303), (-0.09910094, -0.59136, -0.31521007), (-0.22753195, -0.471799, -0.36409202), (-0.084237956, -0.46788496, -0.27508104), (-0.0014319515, -0.42233297, -0.37727603), (-0.0012489528, -0.41116396, -0.36898103), (-0.07733296, -0.44358796, -0.31061804), (-0.02064404, 0.705525, -0.28658095), (-0.11446006, 0.655993, 0.30704305), (-0.10441406, 0.646914, 0.27654105), (0.134511, -0.177194, 0.15592998), (0.13759002, -0.187122, 0.13691199), (0.13109101, -0.205676, 0.122145995), (0.12542601, -0.205194, 0.15313898), (0.11683302, -0.225947, 0.114243984), (0.11509801, -0.222991, 0.14996198), (0.09898402, -0.241439, 0.120599985), (0.08641802, -0.24641302, 0.14616698), (0.10993101, -0.222008, 0.16930398), (0.11854701, -0.201915, 0.17533799), (0.128057, -0.169432, 0.17761798), (0.11442701, -0.196852, 0.18756099), (0.12209801, -0.165975, 0.19005698), (0.10477701, -0.191267, 0.20334798), (0.112197, -0.160971, 0.20902498), (0.08802201, -0.18430401, 0.22528198), (0.09753301, -0.21766101, 0.20033999), (0.08369501, -0.21302201, 0.22016399), (0.082954004, -0.22754002, 0.20981799), (0.080607004, -0.23834002, 0.19414498), (0.10543801, -0.221485, 0.18205999), (0.082534015, -0.252934, 0.13034098), (0.08434801, -0.24656801, 0.17412698), (0.060303014, -0.276055, 0.14616098), (0.07296602, -0.26036504, 0.17280397), (0.062049016, -0.27443403, 0.17340897), (0.06771901, -0.26757002, 0.19733498), (0.07169501, -0.25768104, 0.21045098), (0.073984005, -0.24543001, 0.22638398), (0.07479101, -0.22218901, 0.23685898), (0.076505005, -0.20755301, 0.23746498), (0.082342, -0.18039201, 0.23459998), (0.10181, -0.153632, 0.23155798), (0.043552015, -0.292175, 0.14792296), (0.047850017, -0.28724602, 0.17398497), (0.05099701, -0.28163004, 0.20461898), (0.05460901, -0.27081403, 0.22115497), (0.055769008, -0.25457302, 0.23895998), (0.059534006, -0.22690001, 0.25042596), (0.060110003, -0.20351101, 0.25041696), (0.066587, -0.17942001, 0.24908598), (0.086206, -0.14869201, 0.24864599), (0.08087902, -0.279737, 0.07732598), (0.10249402, -0.256943, 0.05420998), (0.08967802, -0.272557, 0.036094982), (0.06624502, -0.296312, 0.064793974), (0.08087902, -0.279737, 0.07732598), (0.06624502, -0.296312, 0.064793974), (0.06659602, -0.28441, 0.10018798), (0.085698016, -0.271, 0.089037985), (0.104639016, -0.24937898, 0.08115899), (0.104089014, -0.242966, 0.09595598), (0.12548901, -0.238394, 0.08612899), (0.052656017, -0.297361, 0.11120098), (0.03993302, -0.305644, 0.12053897), (0.040384017, -0.31537, 0.10845997), (0.05019102, -0.306812, 0.09566197), (0.14022997, 0.32356098, 0.24297503), (0.113175966, 0.34526497, 0.26833504), (0.10689896, 0.36656797, 0.26015902), (0.12449696, 0.36249596, 0.24795403), (0.111871965, 0.39010996, 0.26123402), (0.106553964, 0.34502497, 0.27621502), (0.11967896, 0.32652798, 0.27893904), (0.11966997, 0.30147198, 0.28065702), (0.14359397, 0.25777698, 0.25399604), (0.12762697, 0.28057596, 0.27796602), (0.14359397, 0.25777698, 0.25399604), (0.12512597, 0.26232898, 0.28128102), (0.12830997, 0.24011199, 0.27527103), (0.13486497, 0.183491, 0.24881001), (0.124660976, 0.18592298, 0.26537004), (0.08637797, 0.18838798, 0.27808604), (0.08746497, 0.25902498, 0.28459802), (0.07722496, 0.32735896, 0.28186902), (0.08653496, 0.37288797, 0.26594803), (0.07722496, 0.32735896, 0.28186902), (0.07317896, 0.34803197, 0.27834702), (0.074940965, 0.37892497, 0.26854602), (0.08852096, 0.39345896, 0.26624304), (0.05394996, 0.39173296, 0.27011704), (0.06961796, 0.39490998, 0.26679504), (0.074940965, 0.37892497, 0.26854602), (0.057384964, 0.32659498, 0.28653303), (0.059801966, 0.25599796, 0.29082704), (0.059062973, 0.19130297, 0.28398603), (0.10454599, 0.09650798, 0.23967202), (0.061995983, 0.09801499, 0.25644), (0.15395299, -0.09934402, 0.466392), (0.14378898, -0.09678703, 0.436432), (0.14761299, -0.10514203, 0.435419), (0.14824499, -0.12723003, 0.45536), (0.13881698, -0.12237903, 0.429787), (0.14049898, -0.13491602, 0.42658), (0.14752798, -0.14447004, 0.453151), (0.12848799, -0.14017603, 0.42661), (0.15358499, -0.110641025, 0.463852), (0.15180598, -0.09942503, 0.475337), (0.15008998, -0.11001503, 0.485861), (0.15280598, -0.09732703, 0.490152), (0.14556699, -0.11149604, 0.493102), (0.13158199, -0.15015502, 0.454024), (0.13275199, -0.15898003, 0.473625), (0.15561599, -0.117236026, 0.460315), (0.14087999, -0.11446503, 0.430241), (0.12975898, -0.09484204, 0.472803), (0.12587398, -0.095350035, 0.49271), (0.15280598, -0.09732703, 0.490152), (0.14556699, -0.11149604, 0.493102), (0.10900099, -0.10049104, 0.489725), (0.13004698, -0.11064704, 0.499033), (0.12975898, -0.09484204, 0.472803), (0.11008398, -0.10586803, 0.468627), (0.11469199, -0.09963703, 0.431432), (0.12844099, -0.09403103, 0.439472), (0.14775799, -0.15551104, 0.476864), (0.15046698, -0.13805804, 0.478667), (0.15520298, -0.12515002, 0.482504), (0.15391098, -0.118315026, 0.484855), (0.11872799, -0.14132003, 0.4478), (0.11339299, -0.12544903, 0.492518), (0.10416899, -0.11868103, 0.464006), (0.111857995, -0.14080903, 0.478047), (0.10938099, -0.13255402, 0.452361), (0.12189499, -0.15270203, 0.47504), (0.10920499, -0.12290603, 0.428398), (0.110149994, -0.11613603, 0.427077), (0.13807194, 0.581307, 0.23745404), (0.11669094, 0.60378, 0.27004007), (0.14375094, 0.61998, 0.28165007), (0.15421294, 0.596382, 0.24201004), (0.15682594, 0.632749, 0.29934305), (0.16935894, 0.60864, 0.24537106), (0.16923293, 0.647322, 0.29624406), (0.17452393, 0.623981, 0.24312608), (0.17309093, 0.664088, 0.29347405), (0.17636093, 0.638532, 0.23525007), (0.16991194, 0.682204, 0.28834605), (0.13848394, 0.703191, 0.23341306), (0.14084694, 0.722784, 0.27672207), (0.11871893, 0.724043, 0.27698305), (0.104619935, 0.706536, 0.23354906), (0.11275994, 0.698462, 0.21461406), (0.13815694, 0.695924, 0.21450906), (0.16346192, 0.65798694, 0.40158206), (0.16528392, 0.67117095, 0.40196005), (0.16357894, 0.6735829, 0.35834306), (0.16161095, 0.65637296, 0.35535806), (0.16817693, 0.672273, 0.33173206), (0.16608495, 0.653153, 0.33166707), (0.16732293, 0.678244, 0.33065706), (0.15981093, 0.6851829, 0.40316707), (0.15638892, 0.68994594, 0.36241707), (0.15693194, 0.697137, 0.32633305), (0.15225793, 0.701932, 0.28480607), (0.14904493, 0.70024997, 0.40467405), (0.14828092, 0.7068709, 0.36250705), (0.14538993, 0.716717, 0.32658306), (0.15281194, 0.64919496, 0.39658806), (0.15361995, 0.6467819, 0.35701206), (0.15339394, 0.640834, 0.32982805), (0.13691594, 0.62868, 0.30667806), (0.13380595, 0.642644, 0.33687407), (0.13789295, 0.65041995, 0.36338606), (0.14047994, 0.65293896, 0.39480105), (0.12093794, 0.639974, 0.31107107), (0.12591594, 0.65196, 0.33900005), (0.13789295, 0.65041995, 0.36338606), (0.12591594, 0.65196, 0.33900005), (0.11934293, 0.664606, 0.33924207), (0.12093794, 0.639974, 0.31107107), (0.11196194, 0.655993, 0.30704305), (0.10900393, 0.678804, 0.29088005), (0.11844293, 0.685461, 0.33603105), (0.12786493, 0.68271697, 0.36718106), (0.12934394, 0.6682639, 0.36691305), (0.13347693, 0.6834539, 0.40181607), (0.09999294, 0.693563, 0.24867806), (0.108422935, 0.705593, 0.28738505), (0.09922194, 0.667537, 0.26524505), (0.12051793, 0.712112, 0.32555705), (0.12896292, 0.6990209, 0.36604905), (0.13432592, 0.69247395, 0.40080205), (0.13165392, 0.718573, 0.32698807), (0.13497992, 0.71043897, 0.37044907), (0.14111292, 0.70414495, 0.40397105), (0.129438, -0.13385601, 0.387148), (0.139531, -0.13021201, 0.387352), (0.139281, -0.13880001, 0.349241), (0.1264, -0.14496702, 0.345153), (0.142096, -0.14316902, 0.322586), (0.126939, -0.14861302, 0.322307), (0.142262, -0.14450401, 0.275914), (0.128535, -0.14946401, 0.27324), (0.150924, -0.146778, 0.24818999), (0.13906099, -0.09059903, 0.395156), (0.14324299, -0.09982603, 0.390732), (0.14497998, -0.085849024, 0.358476), (0.14890298, -0.09554301, 0.357251), (0.15033299, -0.082088016, 0.328154), (0.151585, -0.097057015, 0.331028), (0.153862, -0.073920004, 0.287291), (0.156737, -0.096603006, 0.284449), (0.158326, -0.06900601, 0.258343), (0.164488, -0.08608801, 0.2587), (0.13736498, -0.07601802, 0.35749), (0.13836898, -0.06704802, 0.328906), (0.14576599, -0.063809015, 0.284299), (0.148769, -0.05938801, 0.257795), (0.12268999, -0.07837302, 0.356448), (0.13158998, -0.08697403, 0.396382), (0.122489996, -0.06937302, 0.327118), (0.12455899, -0.058328014, 0.285931), (0.10932399, -0.054858014, 0.24784), (0.10831099, -0.09038002, 0.351857), (0.12268999, -0.07837302, 0.356448), (0.12317199, -0.08816203, 0.390881), (0.10724899, -0.08500102, 0.326467), (0.10647699, -0.07765902, 0.270681), (0.09680499, -0.078153014, 0.250777), (0.14596099, -0.11972003, 0.388362), (0.155692, -0.13194501, 0.276571), (0.160317, -0.131197, 0.25548), (0.156293, -0.12830701, 0.327581), (0.150569, -0.12637502, 0.358834), (0.14643098, -0.10981703, 0.39068), (0.170128, -0.110415004, 0.24864198), (0.159805, -0.112605006, 0.27618), (0.155834, -0.11581101, 0.33161), (0.15116, -0.11251401, 0.3638), (0.109744996, -0.10277103, 0.384655), (0.103241995, -0.10025101, 0.264041), (0.09346, -0.09724201, 0.24993698), (0.09680499, -0.078153014, 0.250777), (0.09926799, -0.101405025, 0.325041), (0.10647699, -0.07765902, 0.270681), (0.10022799, -0.105391026, 0.350652), (0.10724899, -0.08500102, 0.326467), (0.12317199, -0.08816203, 0.390881), (0.12844099, -0.09403103, 0.439472), (0.12029799, -0.13680403, 0.429097), (0.104715995, -0.11414903, 0.389526), (0.11401899, -0.13281101, 0.384157), (0.10146, -0.13983302, 0.274831), (0.09518, -0.13531101, 0.24972498), (0.10459799, -0.13248701, 0.316899), (0.133901, -0.150525, 0.24539699), (0.107738994, -0.12881601, 0.339218), (0.139819, -0.158661, 0.21638398), (0.146849, -0.163337, 0.19399399), (0.12209801, -0.165975, 0.19005698), (0.157068, -0.152349, 0.22160399), (0.164866, -0.156774, 0.19798398), (0.166942, -0.137051, 0.23090199), (0.18028, -0.135868, 0.192975), (0.176434, -0.10992201, 0.230313), (0.182105, -0.110459, 0.199311), (0.171785, -0.08012101, 0.23350102), (0.178345, -0.078441, 0.19835602), (0.166875, -0.065064006, 0.228359), (0.16998, -0.06204001, 0.201635), (0.152407, -0.055327006, 0.224768), (0.160014, -0.051551007, 0.204468), (0.11813099, -0.03551001, 0.212559), (0.131737, -0.038555007, 0.201457), (0.152069, -0.169028, 0.17717898), (0.128057, -0.169432, 0.17761798), (0.166385, -0.164482, 0.17329298), (0.18323, -0.144994, 0.168821), (0.187783, -0.11576, 0.170797), (0.183435, -0.08538, 0.170833), (0.178475, -0.066277, 0.17679201), (0.171524, -0.052751005, 0.18036701), (0.142694, -0.032678004, 0.178525), (0.10181, -0.153632, 0.23155798), (0.086206, -0.14869201, 0.24864599), (0.112197, -0.160971, 0.20902498), (0.158318, -0.176051, 0.15036298), (0.185196, -0.0837, 0.15160301), (0.188652, -0.120284, 0.144589), (0.181822, -0.150263, 0.146256), (0.173975, -0.16606, 0.150123), (0.159445, -0.036928, 0.148535), (0.177163, -0.051248, 0.15498202), (0.185296, -0.068107, 0.15485401), (0.010147039, -0.33526498, -0.32426503), (0.0041350364, -0.29988196, -0.31048304), (0.02207104, -0.33813596, -0.31909603), (0.025474036, -0.30416998, -0.30141804), (0.045052037, -0.34192997, -0.29351702), (0.045535035, -0.30763397, -0.27928802), (0.05228004, -0.35156098, -0.27544603), (0.052068032, -0.31208697, -0.25720602), (0.061811037, -0.35780498, -0.25009403), (0.058577035, -0.31660596, -0.23508203), (0.07028804, -0.37293696, -0.21522003), (0.07151203, -0.32412398, -0.19064602), (0.075761035, -0.381597, -0.16707003), (0.07744103, -0.328293, -0.14305504), (0.069955036, -0.386467, -0.11143104), (0.07733303, -0.342612, -0.08063703), (0.060388032, -0.395947, -0.074539036), (0.07203303, -0.349087, -0.042228024), (0.055740032, -0.399338, -0.064376034), (0.06368403, -0.355099, -0.02630503), (0.047187034, -0.40461, -0.05358103), (0.054665025, -0.358051, -0.011868029), (0.036633033, -0.408648, -0.042087037), (0.039190028, -0.367515, 0.01272697), (0.054665025, -0.358051, -0.011868029), (0.026573032, -0.414414, -0.028878033), (0.028267028, -0.379478, 0.018911969), (0.022360047, -0.41285297, -0.36347604), (0.014904043, -0.37055996, -0.33881202), (0.02793204, -0.474807, -0.09894204), (0.029840037, -0.448812, -0.06830404), (0.037671037, -0.438426, -0.075049035), (0.04595404, -0.472345, -0.10609204), (0.02793204, -0.474807, -0.09894204), (0.037671037, -0.438426, -0.075049035), (0.061815042, -0.466531, -0.12597005), (0.047835037, -0.434053, -0.088479035), (0.07693805, -0.462347, -0.16386305), (0.059674036, -0.43209, -0.10481204), (0.08364405, -0.45398396, -0.20446505), (0.07136804, -0.427964, -0.13448805), (0.07818204, -0.43786496, -0.24416904), (0.080359034, -0.41609898, -0.18670703), (0.07369904, -0.43722597, -0.27788603), (0.07405804, -0.40087697, -0.23057503), (0.06845404, -0.42666498, -0.30998102), (0.063574046, -0.39136496, -0.26792002), (0.049581047, -0.41774997, -0.34747103), (0.05954304, -0.38360196, -0.29122102), (0.036817048, -0.41577497, -0.35680404), (0.04870404, -0.37388298, -0.31152904), (0.027131043, -0.37085897, -0.33123502), (0.030432025, -0.352286, 0.06025997), (0.030627027, -0.19792198, -0.27823702), (0.052480027, -0.20514096, -0.25914702), (0.025139032, -0.25371996, -0.28792304), (0.06530003, -0.22277199, -0.23406601), (0.04517503, -0.25724798, -0.26575503), (0.07936403, -0.22825499, -0.20233901), (0.054266028, -0.26315498, -0.24237102), (0.090262026, -0.24140699, -0.16032502), (0.06379603, -0.26939896, -0.21701802), (0.095622025, -0.25879, -0.11233401), (0.07658103, -0.27552396, -0.17239103), (0.10219402, -0.268792, -0.07407601), (0.07979203, -0.29033, -0.12352202), (0.10122802, -0.282517, -0.04305002), (0.089096025, -0.308062, -0.06276602), (0.09983702, -0.285842, -0.013620021), (0.08064802, -0.291059, 0.019823978), (0.08370002, -0.319898, -0.027209025), (0.070697024, -0.324593, -0.0036200255), (0.058564022, -0.329851, 0.023922974), (0.042229023, -0.343517, 0.04705397), (0.058564022, -0.329851, 0.023922974), (0.036633033, -0.408648, -0.042087037), (0.110958025, -0.259611, -0.06333402), (0.11212702, -0.24801397, -0.108429015), (0.11176402, -0.265515, -0.034755018), (0.111643024, -0.265511, -0.007240019), (0.11176602, -0.25817, 0.020163983), (0.10488302, -0.22200797, -0.15583302), (0.109273024, -0.21709096, -0.15723701), (0.092798024, -0.20347199, -0.19572401), (0.12766801, -0.24976498, 0.05764398), (0.12548901, -0.238394, 0.08612899), (0.14620902, -0.226605, 0.085960984), (0.123934016, -0.251653, 0.030793983), (0.15314502, -0.23464699, 0.06628098), (0.13498001, -0.256627, -0.006367016), (0.15203701, -0.23668198, 0.032499984), (0.13903402, -0.256207, -0.034725014), (0.15999502, -0.24328898, -0.0052270144), (0.13242601, -0.252342, -0.062197015), (0.15835501, -0.24635999, -0.032707013), (0.11985302, -0.23617697, -0.114942014), (0.14991802, -0.23802999, -0.070712015), (0.12940803, -0.23085497, -0.11649202), (0.10080202, -0.22645597, -0.15759802), (0.027115025, -0.16193797, -0.276531), (0.052526027, -0.16990297, -0.260522), (0.084663026, -0.18852398, -0.22018701), (0.13759002, -0.187122, 0.13691199), (0.15542902, -0.179755, 0.13573499), (0.15818602, -0.195561, 0.11700899), (0.050172023, -0.15630098, -0.264363), (0.032226022, -0.15202397, -0.272125), (0.080176026, -0.17097798, -0.23140101), (0.10312102, -0.18296197, -0.20060201), (0.118136026, -0.19575498, -0.16801101), (0.14276302, -0.20394798, -0.12332201), (0.16196902, -0.21174999, -0.08363601), (0.17687501, -0.21904899, -0.039684013), (0.18287002, -0.21985598, 0.005244989), (0.17793301, -0.21231899, 0.03813599), (0.17675501, -0.21031198, 0.061944988), (0.16286801, -0.201627, 0.092866994), (0.134511, -0.177194, 0.15592998), (0.186222, -0.143238, 0.10394099), (0.02670002, -0.110832974, -0.276644), (0.19695301, -0.15824498, 0.05592399), (0.19984302, -0.16254899, 0.029261995), (0.20259902, -0.16341698, 0.008435995), (0.19691701, -0.15396298, -0.044834007), (0.17881401, -0.14479499, -0.08355401), (0.15899202, -0.13732196, -0.13053802), (0.13435002, -0.13453998, -0.17810601), (0.098226026, -0.11899297, -0.22847502), (0.062278017, -0.113092974, -0.254879), (0.03955802, -0.10943798, -0.27002), (0.04307601, 0.057473026, -0.252677), (0.024042001, 0.13838702, -0.265242), (0.071412005, 0.059353024, -0.232826), (0.044171, 0.13623501, -0.251344), (0.108977005, 0.05388202, -0.189869), (0.066416, 0.12809801, -0.23571998), (0.136273, 0.038683027, -0.155249), (0.097833, 0.12548201, -0.20456299), (0.155988, 0.028615022, -0.11916399), (0.12777, 0.13526703, -0.17870499), (0.185338, 0.02579002, -0.06005399), (0.169666, 0.123804025, -0.123828985), (0.19276, 0.027598016, -0.030982988), (0.196135, 0.088729024, -0.055962984), (0.196403, 0.024068015, -0.006992989), (0.206602, 0.08874601, -0.023593983), (0.199326, 0.025068013, 0.01564501), (0.212206, 0.09225001, 0.0029920174), (0.194347, 0.02247801, 0.04820201), (0.21436898, 0.08823601, 0.029350016), (0.178177, 0.020243006, 0.08238201), (0.21324599, 0.08753001, 0.06124402), (0.172293, 0.024287004, 0.10020701), (0.20822299, 0.086935006, 0.09933402), (0.15920998, 0.025677998, 0.140514), (0.19602899, 0.090543, 0.13549803), (0.14367199, 0.023084996, 0.16817), (0.17133899, 0.087852, 0.17802203), (0.12953399, 0.027144993, 0.191144), (0.14505398, 0.09008599, 0.20686302), (0.11334399, 0.02839599, 0.203654), (0.11910398, 0.088807985, 0.22136602), (0.08940799, 0.029970987, 0.228677), (0.11910398, 0.088807985, 0.22136602), (0.064763986, 0.029924985, 0.235639), (0.022571996, 0.20843004, -0.26560098), (0.028033992, 0.26164204, -0.26683298), (0.040694997, 0.21559203, -0.25627196), (0.04146299, 0.26131502, -0.25850996), (0.059978995, 0.21259801, -0.24652898), (0.06847499, 0.27215004, -0.24971998), (0.08442599, 0.20182702, -0.23176399), (0.09961499, 0.26763302, -0.23464698), (0.10890299, 0.20387203, -0.20568198), (0.11849798, 0.27972803, -0.21000597), (0.15154399, 0.23748203, -0.15840998), (0.13056299, 0.31685302, -0.18972597), (0.21056499, 0.19170101, -0.07239598), (0.17909898, 0.326054, -0.14206296), (0.23039998, 0.17270501, -0.025995975), (0.22962698, 0.29196304, -0.06920297), (0.23841499, 0.17073101, -0.00071697467), (0.24803099, 0.27514002, -0.028471965), (0.24152198, 0.16821301, 0.035144027), (0.26343697, 0.25803202, 0.022463033), (0.24676998, 0.17192602, 0.07877002), (0.26645398, 0.25752202, 0.09135104), (0.23658198, 0.170265, 0.13063103), (0.25767496, 0.25304103, 0.14351703), (0.21827199, 0.180117, 0.17970604), (0.23539896, 0.250236, 0.18752503), (0.19344297, 0.184896, 0.21167202), (0.20534497, 0.256061, 0.21989805), (0.16984497, 0.184953, 0.22791901), (0.18248597, 0.25635797, 0.23496005), (0.13486497, 0.183491, 0.24881001), (0.02265299, 0.31426203, -0.26973897), (0.019753985, 0.36483702, -0.27673298), (0.044856988, 0.32382104, -0.26421398), (0.042181984, 0.36673304, -0.26917896), (0.08402599, 0.33371404, -0.25324497), (0.07962898, 0.37698203, -0.26090598), (0.11849798, 0.33816904, -0.23771097), (0.11289398, 0.38417703, -0.25417498), (0.12771198, 0.34910804, -0.21934697), (0.14080499, 0.39446104, -0.24148197), (0.14772898, 0.37480304, -0.18782596), (0.16399099, 0.41769803, -0.22054897), (0.17236099, 0.362509, -0.15427595), (0.17985897, 0.41791502, -0.17785096), (0.19608799, 0.354195, -0.12739095), (0.19367597, 0.402437, -0.13794796), (0.22799698, 0.34991303, -0.066980965), (0.21150596, 0.39475104, -0.090553954), (0.24316497, 0.34308204, -0.026229959), (0.22533096, 0.40637803, -0.046798952), (0.26469898, 0.33932704, 0.05363104), (0.23649298, 0.40797102, 0.0035440458), (0.25571296, 0.34306803, 0.13656604), (0.24314398, 0.39314902, 0.109668046), (0.23417197, 0.34056, 0.17940004), (0.22715098, 0.39010802, 0.14901304), (0.21168897, 0.331133, 0.20992604), (0.20471896, 0.394227, 0.17719205), (0.18262897, 0.32344896, 0.22639704), (0.17386195, 0.39506096, 0.19421305), (0.188898, -0.085122, 0.13471201), (0.194925, -0.084479995, 0.10587), (0.033742014, -0.056537975, -0.274905), (0.044189014, -0.059892975, -0.26737), (0.061862014, -0.061986975, -0.254993), (0.09095001, -0.06321497, -0.233682), (0.115355015, -0.06513198, -0.21022), (0.15438001, -0.07355897, -0.147906), (0.16682002, -0.075370975, -0.121591), (0.18321401, -0.082902975, -0.066387), (0.18944502, -0.08588499, -0.035584), (0.194799, -0.08766799, -0.003317999), (0.198061, -0.088265985, 0.029575001), (0.201909, -0.090541996, 0.064253), (-0.0012490047, -0.07894802, 0.244715), (0.09346, -0.09724201, 0.24993698), (0.09518, -0.13531101, 0.24972498), (0.08951199, -0.016895013, 0.229462), (0.10554099, -0.01398101, 0.209095), (0.11813099, -0.03551001, 0.212559), (0.06711999, -0.018919015, 0.240885), (0.10932399, -0.054858014, 0.24784), (-0.0012490047, -0.07894802, 0.244715), (0.10554099, -0.01398101, 0.209095), (0.128248, -0.018250007, 0.191429), (0.156351, -0.023566002, 0.145878), (0.172811, -0.042487994, 0.08857201), (0.1395, -0.019973004, 0.170519), (0.104639016, -0.24937898, 0.08115899), (0.019818984, 0.38849804, -0.27870098), (0.040861983, 0.39328003, -0.27148998), (0.08202598, 0.39662504, -0.26399997), (0.11237298, 0.40415204, -0.26071998), (0.15331599, 0.42252204, -0.24690697), (0.17392197, 0.44449002, -0.21917094), (0.18464997, 0.44636202, -0.17080294), (0.18904397, 0.457961, -0.10366295), (0.19442797, 0.456188, -0.07144496), (0.20207897, 0.45851204, -0.045516953), (0.21449196, 0.45602804, -0.005527951), (0.21923797, 0.45724404, 0.04418705), (0.20264296, 0.46275103, 0.084835045), (0.18341096, 0.454107, 0.12101205), (0.16802396, 0.450118, 0.14847505), (0.017867979, 0.43852103, -0.28175798), (0.03770698, 0.44333103, -0.27529296), (0.06700798, 0.44809702, -0.27323198), (0.12562998, 0.47720602, -0.25471896), (0.16617897, 0.48765004, -0.21863995), (0.17862497, 0.48517603, -0.17869894), (0.18108398, 0.490411, -0.12782794), (0.18594997, 0.493013, -0.086429946), (0.19301797, 0.491592, -0.06508895), (0.20401797, 0.47770703, -0.03692295), (0.21364897, 0.47211802, -0.006221949), (0.21541595, 0.48048002, 0.043092053), (0.19977696, 0.49355802, 0.08249705), (0.17405696, 0.496175, 0.11861605), (0.16063796, 0.495121, 0.13753805), (0.14718495, 0.454007, 0.16031304), (0.15046395, 0.493518, 0.14292005), (0.13806595, 0.36215398, 0.22883902), (0.13945295, 0.40277097, 0.20357403), (0.14154996, 0.38864496, 0.21060503), (0.020523975, 0.500785, -0.28628096), (0.034821972, 0.504024, -0.28190598), (0.06690197, 0.5099, -0.27611598), (0.12546197, 0.515347, -0.25563493), (0.16894197, 0.520642, -0.21362595), (0.18302096, 0.534844, -0.16749194), (0.18817197, 0.53519, -0.121157944), (0.19358797, 0.528586, -0.08638295), (0.19904198, 0.513185, -0.06029895), (0.20881997, 0.49934104, -0.03295595), (0.22089696, 0.49845502, -0.003222947), (0.22011596, 0.517785, 0.058809057), (0.19826496, 0.531742, 0.108271055), (0.17625496, 0.534214, 0.14667906), (0.16312495, 0.535363, 0.16108005), (0.14999396, 0.536513, 0.17548205), (0.0093199685, 0.594139, -0.30002093), (0.033177968, 0.597987, -0.29469994), (0.060921967, 0.598892, -0.28748393), (0.09388797, 0.6008, -0.27510595), (0.13657796, 0.601153, -0.24836394), (0.17347798, 0.596031, -0.19883494), (0.19577396, 0.578307, -0.13172494), (0.19852196, 0.572615, -0.10358194), (0.19914496, 0.570229, -0.08822594), (0.20592296, 0.562804, -0.047616944), (0.21450895, 0.556448, -0.012573943), (0.21830395, 0.553517, 0.016786058), (0.21510395, 0.548512, 0.06541605), (0.19613495, 0.555998, 0.12911905), (0.18238495, 0.577435, 0.19032405), (0.006790964, 0.65396, -0.31004295), (0.032952964, 0.657826, -0.29467195), (0.055889964, 0.657454, -0.29071993), (0.087699965, 0.662761, -0.28182793), (0.122182965, 0.659081, -0.26103693), (0.14685996, 0.650157, -0.23022494), (0.17589895, 0.63464, -0.17390692), (0.18898396, 0.6182, -0.11920194), (0.19137995, 0.612662, -0.07402994), (0.19343795, 0.612093, -0.04188194), (0.20181096, 0.59636, -0.012347939), (0.20953296, 0.590429, 0.037766058), (0.21023996, 0.585258, 0.08019306), (0.19718796, 0.586578, 0.13948406), (0.18604794, 0.602457, 0.19088207), (0.05855696, 0.702013, -0.28509593), (0.048648953, 0.727377, -0.26542494), (-0.001249043, 0.725486, -0.26778194), (0.08603995, 0.707815, -0.27188995), (0.07941695, 0.72855, -0.24941994), (0.10725996, 0.698903, -0.25184593), (0.094948955, 0.72632, -0.22810595), (0.13311495, 0.689358, -0.22564694), (0.109640956, 0.720536, -0.20289195), (0.14208196, 0.684117, -0.18837593), (0.11879195, 0.715173, -0.17420495), (0.15387596, 0.676508, -0.12575693), (0.13815695, 0.705258, -0.12109193), (0.16943896, 0.663313, -0.072230935), (0.15414596, 0.693888, -0.060010932), (0.18204395, 0.652629, -0.035561938), (0.16450095, 0.685126, -0.027811933), (0.19007395, 0.641127, -0.0053079356), (0.17397195, 0.670814, 0.0026990664), (0.20039496, 0.630985, 0.054108065), (0.18164694, 0.661515, 0.055552065), (0.20078796, 0.630053, 0.09720806), (0.17813393, 0.66075, 0.104853064), (0.19061594, 0.635795, 0.15750808), (0.16632193, 0.66481, 0.15687107), (0.17711394, 0.642878, 0.19871707), (0.15625393, 0.669239, 0.19792005), (0.17039993, 0.655538, 0.22639406), (0.15036795, 0.675335, 0.22131506), (0.045197956, 0.76125, -0.25035095), (-0.0012490458, 0.754278, -0.25234094), (0.06694795, 0.755425, -0.23104094), (0.077646956, 0.753325, -0.21278694), (0.08901695, 0.748686, -0.18765195), (0.095547944, 0.746283, -0.15999694), (0.10854295, 0.737314, -0.11582193), (0.13203095, 0.724987, -0.064079925), (0.14323494, 0.712357, -0.025227932), (0.14860295, 0.7031, 0.017584067), (0.15359995, 0.691295, 0.06648707), (0.15853395, 0.682318, 0.10732107), (0.15005594, 0.683067, 0.15383106), (0.14276694, 0.689269, 0.18498106), (0.032066952, 0.757277, -0.21286593), (-0.0012490473, 0.75729, -0.22333995), (0.04130695, 0.756001, -0.20050794), (0.04860195, 0.755094, -0.18230894), (0.05617895, 0.751407, -0.16456693), (0.05708595, 0.750135, -0.14704295), (0.06487895, 0.744934, -0.11056493), (0.08127395, 0.73535, -0.060930934), (0.09607695, 0.727452, -0.022319933), (0.11387995, 0.717707, 0.019550068), (0.11620094, 0.709582, 0.053774066), (0.12366494, 0.690241, 0.114745066), (0.15080695, 0.561085, 0.20514305), (0.14376295, 0.69943, 0.24109507), (0.11089494, 0.615958, 0.28266805), (0.13227792, 0.66649497, 0.39760005), (0.17631292, 0.69318897, 0.47457907), (0.16614893, 0.69600695, 0.44462207), (0.16997392, 0.68679893, 0.44360706), (0.17060493, 0.6624559, 0.46355006), (0.16117893, 0.66780096, 0.43797705), (0.16286093, 0.65398395, 0.43477106), (0.16988893, 0.64345497, 0.46134007), (0.15084893, 0.64818794, 0.43479905), (0.17594692, 0.68073595, 0.47204006), (0.17416693, 0.69309795, 0.48352605), (0.17245193, 0.6814259, 0.49404907), (0.17516792, 0.6954119, 0.49834007), (0.16792692, 0.67979497, 0.50129205), (0.15394393, 0.6371899, 0.46221405), (0.15511292, 0.62746495, 0.48181406), (0.17797592, 0.67346996, 0.46850505), (0.16324092, 0.67652196, 0.43843007), (0.15211992, 0.69814897, 0.48099107), (0.14823593, 0.69759095, 0.50089806), (0.13136293, 0.6919249, 0.49791506), (0.15240693, 0.6807299, 0.5072241), (0.13244392, 0.6859989, 0.47681504), (0.13705193, 0.69286597, 0.43961906), (0.15080193, 0.6990429, 0.44766107), (0.17011993, 0.63128793, 0.48505306), (0.17282593, 0.65052193, 0.48685607), (0.17756392, 0.66474897, 0.49069107), (0.17627193, 0.67228097, 0.49304605), (0.14108893, 0.64692795, 0.45598805), (0.13575493, 0.6644179, 0.50070804), (0.12652993, 0.67187595, 0.47219607), (0.13575493, 0.6644179, 0.50070804), (0.13421793, 0.64748996, 0.48623607), (0.13174292, 0.6565889, 0.46055105), (0.14425592, 0.63438296, 0.48322907), (0.13174292, 0.6565889, 0.46055105), (0.13156693, 0.66722095, 0.43658605), (0.13156693, 0.66722095, 0.43658605), (0.13251193, 0.6746829, 0.43526605), (0.14265692, 0.6519029, 0.43728706), (0.14047994, 0.65293896, 0.39480105), (0.12220194, 0.689628, 0.18257606), (0.12775093, 0.685131, 0.14892706), (0.10433495, 0.711004, 0.048347067), (0.04290595, 0.733173, -0.111173935), (0.044143952, 0.736575, -0.13207394), (0.049414948, 0.730043, -0.069855936), (0.06646395, 0.726926, -0.023710933), (0.08472295, 0.719677, 0.012041067), (-0.0012490498, 0.743764, -0.14369394), (-0.001249047, 0.740271, -0.20371795), (-0.0012490575, 0.775984, -0.023723934), (0.006402943, 0.774221, -0.023921933), (0.0017659399, 0.778715, 0.029442068), (0.0071099447, 0.778475, -0.07864993), (0.007820948, 0.785221, -0.15821593), (0.008527951, 0.781049, -0.23308893), (0.009235955, 0.755574, -0.28158495), (0.009944959, 0.71951, -0.30889395), (0.010651962, 0.683087, -0.31580094), (0.012003943, 0.769405, -0.024462933), (0.0068489406, 0.772372, 0.029646067), (0.013231945, 0.773239, -0.07924093), (0.014457948, 0.779535, -0.15880193), (0.015684951, 0.774891, -0.23281692), (0.016912956, 0.749595, -0.27876893), (0.018139958, 0.715764, -0.30291593), (0.019367963, 0.6814, -0.30893195), (0.014055943, 0.762824, -0.025201933), (0.008710941, 0.763711, 0.029921068), (0.015472946, 0.766086, -0.08004993), (0.016890949, 0.771768, -0.15960293), (0.018307952, 0.766481, -0.23244394), (0.019724956, 0.74143, -0.27492195), (0.02114296, 0.710645, -0.29474795), (0.0120089445, 0.756245, -0.025941934), (0.006853942, 0.755045, 0.030198066), (0.013235946, 0.758934, -0.080856934), (0.01446395, 0.763998, -0.16040094), (0.015691953, 0.758069, -0.23207094), (0.016918957, 0.73326, -0.27107295), (0.018146958, 0.705525, -0.28658095), (0.0064109447, 0.751427, -0.026482934), (0.0017729421, 0.748702, 0.030401066), (0.0071199466, 0.753694, -0.081448935), (0.00782795, 0.758311, -0.16098695), (0.0085369535, 0.75191, -0.23179694), (0.009247957, 0.727278, -0.26825494), (0.009956959, 0.701777, -0.28059894), (-0.0012400554, 0.74966, -0.026681935), (-0.0051690578, 0.746374, 0.030474065), (-0.0012580532, 0.751773, -0.08166593), (-0.0012600501, 0.756224, -0.16120294), (-0.0012600465, 0.749652, -0.23169693), (-0.001249043, 0.725486, -0.26778194), (-0.0012600465, 0.749652, -0.23169693), (-0.0012630407, 0.700403, -0.27840695), (-0.0012400554, 0.74966, -0.026681935), (-0.008892056, 0.751419, -0.026484935), (-0.012112058, 0.748691, 0.030401066), (-0.014497056, 0.756232, -0.025942935), (-0.017199058, 0.755028, 0.030200066), (-0.016554056, 0.762809, -0.025203932), (-0.01906506, 0.76369, 0.029922066), (-0.014511057, 0.76939, -0.024464933), (-0.01721106, 0.772355, 0.029646067), (-0.008916058, 0.774213, -0.023922933), (-0.01213406, 0.778704, 0.029442068), (-0.00517606, 0.781036, 0.02936907), (0.09522106, -0.575517, -0.29628205), (0.09730406, -0.58556, -0.30658507), (0.09394806, -0.589939, -0.29760006), (0.09660306, -0.59136, -0.31521007), (0.09914006, -0.588414, -0.31830806), (0.08888406, -0.603046, -0.32308006), (0.08107406, -0.611836, -0.31649607), (0.07533306, -0.613435, -0.30148306), (0.08268906, -0.608908, -0.31381506), (0.09034606, -0.601523, -0.29289407), (0.08928106, -0.604435, -0.28988105), (0.09600206, -0.591361, -0.29199007), (0.08311606, -0.61036, -0.29501605), (0.08068806, -0.61183, -0.29045206), (0.091249056, -0.598662, -0.28286007), (0.08584306, -0.607399, -0.28083405), (0.07833106, -0.610466, -0.28448007), (0.07163306, -0.614932, -0.29537305), (0.08256806, -0.600306, -0.32828104), (0.07740706, -0.60762, -0.32338005), (0.074430056, -0.616294, -0.31151706), (0.08939306, -0.585757, -0.32898206), (0.08370806, -0.594502, -0.32983106), (0.09852706, -0.574038, -0.32119206), (0.09175506, -0.581399, -0.33354807), (0.08417106, -0.593079, -0.34001005), (0.08003106, -0.601788, -0.33958507), (0.07242306, -0.613518, -0.33158907), (0.06986506, -0.622182, -0.31538406), (0.06857806, -0.625092, -0.29937407), (0.06810806, -0.6179, -0.28779706), (0.07905706, -0.611861, -0.27732006), (0.08643506, -0.603075, -0.27367505), (0.09364506, -0.589941, -0.28601807), (0.09195006, -0.592863, -0.27423805), (0.09379106, -0.584211, -0.28314605), (0.061927058, -0.628141, -0.30885306), (0.06299806, -0.626637, -0.29740706), (0.06442406, -0.622288, -0.28162307), (0.07515006, -0.616256, -0.27402806), (0.08437706, -0.600229, -0.26483405), (0.08846106, -0.591521, -0.26525307), (0.091787055, -0.574167, -0.27142906), (0.06677506, -0.617956, -0.33103105), (0.06519506, -0.623709, -0.31931007), (0.07536706, -0.60337096, -0.34345406), (0.08218806, -0.59454596, -0.34556106), (0.08849706, -0.582893, -0.33755305), (0.09540806, -0.57049, -0.32063806), (0.096563056, -0.572597, -0.29642105), (0.08948405, -0.565555, -0.27845705), (0.08624206, -0.57286197, -0.34316906), (0.07417006, -0.58753896, -0.35203406), (0.06447406, -0.5964329, -0.34964907), (0.05296006, -0.612502, -0.33836007), (0.04742106, -0.622707, -0.32334206), (0.05048406, -0.628407, -0.30774507), (0.05336606, -0.629748, -0.29356506), (0.093794055, -0.565464, -0.29332805), (0.05696606, -0.57213795, -0.36202407), (0.04340306, -0.5868409, -0.35629007), (0.03411806, -0.608634, -0.33803007), (0.03167206, -0.62449, -0.32181606), (0.03198406, -0.633142, -0.30594507), (0.04391506, -0.63716, -0.28830707), (0.05134406, -0.634088, -0.27019706), (0.06708206, -0.629409, -0.25585306), (0.07862006, -0.610432, -0.23676306), (0.08156505, -0.601694, -0.23422606), (0.08853305, -0.581416, -0.23205605), (0.09069305, -0.568394, -0.23662505), (0.08965905, -0.552622, -0.25825107), (0.08925305, -0.542564, -0.29005206), (0.09386806, -0.564062, -0.32224905), (0.089849055, -0.539674, -0.31322205), (0.07301606, -0.5559539, -0.35639206), (0.084857054, -0.544108, -0.33588707), (0.017630061, -0.637782, -0.30596706), (0.030111061, -0.647564, -0.28404105), (0.04277506, -0.647256, -0.25777906), (0.05586506, -0.649824, -0.22722706), (0.091530055, -0.562646, -0.22659305), (0.09299605, -0.549644, -0.23832405), (0.09147705, -0.543908, -0.25264707), (0.087245055, -0.544021, -0.28114605), (0.09274905, -0.530967, -0.26583907), (0.08967805, -0.52386, -0.29589307), (0.08745905, -0.523924, -0.31883907), (0.020797057, -0.55570495, -0.37302807), (0.039062057, -0.54666895, -0.37624106), (0.06857306, -0.5301129, -0.36610806), (0.07322405, -0.51707494, -0.34491205), (0.05981106, -0.648252, -0.21606006), (0.06452706, -0.638046, -0.19486307), (0.07824505, -0.60611, -0.19485506), (0.08865205, -0.575624, -0.21472605), (0.017571064, -0.663663, -0.28278404), (0.018191064, -0.679503, -0.26544407), (0.030605061, -0.673429, -0.25510806), (0.03756906, -0.671845, -0.24275306), (0.05108906, -0.665738, -0.22097206), (0.05507706, -0.65986, -0.20834306), (0.054145057, -0.654147, -0.18658605), (0.059364054, -0.652547, -0.17696705), (0.07807505, -0.611831, -0.18327007), (0.09203605, -0.571227, -0.19338405), (0.09662205, -0.556735, -0.20251805), (0.100220054, -0.537964, -0.22027504), (0.09927505, -0.523606, -0.24190505), (0.092632055, -0.516586, -0.27889907), (0.09129805, -0.528121, -0.28016007), (0.09248605, -0.515126, -0.29476607), (0.016652063, -0.708309, -0.24353206), (0.028790064, -0.702244, -0.23607107), (0.038192064, -0.696241, -0.22686806), (0.04814106, -0.687389, -0.21192107), (0.05062506, -0.680129, -0.19920506), (0.05331706, -0.675752, -0.18502507), (0.05411706, -0.674255, -0.17639907), (0.016180065, -0.721234, -0.23622206), (0.018401066, -0.729848, -0.23060806), (0.031769063, -0.728062, -0.22615805), (0.044391062, -0.724872, -0.21435507), (0.049056064, -0.708953, -0.20762306), (0.039319064, -0.714965, -0.21969606), (0.051282063, -0.720399, -0.20205806), (0.048666064, -0.701759, -0.19463006), (0.054463062, -0.718898, -0.18353206), (-0.0011239352, -0.720128, -0.23785506), (0.028449066, -0.720945, -0.22875907), (0.05398606, -0.704519, -0.18500707), (0.05605406, -0.6886, -0.17512307), (0.019319067, -0.745632, -0.22490606), (0.020279067, -0.757107, -0.21773906), (0.025870066, -0.752671, -0.21829206), (0.018472066, -0.767229, -0.20882908), (0.026906068, -0.761255, -0.20966107), (0.029474065, -0.741088, -0.22299805), (0.043529063, -0.736448, -0.21133706), (0.03989307, -0.746559, -0.20663306), (0.032676067, -0.759696, -0.19434506), (0.015638066, -0.770176, -0.19409208), (0.010873064, -0.760186, -0.16623005), (0.012962066, -0.764449, -0.17507106), (0.022837065, -0.758488, -0.16158606), (0.04901406, -0.739131, -0.16997506), (0.03801406, -0.75236, -0.16739605), (0.036005065, -0.748094, -0.15714106), (0.038748063, -0.756654, -0.17616107), (0.028190065, -0.7641, -0.18234806), (0.026388066, -0.762718, -0.17062406), (0.046769064, -0.744968, -0.17987105), (0.049576063, -0.734824, -0.19314606), (0.047300063, -0.733466, -0.20163606), (0.057101063, -0.721721, -0.17222907), (0.052034065, -0.733337, -0.16738206), (0.054743063, -0.720298, -0.16625606), (0.05964106, -0.707271, -0.17251407), (0.05466506, -0.687208, -0.15911406), (0.05739206, -0.704429, -0.16507806), (0.05252706, -0.71893, -0.15881906), (0.05380006, -0.704508, -0.15750407), (0.05244606, -0.697343, -0.15449107), (0.05267506, -0.680061, -0.16326806), (0.050803058, -0.681515, -0.15295306), (0.048511058, -0.688761, -0.14838506), (0.05378106, -0.67284, -0.16481707), (0.031610057, -0.671925, -0.13957305), (0.051843055, -0.671462, -0.15450506), (0.037580058, -0.699098, -0.14439906), (0.026696058, -0.693624, -0.13613506), (0.033768058, -0.713577, -0.14256705), (0.02429406, -0.70807, -0.13444106), (0.03102206, -0.730924, -0.14509806), (0.01891106, -0.724002, -0.13387606), (0.059165057, -0.651128, -0.16397706), (0.039689057, -0.660181, -0.14328906), (0.055727057, -0.648311, -0.15352306), (-0.0010769373, -0.744674, -0.14906906), (0.010128061, -0.738601, -0.13873306), (0.015328063, -0.747097, -0.14644006), (0.010128061, -0.738601, -0.13873306), (0.009983059, -0.702623, -0.13159306), (0.009983059, -0.702623, -0.13159306), (0.0151010575, -0.683807, -0.13361906), (0.015830057, -0.652119, -0.13377906), (-0.0011599453, -0.646717, -0.13507406), (-0.0011729465, -0.630847, -0.13254106), (0.020514056, -0.669289, -0.13418406), (0.027338056, -0.65474, -0.13488406), (-0.0011449439, -0.663993, -0.13653105), (0.0151010575, -0.683807, -0.13361906), (-0.0011229424, -0.68703, -0.13223305), (0.020514056, -0.669289, -0.13418406), (0.027338056, -0.65474, -0.13488406), (0.046342056, -0.64422, -0.14539906), (0.021540053, -0.634703, -0.12999906), (-0.001197949, -0.600682, -0.12808307), (0.033107053, -0.637324, -0.13110806), (0.021320052, -0.607396, -0.12572806), (0.051207047, -0.567831, -0.12150005), (0.04292805, -0.612617, -0.12780206), (-0.0012339526, -0.558923, -0.11953505), (0.053077053, -0.613862, -0.14323406), (0.046342056, -0.64422, -0.14539906), (0.06260105, -0.570465, -0.13852805), (0.07090205, -0.614879, -0.16811506), (0.053077053, -0.613862, -0.14323406), (0.087401055, -0.572737, -0.16692504), (0.06256505, -0.61648, -0.14994806), (0.07601905, -0.572992, -0.14988905), (0.09984005, -0.545147, -0.18117905), (0.089929044, -0.533863, -0.16147305), (0.06260105, -0.570465, -0.13852805), (0.074515045, -0.508267, -0.14992605), (0.070946045, -0.521321, -0.14521904), (0.060407046, -0.518671, -0.13408004), (0.028378047, -0.561163, -0.11641105), (-0.0012699562, -0.515717, -0.111125045), (0.024972042, -0.512286, -0.11047105), (0.044571046, -0.50611, -0.115286045), (0.06261204, -0.489838, -0.13437404), (0.100619055, -0.526441, -0.19866504), (0.07731804, -0.478007, -0.15898904), (0.06923904, -0.502663, -0.14368404), (0.085418046, -0.499412, -0.16984105), (0.08440904, -0.46925497, -0.20306204), (0.095358044, -0.48339796, -0.21273105), (0.074515045, -0.508267, -0.14992605), (0.070946045, -0.521321, -0.14521904), (0.085418046, -0.499412, -0.16984105), (0.09796804, -0.513516, -0.17824204), (0.095358044, -0.48339796, -0.21273105), (0.100961044, -0.49477196, -0.21756604), (0.10283204, -0.507653, -0.23074104), (0.09944005, -0.504919, -0.26513502), (0.09577005, -0.519393, -0.26183707), (0.094791055, -0.503565, -0.28346902), (0.088788055, -0.503714, -0.30024603), (0.09063105, -0.49357298, -0.27877003), (0.09222605, -0.49069396, -0.26157603), (0.091141045, -0.47484896, -0.25428802), (0.082929045, -0.46642497, -0.24771404), (0.091141045, -0.47484896, -0.25428802), (0.08903004, -0.47921896, -0.27717704), (0.081740044, -0.46788496, -0.27508104), (0.08903004, -0.47921896, -0.27717704), (0.020829055, -0.5096579, -0.40639403), (0.029421056, -0.50804394, -0.40723002), (0.019245058, -0.52697194, -0.39748707), (0.039485056, -0.50922495, -0.40819904), (0.041101057, -0.52504593, -0.39527905), (0.020124054, -0.48525596, -0.40781802), (0.033235054, -0.48778397, -0.40765503), (0.040291056, -0.48909497, -0.40975603), (0.051870055, -0.48882496, -0.40945202), (0.052860055, -0.50749594, -0.40369004), (0.047037058, -0.5234339, -0.39295506), (0.055606056, -0.5304229, -0.38078806), (0.054130055, -0.5204359, -0.39364704), (0.05271805, -0.46573797, -0.39514503), (0.07015105, -0.46969497, -0.39533904), (0.07304705, -0.46814498, -0.37974602), (0.04552505, -0.46448797, -0.39445302), (0.061749052, -0.46268398, -0.37576804), (0.033078052, -0.46908897, -0.40479004), (0.040582053, -0.47180298, -0.40260503), (0.04633105, -0.47166997, -0.40316102), (0.05924905, -0.47425896, -0.40440202), (0.052870054, -0.46141896, -0.37781602), (0.048039053, -0.45580998, -0.38168904), (0.037989054, -0.46035796, -0.39663902), (-0.0014039478, -0.45960298, -0.39801702), (0.057715047, -0.44979796, -0.36966503), (0.05680405, -0.43542397, -0.36091104), (0.062097054, -0.45978397, -0.37148502), (0.07904905, -0.46799698, -0.36296904), (0.083345056, -0.45061398, -0.35911003), (0.07938405, -0.44067296, -0.35294902), (0.08073705, -0.43343896, -0.33722302), (0.081587054, -0.47371897, -0.36752403), (0.092449054, -0.47346398, -0.35992402), (0.09664105, -0.45749897, -0.35747102), (0.09562405, -0.44459996, -0.35018402), (0.09372105, -0.43885896, -0.33846304), (0.11005005, -0.47877496, -0.35870802), (0.11584705, -0.46282998, -0.35498804), (0.110590056, -0.45433596, -0.34727702), (0.10724504, -0.44721198, -0.33542103), (0.081954055, -0.50248593, -0.35592702), (0.09112805, -0.48930296, -0.36265403), (0.09723605, -0.48915797, -0.35892102), (0.10460305, -0.49187696, -0.35814402), (0.12131605, -0.48287797, -0.36268702), (0.13170704, -0.46824196, -0.35650504), (0.12686305, -0.45967796, -0.34451002), (0.11867205, -0.49874797, -0.36381003), (0.13811906, -0.48968697, -0.37009603), (0.14283404, -0.47229198, -0.36189404), (0.13849504, -0.46518797, -0.34561703), (0.18416004, -0.46554497, -0.35145304), (0.16016205, -0.47188997, -0.36214703), (0.17056206, -0.48026597, -0.37610403), (0.15742606, -0.48635396, -0.37919804), (0.13677207, -0.50411195, -0.37277204), (0.16471606, -0.49768698, -0.38129404), (0.17160206, -0.49174896, -0.38340002), (0.19414707, -0.48261398, -0.38708302), (0.19385405, -0.47111297, -0.37263304), (0.21604507, -0.47060093, -0.38200602), (0.20928304, -0.46496695, -0.36110902), (0.22729504, -0.46313694, -0.36866003), (0.15847005, -0.46325096, -0.34755403), (0.11913205, -0.45412996, -0.33364803), (0.14087504, -0.45934796, -0.33431202), (0.15646504, -0.45898598, -0.33724204), (0.16751005, -0.46160597, -0.31371903), (0.18883604, -0.45970297, -0.33171904), (0.22704305, -0.46884993, -0.34261203), (0.21332504, -0.47204694, -0.32101804), (0.19149505, -0.47973496, -0.29430303), (0.14326404, -0.46075198, -0.30995604), (0.07483505, -0.44358796, -0.31061804), (0.06615005, -0.42799696, -0.33725104), (0.08517805, -0.45054296, -0.31011802), (0.08976405, -0.47060096, -0.29753003), (0.09942105, -0.45310298, -0.31296703), (0.113871045, -0.45854697, -0.31434903), (0.14304204, -0.47943997, -0.28671902), (0.17033404, -0.47591698, -0.28794503), (0.081954055, -0.50248593, -0.35592702), (0.083818056, -0.505322, -0.33731902), (0.08004905, -0.509713, -0.33261803), (0.08362305, -0.503846, -0.32427204), (0.21539205, -0.47922495, -0.37611404), (0.21174406, -0.47930494, -0.36853504), (0.20078306, -0.48244694, -0.36314103), (0.21387005, -0.47783595, -0.36151704), (0.20078306, -0.48244694, -0.36314103), (0.20256305, -0.47809595, -0.35900104), (0.21387005, -0.47783595, -0.36151704), (0.19521606, -0.48688996, -0.37704504), (0.19590706, -0.48686996, -0.36988404), (0.18355606, -0.48715296, -0.36288604), (0.10559905, -0.49904397, -0.34957102), (0.083818056, -0.505322, -0.33731902), (0.13076405, -0.51573795, -0.34763107), (0.095507056, -0.49785298, -0.33414602), (0.095507056, -0.49785298, -0.33414602), (0.16308106, -0.5034989, -0.36956802), (0.17832805, -0.49447596, -0.37396902), (0.19590706, -0.48686996, -0.36988404), (0.17850506, -0.49016497, -0.37109601), (0.14380306, -0.51396894, -0.36187106), (0.14436506, -0.5024499, -0.35330802), (0.13385905, -0.50127196, -0.34216702), (0.17850506, -0.49016497, -0.37109601), (0.16339406, -0.49912596, -0.36528504), (0.12503105, -0.511556, -0.33115405), (0.12503105, -0.511556, -0.33115405), (0.16225205, -0.48911998, -0.35939902), (0.16339406, -0.49912596, -0.36528504), (0.14865907, -0.49084798, -0.35085303), (0.13366105, -0.48688397, -0.34076402), (0.12465505, -0.501481, -0.33262804), (0.13874805, -0.47956496, -0.33114803), (0.13366105, -0.48688397, -0.34076402), (0.12457305, -0.47989398, -0.32829702), (0.15398005, -0.47921497, -0.33836803), (0.14865907, -0.49084798, -0.35085303), (0.17647704, -0.48011297, -0.34492204), (0.16225205, -0.48911998, -0.35939902), (0.19024405, -0.47979596, -0.35200003), (0.18355606, -0.48715296, -0.36288604), (0.14379905, -0.47655398, -0.32293603), (0.16383204, -0.47467297, -0.32487804), (0.18323804, -0.47564298, -0.33397904), (0.19689505, -0.47674698, -0.34252203), (0.16569404, -0.47745198, -0.30627102), (0.18778004, -0.47841796, -0.31711003), (0.20253104, -0.47519094, -0.32861602), (0.21382305, -0.47352093, -0.34564704), (0.21902205, -0.47340494, -0.35189602), (0.21938504, -0.47623494, -0.36353403), (0.083299056, -0.49954098, -0.31127903), (0.08282905, -0.49234897, -0.29970104), (0.08976405, -0.47060096, -0.29753003), (0.12465505, -0.501481, -0.33262804), (0.12258005, -0.500051, -0.32372302), (0.121297054, -0.511639, -0.32504606), (0.12032005, -0.49437696, -0.31629303), (0.12457305, -0.47989398, -0.32829702), (0.14379905, -0.47655398, -0.32293603), (0.12457305, -0.47989398, -0.32829702), (0.12258005, -0.500051, -0.32372302), (0.14401005, -0.48084596, -0.30706802), (0.12032005, -0.49437696, -0.31629303), (0.09090606, -0.602995, -0.31747007), (0.09451306, -0.579853, -0.31936505), (0.22503404, -0.47179893, -0.36409202), (0.14401005, -0.48084596, -0.30706802), (0.14304204, -0.47943997, -0.28671902), (0.17033404, -0.47591698, -0.28794503), (0.07271604, -0.46521497, -0.29299602), (0.024972042, -0.512286, -0.11047105), (0.035465047, -0.42872897, -0.37042102), (0.07317896, 0.34803197, 0.27834702), (0.06961796, 0.39490998, 0.26679504), (-0.0012490412, 0.707409, -0.27866194), (-0.0012630407, 0.700403, -0.27840695), (0.018146958, 0.705525, -0.28658095), (0.21938504, -0.47623494, -0.36353403), (0.22503404, -0.47179893, -0.36409202), (0.11089494, 0.615958, 0.28266805), (0.10191594, 0.646914, 0.27654105), (0.009956959, 0.701777, -0.28059894), (-0.0012630407, 0.700403, -0.27840695), (-0.11589102, -0.12544906, 0.492518), (-0.10574001, -0.10025103, 0.264041), (-0.13671607, 0.64748996, 0.48623607), (-0.12470006, 0.689628, 0.18257606), (-0.09284394, -0.601523, -0.29289407), (-0.091527954, -0.47921896, -0.27717704), (-0.054367945, -0.48882496, -0.40945202), (-0.0012630407, 0.700403, -0.27840695), (-0.10441406, 0.646914, 0.27654105), (0.12762697, 0.28057596, 0.27796602), (0.13109101, -0.205676, 0.122145995), (0.11334399, 0.02839599, 0.203654), (0.09680499, -0.078153014, 0.250777), (-0.0051690578, 0.746374, 0.030474065), (0.047135063, -0.731973, -0.15826206), (0.015328063, -0.747097, -0.14644006), (0.009983059, -0.702623, -0.13159306), (0.16225205, -0.48911998, -0.35939902), (0.12457305, -0.47989398, -0.32829702), (-0.15402204, 0.50712, 0.17734104), (-0.15335205, 0.49324796, 0.17239204), (-0.15336104, 0.541383, 0.20976004), (-0.15190004, 0.513727, 0.20834404), (-0.14929405, 0.49488097, 0.20632005), (-0.14517005, 0.45314097, 0.20036204), (-0.14245304, 0.44250298, 0.20163904), (-0.14084606, 0.553995, 0.24410805), (-0.13959305, 0.523493, 0.24224004), (-0.13173604, 0.49611098, 0.24556005), (-0.12341704, 0.45347896, 0.24364504), (-0.13433404, 0.45327297, 0.23151104), (-0.13803804, 0.43890896, 0.22227904), (-0.13317704, 0.42408898, 0.22136404), (-0.117008045, 0.41780898, 0.24441303), (-0.12526305, 0.43472698, 0.24272604), (-0.096699044, 0.40647697, 0.26038602), (-0.096537046, 0.42557997, 0.25043002), (-0.08019404, 0.41263396, 0.25994304), (-0.057601046, 0.42157897, 0.26663604), (-0.001249044, 0.42690197, 0.26903602), (-0.065223046, 0.45113596, 0.27744102), (-0.0012490465, 0.45676598, 0.27557603), (-0.096652046, 0.44857898, 0.26211902), (-0.11480005, 0.568331, 0.27035207), (-0.10542705, 0.530281, 0.27569607), (-0.10459005, 0.49414197, 0.27293602), (-0.07817705, 0.47819698, 0.28761002), (-0.064433046, 0.46987897, 0.28762603), (-0.08861005, 0.49254897, 0.28499702), (-0.08037705, 0.508146, 0.29341304), (-0.07529305, 0.538227, 0.29462406), (-0.07138905, 0.516041, 0.29456407), (-0.091006055, 0.561707, 0.29202506), (-0.07899405, 0.558495, 0.29762307), (-0.09712106, 0.574444, 0.28814605), (-0.09476506, 0.590098, 0.28987405), (-0.09094506, 0.598395, 0.29088005), (-0.0012490597, 0.628637, 0.27997407), (-0.071642056, 0.595955, 0.29730007), (-0.08130206, 0.599881, 0.29552907), (-0.0012490574, 0.591614, 0.29129606), (-0.06496106, 0.584884, 0.29947206), (-0.0012490537, 0.543018, 0.29382807), (-0.06913606, 0.567533, 0.30022705), (-0.07529305, 0.538227, 0.29462406), (-0.07899405, 0.558495, 0.29762307), (-0.05828005, 0.511409, 0.29918706), (-0.07138905, 0.516041, 0.29456407), (-0.0012490506, 0.502883, 0.28918302), (-0.049607053, 0.49813098, 0.29620603), (-0.05828005, 0.511409, 0.29918706), (-0.055414047, 0.47981298, 0.29439402), (-0.10249106, 0.693563, 0.24867806), (-0.07042107, 0.695145, 0.25133607), (-0.069194056, 0.664628, 0.26846305), (-0.06519007, 0.715163, 0.23324805), (-0.07042107, 0.695145, 0.25133607), (-0.09065907, 0.729612, 0.20907006), (-0.060729064, 0.733381, 0.20836006), (-0.08080307, 0.744917, 0.18191005), (-0.05377006, 0.746238, 0.17911907), (-0.07436606, 0.750687, 0.15154806), (-0.051654063, 0.753622, 0.15002306), (-0.07147006, 0.750358, 0.11523507), (-0.053285062, 0.752063, 0.11452707), (-0.06834806, 0.739376, 0.05423506), (-0.05450806, 0.742625, 0.054863058), (-0.07004305, 0.728951, 0.010118061), (-0.055509057, 0.735328, 0.009188062), (-0.05450806, 0.742625, 0.054863058), (-0.06896205, 0.726926, -0.02371094), (-0.054506052, 0.729848, -0.030383939), (-0.051913053, 0.730043, -0.069855936), (-0.001249052, 0.731277, -0.073768936), (-0.0012490537, 0.732508, -0.03481994), (-0.001249056, 0.737455, 0.007957065), (-0.0012490617, 0.75159, 0.11314607), (-0.053285062, 0.752063, 0.11452707), (-0.0012490632, 0.752407, 0.14556105), (-0.051654063, 0.753622, 0.15002306), (-0.0012490642, 0.747969, 0.17948906), (-0.05377006, 0.746238, 0.17911907), (-0.0012490643, 0.727755, 0.21476206), (-0.060729064, 0.733381, 0.20836006), (-0.0012490639, 0.711325, 0.23486806), (-0.06519007, 0.715163, 0.23324805), (-0.001249063, 0.688249, 0.25294307), (-0.0012490617, 0.66296, 0.26591206), (-0.07088406, 0.636436, 0.28097105), (-0.0012490588, 0.745932, 0.055790067), (-0.07004305, 0.728951, 0.010118061), (-0.08949306, 0.728486, 0.049696058), (-0.10343206, 0.735288, 0.11490606), (-0.10749106, 0.732162, 0.15469506), (-0.11017406, 0.723111, 0.18549906), (-0.11581606, 0.714555, 0.11325205), (-0.12180606, 0.701522, 0.15222307), (-0.04540405, 0.733173, -0.111173935), (-0.001249051, 0.734817, -0.10363393), (-0.08005405, 0.48370898, 0.31331003), (-0.070306055, 0.47780898, 0.31332102), (-0.087452054, 0.49388596, 0.31145602), (-0.08161305, 0.504947, 0.31742504), (-0.07524105, 0.510545, 0.31824103), (-0.06594405, 0.50726, 0.32152003), (-0.07524105, 0.510545, 0.31824103), (-0.05979305, 0.49784398, 0.31940502), (-0.06594405, 0.50726, 0.32152003), (-0.06391205, 0.48485497, 0.31812203), (-0.08915206, 0.569074, 0.31644106), (-0.08063306, 0.566797, 0.32041106), (-0.09348806, 0.578108, 0.31369105), (-0.09181706, 0.589207, 0.31491706), (-0.08910906, 0.595093, 0.31562907), (-0.08130206, 0.599881, 0.29552907), (-0.08226906, 0.596146, 0.31892505), (-0.07542006, 0.593362, 0.32018206), (-0.08226906, 0.596146, 0.31892505), (-0.07068106, 0.58551, 0.32172206), (-0.07364206, 0.573207, 0.32225907), (-0.07364206, 0.573207, 0.32225907), (-0.06328305, 0.48592097, 0.33277303), (-0.059264053, 0.49859196, 0.33402702), (-0.06526405, 0.507778, 0.33608803), (-0.06594405, 0.50726, 0.32152003), (-0.07433305, 0.510981, 0.33289203), (-0.080549054, 0.50552, 0.33209503), (-0.08624505, 0.49473098, 0.32627302), (-0.079028055, 0.48480198, 0.32808203), (-0.06952005, 0.47904897, 0.32809302), (-0.07959306, 0.569008, 0.33500805), (-0.07277406, 0.57526, 0.33680907), (-0.06988606, 0.587262, 0.33628607), (-0.07068106, 0.58551, 0.32172206), (-0.07450706, 0.59492, 0.33478406), (-0.07542006, 0.593362, 0.32018206), (-0.08118806, 0.597636, 0.33355907), (-0.08786006, 0.596609, 0.33034205), (-0.09050306, 0.590869, 0.32964706), (-0.09213306, 0.58004, 0.32845107), (-0.08790206, 0.571229, 0.33113605), (-0.072185054, 0.49592197, 0.34042302), (-0.08159406, 0.58318394, 0.34223607), (-0.10441406, 0.646914, 0.27654105), (0.15152396, 0.50712, 0.17734104), (0.15085396, 0.49324796, 0.17239204), (0.15086296, 0.541383, 0.20976004), (0.14940195, 0.513727, 0.20834404), (0.14679596, 0.49488097, 0.20632005), (0.14267196, 0.45314097, 0.20036204), (0.13995495, 0.44250298, 0.20163904), (0.13834794, 0.553995, 0.24410805), (0.13709496, 0.523493, 0.24224004), (0.12923795, 0.49611098, 0.24556005), (0.13183595, 0.45327297, 0.23151104), (0.13553995, 0.43890896, 0.22227904), (0.13067895, 0.42408898, 0.22136404), (0.11450896, 0.41780898, 0.24441303), (0.12276495, 0.43472698, 0.24272604), (0.12091895, 0.45347896, 0.24364504), (0.094200954, 0.40647697, 0.26038602), (0.094038956, 0.42557997, 0.25043002), (0.07769596, 0.41263396, 0.25994304), (0.055102956, 0.42157897, 0.26663604), (0.055102956, 0.42157897, 0.26663604), (0.062724955, 0.45113596, 0.27744102), (0.094153956, 0.44857898, 0.26211902), (0.112301946, 0.568331, 0.27035207), (0.10292895, 0.530281, 0.27569607), (0.102091946, 0.49414197, 0.27293602), (0.06193495, 0.46987897, 0.28762603), (0.075678945, 0.47819698, 0.28761002), (0.08611195, 0.49254897, 0.28499702), (0.077878945, 0.508146, 0.29341304), (0.068890944, 0.516041, 0.29456407), (0.07279495, 0.538227, 0.29462406), (0.076495945, 0.558495, 0.29762307), (0.08850795, 0.561707, 0.29202506), (0.09462294, 0.574444, 0.28814605), (0.09226694, 0.590098, 0.28987405), (0.08844694, 0.598395, 0.29088005), (0.068385944, 0.636436, 0.28097105), (0.07880394, 0.599881, 0.29552907), (0.06914394, 0.595955, 0.29730007), (0.062462945, 0.584884, 0.29947206), (0.06663794, 0.567533, 0.30022705), (0.076495945, 0.558495, 0.29762307), (0.07279495, 0.538227, 0.29462406), (0.068890944, 0.516041, 0.29456407), (0.05578195, 0.511409, 0.29918706), (0.04710895, 0.49813098, 0.29620603), (0.04710895, 0.49813098, 0.29620603), (0.052915953, 0.47981298, 0.29439402), (0.06193495, 0.46987897, 0.28762603), (0.06669594, 0.664628, 0.26846305), (0.067922935, 0.695145, 0.25133607), (0.062691934, 0.715163, 0.23324805), (0.058230937, 0.733381, 0.20836006), (0.08816093, 0.729612, 0.20907006), (0.051271938, 0.746238, 0.17911907), (0.07830493, 0.744917, 0.18191005), (0.049155936, 0.753622, 0.15002306), (0.07186794, 0.750687, 0.15154806), (0.05078694, 0.752063, 0.11452707), (0.06897194, 0.750358, 0.11523507), (0.05200994, 0.742625, 0.054863065), (0.06584994, 0.739376, 0.054235067), (0.053010944, 0.735328, 0.009188066), (0.067544945, 0.728951, 0.010118066), (0.052007947, 0.729848, -0.030383935), (0.08699494, 0.728486, 0.049696065), (0.10093394, 0.735288, 0.11490607), (0.10499294, 0.732162, 0.15469506), (0.10767594, 0.723111, 0.18549906), (0.113317944, 0.714555, 0.113252066), (0.11930794, 0.701522, 0.15222307), (0.06780795, 0.47780898, 0.31332102), (0.07755595, 0.48370898, 0.31331003), (0.08495395, 0.49388596, 0.31145602), (0.07911495, 0.504947, 0.31742504), (0.07274295, 0.510545, 0.31824103), (0.06344595, 0.50726, 0.32152003), (0.06344595, 0.50726, 0.32152003), (0.057294946, 0.49784398, 0.31940502), (0.057294946, 0.49784398, 0.31940502), (0.061413947, 0.48485497, 0.31812203), (0.052915953, 0.47981298, 0.29439402), (0.061413947, 0.48485497, 0.31812203), (0.07813494, 0.566797, 0.32041106), (0.08665394, 0.569074, 0.31644106), (0.09098994, 0.578108, 0.31369105), (0.08931894, 0.589207, 0.31491706), (0.08661094, 0.595093, 0.31562907), (0.07977094, 0.596146, 0.31892505), (0.07977094, 0.596146, 0.31892505), (0.07292194, 0.593362, 0.32018206), (0.06818294, 0.58551, 0.32172206), (0.07114394, 0.573207, 0.32225907), (0.06663794, 0.567533, 0.30022705), (0.07114394, 0.573207, 0.32225907), (0.057294946, 0.49784398, 0.31940502), (0.056765947, 0.49859196, 0.33402702), (0.060784947, 0.48592097, 0.33277303), (0.06344595, 0.50726, 0.32152003), (0.06276595, 0.507778, 0.33608803), (0.071834944, 0.510981, 0.33289203), (0.07805095, 0.50552, 0.33209503), (0.08374695, 0.49473098, 0.32627302), (0.07652995, 0.48480198, 0.32808203), (0.06702195, 0.47904897, 0.32809302), (0.07027594, 0.57526, 0.33680907), (0.07709494, 0.569008, 0.33500805), (0.06818294, 0.58551, 0.32172206), (0.06738794, 0.587262, 0.33628607), (0.07292194, 0.593362, 0.32018206), (0.07200894, 0.59492, 0.33478406), (0.07868994, 0.597636, 0.33355907), (0.08536194, 0.596609, 0.33034205), (0.08800494, 0.590869, 0.32964706), (0.08963494, 0.58004, 0.32845107), (0.08540394, 0.571229, 0.33113605), (0.06968695, 0.49592197, 0.34042302), (0.07909594, 0.58318394, 0.34223607), (0.08844694, 0.598395, 0.29088005), (0.012700938, 0.75571, 0.11929807), (0.010955939, 0.752039, 0.08647907), (0.014294936, 0.755412, 0.14951606), (-0.0012490506, 0.502883, 0.28918302), (-0.10172006, 0.667537, 0.26524505), (-0.07433305, 0.510981, 0.33289203), (-0.06988606, 0.587262, 0.33628607), (0.062724955, 0.45113596, 0.27744102), (-0.17607501, -0.14602706, 0.512151), (-0.17058101, -0.16453306, 0.50663), (-0.16942002, -0.15842105, 0.495087), (-0.19237702, -0.16294207, 0.534332), (-0.17864601, -0.18012506, 0.525698), (-0.19558601, -0.18112905, 0.558445), (-0.18931401, -0.19512406, 0.551666), (-0.18699601, -0.13814805, 0.541192), (-0.19082202, -0.14511506, 0.559375), (-0.17334202, -0.12949206, 0.517213), (-0.16884701, -0.13639607, 0.494081), (-0.16603701, -0.12324206, 0.501929), (-0.15804102, -0.17288107, 0.507392), (-0.15526602, -0.16786206, 0.492924), (-0.14111501, -0.17530906, 0.49632096), (-0.16724202, -0.11988906, 0.527432), (-0.17603602, -0.12842406, 0.548398), (-0.13736302, -0.114798054, 0.518414), (-0.16091502, -0.11623006, 0.510468), (-0.14554602, -0.15352605, 0.563804), (-0.14026001, -0.115858056, 0.53553), (-0.14481501, -0.13070706, 0.55771), (-0.13254501, -0.11064705, 0.499033), (-0.109743014, -0.13005106, 0.518714), (-0.11159501, -0.13187706, 0.540174), (-0.14026001, -0.115858056, 0.53553), (-0.10951602, -0.14154007, 0.554116), (-0.14481501, -0.13070706, 0.55771), (-0.111548014, -0.16102006, 0.558248), (-0.14554602, -0.15352605, 0.563804), (-0.116564006, -0.17952307, 0.5576), (-0.14859101, -0.17225206, 0.56364), (-0.12716702, -0.17060906, 0.49717698), (-0.14160301, -0.17830506, 0.506385), (-0.18006602, -0.20197205, 0.544487), (-0.16543202, -0.18535706, 0.524981), (-0.16164702, -0.21037605, 0.551937), (-0.15201901, -0.19256106, 0.527195), (-0.12717402, -0.20055406, 0.547931), (-0.12736101, -0.18978307, 0.526117), (-0.13089302, -0.17823206, 0.510012), (-0.10744501, -0.15042706, 0.507961), (-0.107772015, -0.15809806, 0.528965), (-0.14859101, -0.17225206, 0.56364), (-0.19843708, 0.6417409, 0.52034104), (-0.19294207, 0.6213439, 0.5148181), (-0.19178008, 0.62807995, 0.50327605), (-0.21473707, 0.62309694, 0.54252106), (-0.20100707, 0.60416096, 0.5338871), (-0.21794708, 0.6030539, 0.56663406), (-0.21167508, 0.5876299, 0.55985504), (-0.20935808, 0.65042293, 0.5493811), (-0.21318308, 0.64274395, 0.5675641), (-0.19570208, 0.65996194, 0.5254031), (-0.19120808, 0.65235496, 0.50227004), (-0.18839908, 0.66685295, 0.51011807), (-0.18040207, 0.61214393, 0.51558006), (-0.17762607, 0.61767495, 0.50111204), (-0.16347508, 0.6094679, 0.50451005), (-0.18960308, 0.67054695, 0.53562105), (-0.19839707, 0.66113895, 0.55658805), (-0.15972407, 0.6761559, 0.5266021), (-0.18327707, 0.67457795, 0.5186561), (-0.16790807, 0.63347393, 0.57199305), (-0.16262007, 0.6749889, 0.54371905), (-0.16717607, 0.65862393, 0.56589806), (-0.13825308, 0.6644179, 0.50070804), (-0.13210507, 0.6593459, 0.5269021), (-0.13395607, 0.6573349, 0.5483621), (-0.13187808, 0.64668393, 0.56230605), (-0.13390808, 0.62521696, 0.5664381), (-0.13892508, 0.60482496, 0.56578803), (-0.17095107, 0.6128379, 0.57183003), (-0.14952807, 0.61464894, 0.5053651), (-0.16396408, 0.60616696, 0.51457304), (-0.20242608, 0.58008397, 0.55267704), (-0.18779208, 0.59839493, 0.53317106), (-0.18400808, 0.57082295, 0.56012505), (-0.17438108, 0.59045494, 0.53538305), (-0.14953607, 0.5816469, 0.55612105), (-0.14972207, 0.59351695, 0.53430706), (-0.15325308, 0.60624796, 0.5181991), (-0.13671607, 0.64748996, 0.48623607), (-0.12980507, 0.63689095, 0.51615006), (-0.12980507, 0.63689095, 0.51615006), (-0.13013208, 0.62843597, 0.53715503), (-0.13013208, 0.62843597, 0.53715503), (-0.13892508, 0.60482496, 0.56578803), (-0.17095107, 0.6128379, 0.57183003), (-0.17095107, 0.6128379, 0.57183003), (0.16634898, -0.13639604, 0.494081), (0.16692199, -0.15842102, 0.495087), (0.16808298, -0.16453303, 0.50663), (0.17357698, -0.14602703, 0.512151), (0.17614798, -0.18012503, 0.525698), (0.18987899, -0.16294204, 0.534332), (0.18681599, -0.19512403, 0.551666), (0.19308798, -0.18112902, 0.558445), (0.18832399, -0.14511503, 0.559375), (0.18449798, -0.13814802, 0.541192), (0.17084399, -0.12949203, 0.517213), (0.16353899, -0.12324203, 0.501929), (0.16293399, -0.18535703, 0.524981), (0.15554298, -0.17288104, 0.507392), (0.15276799, -0.16786203, 0.492924), (0.15841699, -0.11623003, 0.510468), (0.17353699, -0.12842403, 0.548398), (0.16474399, -0.11988903, 0.527432), (0.13004698, -0.11064704, 0.499033), (0.14231698, -0.13070703, 0.55771), (0.13486499, -0.11479804, 0.518414), (0.13776198, -0.11585804, 0.53553), (0.13486499, -0.11479804, 0.518414), (0.10724498, -0.13005103, 0.518714), (0.13776198, -0.11585804, 0.53553), (0.10909698, -0.13187703, 0.540174), (0.14231698, -0.13070703, 0.55771), (0.10701799, -0.14154004, 0.554116), (0.14304799, -0.15352602, 0.563804), (0.10904998, -0.16102003, 0.558248), (0.14609298, -0.17225203, 0.56364), (0.13861698, -0.17530903, 0.49632096), (0.13910499, -0.17830503, 0.506385), (0.17756799, -0.20197202, 0.544487), (0.14952098, -0.19256103, 0.527195), (0.15914899, -0.21037602, 0.551937), (0.12486199, -0.18978304, 0.526117), (0.12839499, -0.17823203, 0.510012), (0.10494699, -0.15042703, 0.507961), (0.12466899, -0.17060903, 0.49717698), (0.105273984, -0.15809803, 0.528965), (0.10701799, -0.14154004, 0.554116), (0.10904998, -0.16102003, 0.558248), (0.11406599, -0.17952304, 0.5576), (0.12467599, -0.20055403, 0.547931), (0.18870993, 0.65235496, 0.50227004), (0.18928193, 0.62807995, 0.50327605), (0.19044392, 0.6213439, 0.5148181), (0.19593893, 0.6417409, 0.52034104), (0.19850892, 0.60416096, 0.5338871), (0.21223892, 0.62309694, 0.54252106), (0.20917693, 0.5876299, 0.55985504), (0.21544893, 0.6030539, 0.56663406), (0.21068393, 0.64274395, 0.5675641), (0.20685993, 0.65042293, 0.5493811), (0.19320393, 0.65996194, 0.5254031), (0.18590093, 0.66685295, 0.51011807), (0.18529393, 0.59839493, 0.53317106), (0.17790392, 0.61214393, 0.51558006), (0.17512792, 0.61767495, 0.50111204), (0.18077892, 0.67457795, 0.5186561), (0.19589892, 0.66113895, 0.55658805), (0.18710493, 0.67054695, 0.53562105), (0.16467793, 0.65862393, 0.56589806), (0.15722592, 0.6761559, 0.5266021), (0.16012193, 0.6749889, 0.54371905), (0.12960693, 0.6593459, 0.5269021), (0.13145792, 0.6573349, 0.5483621), (0.12937993, 0.64668393, 0.56230605), (0.16540992, 0.63347393, 0.57199305), (0.13140993, 0.62521696, 0.5664381), (0.16845292, 0.6128379, 0.57183003), (0.16097693, 0.6094679, 0.50451005), (0.16146593, 0.60616696, 0.51457304), (0.19992793, 0.58008397, 0.55267704), (0.17188293, 0.59045494, 0.53538305), (0.18150993, 0.57082295, 0.56012505), (0.14722392, 0.59351695, 0.53430706), (0.15075493, 0.60624796, 0.5181991), (0.12960693, 0.6593459, 0.5269021), (0.12730692, 0.63689095, 0.51615006), (0.14702992, 0.61464894, 0.5053651), (0.13145792, 0.6573349, 0.5483621), (0.12763393, 0.62843597, 0.53715503), (0.12937993, 0.64668393, 0.56230605), (0.13140993, 0.62521696, 0.5664381), (0.13642693, 0.60482496, 0.56578803), (0.14703792, 0.5816469, 0.55612105), (0.16845292, 0.6128379, 0.57183003), (0.21544893, 0.6030539, 0.56663406), (-0.13736302, -0.114798054, 0.518414), (-0.16790807, 0.63347393, 0.57199305), (0.17353699, -0.12842403, 0.548398), (0.14609298, -0.17225203, 0.56364), (0.16845292, 0.6128379, 0.57183003), (-0.09776494, -0.601412, -0.30201906), (-0.09653694, -0.605804, -0.30046707), (-0.09443694, -0.605856, -0.30749005), (-0.09345594, -0.60871, -0.30300605), (-0.10006894, -0.597055, -0.30657905), (-0.09861894, -0.601396, -0.30790704), (-0.013926935, -0.75439, -0.15907405), (-0.0010759364, -0.750329, -0.16098106), (-0.021433936, -0.75138, -0.15548205), (-0.034405936, -0.732322, -0.15098506), (-0.021433936, -0.75138, -0.15548205), (-0.03711694, -0.71934, -0.14986005), (-0.027163934, -0.754097, -0.18636006), (-0.030691935, -0.745407, -0.19253007), (-0.034290936, -0.739548, -0.19864206), (-0.029735934, -0.746844, -0.18805106), (-0.03962294, -0.703419, -0.15014806), (-0.013926935, -0.75439, -0.15907405), (-0.0010759364, -0.750329, -0.16098106), (0.09757106, -0.597055, -0.30657905), (0.09612106, -0.601396, -0.30790704), (0.09095806, -0.60871, -0.30300605), (0.09403906, -0.605804, -0.30046707), (0.09526706, -0.601412, -0.30201906), (0.09193906, -0.605856, -0.30749005), (0.011429064, -0.75439, -0.15907405), (0.018936064, -0.75138, -0.15548205), (0.031908065, -0.732322, -0.15098506), (0.024666065, -0.754097, -0.18636006), (0.027238065, -0.746844, -0.18805106), (0.03179306, -0.739548, -0.19864206), (0.028194064, -0.745407, -0.19253007), (0.03461906, -0.71934, -0.14986005), (0.03712506, -0.703419, -0.15014806), (0.011429064, -0.75439, -0.15907405), (0.018936064, -0.75138, -0.15548205), (-0.07534994, -0.5099229, -0.40709603), (-0.07782594, -0.51994497, -0.39860007), (-0.09515394, -0.51235497, -0.41184905), (-0.07864795, -0.49115196, -0.41321504), (-0.09621494, -0.52235395, -0.40327406), (-0.11345494, -0.52054393, -0.41939807), (-0.09429694, -0.49940297, -0.41760603), (-0.11017694, -0.5307009, -0.41040307), (-0.12039894, -0.52899796, -0.42437005), (-0.11438594, -0.51191294, -0.42241406), (-0.118553944, -0.53770494, -0.41551805), (-0.12771694, -0.54180497, -0.42652106), (-0.12437394, -0.52171195, -0.42625606), (-0.12403294, -0.54619294, -0.42034805), (-0.07920094, -0.5256279, -0.38574305), (-0.10026294, -0.52514195, -0.39210406), (-0.11278794, -0.53205097, -0.39904305), (-0.12121094, -0.53763694, -0.40274307), (-0.12561993, -0.54903597, -0.40461805), (-0.12838294, -0.56194896, -0.40917307), (-0.12707195, -0.55909795, -0.42202905), (-0.13063094, -0.5575469, -0.42960507), (-0.13026494, -0.53596795, -0.42820805), (-0.12830395, -0.5705649, -0.41033205), (-0.12712894, -0.57348895, -0.42254207), (-0.13225494, -0.5704839, -0.42853507), (-0.13606894, -0.55600494, -0.43303707), (-0.12549195, -0.58502394, -0.41273907), (-0.12584694, -0.5850219, -0.42379907), (-0.13639294, -0.58189195, -0.43299305), (-0.12954794, -0.5835229, -0.42960307), (-0.12314694, -0.6282619, -0.43448704), (-0.08514695, -0.52548194, -0.36896005), (-0.11955294, -0.5304719, -0.38814905), (-0.10023794, -0.5251349, -0.37764806), (-0.108646944, -0.50624096, -0.37561104), (-0.092115946, -0.50520396, -0.36678904), (-0.12692794, -0.5159059, -0.38315406), (-0.12343594, -0.54046994, -0.39572304), (-0.13664494, -0.5257679, -0.38981405), (-0.12692794, -0.5159059, -0.38315406), (-0.11955294, -0.5304719, -0.38814905), (-0.12620895, -0.55043596, -0.39886507), (-0.13507994, -0.54303193, -0.39541805), (-0.12343594, -0.54046994, -0.39572304), (-0.13057394, -0.56331193, -0.40215304), (-0.14069194, -0.56307596, -0.40165207), (-0.12620895, -0.55043596, -0.39886507), (-0.13912994, -0.57461697, -0.40445107), (-0.13057394, -0.56331193, -0.40215304), (-0.13767594, -0.5905159, -0.40838307), (-0.13190494, -0.57189393, -0.40379405), (-0.13190494, -0.57189393, -0.40379405), (-0.13055694, -0.58631796, -0.40633607), (-0.14878194, -0.53410494, -0.40109307), (-0.14745894, -0.5758969, -0.40791407), (-0.14924894, -0.55998695, -0.40248707), (-0.14136694, -0.51127195, -0.39753804), (-0.13000494, -0.49714097, -0.39215404), (-0.10635695, -0.48612598, -0.37977102), (-0.108646944, -0.50624096, -0.37561104), (-0.09828295, -0.48630998, -0.37324104), (-0.092115946, -0.50520396, -0.36678904), (-0.13767594, -0.5905159, -0.40838307), (-0.14178094, -0.59472996, -0.41150606), (-0.14668193, -0.59031296, -0.41883406), (-0.15086395, -0.57146096, -0.41650906), (-0.15512794, -0.55266196, -0.41468605), (-0.15182494, -0.5282629, -0.41295505), (-0.14177294, -0.50979495, -0.40771103), (-0.12896794, -0.49428198, -0.40219304), (-0.10231195, -0.47761396, -0.38953304), (-0.14354093, -0.50975996, -0.41943502), (-0.12768994, -0.49284598, -0.41504803), (-0.15071894, -0.52829295, -0.42440006), (-0.15693094, -0.5540999, -0.42640707), (-0.103938945, -0.47758397, -0.40272304), (-0.09093895, -0.47498697, -0.38701904), (-0.08675495, -0.47220296, -0.39959604), (-0.15438694, -0.57427394, -0.42504206), (-0.14862494, -0.59168994, -0.42857605), (-0.07907195, -0.47957996, -0.40606204), (-0.14012994, -0.5285419, -0.42918205), (-0.14904495, -0.55281395, -0.43287605), (-0.13129795, -0.51152194, -0.42695206), (-0.11983294, -0.49881196, -0.42297804), (-0.098546945, -0.48349598, -0.41516003), (-0.14920294, -0.57150894, -0.43284407), (-0.13750294, -0.5689479, -0.43313006), (-0.14365093, -0.58603096, -0.43364906), (-0.13055694, -0.58631796, -0.40633607), (-0.13055694, -0.58631796, -0.40633607), (0.07615105, -0.49115196, -0.41321504), (0.07285206, -0.5099229, -0.40709603), (0.09179906, -0.49940297, -0.41760603), (0.09265606, -0.51235497, -0.41184905), (0.07532806, -0.51994497, -0.39860007), (0.11188806, -0.51191294, -0.42241406), (0.11095706, -0.52054393, -0.41939807), (0.09371706, -0.52235395, -0.40327406), (0.12187606, -0.52171195, -0.42625606), (0.10767906, -0.5307009, -0.41040307), (0.11605606, -0.53770494, -0.41551805), (0.12776706, -0.53596795, -0.42820805), (0.11790106, -0.52899796, -0.42437005), (0.12153506, -0.54619294, -0.42034805), (0.07670306, -0.5256279, -0.38574305), (0.09776506, -0.52514195, -0.39210406), (0.11029006, -0.53205097, -0.39904305), (0.11871306, -0.53763694, -0.40274307), (0.12457406, -0.55909795, -0.42202905), (0.12312206, -0.54903597, -0.40461805), (0.12813306, -0.5575469, -0.42960507), (0.12522006, -0.54180497, -0.42652106), (0.13357206, -0.55600494, -0.43303707), (0.12463106, -0.57348895, -0.42254207), (0.12588505, -0.56194896, -0.40917307), (0.12975806, -0.5704839, -0.42853507), (0.13500506, -0.5689479, -0.43313006), (0.12334906, -0.5850219, -0.42379907), (0.12580606, -0.5705649, -0.41033205), (0.12705006, -0.5835229, -0.42960307), (0.12064907, -0.6282619, -0.43448704), (0.13389505, -0.58189195, -0.43299305), (0.12299406, -0.58502394, -0.41273907), (0.08264905, -0.52548194, -0.36896005), (0.09774006, -0.5251349, -0.37764806), (0.08961805, -0.50520396, -0.36678904), (0.11705606, -0.5304719, -0.38814905), (0.106149055, -0.50624096, -0.37561104), (0.12093806, -0.54046994, -0.39572304), (0.12443005, -0.5159059, -0.38315406), (0.12371106, -0.55043596, -0.39886507), (0.13414706, -0.5257679, -0.38981405), (0.12807606, -0.56331193, -0.40215304), (0.13258205, -0.54303193, -0.39541805), (0.12940706, -0.57189393, -0.40379405), (0.13819405, -0.56307596, -0.40165207), (0.12805906, -0.58631796, -0.40633607), (0.12940706, -0.57189393, -0.40379405), (0.13663206, -0.57461697, -0.40445107), (0.14675106, -0.55998695, -0.40248707), (0.13819405, -0.56307596, -0.40165207), (0.13258205, -0.54303193, -0.39541805), (0.14496106, -0.5758969, -0.40791407), (0.13928306, -0.59472996, -0.41150606), (0.13517806, -0.5905159, -0.40838307), (0.13414706, -0.5257679, -0.38981405), (0.13886906, -0.51127195, -0.39753804), (0.12443005, -0.5159059, -0.38315406), (0.12750706, -0.49714097, -0.39215404), (0.106149055, -0.50624096, -0.37561104), (0.10385905, -0.48612598, -0.37977102), (0.08961805, -0.50520396, -0.36678904), (0.09578605, -0.48630998, -0.37324104), (0.13517806, -0.5905159, -0.40838307), (0.14836606, -0.57146096, -0.41650906), (0.14418405, -0.59031296, -0.41883406), (0.15263006, -0.55266196, -0.41468605), (0.14628406, -0.53410494, -0.40109307), (0.14932705, -0.5282629, -0.41295505), (0.13927506, -0.50979495, -0.40771103), (0.12647006, -0.49428198, -0.40219304), (0.09981405, -0.47761396, -0.38953304), (0.08844105, -0.47498697, -0.38701904), (0.12519206, -0.49284598, -0.41504803), (0.14104307, -0.50975996, -0.41943502), (0.14822106, -0.52829295, -0.42440006), (0.15443306, -0.5540999, -0.42640707), (0.101441056, -0.47758397, -0.40272304), (0.08425705, -0.47220296, -0.39959604), (0.15188906, -0.57427394, -0.42504206), (0.14612706, -0.59168994, -0.42857605), (0.07657405, -0.47957996, -0.40606204), (0.14654706, -0.55281395, -0.43287605), (0.13763206, -0.5285419, -0.42918205), (0.12880006, -0.51152194, -0.42695206), (0.11733506, -0.49881196, -0.42297804), (0.096049055, -0.48349598, -0.41516003), (0.14670506, -0.57150894, -0.43284407), (0.14115305, -0.58603096, -0.43364906), (0.12805906, -0.58631796, -0.40633607), (0.12805906, -0.58631796, -0.40633607), (-0.13055694, -0.58631796, -0.40633607), (0.014004936, 0.760381, 0.13652205), (0.012199938, 0.762138, 0.08755807), (0.016237935, 0.761057, 0.17940606), (0.011063936, 0.750479, 0.17916206), (0.014633933, 0.762627, 0.21485506), (0.0077489354, 0.746255, 0.19520706), (0.011579931, 0.775197, 0.24480008), (-0.017671065, 0.737172, 0.22220705), (0.011579931, 0.775197, 0.24480008), (0.0077489354, 0.746255, 0.19520706), (-0.019379066, 0.753081, 0.25021905), (0.0015219286, 0.7857, 0.27509806), (-0.01920207, 0.775959, 0.28083506), (0.0088619385, 0.768159, 0.08501007), (0.014365936, 0.772397, 0.12544407), (0.017046934, 0.778284, 0.15414907), (0.022087933, 0.784787, 0.19821608), (0.022218931, 0.789416, 0.23367907), (0.019256927, 0.805354, 0.26091307), (0.0015219286, 0.7857, 0.27509806), (0.0015219286, 0.7857, 0.27509806), (0.017655926, 0.819813, 0.28869507), (0.019256927, 0.805354, 0.26091307), (0.013159934, 0.787364, 0.12260006), (0.007493938, 0.774404, 0.081975065), (0.020906933, 0.79505, 0.15138008), (0.02459293, 0.798935, 0.18376008), (0.023004929, 0.805915, 0.22208807), (0.024845926, 0.82723, 0.26372707), (0.023153923, 0.835605, 0.30227605), (0.024845926, 0.82723, 0.26372707), (0.014371933, 0.799503, 0.12929508), (0.011004937, 0.786615, 0.098730065), (0.020197932, 0.807623, 0.16387908), (0.01774993, 0.823289, 0.19307408), (0.022539925, 0.831922, 0.25117806), (0.026712924, 0.849799, 0.29709405), (0.022539925, 0.831922, 0.25117806), (0.016145933, 0.814077, 0.14883907), (0.0046269363, 0.792325, 0.08730507), (0.009747928, 0.838764, 0.19293408), (0.016303927, 0.839004, 0.23151408), (0.022403924, 0.851682, 0.27411506), (0.029114923, 0.866727, 0.30205908), (0.001319932, 0.82064, 0.13752808), (-0.003517064, 0.799066, 0.08705207), (0.0022229285, 0.839739, 0.18328008), (0.0077099246, 0.855473, 0.24334008), (0.019337922, 0.869679, 0.2879431), (0.02859892, 0.873095, 0.3167991), (-0.027835067, 0.809667, 0.13767707), (-0.024112063, 0.790654, 0.08446207), (-0.017618071, 0.836978, 0.18238607), (-0.024161072, 0.842704, 0.22597007), (-0.008108077, 0.85508, 0.2660501), (0.0059259213, 0.863861, 0.3093541), (-0.036438067, 0.801079, 0.15122108), (-0.026921064, 0.788871, 0.09440906), (-0.04328507, 0.820557, 0.20949207), (-0.035056073, 0.834714, 0.26226807), (-0.016964076, 0.845912, 0.28277406), (0.0026879217, 0.858259, 0.3061851), (-0.04674807, 0.790026, 0.17010908), (-0.032272063, 0.783062, 0.11916207), (-0.046192072, 0.803182, 0.21618907), (-0.038757075, 0.814446, 0.25926706), (-0.023380075, 0.8306, 0.28424305), (0.002694922, 0.853496, 0.3086741), (-0.024750063, 0.762448, 0.11449507), (-0.039090067, 0.767972, 0.16516508), (-0.043701068, 0.774684, 0.19470307), (-0.044573072, 0.80295, 0.24636808), (-0.030343072, 0.79943, 0.27521607), (-0.0077500744, 0.814751, 0.29937607), (0.0014739237, 0.833232, 0.30715606), (-0.0068960604, 0.735193, 0.119573064), (-0.0068960604, 0.735193, 0.119573064), (0.0077489354, 0.746255, 0.19520706), (0.0015219286, 0.7857, 0.27509806), (0.017655926, 0.819813, 0.28869507), (0.023153923, 0.835605, 0.30227605), (0.026712924, 0.849799, 0.29709405), (0.029114923, 0.866727, 0.30205908)]
        texCoord2f[] primvars:st = [(0.51625603, -0.42931923), (0.4809152, -0.40677866), (0.51046675, -0.40940863), (0.49295723, -0.44329593), (0.46380028, -0.43455553), (0.47683552, -0.46349722), (0.5318848, -0.45626977), (0.5079029, -0.48322317), (0.56988317, -0.44098628), (0.54611635, -0.4134229), (0.58252615, -0.4264075), (0.610352, -0.43675137), (0.610139, -0.46199924), (0.65252817, -0.45820957), (0.63048697, -0.4873698), (0.6509237, -0.49233603), (0.63631046, -0.50763375), (0.60579693, -0.49250156), (0.6197901, -0.51592594), (0.5970249, -0.51590466), (0.56043893, -0.49290198), (0.5776992, -0.47089678), (0.4893303, -0.49226743), (0.5701112, -0.5139865), (0.53276354, -0.5158965), (0.607226, -0.53738326), (0.5840384, -0.5299107), (0.6209022, -0.53055483), (0.6363621, -0.52564716), (0.65054435, -0.5236167), (0.6615584, -0.5163145), (0.68182784, -0.49669087), (0.7495093, -0.48336327), (0.6064878, -0.5692368), (0.5810805, -0.5631145), (0.6244446, -0.5644069), (0.6389123, -0.5533324), (0.6530355, -0.54334253), (0.66782355, -0.5342096), (0.688457, -0.52735716), (0.73093104, -0.52648145), (0.79881096, -0.535326), (0.62918186, -0.61186826), (0.60797733, -0.6162677), (0.64376545, -0.5975721), (0.6571927, -0.5818801), (0.6712513, -0.56704473), (0.68890476, -0.55661374), (0.7185538, -0.5545162), (0.77019686, -0.56588566), (0.8278789, -0.59496695), (0.40892828, -0.49957007), (0.40115383, -0.4695915), (0.44427583, -0.49355996), (0.45778626, -0.53596324), (0.48314074, -0.51228476), (0.46287516, -0.4854183), (0.43594223, -0.4598768), (0.45523968, -0.45172742), (0.43728206, -0.43293208), (0.51624274, -0.5467708), (0.5652565, -0.60591745), (0.6165837, -0.6444437), (0.59944916, -0.6571047), (0.5557348, -0.63274205), (0.5063466, -0.59029645), (0.68600976, 0.21987653), (0.7032666, 0.23313814), (0.7015104, 0.20903365), (0.7064087, 0.26496342), (0.72080773, 0.24014705), (0.72012097, 0.21004492), (0.7082527, 0.18933772), (0.67366916, 0.17152293), (0.7105657, 0.16628255), (0.70273477, 0.1387008), (0.6879884, 0.09834941), (0.70842606, 0.11817182), (0.71178657, 0.10432678), (0.72028214, 0.06992915), (0.6916448, 0.037829105), (0.7326415, 0.13117453), (0.7620446, 0.08250547), (0.7354359, 0.19172259), (0.7379836, 0.2269946), (0.74882877, 0.26510108), (0.73288655, 0.2758457), (0.7535252, 0.2986708), (0.78979546, 0.31240243), (0.7765686, 0.23834428), (0.7870866, 0.18200628), (0.8077075, 0.12290562), (0.8280259, 0.063808255), (0.7645731, 0.025913417), (0.8691376, 0.1717665), (0.8781665, 0.102826476), (0.8609964, 0.23185775), (0.86729753, 0.304323), (0.89269936, 0.3687775), (1.0205281, -0.26191586), (0.9811012, -0.2733676), (0.9887706, -0.25673878), (0.98945314, -0.3418713), (0.967511, -0.36135045), (0.963668, -0.32521293), (1.0013651, -0.36643618), (0.97756904, -0.38465318), (1.053148, -0.2423416), (1.0194404, -0.24654113), (1.1097832, -0.23517828), (1.0644143, -0.25005123), (1.090833, -0.2502123), (1.0208626, -0.33679757), (1.0310102, -0.35851428), (0.9571084, -0.29244184), (0.99015474, -0.29005805), (1.0786738, -0.2278277), (1.1136985, -0.24390762), (1.1012154, -0.2187096), (1.1053104, -0.22615063), (1.0664148, -0.22082005), (1.0849726, -0.21907596), (1.0411506, -0.232291), (1.0021334, -0.23973678), (1.0390422, -0.21563624), (1.0027313, -0.3133684), (1.034215, -0.30783722), (1.0303426, -0.2847413), (1.0584629, -0.26312482), (1.0323565, -0.38146093), (1.0041459, -0.38873854), (1.0954759, -0.2082226), (1.0630877, -0.41698876), (1.0251241, -0.40499452), (1.0550628, -0.39804956), (1.0467196, -0.42899844), (0.9992386, -0.41690728), (0.99136335, -0.4000712), (1.0885797, -0.19352956), (0.6548433, 0.4775706), (0.66956174, 0.5228187), (0.76687974, 0.55180454), (0.6190735, 0.49176332), (0.6386148, 0.558548), (0.584008, 0.5148626), (0.6038368, 0.5873118), (0.56538326, 0.5667829), (0.5874455, 0.6130601), (0.53736037, 0.59489435), (0.5759632, 0.6424412), (0.4466765, 0.7605178), (0.47645855, 0.747795), (0.48598114, 0.6889855), (0.4585721, 0.6548144), (0.4440377, 0.61473), (0.42672452, 0.6725397), (0.68023497, 0.65381825), (0.64602965, 0.6694039), (0.6826888, 0.70486546), (0.63987017, 0.6180512), (0.61780894, 0.62756586), (0.60854, 0.6572022), (0.61887336, 0.70330924), (0.64925355, 0.72834605), (0.5828792, 0.6820576), (0.528243, 0.64902055), (0.5881049, 0.726424), (0.6186368, 0.7498571), (0.5403589, 0.7001276), (0.73098373, 0.6592062), (0.7209699, 0.6857604), (0.6879503, 0.6193062), (0.7139073, 0.58000356), (0.7694871, 0.6448812), (0.80268943, 0.6815029), (0.7667336, 0.6865952), (0.8147778, 0.6971464), (0.8302324, 0.667679), (0.8053242, 0.6234161), (0.5008501, 0.8277065), (0.48180488, 0.8195796), (0.48696128, 0.8261477), (0.4747885, 0.82627624), (0.48400393, 0.804296), (0.4685068, 0.8171032), (0.5059177, 0.8027482), (0.51623285, 0.8309237), (0.5323441, 0.80960983), (0.46707746, 0.7895442), (0.4346439, 0.8128779), (0.45340928, 0.8217369), (0.49128807, 0.77421016), (0.5222203, 0.77501136), (0.5579539, 0.79002863), (0.5078227, 0.73564094), (0.55105346, 0.74860513), (0.5898533, 0.77119356), (0.4853848, 0.644804), (0.92740846, -0.38886443), (0.9005236, -0.36204684), (0.9366478, -0.3586492), (0.89711607, -0.4013876), (0.8587185, -0.38297406), (0.86231834, -0.41814446), (0.8139668, -0.39880496), (0.8134288, -0.43803322), (0.7556592, -0.40631235), (0.95863765, -0.27050936), (0.96412045, -0.25247726), (0.9369432, -0.26779523), (0.94065857, -0.24847512), (0.90977377, -0.26682284), (0.91272193, -0.24417238), (0.8712377, -0.2667874), (0.8737319, -0.2385685), (0.8113537, -0.26776746), (0.9783014, -0.23270024), (0.9533565, -0.22606625), (0.9306654, -0.21629897), (0.89796287, -0.2019696), (0.8239929, -0.22787777), (1.0013146, -0.21059085), (0.98973274, -0.19613706), (0.9694506, -0.18284751), (0.94604594, -0.16565266), (0.8512588, -0.18438122), (1.0811865, -0.17651938), (1.0755999, -0.16573136), (1.0709841, -0.15154012), (1.057929, -0.11599917), (0.87864923, -0.12247943), (0.9510143, -0.38069317), (0.76307154, -0.37088075), (0.82141596, -0.35473555), (0.9285749, -0.31825554), (0.8658498, -0.33708087), (0.9382868, -0.28644717), (0.83938754, -0.3021259), (0.78043145, -0.31675836), (0.88272935, -0.2943012), (0.9155492, -0.29016438), (0.8980715, -0.3194117), (0.9488062, -0.092956975), (1.0458965, -0.10552315), (0.99414325, -0.45969132), (0.96114963, -0.48753938), (0.9470657, -0.49239808), (1.0080757, -0.4499506), (0.94280636, -0.44917166), (0.96001613, -0.40192744), (0.93240637, -0.41350043), (0.96953154, -0.42220837), (1.0256648, -0.44153166), (0.95611155, -0.43505186), (0.91130185, -0.54829574), (0.9041292, -0.553984), (0.92736524, -0.51743966), (0.8948645, -0.4494305), (0.911067, -0.42903394), (0.6365029, -0.42064556), (0.694985, -0.4266313), (0.6536955, -0.3926974), (0.69840544, -0.38596058), (0.66367555, -0.3519359), (0.7084234, -0.3374033), (0.67217857, -0.30669641), (0.7227989, -0.2895268), (0.6793899, -0.27284), (0.7368778, -0.25355914), (0.68535435, -0.23894934), (0.7512427, -0.2123753), (0.69354475, -0.19718185), (0.76906, -0.16823174), (0.70125866, -0.14800815), (0.59556174, -0.41245097), (0.6142344, -0.38911682), (0.62810004, -0.35688615), (0.63651943, -0.31918338), (0.64164245, -0.28751716), (0.6455442, -0.2590745), (0.64731586, -0.22306202), (0.6483387, -0.17725676), (0.564614, -0.38007393), (0.60640806, -0.30091292), (0.6048182, -0.27691755), (0.60162777, -0.324674), (0.59070146, -0.3516811), (0.5924478, -0.21542919), (0.6141213, -0.24838866), (-0.02380163, -0.62889993), (-0.059884448, -0.59176075), (-0.018868743, -0.5947126), (0.033567738, -0.6285336), (0.025109854, -0.58889484), (0.083841525, -0.62583816), (0.07420348, -0.58653945), (0.1740701, -0.6355731), (0.15162474, -0.59221184), (0.22594683, -0.64114517), (0.21204679, -0.5974919), (0.28319263, -0.64703333), (0.26136723, -0.5999066), (0.31911555, -0.6493973), (0.30175337, -0.60155964), (0.3466242, -0.6473581), (0.32591546, -0.6001113), (0.3906918, -0.6500772), (0.36070687, -0.6017779), (0.4326537, -0.65411764), (0.41088817, -0.60926706), (0.45619562, -0.6519192), (0.45185894, -0.61961675), (0.48361313, -0.6746693), (0.48344967, -0.6364753), (0.51466334, -0.6999822), (0.5192981, -0.66703665), (0.55819863, -0.73361987), (0.5688703, -0.70740515), (-0.0353917, -0.66316956), (0.029835064, -0.67287517), (0.021595906, -0.69620603), (0.55444115, -0.7632982), (0.6002881, -0.7928061), (0.60508084, -0.81880724), (0.51363075, -0.7298986), (0.5523856, -0.796408), (0.48604375, -0.71780664), (0.46156436, -0.72147983), (0.5212358, -0.7979526), (0.42306012, -0.7137148), (0.49320102, -0.791293), (0.38176593, -0.7090282), (0.4642123, -0.7838602), (0.34229726, -0.7096096), (0.42757857, -0.781334), (0.30986044, -0.7143663), (0.39404505, -0.78535914), (0.24720228, -0.70625097), (0.35592684, -0.79255503), (0.19047785, -0.7003871), (0.27070338, -0.7626232), (0.089459755, -0.6821213), (0.18674089, -0.7417862), (0.07600074, -0.7080124), (0.5843234, -0.68302655), (0.5313294, -0.6395241), (0.016869474, -0.55747384), (-0.057886124, -0.5595265), (-0.046522703, -0.5124803), (0.06380665, -0.5537268), (0.015245165, -0.5116834), (0.12950526, -0.55292124), (0.056968864, -0.50853306), (0.19777487, -0.5563391), (0.11684275, -0.50793767), (0.23480773, -0.5549202), (0.18868007, -0.5092005), (0.28635478, -0.55647165), (0.22134851, -0.50941736), (0.31184056, -0.54497594), (0.2730253, -0.5110561), (0.29204163, -0.50362635), (0.3123426, -0.5045566), (0.34758806, -0.5502521), (0.40762144, -0.56805366), (0.34755352, -0.5015498), (0.4530388, -0.5936306), (0.4201117, -0.53015417), (0.48816493, -0.61634576), (0.6012419, -0.7669193), (0.2602184, -0.4921326), (0.2859059, -0.48895445), (0.30512792, -0.48569503), (0.34829444, -0.47612247), (0.31895322, -0.475833), (0.18396592, -0.48307627), (0.18791643, -0.457518), (0.20965013, -0.48257178), (0.4449325, -0.40561438), (0.4095637, -0.40598062), (0.35410315, -0.407098), (0.40157443, -0.43538323), (0.31846368, -0.4105981), (0.34864908, -0.43853927), (0.29401788, -0.41690737), (0.31783032, -0.44205427), (0.260652, -0.42642125), (0.29764783, -0.44906852), (0.20890449, -0.43782812), (0.27345487, -0.46212643), (0.2379679, -0.47511423), (0.22204602, -0.49265718), (-0.033765014, -0.4823899), (0.016668012, -0.48351), (0.054045644, -0.48264736), (0.10827142, -0.48278555), (0.48248208, -0.3523245), (0.5126758, -0.38288173), (0.01635154, -0.4678769), (0.04669095, -0.46448797), (0.085368, -0.45560238), (0.14307067, -0.43873966), (0.17128499, -0.4198677), (0.1934313, -0.3996118), (0.25075242, -0.38255826), (0.29434496, -0.37209797), (0.32331723, -0.36585942), (0.3709858, -0.36447632), (0.42126378, -0.37227482), (0.450585, -0.36019173), (0.5301546, -0.30574837), (0.46052468, -0.29955247), (-0.011991564, -0.4401494), (0.012143974, -0.43723366), (0.40759116, -0.31147987), (0.3344424, -0.3105326), (0.29967174, -0.3137659), (0.25316325, -0.32028645), (0.18128796, -0.3305613), (0.15378034, -0.37239578), (0.10093637, -0.39847803), (0.061672203, -0.41676667), (0.035489246, -0.4293789), (-0.019976998, -0.35835782), (-0.07177967, -0.25027734), (-0.021300951, -0.236951), (0.03312584, -0.30026045), (0.024862804, -0.19654118), (0.07741627, -0.2481962), (0.07205988, -0.15861836), (0.122981146, -0.21021332), (0.1326975, -0.14631051), (0.16674775, -0.21111989), (0.17750011, -0.1435769), (0.2125898, -0.208483), (0.23357216, -0.1412979), (0.28187898, -0.20234935), (0.29438818, -0.13691993), (0.32560733, -0.19525774), (0.33744657, -0.1324), (0.37631616, -0.1848511), (0.39321652, -0.12394797), (0.4434997, -0.16846597), (0.44972166, -0.110661566), (0.48215082, -0.15068914), (0.48376486, -0.09287316), (0.5080047, -0.13183527), (0.5159732, -0.07647956), (0.5458811, -0.12648635), (0.56127226, -0.06228658), (0.61520946, -0.10985102), (0.63259625, -0.0428239), (0.6686274, -0.09450903), (0.6796715, -0.027331121), (0.7124107, -0.077308804), (0.7176816, -0.005026499), (0.77092606, -0.050849486), (0.8398257, -0.011522786), (0.88764, 0.029308237), (-0.09290491, -0.123681225), (-0.10785672, -0.020725243), (-0.08043374, -0.028871238), (-0.062061355, -0.12847242), (-0.050074466, -0.027621325), (-0.019094795, -0.11598431), (-0.0080288565, -0.017453678), (0.03002671, -0.09752463), (0.044481598, -0.0073407916), (0.0819686, -0.08351824), (0.10009099, 0.0011992641), (0.14507878, -0.07422936), (0.1594214, 0.009190288), (0.19059193, -0.069797374), (0.20950517, 0.015655972), (0.2559008, -0.06292292), (0.27524856, 0.025795724), (0.3076821, -0.05511028), (0.325085, 0.034991648), (0.3523057, -0.04636721), (0.37413087, 0.04506867), (0.41332287, -0.031832628), (0.43753478, 0.058753096), (0.46178246, -0.016148422), (0.48034748, 0.0687641), (0.49586248, -0.0020778133), (0.5156644, 0.07612675), (0.5322381, 0.009748129), (0.5580362, 0.08230851), (0.58753186, 0.022945119), (0.63049775, 0.0956145), (0.65534526, 0.03597887), (-0.12061953, 0.05088564), (-0.13946305, 0.09525827), (-0.10850027, 0.0941952), (-0.09514506, 0.048668373), (-0.08300089, 0.09223667), (-0.07081832, 0.04594117), (-0.05786763, 0.092032425), (-0.035360295, 0.048121158), (-0.02084365, 0.09385244), (0.010564496, 0.052806567), (0.034998, 0.09804475), (0.06487432, 0.058456607), (0.08902424, 0.10403896), (0.12285102, 0.06544823), (0.14532991, 0.11230927), (0.17692754, 0.07290519), (0.19967471, 0.121939465), (0.23553126, 0.08199102), (0.26674694, 0.13588509), (0.2953986, 0.09307488), (0.31856263, 0.14815098), (0.346537, 0.103336655), (0.37424248, 0.1620572), (0.40272155, 0.115118325), (0.44048542, 0.17894554), (0.46324724, 0.12796456), (0.49198398, 0.19087996), (0.503289, 0.13526714), (0.53357106, 0.19812873), (0.5436099, 0.14044519), (0.60164094, 0.21034409), (0.5291079, -0.24228291), (0.5712818, -0.25991058), (-0.008144643, -0.4134107), (0.00679529, -0.40971166), (0.022098335, -0.39983922), (0.039495185, -0.3735929), (0.078513384, -0.35056654), (0.112088524, -0.31115574), (0.15230595, -0.2686157), (0.19453317, -0.2728459), (0.2658734, -0.26751062), (0.30955958, -0.2625838), (0.35185346, -0.25788093), (0.42623445, -0.24753849), (0.4797084, -0.2323295), (0.7593422, -0.13142167), (0.7761299, -0.107135445), (0.8582687, -0.08156631), (0.8963328, -0.042780638), (0.9416228, -0.021720886), (1.020968, -0.072331235), (0.7059833, -0.12258334), (0.59566694, -0.1780702), (0.5324707, -0.17375639), (0.6026059, -0.14471516), (0.66005117, -0.13450912), (0.92869925, 0.07133862), (0.5931935, 0.14061487), (-0.15715967, 0.13274986), (-0.12110843, 0.13206589), (-0.092889786, 0.13140614), (-0.07194389, 0.1312707), (-0.038362682, 0.13179444), (0.0065733995, 0.13432403), (0.06410935, 0.1405871), (0.116438374, 0.1487753), (0.17010424, 0.15921183), (0.23198974, 0.17375357), (0.29663354, 0.19065143), (0.3497134, 0.20570977), (0.41500473, 0.22501507), (0.48370433, 0.24496569), (0.5295325, 0.2561943), (0.57448477, 0.26672393), (-0.18168865, 0.18924285), (-0.13777223, 0.1875926), (-0.103860565, 0.18576264), (-0.08070332, 0.1857126), (-0.05249712, 0.18466116), (-0.015721219, 0.18408413), (0.043209374, 0.18777294), (0.09671169, 0.1945126), (0.1451881, 0.20258087), (0.20297095, 0.21525632), (0.27449515, 0.23438908), (0.32812014, 0.2502928), (0.391325, 0.2709504), (0.46968043, 0.29768825), (0.52977955, 0.31426483), (0.57489544, 0.3176871), (0.61836076, 0.32083407), (0.636421, 0.29191157), (0.67892915, 0.28161922), (0.6699244, 0.23853303), (0.66050905, 0.20977853), (-0.19766867, 0.24385673), (-0.15052341, 0.2425618), (-0.11143545, 0.23737182), (-0.08586411, 0.23282066), (-0.061969876, 0.22861476), (-0.025715314, 0.2250734), (0.022652788, 0.22514148), (0.07957762, 0.2305663), (0.12706688, 0.237812), (0.17335556, 0.24701369), (0.2394748, 0.2649705), (0.30976212, 0.28773603), (0.35825944, 0.3052417), (0.4343005, 0.33549407), (0.52136415, 0.37127286), (0.5813239, 0.3884061), (0.6380588, 0.3914819), (-0.21440095, 0.33601856), (-0.1636845, 0.33834508), (-0.11603824, 0.33050007), (-0.08794745, 0.31588054), (-0.06548725, 0.3036318), (-0.025568753, 0.28963253), (0.008139309, 0.27846944), (0.06527595, 0.27580464), (0.11290375, 0.27791575), (0.15272333, 0.28173092), (0.20418362, 0.29183453), (0.27520463, 0.3120507), (0.3349066, 0.33217466), (0.38491583, 0.35140228), (0.4744367, 0.38899252), (0.573196, 0.43267164), (-0.26181692, 0.39635584), (-0.19474015, 0.4007499), (-0.106649205, 0.40857854), (-0.08558604, 0.3867076), (-0.056636352, 0.38580632), (-0.011986452, 0.371988), (0.009125677, 0.35629708), (0.059146244, 0.34787664), (0.1061756, 0.34305117), (0.14486454, 0.33954036), (0.17993195, 0.33792013), (0.23940645, 0.34799802), (0.30803207, 0.36755997), (0.35615894, 0.3858564), (0.4078951, 0.4144581), (0.506271, 0.4912068), (0.053910736, 0.7385609), (0.055255473, 0.73032075), (0.03629308, 0.6408216), (-0.014077278, 0.4879416), (0.027966198, 0.5659131), (0.006556837, 0.4283232), (0.04023485, 0.4826433), (0.022261893, 0.4157873), (0.0729674, 0.46177796), (0.064136505, 0.4143647), (0.1104964, 0.45789593), (0.10868565, 0.4165816), (0.14514221, 0.45913172), (0.14581586, 0.4165451), (0.17762291, 0.4618825), (0.17534368, 0.41213906), (0.20614618, 0.4637563), (0.21593124, 0.41307652), (0.2586005, 0.47655952), (0.280433, 0.42828467), (0.32158488, 0.497502), (0.33993864, 0.45008743), (0.37115157, 0.51978266), (0.38129926, 0.47376946), (0.41042432, 0.54564947), (0.4254754, 0.5105477), (0.44126835, 0.57181793), (0.4750012, 0.5581196), (0.47905764, 0.6085822), (0.062176887, 0.7207696), (0.055403948, 0.6828438), (0.05865272, 0.65137595), (0.07504835, 0.6225024), (0.09718546, 0.60825634), (0.12071867, 0.5888035), (0.14516905, 0.53846353), (0.17337473, 0.51792985), (0.19945957, 0.50787055), (0.23343432, 0.50560033), (0.29378715, 0.520926), (0.34403577, 0.535496), (0.38134244, 0.56277734), (0.4182953, 0.59817725), (0.07377135, 0.7153016), (0.069494575, 0.7018055), (0.07621243, 0.68953437), (0.123228684, 0.7117178), (0.13540684, 0.7123067), (0.1458557, 0.71303076), (0.15228628, 0.6613706), (0.17277089, 0.6458006), (0.19853209, 0.6402454), (0.2195915, 0.6060655), (0.2627635, 0.5646136), (0.33397275, 0.5770983), (0.65059054, 0.4422935), (0.71994174, 0.49279457), (-0.019335313, -0.46753284), (0.814842, 0.59757173), (0.8302504, 0.6946608), (0.8300317, 0.6824418), (0.6645765, 0.81013757), (0.67311764, 0.755998), (0.6405946, 0.78166753), (0.75114626, 0.7362981), (0.75523657, 0.70873815), (0.7177739, 0.72630775), (0.7852273, 0.72807986), (0.79503095, 0.7068382), (0.63474166, 0.8388217), (0.6401599, 0.8136575), (0.62086636, 0.87447804), (0.64941794, 0.8489746), (0.6525343, 0.8653699), (0.76427525, 0.75916713), (0.795479, 0.7487757), (0.69224155, 0.7371687), (0.6962771, 0.7658698), (0.61192095, 0.85197103), (0.63337314, 0.8783304), (0.59152955, 0.86216134), (0.6062986, 0.86884946), (0.60214484, 0.8362165), (0.59769124, 0.8486698), (0.62050503, 0.81956464), (0.61404425, 0.7886328), (0.59182787, 0.8122988), (0.7266903, 0.76141703), (0.7348757, 0.78832287), (0.7019315, 0.8046332), (0.67453855, 0.8421168), (0.82063246, 0.7334961), (0.8154067, 0.7191075), (0.58301544, 0.841535), (0.5576374, 0.8464442), (0.57660043, 0.85514426), (0.83175045, 0.71592337), (0.56031203, 0.8235894), (0.5398947, 0.8389769), (0.822706, 0.7079435), (0.831003, 0.70732015), (0.37954593, 0.5981326), (0.29075816, 0.6413182), (0.15943174, 0.7142514), (0.17097487, 0.7155623), (0.19393295, 0.71920425), (0.21808006, 0.72352433), (0.24446681, 0.6746586), (-0.5417059, 0.5962801), (-0.529797, 0.66901875), (-0.5216725, 0.6652069), (0.087771595, 0.7126028), (-0.51610845, 0.66268295), (-0.5103851, 0.6602001), (-0.5068444, 0.6157649), (-0.519314, 0.5861068), (-0.19347459, 0.68148655), (-0.15687497, 0.6961262), (-0.15472756, 0.6715486), (-0.19640638, 0.65566814), (-0.15427226, 0.6450089), (-0.20154107, 0.6170966), (-0.16053352, 0.59365445), (-0.21163762, 0.5618705), (-0.18320942, 0.5459825), (-0.22906892, 0.48029298), (-0.198106, 0.44031897), (-0.13584715, 0.72529656), (-0.1286978, 0.69763464), (-0.1167621, 0.6757798), (-0.104379565, 0.65407), (-0.12071094, 0.5928179), (-0.13843197, 0.4827559), (-0.114586644, 0.7660132), (-0.10067727, 0.73699754), (-0.089341566, 0.71192163), (-0.07217519, 0.69909173), (0.051580016, 0.7551464), (-0.09898823, 0.8077914), (-0.086859934, 0.7828201), (-0.07443463, 0.758537), (-0.035158355, 0.7416723), (0.05022761, 0.75929576), (-0.09177246, 0.8528961), (-0.07897548, 0.82282114), (-0.033748146, 0.81865066), (0.02405948, 0.7915517), (0.043360017, 0.77252907), (-0.088220015, 0.90922004), (-0.074260116, 0.864703), (-0.04490861, 0.8241495), (-0.020415613, 0.8136292), (0.017859349, 0.7956463), (0.029409295, 0.7874742), (0.039987747, 0.7770071), (-0.24243276, 0.42711335), (0.20297694, -1.1184083), (0.19979389, -1.1184112), (0.20186765, -1.1165813), (0.1970856, -1.1135758), (0.19230242, -1.1109363), (0.19984165, -1.1116222), (0.19447099, -1.1151611), (0.19386983, -1.1184722), (0.18933906, -1.1155368), (0.19971794, -1.1208826), (0.19443111, -1.1232017), (0.19668283, -1.1200365), (0.20464842, -1.1211935), (0.20118484, -1.1258262), (0.19429007, -1.1302365), (0.18837279, -1.1267153), (0.18687277, -1.1208524), (0.18504816, -1.111997), (0.18344368, -1.1162075), (0.18982291, -1.1055692), (0.19665357, -1.1065534), (0.20325124, -1.1090485), (0.20887475, -1.1152571), (0.20332709, -1.1036333), (0.1913899, -1.0990838), (0.18612452, -1.1080781), (0.18262191, -1.1035901), (0.1808026, -1.1085299), (0.17822203, -1.113062), (0.17768843, -1.1199223), (0.18087102, -1.1266836), (0.18535309, -1.1331166), (0.19284303, -1.1393741), (0.2035301, -1.1341563), (0.21052322, -1.1260687), (0.1726933, -1.1259943), (0.17125165, -1.1214033), (0.17411925, -1.1343826), (0.18148887, -1.1423475), (0.18836744, -1.1499504), (0.203933, -1.1480218), (0.21854027, -1.1374079), (0.22669183, -1.1245564), (0.17032912, -1.1160396), (0.1719271, -1.1062502), (0.1755355, -1.0948933), (0.20621632, -1.0933288), (0.2149746, -1.1064528), (0.20759268, -1.1084973), (0.22493514, -1.1137336), (0.23997574, -1.1076096), (0.18547358, -1.0880171), (0.18973795, -1.0769578), (0.16424933, -1.0778645), (0.15713593, -1.0969127), (0.15846542, -1.112645), (0.16423354, -1.1239809), (0.16787341, -1.1302377), (0.23506013, -1.1176347), (0.13411647, -1.0600618), (0.17266937, -1.0523294), (0.13335516, -1.0852453), (0.13838427, -1.1094769), (0.148399, -1.1262347), (0.16036096, -1.1371161), (0.16989404, -1.1468471), (0.17814177, -1.1518), (0.18151896, -1.1588918), (0.19211212, -1.1610392), (0.20626765, -1.1631418), (0.22617012, -1.1557714), (0.24149325, -1.1408056), (0.24936824, -1.1266216), (0.25955892, -1.1217426), (0.26815733, -1.1167928), (0.27022704, -1.0989984), (0.22019458, -1.0783728), (0.0987108, -1.1042665), (0.12448076, -1.1303433), (0.14193778, -1.1461824), (0.15565671, -1.1555151), (0.16926572, -1.1621016), (0.24869226, -1.1563362), (0.24239793, -1.1640333), (0.25986072, -1.15069), (0.26135036, -1.1407434), (0.2711309, -1.1309777), (0.28377, -1.1198272), (0.09060241, -1.0210608), (0.24023248, -1.0569059), (0.16153851, -1.0190557), (0.19836852, -1.0049683), (0.28621292, -1.0632731), (0.29083192, -1.0962943), (0.2887667, -1.1085805), (0.17951284, -1.1707793), (0.19289285, -1.1783515), (0.21646965, -1.176381), (0.23402262, -1.1698457), (0.11812728, -1.1569089), (0.09935391, -1.1622616), (0.096537925, -1.1425806), (0.12009215, -1.1759845), (0.10558091, -1.1760739), (0.13771608, -1.1701368), (0.15397187, -1.1744677), (0.16566645, -1.1795806), (0.17520146, -1.1871425), (0.18235673, -1.1963276), (0.19793731, -1.1993097), (0.22206195, -1.1949085), (0.23699775, -1.1821977), (0.24901266, -1.1739138), (0.25501007, -1.1665939), (0.264768, -1.1615559), (0.27353704, -1.1494907), (0.2844678, -1.1387333), (0.12643722, -1.1871017), (0.112228364, -1.1914138), (0.14038087, -1.1930245), (0.15413207, -1.189489), (0.16153876, -1.1960562), (0.16874145, -1.2046481), (0.17660366, -1.2147626), (0.18554737, -1.2276579), (0.13408296, -1.2156082), (0.12877378, -1.2319795), (0.11993586, -1.2264432), (0.14869192, -1.2058951), (0.15650952, -1.2118071), (0.14336982, -1.2298568), (0.15983284, -1.2241968), (0.14876975, -1.2460963), (0.16440964, -1.2405399), (0.14792567, -1.2646905), (0.12096318, -1.2063309), (0.17186803, -1.2480339), (0.12762739, -1.2458855), (0.12367548, -1.260734), (0.1161066, -1.257137), (0.114163, -1.2712828), (0.10520501, -1.2687274), (0.12116422, -1.2711784), (0.11822647, -1.2423693), (0.10903735, -1.2394053), (0.1349377, -1.2533761), (0.12796064, -1.2653662), (0.12420435, -1.2740995), (0.115846775, -1.284001), (0.10338238, -1.2851614), (0.10308875, -1.3025509), (0.09238674, -1.3006595), (0.09771853, -1.3169845), (0.09049147, -1.3149132), (0.108483374, -1.3111552), (0.102563374, -1.3201653), (0.13536908, -1.2971445), (0.14324377, -1.2998837), (0.11132732, -1.3233615), (0.12197947, -1.3001899), (0.11515584, -1.2969879), (0.121143244, -1.2932225), (0.12663856, -1.2869586), (0.13598669, -1.2842387), (0.13433221, -1.2747971), (0.13851716, -1.2621211), (0.14967693, -1.2870375), (0.14823021, -1.2788907), (0.15949343, -1.2616884), (0.16745107, -1.2641224), (0.15670528, -1.2742957), (0.15844041, -1.2795347), (0.1526073, -1.2889231), (0.1661601, -1.2745878), (0.1820109, -1.2474757), (0.17702392, -1.2639219), (0.1698016, -1.2773784), (0.19573629, -1.2337712), (0.19388172, -1.249144), (0.18231246, -1.2717236), (0.17354697, -1.2887026), (0.16529667, -1.2887274), (0.16784592, -1.2989126), (0.15934701, -1.3008808), (0.16463499, -1.3043386), (0.15717028, -1.3074743), (0.20923245, -1.2153989), (0.20772488, -1.2315124), (0.19826958, -1.2577642), (0.21342282, -1.2411548), (0.14797583, -1.3150092), (0.15893145, -1.3092228), (0.15674937, -1.3126434), (0.16747355, -1.305833), (0.171652, -1.2999982), (0.1777186, -1.2990824), (0.18040907, -1.2915999), (0.21314892, -1.2657431), (0.2142105, -1.275266), (0.20715438, -1.2811738), (0.18556647, -1.2799672), (0.19415298, -1.2693089), (0.19707309, -1.278632), (0.19945712, -1.2874843), (0.18884492, -1.2957312), (0.20727018, -1.2591342), (0.22578223, -1.2577413), (0.22752261, -1.2642041), (0.22749558, -1.245056), (0.24724527, -1.242294), (0.2464298, -1.2499782), (0.25424293, -1.2284125), (0.2332409, -1.2302097), (0.2263611, -1.22108), (0.24345124, -1.1963829), (0.22941719, -1.2066225), (0.24702121, -1.2097982), (0.24597292, -1.2204047), (0.25852752, -1.1871516), (0.2661163, -1.2020243), (0.2677441, -1.2155212), (0.2817321, -1.2108365), (0.2713588, -1.2206179), (0.6088978, -0.9099369), (0.630566, -0.86239904), (0.62244284, -0.89011014), (0.27430937, -1.2253894), (0.26873705, -1.2332865), (0.59012336, -0.9209012), (0.5245812, -0.84527534), (0.602701, -0.9148247), (0.27644518, -1.1876246), (0.5139905, -0.858295), (0.58645517, -0.9220176), (0.57668966, -0.9240355), (0.5593883, -0.9275763), (0.28332782, -1.2071162), (0.28686082, -1.1983987), (0.2854901, -1.1754586), (0.2652193, -1.1748344), (0.27629805, -1.1673545), (0.28493267, -1.1564633), (0.2937071, -1.1506838), (0.29471824, -1.1370841), (0.2922718, -1.1661857), (0.2928087, -1.1843914), (0.48707786, -0.85253334), (0.54620963, -0.93155795), (0.29841048, -1.1766785), (0.29893494, -1.1659154), (0.46511036, -0.85095686), (0.53974676, -0.93419033), (0.09483928, -1.0636846), (0.10848722, -1.224043), (0.10800295, -1.2538205), (0.15002657, -0.9696823), (0.09217228, -0.9572446), (0.09510323, -0.941711), (0.19467814, -0.9832373), (0.15970637, -0.9585282), (0.2502874, -1.0075611), (0.21933001, -0.9781692), (0.11352919, -0.9286869), (0.18234108, -0.9494763), (0.26808724, -0.9993657), (0.25135267, -0.97689986), (0.29148713, -1.0191516), (0.28004095, -0.99549997), (0.28140992, -1.0234731), (0.09194365, -0.9808992), (0.27263942, -1.0324475), (0.2901787, -0.9672816), (0.3336481, -1.0016347), (0.29481837, -0.985136), (0.24865088, -0.9342235), (0.2602036, -0.956313), (0.04931832, -0.89140195), (0.14057253, -0.91914725), (0.22184862, -0.9503695), (0.2704698, -0.9758843), (0.30015716, -1.0018264), (0.18711568, -0.9196483), (0.08960379, -0.8815421), (0.15980786, -0.86408716), (0.011119845, -0.81419665), (0.07891055, -0.736612), (0.22766857, -0.77568716), (0.23370594, -0.8188822), (0.27316394, -0.9311168), (0.3059493, -0.902618), (0.32086247, -0.9566912), (0.30053887, -0.82767045), (0.29501116, -0.7929452), (0.35874563, -0.8458888), (0.34249622, -0.9911814), (0.35760882, -0.921269), (0.3591168, -0.98163265), (0.36200342, -0.87270635), (0.40575698, -0.8828943), (0.40748465, -0.9646502), (0.40646678, -0.99639213), (0.40687206, -0.9145174), (0.4226164, -0.90156364), (0.4002207, -1.0219523), (0.46230873, -1.0811244), (0.42081675, -1.0241467), (0.43138564, -1.0025312), (0.4412204, -1.0290974), (0.42700693, -0.9651591), (0.43224555, -0.93605113), (0.4448371, -1.0023929), (0.44743058, -1.0216197), (0.44113332, -0.9673729), (0.44479117, -0.94761753), (0.4644317, -1.0003902), (0.46063077, -1.0096909), (0.45312703, -0.99183327), (0.4554716, -1.0111233), (0.45619875, -1.0234061), (0.462313, -1.0208207), (0.46819246, -1.0171419), (0.47440675, -1.00991), (0.47500786, -0.991605), (0.4834851, -1.0079557), (0.49350387, -1.0070225), (0.4502792, -0.96546614), (0.46028984, -0.975981), (0.43094733, -0.9141542), (0.44865978, -0.928444), (0.45630488, -0.95198184), (0.47110844, -0.9660296), (0.48729762, -0.9837597), (0.47194362, -0.94577223), (0.48743558, -0.953775), (0.48401487, -0.9636636), (0.48980558, -0.943875), (0.39158604, -0.8415538), (0.42469808, -0.8737377), (0.41394088, -0.8373779), (0.5340339, -0.93705505), (0.44991675, -0.9045924), (0.4718947, -0.92957413), (0.4977973, -0.93426913), (0.3450184, -1.1551193), (0.29721436, -1.1159028), (0.31428194, -1.1362892), (0.30170217, -1.1323761), (0.49205294, -1.013683), (0.48304337, -1.0159601), (0.49092382, -1.0177366), (0.4898042, -1.020579), (0.48667553, -1.0255488), (0.49693498, -0.99128747), (0.49568743, -0.97825515), (0.4992639, -0.98329467), (0.47658372, -1.0213295), (0.48310515, -1.0232173), (0.47989807, -1.0262367), (0.48309773, -1.0309514), (0.3417652, -1.1616653), (0.468844, -1.0614854), (0.4652441, -1.0720898), (0.4598993, -1.0456139), (0.4654759, -1.0344168), (0.46781301, -1.0483891), (0.4681852, -1.026553), (0.4772309, -1.0292345), (0.47248957, -1.0257415), (0.47284436, -1.0337857), (0.47139698, -1.0422913), (0.4712256, -1.0494171), (0.47945327, -1.037089), (0.31332788, -1.1587795), (0.4699841, -1.0583316), (0.47708142, -1.0416003), (0.47461763, -1.0468305), (0.4725321, -1.0517331), (0.5171275, -0.95041883), (0.5135649, -0.95471555), (0.5113282, -0.95527315), (0.5097899, -0.96016115), (0.50715494, -0.9589455), (0.5065954, -0.9656904), (0.5027264, -0.9645347), (0.5024721, -0.9745224), (0.49884954, -0.97166467), (0.50923455, -0.95331985), (0.5034707, -0.95627487), (0.49812067, -0.962615), (0.49519283, -0.96929514), (0.50733507, -0.94707406), (0.49645138, -0.953821), (0.4921556, -0.9623375), (0.4912709, -0.97301877), (0.49299103, -0.98316735), (0.49599046, -0.99511445), (0.4936549, -0.99056643), (0.3041506, -1.1625124), (0.30023354, -1.1505338), (0.30712903, -1.1764632), (0.3219689, -1.1748954), (0.33680996, -1.1692046), (0.33488172, -1.1711944), (0.32376364, -1.170636), (0.31843314, -1.1749502), (0.32955387, -1.1743654), (0.521647, -0.9458813), (0.5238028, -0.9440108), (0.20090489, -1.1147214), (0.49492067, -0.9999074), (0.460646, -0.85965925), (-0.07066484, -0.7343408), (-0.044154868, -0.6891247), (0.34210935, -0.8051196), (0.052616507, 0.75092906), (0.8310359, 0.65064216), (0.83249754, 0.6344676), (0.7722335, -0.72089994), (0.7637248, -0.73286134), (0.75297016, -0.74534744), (0.7562608, -0.72265697), (0.7345654, -0.73734087), (0.7372225, -0.7159519), (0.71519357, -0.72039545), (0.7054099, -0.68044347), (0.73108715, -0.69516236), (0.75371903, -0.7064094), (0.78092355, -0.7075846), (0.7584775, -0.6913137), (0.78585505, -0.700005), (0.76454383, -0.67662257), (0.79326314, -0.689299), (0.77350456, -0.6664773), (0.73961353, -0.65753335), (0.7523846, -0.6529148), (0.7234754, -0.6455203), (0.70349365, -0.6481531), (0.7260883, -0.6682471), (0.6969089, -0.6969413), (0.69772345, -0.6585565), (0.6765557, -0.6630934), (0.68508774, -0.6486425), (0.671072, -0.6428019), (0.6809509, -0.63735604), (0.6902745, -0.63298476), (0.701674, -0.62546), (0.7301182, -0.6305681), (0.75971204, -0.6411153), (0.78086686, -0.6598115), (0.80181706, -0.67889255), (0.64010763, -0.64511526), (0.6529967, -0.63581204), (0.66315883, -0.6219362), (0.6779028, -0.6107685), (0.6887622, -0.5908685), (0.70981795, -0.59363157), (0.74551237, -0.6047559), (0.78314924, -0.6344962), (0.80962396, -0.67187387), (-0.8048933, -0.7921359), (-0.7561188, -0.7241829), (-0.75071526, -0.72874975), (-0.8035921, -0.80164796), (0.70597184, -0.78238726), (0.6978495, -0.7891734), (0.69417, -0.7339249), (0.71089745, -0.75345176), (0.71993566, -0.77128625), (0.7217413, -0.75076646), (0.72979623, -0.7638279), (0.66317755, -0.70776796), (0.6392696, -0.6689712), (0.63780653, -0.70457894), (0.6658101, -0.7571754), (-1.055315, 0.09238731), (-1.0730762, 0.096361406), (-1.0667222, 0.1132911), (-1.0449598, 0.12609933), (-1.0495598, 0.1493124), (-1.0882254, 0.09720614), (-1.0864003, 0.08307465), (-1.1013467, 0.052885026), (-1.1347241, -0.01282345), (1.0001519, 0.3516757), (0.9975368, 0.32087952), (0.98648775, 0.3217675), (0.9792054, 0.2877428), (0.997806, 0.2618024), (0.9746638, 0.25281408), (0.9545804, 0.25876907), (0.97035295, 0.32617727), (1.007554, 0.39475963), (-1.096606, 0.115972646), (-1.1340883, 0.07965252), (-1.1336989, 0.096531846), (-1.1329281, 0.12100133), (-1.083637, 0.14354962), (0.9735424, 0.42138115), (1.0125284, 0.44953695), (1.0120239, 0.43625063), (0.95199275, 0.36535472), (0.9212625, 0.28242558), (0.91891384, 0.21905611), (0.9662911, 0.20032464), (0.92245364, 0.1469154), (-1.1395743, -0.55517554), (-1.1314831, -0.537671), (-1.0946758, -0.558537), (-1.0708532, -0.606806), (-1.0503237, -0.5999257), (-1.0444462, -0.61688673), (-1.0662484, -0.627306), (-1.047266, -0.6508486), (-1.1231079, -0.57197493), (-1.1600537, -0.5623599), (-1.1725535, -0.56555396), (-1.1740348, -0.5511826), (-1.1827538, -0.56027067), (-1.0671577, -0.6584896), (-1.0841036, -0.6457335), (-1.1069186, -0.5972383), (-1.0786524, -0.58849216), (-1.1583498, -0.5350566), (-1.0990036, -0.7511878), (-1.0976293, -0.7536211), (-1.108423, -0.7527248), (-1.0925932, -0.74349624), (-1.119695, -0.7513097), (-1.0791385, -0.7545438), (-1.068815, -0.7454873), (-1.0532691, -0.749123), (-1.0595896, -0.7552724), (-1.0858905, -0.62903804), (-1.0958614, -0.6166746), (-1.1266077, -0.6064118), (-1.1541781, -0.5811975), (-1.08269, -0.6835278), (-1.1128266, -0.72439224), (-1.0797291, -0.73063743), (-1.1058605, -0.69128454), (-1.0899162, -0.71028847), (-1.0982804, -0.6676474), (-1.0653448, -0.7156951), (-1.0527139, -0.73880535), (-0.98702633, 0.40181467), (-1.069555, 0.40563953), (-1.0263345, 0.4392253), (-0.9714865, 0.43139294), (-1.0129337, 0.4718334), (-0.9366202, 0.44444984), (-0.9602436, 0.47852138), (-0.9099224, 0.46027118), (-0.9151627, 0.4859333), (-0.87572557, 0.4768524), (-0.88053805, 0.5299613), (-0.8284656, 0.620232), (-0.86878705, 0.61926925), (-0.85463077, 0.6673541), (-0.7947803, 0.6715779), (-0.76215595, 0.6463227), (-0.79079115, 0.6072864), (-0.9867959, 0.5664153), (-0.9593512, 0.59174603), (-0.93309, 0.5572316), (-0.98008054, 0.53748417), (-0.9241278, 0.51727206), (-0.9727195, 0.5084113), (-0.90121084, 0.5607078), (-0.9444847, 0.6353404), (-0.9254633, 0.6151571), (-0.8993838, 0.5975053), (-0.8625268, 0.5774845), (-0.9410069, 0.6675709), (-0.9220737, 0.6540827), (-0.89627224, 0.63990146), (-1.0472305, 0.57749534), (-1.0530405, 0.550896), (-1.0365629, 0.51466143), (-1.0839825, 0.46232048), (-1.0810413, 0.49945703), (-1.1230481, 0.5107863), (-1.1231546, 0.5405049), (-1.1224852, 0.45661715), (-1.1227899, 0.48551035), (-0.96757877, 0.7682742), (-0.9642116, 0.77300227), (-0.953463, 0.7588738), (-0.9608739, 0.77875304), (-0.9414465, 0.76511157), (-0.9140787, 0.7467884), (-0.93458784, 0.74023116), (-0.9488456, 0.73750156), (-0.95902824, 0.75068057), (-0.95938146, 0.737024), (-0.8299008, 0.708785), (-0.8817631, 0.71460724), (-0.8727855, 0.75464016), (-0.91592324, 0.7169248), (-0.9365273, 0.7173778), (-0.951466, 0.71940666), (-0.9002997, 0.68396205), (-0.926344, 0.69058216), (-0.94451666, 0.6965173), (-1.022285, -0.6838487), (-1.0267503, -0.6368176), (-1.0091927, -0.6613134), (-0.9936024, -0.69713545), (-0.9887137, -0.66681623), (-0.96934676, -0.71134067), (-0.96507925, -0.67840534), (-0.94460285, -0.73503774), (-0.9390839, -0.68895906), (-1.0965991, -0.5324824), (-1.0491841, -0.55258703), (-1.0615823, -0.52305764), (-1.013582, -0.5462859), (-1.0299048, -0.5122402), (-0.98327076, -0.5394015), (-0.9981032, -0.5018929), (-0.9561613, -0.5332901), (-0.9607976, -0.4970162), (-0.93396246, -0.52955616), (-1.0946133, -0.5027109), (-1.0702624, -0.49154744), (-1.051285, -0.47714096), (-1.0236259, -0.4636015), (-1.1254098, -0.48684037), (-1.119304, -0.5119045), (-1.1017835, -0.47895277), (-1.0926273, -0.46242267), (-1.1223817, -0.41193718), (-1.0234635, -0.74709594), (-1.019115, -0.75924176), (-1.0345662, -0.75696695), (-1.1220415, -0.4727225), (-1.1209164, -0.44668168), (-1.1214077, -0.43324292), (-1.0296447, -0.6067153), (-0.9605655, -0.62375563), (-0.9395861, -0.61719066), (-0.9819843, -0.6181181), (-1.0066335, -0.61425316), (-1.0394156, -0.5854916), (-0.93050206, -0.5593057), (-0.951693, -0.5678711), (-0.9755825, -0.5734155), (-1.0041239, -0.5786025), (-1.0364716, -0.7426787), (-0.9698523, -0.76421666), (-0.91545635, -0.7840881), (-0.9826741, -0.7753907), (-0.9910402, -0.7451946), (-0.98860085, -0.7708839), (-1.0125616, -0.7351662), (-1.006222, -0.7625417), (-1.1314378, -0.5004595), (-1.1450727, -0.51989704), (-1.0503602, -0.69266224), (-1.0368965, -0.7273614), (-1.0239291, -0.712585), (-0.9531998, -0.76127857), (-0.8902382, -0.7749235), (-0.9779237, -0.73087627), (-0.8958148, -0.75522166), (-1.0020342, -0.7179854), (-0.86473876, -0.74587274), (-0.85302883, -0.72885287), (-0.8390837, -0.7603318), (-0.8911931, -0.7094357), (-0.8642004, -0.67070884), (-0.9114837, -0.65657485), (-0.87476695, -0.6226863), (-0.91281784, -0.59499496), (-0.8699945, -0.5631977), (-0.9080648, -0.5441274), (-0.87144446, -0.5207417), (-0.9217576, -0.50549877), (-0.8920335, -0.47897), (-0.9568671, -0.46063945), (-0.9214166, -0.43197492), (-1.1243055, -0.36781397), (-0.9533183, -0.38944831), (-0.8307239, -0.69181913), (-0.83335596, -0.7598482), (-0.83054453, -0.63579965), (-0.82715875, -0.5885584), (-0.81360084, -0.53148496), (-0.8152505, -0.49402744), (-0.8251156, -0.44886228), (-0.841141, -0.4048828), (-0.8671939, -0.370855), (-0.8644006, -0.7662493), (-0.87948143, -0.77114457), (-0.8496433, -0.76227224), (-0.8076949, -0.68878716), (-0.765891, -0.5117611), (-0.78660876, -0.56126714), (-0.79817146, -0.61100566), (-0.81302756, -0.65122277), (-0.7594964, -0.36852074), (-0.73870176, -0.41595522), (-0.7528483, -0.4703615), (-0.08025758, -0.62380594), (-0.097441755, -0.5816996), (-0.10977335, -0.6258148), (-0.13276194, -0.581031), (-0.17355213, -0.6235663), (-0.21703076, -0.5794216), (-0.24067031, -0.62264246), (-0.26212227, -0.59021217), (-0.30938154, -0.62528133), (-0.33348233, -0.5990901), (-0.37310615, -0.63473576), (-0.41924825, -0.6121636), (-0.48188838, -0.655897), (-0.49293166, -0.6312397), (-0.52795327, -0.6838933), (-0.5775825, -0.66521764), (-0.62044895, -0.73409057), (-0.67301506, -0.7274711), (-0.7080669, -0.7842175), (-0.7606952, -0.7956021), (-0.77680117, -0.8228235), (-0.8034057, -0.8316982), (0.65861654, -0.82482165), (0.64151376, -0.7819793), (0.67175364, -0.8126392), (0.631902, -0.796661), (0.6102493, -0.7465897), (-0.10170203, -0.68851656), (-0.0918959, -0.6575253), (0.6420738, -0.83830684), (0.62569034, -0.8086931), (0.6500896, -0.8321018), (-0.7684295, -0.8625503), (-0.81056374, -0.8725981), (-0.8095324, -0.8605519), (-0.68650144, -0.8301031), (-0.7562991, -0.8311429), (-0.6304968, -0.8094735), (-0.6564668, -0.7853219), (-0.57306683, -0.7897206), (-0.5838004, -0.75435805), (-0.5480947, -0.78017783), (-0.52882147, -0.7316547), (-0.45833305, -0.76164186), (-0.46294582, -0.7079105), (-0.34164023, -0.7259144), (-0.35379243, -0.67740023), (-0.25373095, -0.71123934), (-0.2740723, -0.65817165), (-0.17349188, -0.6987107), (-0.22238883, -0.65239114), (-0.13069397, -0.6589088), (0.6228619, -0.72673017), (-0.098644696, -0.5113964), (-0.13232055, -0.51205796), (-0.110810116, -0.5501966), (-0.21310379, -0.5103544), (-0.17305608, -0.54613453), (-0.261408, -0.5210939), (-0.23422442, -0.54700744), (-0.32565376, -0.53271884), (-0.29857427, -0.5543298), (-0.40730125, -0.54700017), (-0.36057442, -0.57024926), (-0.47226858, -0.56777596), (-0.464334, -0.5935004), (-0.5412349, -0.59363276), (-0.53156114, -0.6186524), (-0.62313324, -0.6402167), (-0.7104437, -0.70238835), (-0.64427507, -0.6753497), (-0.73671466, -0.74904245), (0.682856, -0.8023794), (0.6531873, -0.76705134), (-0.8022144, -0.8187103), (-0.80752635, -0.8487111), (-0.44428685, -0.5312696), (-0.35997933, -0.51491183), (-0.4961172, -0.5514631), (-0.59579885, -0.5954818), (-0.6891886, -0.66481423), (-0.286519, -0.4672786), (-0.26663893, -0.45440537), (-0.2320998, -0.4706981), (-0.71925837, -0.66877294), (-0.81240463, -0.7757494), (-0.7379246, -0.66828966), (-0.63997865, -0.59441435), (-0.66547614, -0.5853823), (-0.54835415, -0.5445981), (-0.5934536, -0.5375031), (-0.45602268, -0.5164), (-0.4922604, -0.49916214), (-0.40169737, -0.4926958), (-0.4215902, -0.47256762), (-0.32603088, -0.47566393), (-0.36213866, -0.46095487), (-0.30426654, -0.4556137), (-0.29848874, -0.4938032), (-0.084719, -0.47943932), (-0.11313176, -0.47817478), (-0.17069605, -0.47417408), (-0.82094264, -0.76237863), (-0.78947526, -0.67277414), (-0.7648264, -0.6668781), (-0.10222672, -0.46073973), (-0.065771356, -0.46428445), (-0.12759043, -0.45759666), (-0.19739832, -0.44860545), (-0.22884221, -0.43838513), (-0.27691093, -0.43199593), (-0.32711807, -0.4387463), (-0.39541462, -0.44661513), (-0.4492356, -0.4597761), (-0.5382699, -0.4840224), (-0.61397755, -0.5152458), (-0.6868737, -0.5717229), (-0.82574224, -0.76041955), (-0.7349369, -0.5619246), (-0.053121027, -0.4365248), (-0.62092155, -0.47932148), (-0.5353131, -0.45134276), (-0.41041163, -0.4251461), (-0.35713083, -0.40673512), (-0.2925797, -0.3959392), (-0.24016203, -0.38424084), (-0.20106304, -0.39855206), (-0.14622694, -0.413531), (-0.11060154, -0.42467174), (-0.08765687, -0.4310978), (-0.093452536, -0.33137017), (-0.10697839, -0.23435597), (-0.12241744, -0.30243212), (-0.13729917, -0.21529703), (-0.17141265, -0.28116843), (-0.18463662, -0.19395661), (-0.19870204, -0.25739518), (-0.205162, -0.18713894), (-0.21869582, -0.26547104), (-0.2378302, -0.19007559), (-0.2561597, -0.2711204), (-0.27597165, -0.19988967), (-0.29472163, -0.28372166), (-0.32303458, -0.21175502), (-0.35138988, -0.2954114), (-0.36652428, -0.22349904), (-0.3921747, -0.31019464), (-0.41865456, -0.23079756), (-0.48191062, -0.31918746), (-0.50506055, -0.22447282), (-0.5578698, -0.30738872), (-0.55660594, -0.20768583), (-0.58324933, -0.27640262), (-0.5896272, -0.19648908), (-0.6546819, -0.27488288), (-0.69116765, -0.17903674), (-0.75484294, -0.25741768), (-0.7968997, -0.16253318), (-0.8932079, -0.2557258), (-0.9402157, -0.15909171), (-1.1278844, -0.2734482), (-1.1308944, -0.18529412), (0.9869694, 0.13380297), (1.0008444, 0.18629205), (0.9619287, 0.111344025), (-0.11866007, -0.11436381), (-0.1367466, -0.016615614), (-0.15798047, -0.10319969), (-0.18159549, -0.009319195), (-0.19515616, -0.093176045), (-0.20445988, -0.0068329787), (-0.21984799, -0.09100108), (-0.23978339, -0.004323153), (-0.25856587, -0.09279863), (-0.2793542, -0.0076910863), (-0.29661462, -0.10125787), (-0.32330242, -0.012471029), (-0.3465817, -0.10912192), (-0.3621116, -0.018315088), (-0.37867782, -0.12084166), (-0.40234408, -0.023293305), (-0.43971118, -0.12166866), (-0.46199918, -0.022062436), (-0.5210753, -0.11050084), (-0.5370664, -0.011932054), (-0.5624678, -0.10336646), (-0.57209224, -0.012000398), (-0.6082848, -0.09934299), (-0.6409824, -0.0054831672), (-0.71991944, -0.080482945), (-0.74081516, 0.009926222), (-0.8266522, -0.07119614), (-0.84465647, 0.017819501), (-0.9599807, -0.071118295), (-0.9700799, 0.019098341), (-1.1338673, -0.081739664), (-0.15749645, 0.053298675), (-0.18274687, 0.09782793), (-0.19533488, 0.05689477), (-0.20602956, 0.09882641), (-0.22189574, 0.05853568), (-0.2447438, 0.101870604), (-0.26329106, 0.060472026), (-0.28714114, 0.104420274), (-0.30104578, 0.059665006), (-0.32827184, 0.106583826), (-0.34619707, 0.060201637), (-0.36341998, 0.10737234), (-0.37511048, 0.056766033), (-0.3996862, 0.10811742), (-0.42504704, 0.057499338), (-0.44731158, 0.11127003), (-0.48872805, 0.06164143), (-0.51544243, 0.12091089), (-0.54963964, 0.067596905), (-0.56172174, 0.1256113), (-0.5843743, 0.063873634), (-0.60020536, 0.12587285), (-0.67042965, 0.074651204), (-0.6936872, 0.14393629), (-0.75573057, 0.08625658), (-0.7660543, 0.15522246), (-0.85206324, 0.09689525), (-0.84935486, 0.16877623), (-0.9662659, 0.10978027), (-0.9327093, 0.189666), (-0.72179884, -0.49241817), (-0.65444237, -0.45234203), (-0.035439704, -0.41125822), (-0.06843042, -0.39843175), (-0.09895521, -0.3955282), (-0.11590286, -0.3763682), (-0.16072935, -0.3547905), (-0.20380047, -0.32495728), (-0.23642096, -0.3170519), (-0.27262098, -0.3377068), (-0.32299626, -0.35435766), (-0.37700644, -0.3690596), (-0.44841978, -0.38476828), (-0.56822175, -0.39938468), (0.8642621, -0.6088168), (0.8280237, -0.66286296), (0.8150005, -0.6685139), (0.98835707, 0.082236215), (1.000508, 0.09566172), (1.0005906, 0.07371948), (0.9765933, 0.028889), (1.0025635, 0.032983176), (-0.95820385, -0.7920377), (-1.1255891, -0.3350712), (-0.94784456, -0.33665234), (-0.7255385, -0.3243594), (-0.62202716, -0.36060315), (-0.8206725, -0.32568204), (-0.8091223, -0.7810621), (-0.19693123, 0.13346995), (-0.22695738, 0.13319206), (-0.27338782, 0.13525558), (-0.31193867, 0.13652524), (-0.35172096, 0.13909), (-0.37956846, 0.13980788), (-0.4235836, 0.14475182), (-0.471397, 0.15107681), (-0.538271, 0.16477999), (-0.5742529, 0.1683109), (-0.6209887, 0.17485507), (-0.7100402, 0.19893998), (-0.7723563, 0.2139952), (-0.8428343, 0.23413923), (-0.90085167, 0.25635168), (-0.20935795, 0.1878848), (-0.2568993, 0.18894967), (-0.3035545, 0.18984058), (-0.34131914, 0.1865337), (-0.37006795, 0.17846517), (-0.40737477, 0.17473592), (-0.44613484, 0.17542219), (-0.49932104, 0.18402754), (-0.5542965, 0.19701365), (-0.586877, 0.20214985), (-0.6450163, 0.21813972), (-0.7215713, 0.24512208), (-0.7760327, 0.26356417), (-0.8374955, 0.287765), (-0.887079, 0.30819964), (-0.9548014, 0.28521958), (-0.930689, 0.33040333), (-1.0076182, 0.14401418), (-0.97962606, 0.22643895), (-0.9998124, 0.18034838), (-0.23670805, 0.24113049), (-0.29590797, 0.24461216), (-0.33491004, 0.24373427), (-0.3666912, 0.23869818), (-0.39733952, 0.23257051), (-0.43285257, 0.22747841), (-0.4697863, 0.2206412), (-0.5252925, 0.22318186), (-0.5671665, 0.22824445), (-0.5992991, 0.23219591), (-0.6630857, 0.2541246), (-0.7292369, 0.28243902), (-0.7784015, 0.3038037), (-0.836301, 0.3314898), (-0.8871975, 0.35224396), (-0.93393785, 0.36440083), (-0.28555107, 0.34374207), (-0.33652687, 0.35405654), (-0.3686525, 0.34660333), (-0.39487338, 0.3092325), (-0.42760798, 0.28327242), (-0.4564209, 0.2714248), (-0.49583986, 0.27026063), (-0.5485125, 0.2787358), (-0.58010995, 0.2756381), (-0.6127583, 0.2713712), (-0.67699003, 0.29304415), (-0.73484194, 0.31841698), (-0.7802563, 0.3390524), (-0.8387725, 0.36955583), (-0.908039, 0.3988278), (-0.33737546, 0.41614592), (-0.37861228, 0.44209972), (-0.40740392, 0.42573613), (-0.43324167, 0.40306363), (-0.45431393, 0.36632484), (-0.48042056, 0.32411128), (-0.5221833, 0.3171632), (-0.5648047, 0.32086384), (-0.59227246, 0.3190574), (-0.62790495, 0.32399783), (-0.68946713, 0.34674364), (-0.7398039, 0.36412933), (-0.78103036, 0.38031614), (-0.8347266, 0.40967286), (-0.88105345, 0.43954286), (-0.443196, 0.5211432), (-0.4658396, 0.54706734), (-0.47760034, 0.65498465), (-0.44827208, 0.47469082), (-0.47038144, 0.5027165), (-0.46117035, 0.4500651), (-0.48209912, 0.4847327), (-0.4785148, 0.4300903), (-0.50070465, 0.47183415), (-0.5059932, 0.41205266), (-0.5293872, 0.46698353), (-0.5453325, 0.38508952), (-0.5666893, 0.4674034), (-0.57851964, 0.3682453), (-0.59332514, 0.45074502), (-0.6036483, 0.35930753), (-0.61586714, 0.41376558), (-0.64098465, 0.36534572), (-0.65296996, 0.41107005), (-0.69787246, 0.39110172), (-0.70219034, 0.43177322), (-0.74322414, 0.41398954), (-0.7404914, 0.45400897), (-0.7797582, 0.43336803), (-0.7708583, 0.4765577), (-0.8252567, 0.4649769), (-0.79698074, 0.5046104), (-0.8420691, 0.50823796), (-0.82354146, 0.54343885), (-0.47952357, 0.5725464), (-0.48423296, 0.65234894), (-0.48551673, 0.5275318), (-0.49842227, 0.51319474), (-0.51906425, 0.50855654), (-0.54744107, 0.50874317), (-0.58355266, 0.5129838), (-0.60801065, 0.5064209), (-0.6310021, 0.4932197), (-0.66550213, 0.47621787), (-0.7041746, 0.48241237), (-0.7314034, 0.5083723), (-0.7602718, 0.532296), (-0.7817185, 0.55286354), (-0.4885018, 0.59841925), (-0.49034747, 0.6530565), (-0.4966189, 0.5609285), (-0.51095045, 0.54342526), (-0.5310737, 0.5396268), (-0.55828834, 0.5450969), (-0.596887, 0.5519727), (-0.62249887, 0.5432207), (-0.64583373, 0.5336354), (-0.6796901, 0.5368029), (-0.705032, 0.5369366), (-0.7147603, 0.56130314), (-0.95007473, 0.38490927), (-0.82431155, 0.58088017), (-1.1221769, 0.4203373), (-0.9679652, 0.752921), (-0.9694306, 0.6830255), (-0.9538064, 0.679721), (-0.95924646, 0.65919715), (-0.99828917, 0.61381036), (-0.9805151, 0.60301965), (-0.99591583, 0.5924902), (-1.0323572, 0.61716115), (-1.0351808, 0.59636265), (-0.98044896, 0.66233206), (-0.98559713, 0.68758684), (-0.993768, 0.6918232), (-0.99002653, 0.7014052), (-1.0000591, 0.70422155), (-1.0645618, 0.6195056), (-1.0669634, 0.6375196), (-0.9966045, 0.6382999), (-0.972879, 0.62606704), (-0.97948647, 0.7061883), (-0.9912737, 0.714598), (-0.9875838, 0.7301522), (-0.9994088, 0.72881395), (-0.9736237, 0.72503406), (-0.9625389, 0.72465235), (-0.9608281, 0.70325136), (-1.0450673, 0.6355019), (-1.0249984, 0.63594043), (-1.0158815, 0.6529076), (-1.0001976, 0.67206836), (-1.0961275, 0.6264626), (-0.99901897, 0.7570095), (-0.98351467, 0.7457337), (-1.1187062, 0.6333044), (-1.1053281, 0.639058), (-1.1213658, 0.6032273), (-1.0892484, 0.64389676), (-0.9889481, 0.7595428), (-0.98263144, 0.76092064), (-1.1224017, 0.5813669), (-0.97095877, 0.74061626), (-1.0862253, 0.6051963), (-0.97292274, 0.7643197), (-0.7519537, 0.60854536), (-0.7315966, 0.5744763), (-0.6937218, 0.5661674), (-0.56778777, 0.5712097), (-0.5501012, 0.5676328), (-0.6061208, 0.58683586), (-0.63757694, 0.5699095), (-0.66151375, 0.56058395), (-0.53585285, 0.57211584), (-0.49614376, 0.6547124), (-0.19140545, 0.7071439), (-0.21642992, 0.69750416), (-0.20640549, 0.72094446), (-0.22620468, 0.6735947), (-0.2375214, 0.6463712), (-0.2542384, 0.5905161), (-0.28259403, 0.5660066), (-0.30841163, 0.48590335), (-0.3262506, 0.44672012), (-0.26102433, 0.6984002), (-0.24478291, 0.72870356), (-0.28255558, 0.6787183), (-0.30495194, 0.65479624), (-0.32791513, 0.6002556), (-0.3501693, 0.586612), (-0.36112234, 0.5320497), (-0.36535737, 0.4686522), (-0.31962234, 0.7114639), (-0.30310875, 0.7309861), (-0.33683708, 0.6943896), (-0.35430884, 0.6738148), (-0.36358058, 0.62912124), (-0.37897858, 0.60532004), (-0.4648389, 0.6927934), (-0.35800827, 0.7258523), (-0.34480387, 0.74485373), (-0.36474103, 0.70725936), (-0.37094414, 0.6872053), (-0.3842349, 0.66914123), (-0.42080596, 0.6787882), (-0.4625803, 0.69789064), (-0.37098363, 0.7321603), (-0.36714622, 0.751779), (-0.3771838, 0.71781707), (-0.3872042, 0.7063294), (-0.43440065, 0.72256595), (-0.4457271, 0.7092928), (-0.46009886, 0.7025597), (-0.38434404, 0.74480766), (-0.37916553, 0.75716436), (-0.389413, 0.73458964), (-0.40010795, 0.7227731), (-0.43082386, 0.7232832), (-0.45049962, 0.7144278), (-0.43777394, 0.7216075), (-0.4573728, 0.7067886), (-0.09821763, 0.9361032), (-0.103920646, 0.885517), (-0.119152546, 0.91611165), (-0.113468006, 0.8389207), (-0.12884414, 0.8736257), (-0.12783656, 0.7980039), (-0.13437034, 0.83028746), (-0.14170186, 0.7593074), (-0.1492423, 0.7979673), (-0.15982136, 0.7254555), (-0.16305308, 0.75899595), (-0.19039604, 0.74013287), (-0.014840072, -1.2088028), (-0.006133834, -1.1914388), (-0.003054525, -1.193468), (-0.003491779, -1.1830775), (-0.0093802335, -1.1873158), (-0.003099582, -1.1748146), (0.0057291077, -1.1662129), (0.007475272, -1.1741408), (0.0041791257, -1.1749777), (0.002863641, -1.1891624), (0.0046242788, -1.193597), (-0.0012116127, -1.1990408), (0.0070688743, -1.1803657), (0.0086763, -1.185579), (0.004293749, -1.2009035), (0.008200659, -1.1932923), (0.01248528, -1.1874305), (0.016175197, -1.1698128), (-0.0021516064, -1.1605903), (0.0065693455, -1.1488999), (0.013985873, -1.1499254), (-0.017562672, -1.1913873), (-0.011235055, -1.1746744), (-0.025558308, -1.2012612), (-0.023157002, -1.177092), (-0.011298475, -1.1586202), (-0.00077531347, -1.1411947), (0.014860262, -1.1278619), (0.025187744, -1.1384112), (0.031547807, -1.1533808), (0.026710926, -1.1754056), (0.018260768, -1.1896383), (0.010670827, -1.1989335), (-0.0020209097, -1.20833), (0.0049518254, -1.2120687), (-0.0040419744, -1.2206572), (0.03953326, -1.1249129), (0.039753035, -1.1457142), (0.038116205, -1.168661), (0.026989881, -1.196138), (0.015039833, -1.210059), (0.0046029435, -1.2325925), (-0.013843292, -1.2400638), (0.020348335, -1.1004571), (0.03069351, -1.1086196), (0.0033840165, -1.1124767), (-0.018659793, -1.1419555), (-0.031679984, -1.1712521), (-0.039983388, -1.20656), (-0.033917572, -1.2256781), (-0.03223402, -1.2486876), (-0.04138243, -1.1628703), (-0.016613537, -1.0900568), (0.015445096, -1.0814747), (0.033466954, -1.0769659), (0.045221515, -1.0901965), (0.051962715, -1.1084057), (0.048710175, -1.1376907), (-0.050426785, -1.2580038), (-0.022807691, -1.0308491), (0.0280876, -1.0399047), (0.05545457, -1.0551742), (0.0663709, -1.0854057), (0.06603348, -1.1153833), (0.062120106, -1.142712), (0.050715346, -1.1727167), (0.037773576, -1.2030989), (0.022399027, -1.2295302), (0.009532336, -1.2522696), (-0.0059188344, -1.2579554), (-0.025346948, -1.2667326), (-0.04484804, -1.2769634), (-0.068223126, -1.2777451), (-0.061683327, -1.2419261), (-0.07691754, -1.2763838), (-0.060057707, -1.1436075), (-0.0820961, -1.268968), (0.07819311, -1.1317524), (0.07261297, -1.1658162), (0.057326924, -1.1931928), (0.047027893, -1.2119116), (-0.03241161, -1.2835568), (-0.046460547, -1.2880172), (-0.05753197, -1.2906643), (-0.05882001, -1.2793325), (-0.069201395, -1.2986187), (-0.08047274, -1.2946736), (-0.09331062, -1.3117038), (0.02365289, -0.9876088), (-0.059846777, -1.0005263), (-0.09844804, -1.2615656), (-0.11218861, -1.3276776), (0.036060072, -1.2388576), (0.02042699, -1.2658676), (0.0033950182, -1.2696522), (-0.0135725085, -1.2778901), (0.088907875, -1.1612524), (0.0886839, -1.1776987), (0.07692981, -1.190178), (0.0660765, -1.2008404), (0.054976013, -1.2206634), (0.046205908, -1.2442683), (0.036544174, -1.2700256), (0.02391963, -1.2930197), (0.0038516028, -1.2863194), (-0.0184483, -1.2902411), (-0.037833136, -1.295417), (-0.054857187, -1.3111562), (-0.066728905, -1.3179947), (-0.08016842, -1.3267814), (-0.07715367, -1.3018085), (-0.08825442, -1.328096), (0.09614639, -1.1962804), (0.08418269, -1.1972388), (0.07483851, -1.212185), (0.06346679, -1.2278796), (0.054197963, -1.2483834), (0.046944864, -1.2704777), (0.040048625, -1.2916495), (0.0939154, -1.2141236), (0.097245894, -1.2256385), (0.086683854, -1.228664), (0.078004636, -1.2395855), (0.0712664, -1.234826), (0.07908405, -1.225294), (0.071257465, -1.2526406), (0.06282083, -1.2520429), (0.06512832, -1.2738291), (0.104684286, -1.2092828), (0.08557453, -1.2119731), (0.054708093, -1.273317), (0.048272874, -1.2865609), (0.099689335, -1.2387239), (0.10037688, -1.251717), (0.09276687, -1.2519251), (0.099555805, -1.2636653), (0.09379274, -1.2628931), (0.090943806, -1.2402707), (0.08335334, -1.2449483), (0.08668851, -1.2521309), (0.08580744, -1.2657913), (0.09100433, -1.2807077), (0.08330488, -1.313315), (0.08473448, -1.2998976), (0.076792456, -1.3070983), (0.069357984, -1.290393), (0.07500461, -1.2958843), (0.07050251, -1.3021959), (0.07789125, -1.2847265), (0.0832926, -1.2841114), (0.08126513, -1.2926475), (0.07406559, -1.2758964), (0.074444145, -1.2632481), (0.077499226, -1.2516078), (0.057484012, -1.2858115), (0.06109619, -1.2927583), (0.05575592, -1.295524), (0.052283026, -1.2913481), (0.046426754, -1.3002259), (0.05211892, -1.3017884), (0.056816097, -1.3037463), (0.052871518, -1.3067213), (0.048888903, -1.3089885), (0.04032632, -1.3020564), (0.040611457, -1.3084489), (0.044428207, -1.3134638), (0.033326317, -1.3033372), (0.037642628, -1.3174654), (0.03024578, -1.3109964), (0.04980954, -1.3146492), (0.043830387, -1.3215646), (0.055782937, -1.3154744), (0.05028023, -1.3216914), (0.06439362, -1.3171343), (0.05809158, -1.321057), (0.021908244, -1.3044552), (0.028939864, -1.323778), (0.015780745, -1.3179687), (0.14529507, -1.3185455), (0.16229352, -1.3128127), (0.0716218, -1.3221589), (0.06644785, -1.3225731), (0.17994666, -1.3020791), (0.054717872, -1.327135), (0.048594646, -1.3310751), (-0.7458047, -0.9847465), (-0.7741651, -0.96883166), (-0.78232867, -0.9604782), (0.042753793, -1.3346003), (0.035718348, -1.3386174), (-0.7640524, -0.9764367), (-0.72801346, -0.9951185), (-0.74937344, -0.98483896), (-0.71974236, -0.9960655), (-0.7127103, -0.9971887), (0.023202369, -1.3447019), (-0.7528107, -0.97700334), (-0.79423296, -0.94198596), (-0.7196454, -0.9916273), (-0.7655275, -0.9602567), (-0.7468855, -0.9522556), (-0.7144241, -0.98888135), (-0.80419195, -0.9151291), (-0.69361806, -0.99878156), (-0.70378166, -0.99843824), (-0.679943, -0.9972247), (0.002953051, -1.3000358), (0.0035440908, -1.351641), (-0.023340523, -1.3049191), (-0.0064038904, -1.3175575), (-0.025974667, -1.3332239), (-0.042940643, -1.3217882), (-0.047721766, -1.358905), (-0.024354033, -1.3619436), (-0.66061354, -0.99672186), (-0.6649147, -0.99661195), (-0.69483435, -0.9741629), (-0.796789, -0.9192946), (-0.80900615, -0.8928077), (-0.81022656, -0.88343793), (-0.7676696, -0.8989387), (-0.70101196, -0.88569885), (-0.058061976, -1.3463315), (-0.66589034, -0.9158779), (-0.68190944, -0.9594356), (-0.65330034, -0.99721944), (-0.631878, -0.9033399), (-0.6398335, -0.99974144), (-0.05112455, -1.3809127), (-0.04624907, -1.3765677), (-0.058488905, -1.3881985), (-0.06142047, -1.3735658), (-0.070760265, -1.4010922), (-0.06956, -1.3754934), (-0.06728584, -1.3450693), (-0.07528265, -1.3480788), (-0.07451397, -1.3269304), (-0.08112683, -1.3481222), (-0.09174961, -1.3649911), (-0.08455879, -1.3759521), (-0.07744131, -1.3782393), (-0.08118274, -1.4108993), (-0.6038539, -0.8932786), (-0.63062227, -1.0055238), (-0.087036766, -1.4153353), (-0.5954679, -0.8954841), (-0.6279044, -1.0109257), (0.026255174, -0.92543083), (-0.04426541, -0.9153042), (0.01069073, -0.9455903), (-0.07639857, -0.928553), (-0.058498453, -0.93930835), (0.03462345, -0.91039866), (-0.034277994, -0.89945513), (-0.07426778, -0.90352505), (-0.09426266, -0.9233814), (-0.095367275, -0.9600039), (-0.08112978, -0.9738729), (-0.0975252, -1.1159953), (-0.09999589, -1.0195094), (-0.13558657, -0.8971873), (-0.16599521, -0.938087), (-0.18633133, -0.9127568), (-0.10244081, -0.88035464), (-0.15901722, -0.87134826), (-0.027712453, -0.8807949), (-0.07546794, -0.88560337), (-0.09651838, -0.8990403), (-0.12369793, -0.92365384), (-0.1065176, -0.8623401), (-0.106115185, -0.82332516), (-0.081383154, -0.8620749), (-0.023189481, -0.85232466), (-0.2149083, -0.8273522), (-0.24410205, -0.7765859), (-0.17904711, -0.84827554), (-0.25414482, -0.8627534), (-0.27000332, -0.8360403), (-0.3026627, -0.8228755), (-0.35095212, -0.8015328), (-0.25684217, -0.9548757), (-0.2863954, -0.886487), (-0.2854236, -0.8616412), (-0.33904654, -0.8561319), (-0.38223666, -0.85108614), (-0.3121713, -0.93061805), (-0.33642766, -0.88621294), (-0.3685644, -0.88066685), (-0.40087503, -0.88565105), (-0.31069225, -1.307762), (-0.28305727, -0.9413586), (-0.30839136, -1.0517083), (-0.33133885, -1.183168), (-0.34897786, -1.0109388), (-0.3657999, -0.9366757), (-0.3841646, -0.9071478), (-0.35077965, -1.207914), (-0.36784878, -1.1334387), (-0.3816302, -1.005315), (-0.40116578, -0.9548933), (-0.43407342, -1.0393671), (-0.40561637, -1.0182081), (-0.40895438, -1.0986966), (-0.39135507, -1.0962354), (-0.36437222, -1.2228819), (-0.38401288, -1.1890382), (-0.39750597, -1.1619724), (-0.40763304, -1.1798097), (-0.42216125, -1.1207958), (-0.42186448, -1.1824127), (-0.4449061, -1.1128753), (-0.4414251, -1.1879152), (-0.42209375, -0.9869389), (-0.4254467, -0.93240136), (-0.4320539, -0.96474034), (-0.44857395, -0.9930831), (-0.49235368, -1.027754), (-0.48991448, -1.0646056), (-0.45643863, -1.1464704), (-0.49942088, -1.1024808), (-0.5946607, -1.1004084), (-0.50374717, -0.99511397), (-0.41613677, -0.79810375), (-0.3143246, -0.7591093), (-0.43591776, -0.8585277), (-0.6269652, -1.0183316), (-0.4704703, -0.8976491), (-0.53294605, -0.97154295), (-0.6141283, -1.0819114), (-0.60451496, -1.0928189), (-0.16348782, -1.4217967), (-0.15510942, -1.4230438), (-0.1152996, -1.3595866), (-0.11222969, -1.3791732), (-0.4213228, -1.2120944), (-0.42626268, -1.2097987), (-0.4290122, -1.2077652), (-0.43342417, -1.2009207), (-0.457465, -1.1651596), (-0.46968648, -1.1478144), (-0.45068488, -1.1736292), (-0.40184036, -1.2325476), (-0.40392306, -1.231397), (-0.42365557, -1.2153069), (-0.32888725, -1.2409855), (-0.3159327, -1.2992822), (-0.34718627, -1.2480928), (-0.3205838, -1.2928466), (-0.14866625, -1.4237758), (-0.38255358, -1.2292541), (-0.39543605, -1.2195181), (-0.3997238, -1.2338291), (-0.3943047, -1.2375807), (-0.36845675, -1.2362992), (-0.37795278, -1.2416073), (-0.36261526, -1.2536861), (-0.40896335, -1.2289742), (-0.41415036, -1.2254902), (-0.13298826, -1.4249216), (-0.33600122, -1.2782775), (-0.38408637, -1.2460052), (-0.38823086, -1.2424301), (-0.3777732, -1.2515639), (-0.36933172, -1.2584623), (-0.3434572, -1.273991), (-0.52646214, -1.1263345), (-0.51220393, -1.1331018), (-0.52549344, -1.128131), (-0.51623136, -1.1285411), (-0.49740815, -1.1392821), (-0.5005362, -1.1336006), (-0.48442993, -1.1454111), (-0.48375803, -1.1414584), (-0.46812242, -1.155214), (-0.5408202, -1.1228389), (-0.5369091, -1.1207153), (-0.523104, -1.121843), (-0.49812597, -1.1294442), (-0.55663234, -1.1156763), (-0.5558955, -1.1124343), (-0.5284103, -1.1130489), (-0.48372814, -1.1287705), (-0.45983785, -1.1535577), (-0.44806832, -1.1773921), (-0.10650143, -1.3974901), (-0.096111394, -1.4017347), (-0.092873335, -1.4188486), (-0.12771226, -1.4251734), (-0.109197795, -1.4242879), (-0.10879484, -1.4146982), (-0.10584456, -1.4236249), (-0.11729817, -1.4251641), (-0.6227972, -1.0648614), (-0.62563896, -1.0546738), (-0.62726384, -1.0439736), (-0.61950743, -1.0727643), (-0.6276048, -1.0390178), (0.0011327027, -1.1773113), (-0.019493729, -1.2003783), (-0.44519266, -1.1818451), (-0.5526633, -1.118848), (-0.56642413, -1.1139721), (-0.5830202, -1.1069552), (-0.58067316, -0.90352404), (0.6351184, -0.8490578), (-0.12117032, -0.74751747), (1.0097153, 0.41028696), (-1.1324422, 0.1332815), (-0.47326246, 0.6630423), (-0.47180083, 0.66928434), (-0.46704862, 0.68681717), (-0.43542534, -1.197703), (-0.43786684, -1.1937283), (-0.95734435, 0.7866547), (-0.92983675, 0.7835985), (-0.46937084, 0.6791966), (0.046192463, 0.76800245), (1.0753627, -0.40671328), (1.0511644, -0.10816955), (0.8326688, 0.7258194), (0.3955467, 0.6349647), (0.19831733, -1.1194054), (0.3023587, -1.175691), (0.30928248, -1.0209187), (0.053810835, 0.7416342), (0.46426585, 0.82561076), (-1.1347332, 0.020655124), (-0.8176333, -0.7661233), (1.0007923, 0.1312544), (1.0049646, 0.0059561245), (-0.11378126, 0.9619378), (0.06403548, -1.302801), (0.15608217, -1.3159872), (-0.73855764, -0.99135023), (-0.41743204, -1.2225097), (-0.35989684, -1.2651404), (0.664435, 0.3662355), (0.6609124, 0.33258274), (0.70372814, 0.44636858), (0.71556515, 0.4221102), (0.7132855, 0.3727433), (0.68994874, 0.32983592), (0.6856268, 0.30916125), (0.75460494, 0.48736897), (0.76661843, 0.47159132), (0.76011205, 0.43476585), (0.74524444, 0.37674963), (0.7184118, 0.34848967), (0.7065898, 0.32719424), (0.7048342, 0.313079), (0.7194465, 0.3101446), (0.7263165, 0.33634648), (0.7383158, 0.3062769), (0.75559986, 0.3487315), (0.76703274, 0.32711717), (0.81148547, 0.37743485), (0.93095416, 0.44008118), (0.8682057, 0.47360882), (0.9774426, 0.51462966), (0.7943618, 0.439964), (0.7882853, 0.5289505), (0.8116718, 0.5200777), (0.7928243, 0.47836483), (0.843427, 0.49540764), (0.87759906, 0.5090875), (0.82603747, 0.50225186), (0.84813976, 0.54169375), (0.86979663, 0.5815543), (0.88120407, 0.5802622), (0.818599, 0.552822), (0.8613403, 0.58384734), (0.80654144, 0.5584337), (0.81109136, 0.5764417), (0.8231922, 0.5917286), (-0.84820753, 0.8320227), (-0.8295055, 0.8557871), (-0.7913808, 0.85364014), (-0.8973102, 0.85125965), (-0.8472415, 0.86198694), (-0.9140679, 0.8626871), (-0.84485775, 0.8701977), (-0.84685475, 0.8784156), (-0.8369782, 0.8761698), (-0.89925295, 0.88451296), (-0.8583552, 0.8811019), (0.9895135, 0.5608935), (0.9598663, 0.5525271), (0.96198314, 0.5773573), (0.9246933, 0.5255374), (-0.7476587, 0.8260075), (-0.73044753, 0.8107343), (-0.7793972, 0.8305532), (0.38985062, 0.7895658), (0.41086695, 0.800515), (0.39766386, 0.74941266), (0.3686857, 0.7791842), (0.36353073, 0.7451028), (0.3437365, 0.7669827), (0.3319856, 0.73556477), (0.31756648, 0.75441676), (0.29688558, 0.7232405), (0.28746247, 0.74109566), (0.25948757, 0.7132785), (0.24900323, 0.7278262), (-0.5938425, 0.70453215), (-0.61022294, 0.67420167), (-0.6181511, 0.720625), (-0.5747581, 0.69204026), (-0.5944125, 0.64764315), (-0.5524808, 0.67986053), (-0.5749807, 0.6207527), (-0.6155329, 0.6160629), (-0.62766826, 0.6375278), (-0.6571218, 0.68192095), (-0.644069, 0.7372102), (-0.6788286, 0.7014274), (-0.6595527, 0.7474676), (-0.70601887, 0.72582215), (-0.6737848, 0.7579263), (-0.7358784, 0.75374043), (-0.6914703, 0.7730152), (-0.75791615, 0.7741345), (-0.7119439, 0.7928658), (-0.7763531, 0.7918009), (-0.8057176, 0.8086146), (-0.79514617, 0.8391226), (-0.6404824, 0.65992993), (0.23019217, 0.7248371), (0.27876982, 0.6915826), (0.31301475, 0.6931619), (0.34820142, 0.6944854), (0.3817088, 0.69078034), (0.3304265, 0.6479393), (0.36144724, 0.6368863), (-0.5370706, 0.67244154), (-0.55639845, 0.60408485), (0.8539432, 0.5167383), (0.8698774, 0.5175646), (0.855093, 0.5311137), (0.87154704, 0.5554671), (0.8973585, 0.58013123), (-0.8877617, 0.8864406), (-0.8721192, 0.8849492), (0.9307988, 0.55302113), (0.9463626, 0.58104324), (0.8985374, 0.5300548), (0.8223624, 0.5682526), (0.83492106, 0.5738214), (0.8192477, 0.5738923), (0.82330465, 0.5838702), (0.8310314, 0.5940783), (0.8370939, 0.6099659), (0.84034824, 0.60155594), (-0.80393744, 0.8602045), (-0.8007571, 0.8581627), (-0.8080843, 0.8631638), (-0.8238225, 0.8721048), (0.85185957, 0.5885698), (0.8865369, 0.5344855), (0.9081232, 0.5493729), (0.9353755, 0.5820604), (0.9231334, 0.5820337), (0.9095943, 0.58093554), (0.8869718, 0.56175107), (0.8731243, 0.54584736), (0.8677873, 0.53395855), (0.87255514, 0.5297605), (0.83099306, 0.5773333), (0.8388891, 0.5830977), (0.8465062, 0.59279066), (0.84333473, 0.5965407), (0.8405026, 0.5936211), (0.8416063, 0.5992232), (0.8381285, 0.59448767), (0.8345126, 0.59254694), (0.82971954, 0.58743507), (0.82640165, 0.58149666), (0.826436, 0.57717514), (0.8901539, 0.5506621), (0.8342016, 0.5862109), (-0.77067447, 0.84371156), (-0.95888036, 0.34411708), (-0.96690875, 0.31927353), (-0.97318274, 0.36710408), (-0.99304116, 0.33691156), (-1.0007744, 0.29726768), (-0.99061555, 0.27566096), (-0.9912753, 0.25692382), (-1.0224583, 0.36640397), (-1.0374534, 0.32154372), (-1.0468085, 0.27555138), (-1.0165129, 0.26201442), (-1.016017, 0.23407379), (-1.0167918, 0.21597932), (-1.0326235, 0.19112726), (-1.0389915, 0.21172991), (-1.0528364, 0.2313244), (-1.0665088, 0.16580053), (-1.075536, 0.18590064), (-1.0932634, 0.15598974), (-1.1314368, 0.15471664), (1.0118234, 0.47047475), (-1.1301899, 0.1767957), (-1.0912793, 0.20626952), (-1.0689721, 0.34927806), (-1.0863688, 0.29462594), (-1.0823379, 0.24463783), (-1.1292808, 0.1909374), (-1.103241, 0.21943654), (-1.1007793, 0.23723349), (-1.1019537, 0.2560206), (-1.1240776, 0.27541742), (-1.1234245, 0.2926018), (-1.1229343, 0.30916238), (-1.1068664, 0.3137164), (-1.0947614, 0.33359504), (-1.0956469, 0.36564866), (-1.1220627, 0.3927328), (-0.8867465, 0.7991433), (-0.9406715, 0.8057645), (-0.92937595, 0.81961215), (-0.93293804, 0.8293581), (-0.9535387, 0.8213916), (-0.9526518, 0.8259825), (-0.9506699, 0.83236736), (-0.94768465, 0.83833414), (-0.9399732, 0.84725416), (-0.9355725, 0.8572102), (1.0028658, 0.5452905), (1.0088387, 0.51531124), (1.0092728, 0.5053439), (-0.82733476, 0.775706), (-0.80737394, 0.75154245), (-0.78161633, 0.72626084), (-0.75659364, 0.7150765), (-0.7578376, 0.6808099), (-0.7294493, 0.7030358), (-0.7384748, 0.6709822), (-0.6984723, 0.67568815), (-0.71554905, 0.65447474), (-0.6734319, 0.650824), (-0.68949294, 0.6299969), (-0.6559306, 0.630773), (-0.66875935, 0.60839325), (-0.6423875, 0.6127771), (-0.6529846, 0.5889754), (-0.6320532, 0.5965795), (-0.67978144, 0.5838095), (-0.7021697, 0.6074353), (-0.7239367, 0.6255977), (-0.7398007, 0.64078593), (-0.70989865, 0.58632004), (-0.724991, 0.60257787), (-1.1239293, 0.21066833), (-1.1164982, 0.21538223), (-1.110013, 0.22812837), (-1.1100397, 0.240491), (-1.1169746, 0.25120518), (-1.1250942, 0.2543318), (-0.94305295, 0.8463259), (-0.9409362, 0.8496452), (1.0066676, 0.53692937), (1.0078926, 0.5306938), (-1.1286049, 0.20070517), (-1.127408, 0.21725173), (-1.1192484, 0.32784283), (-1.113807, 0.3254642), (-1.10688, 0.3328789), (-1.1048298, 0.34765765), (-1.1116519, 0.3626043), (-1.1221056, 0.36594495), (-0.95473075, 0.802855), (-0.9546186, 0.80537283), (-0.9545299, 0.80868113), (-0.95438164, 0.8133162), (-1.1226733, 0.32035574), (-1.1223395, 0.34001064), (-1.1267884, 0.2262909), (-1.1247556, 0.23171759), (-1.1245232, 0.22500886), (-1.1262863, 0.23400328), (-1.1256721, 0.24404728), (-1.1174676, 0.23940231), (-1.1147931, 0.23244251), (-1.1163015, 0.22504765), (-1.1200418, 0.22013962), (-1.1232469, 0.22045669), (-1.1197324, 0.34522548), (-1.1185844, 0.33856824), (-1.1222136, 0.3510359), (-1.1198087, 0.35125563), (-1.1221457, 0.35925022), (-1.1191659, 0.35550797), (-1.1160076, 0.35594335), (-1.1116312, 0.35072), (-1.1102493, 0.34246266), (-1.1124797, 0.3360858), (-1.1159482, 0.33461094), (-1.1207271, 0.22963995), (-1.1158886, 0.34549686), (-0.95552844, 0.7939598), (-0.35632148, 0.7802089), (-0.36064306, 0.7739007), (-0.35735962, 0.78700745), (-0.9219912, 0.87175184), (-0.7613338, 0.83707976), (-0.88016623, 0.88626856), (-0.8148045, 0.8676962), (1.0100982, 0.49110246), (1.0702434, -0.29567084), (1.0681462, -0.309431), (1.0545914, -0.30471528), (1.0854018, -0.2994367), (1.0848, -0.31285974), (1.1009855, -0.3041522), (1.0986297, -0.31581524), (1.0878873, -0.2865686), (1.1026306, -0.28995404), (1.0737333, -0.28413633), (1.0540721, -0.29161403), (1.0654688, -0.2756644), (1.0680087, -0.3252195), (1.0483694, -0.3207826), (1.0486495, -0.3412982), (1.0931878, -0.2727961), (1.1042206, -0.27951103), (1.1160457, -0.25075674), (1.0892382, -0.2611167), (1.1198237, -0.28070632), (1.1176252, -0.2573148), (1.1192641, -0.26896968), (1.0838706, -0.39887583), (1.077657, -0.39186946), (1.081783, -0.37936512), (1.0959275, -0.38389856), (1.0915909, -0.37312657), (1.1031013, -0.37102416), (1.0963593, -0.36472553), (1.1083086, -0.3582234), (1.0980258, -0.35503107), (1.1117804, -0.3468644), (1.0572262, -0.36100325), (1.0715878, -0.34103265), (1.1016526, -0.31964743), (1.0898924, -0.32474118), (1.1172125, -0.31842175), (1.0909178, -0.33872843), (1.1013649, -0.34251264), (1.0898223, -0.35096818), (1.0779147, -0.35178533), (1.0635223, -0.38047725), (1.0816171, -0.36513177), (1.1196558, -0.2912644), (0.73304194, 0.82409185), (0.75653404, 0.8100975), (0.740737, 0.80519325), (0.74981827, 0.83311856), (0.77296895, 0.81414706), (0.77210397, 0.83176535), (0.78628474, 0.814149), (0.72446316, 0.8474549), (0.74033684, 0.86632013), (0.71478933, 0.8376257), (0.7191352, 0.81548667), (0.6988814, 0.8398005), (0.7786667, 0.79289883), (0.7609555, 0.7873352), (0.7865437, 0.7697569), (0.7019669, 0.86054385), (0.7161251, 0.8662682), (0.66027695, 0.8736441), (0.67804545, 0.86204004), (0.7182973, 0.8792536), (0.67974097, 0.87588966), (0.69974107, 0.8765749), (0.64391667, 0.8814236), (0.6588042, 0.881097), (0.6740187, 0.8834671), (0.68546915, 0.8825118), (0.6955507, 0.8845606), (0.69528866, 0.88849455), (0.7097673, 0.88434917), (0.81649053, 0.756726), (0.80078137, 0.778718), (0.79300314, 0.8097397), (0.7919318, 0.80096465), (0.80082536, 0.81443703), (0.8095467, 0.7867732), (0.8177627, 0.78714556), (0.82448417, 0.77427924), (0.81904256, 0.76995414), (0.6536982, 0.8840655), (0.66810596, 0.88723814), (0.83380467, 0.7398112), (0.67825246, 0.88864845), (0.83447963, 0.75192857), (0.83114076, 0.7734313), (0.81999254, 0.79018253), (0.7785077, 0.8401153), (-1.1520486, -0.6072504), (-1.126677, -0.6211017), (-1.1521835, -0.6251776), (-1.1727235, -0.6133462), (-1.1716824, -0.631502), (-1.186924, -0.622887), (-1.1863875, -0.63890934), (-1.1975563, -0.6331049), (-1.2054155, -0.62057596), (-1.1990354, -0.6153983), (-1.1926627, -0.6012385), (-1.1782835, -0.58998084), (-1.1573434, -0.6372544), (-1.1356931, -0.6347958), (-1.1057544, -0.633144), (-1.1932554, -0.58211756), (-1.2098451, -0.6032045), (-1.2002399, -0.59013003), (-1.1903892, -0.5688564), (-1.2117269, -0.61786664), (-1.197948, -0.578535), (-1.2028711, -0.5861936), (-1.13344, -0.74857247), (-1.1414461, -0.7137576), (-1.1446965, -0.7450469), (-1.1595585, -0.7179332), (-1.1742425, -0.71466726), (-1.2101982, -0.63655597), (-1.2059414, -0.63628185), (-1.2079015, -0.64495724), (-1.2011297, -0.65739906), (-1.1055665, -0.65159404), (-1.1266484, -0.64671254), (-1.1761048, -0.6465902), (-1.1542027, -0.6479243), (-1.1918015, -0.6673748), (-1.1487095, -0.6602345), (-1.1250939, -0.66345865), (-1.1269963, -0.6900844), (-1.1120365, -0.67161435), (-1.1506741, -0.6812598), (-1.1746399, -0.69554466), (-1.1758709, -0.6875689), (-1.1704619, -0.6745443), (-1.1630104, -0.6689806), (-1.0252147, 0.67345095), (-1.0377448, 0.6601401), (-1.0470428, 0.6812768), (-1.0391676, 0.6970547), (-1.0586772, 0.70105726), (-1.0603902, 0.72785413), (-1.0689046, 0.71346706), (-1.0510597, 0.73325884), (-1.0346303, 0.7371901), (-1.040422, 0.7284608), (-1.0301278, 0.71718997), (-1.0167546, 0.69474125), (-1.0630481, 0.6886639), (-1.0593791, 0.67295974), (-1.0558662, 0.65229285), (-1.0121138, 0.72110564), (-1.0277114, 0.73479575), (-1.0193918, 0.7327407), (-1.0236793, 0.7461245), (-1.0091972, 0.7427371), (-1.0183833, 0.7430036), (-1.0061612, 0.7554097), (-1.0124557, 0.7547696), (-1.0178621, 0.75404865), (-1.0313628, 0.74561286), (-1.0247171, 0.7521844), (-1.0367525, 0.74478513), (-1.0796707, 0.65459824), (-1.0759201, 0.669638), (-1.0737727, 0.701892), (-1.0760713, 0.6870615), (-1.0927248, 0.7057986), (-1.0901182, 0.68204534), (-1.0922844, 0.66543), (-1.1161666, 0.65003896), (-1.105891, 0.6541684), (-1.0949013, 0.6526552), (-1.1137378, 0.6615922), (-1.1044776, 0.6724034), (-1.1114836, 0.6700359), (-1.1083455, 0.679392), (-1.1010883, 0.6882772), (-1.0972638, 0.68761665), (-1.0821371, 0.7151444), (-1.0693896, 0.7230128), (1.0906677, -0.3912046), (0.767122, 0.85048634), (-1.1660638, -0.7313048), (-1.1823273, -0.67661697), (-1.1017802, 0.6933909), (0.19880582, -1.116968), (0.19707677, -1.1183177), (0.19631442, -1.1170579), (0.19575426, -1.1179441), (0.19987142, -1.115949), (0.19790891, -1.1155592), (0.09532799, -1.3234552), (0.087681666, -1.323125), (0.1005534, -1.3235327), (0.14197586, -1.3139125), (0.12250004, -1.3227297), (0.14795917, -1.3045961), (0.12083147, -1.2882997), (0.13060981, -1.2698659), (0.1330332, -1.2627138), (0.12542224, -1.2797593), (0.15788816, -1.2879807), (0.12821847, -1.3222092), (0.13695295, -1.3210996), (-0.0002720966, -1.1845709), (0.0018373994, -1.1797911), (0.0037220756, -1.1794182), (0.0028293468, -1.1842715), (0.00061724323, -1.1878663), (0.0027249258, -1.1778723), (0.080742136, -1.3225518), (0.07643788, -1.3222255), (0.06831478, -1.3117028), (0.08347857, -1.2780591), (0.07993507, -1.2744788), (0.08101303, -1.2575618), (0.078941606, -1.2674392), (0.060124412, -1.3110677), (0.05389959, -1.3107094), (0.14525263, -1.3195828), (0.15054397, -1.3182713), (0.3236132, -1.0444671), (0.30830547, -1.0495833), (0.3392288, -1.0589186), (0.33428347, -1.0413193), (0.3360116, -1.0706338), (0.34679148, -1.0678366), (0.34469238, -1.0552837), (0.34658724, -1.0810229), (0.35267922, -1.0810763), (0.35253748, -1.0695125), (0.3543436, -1.0968477), (0.3604033, -1.0978724), (0.36015308, -1.0853056), (0.35939923, -1.1083094), (0.29823756, -1.0592333), (0.3360308, -1.0943109), (0.3466722, -1.1010574), (0.35281026, -1.1085898), (0.3576459, -1.1162072), (0.36191827, -1.1218356), (0.36467257, -1.1146315), (0.37078795, -1.1138579), (0.36973467, -1.1028911), (0.36697978, -1.1282235), (0.37345192, -1.1275667), (0.38283134, -1.1291691), (0.37900832, -1.1177343), (0.37284774, -1.1398121), (0.38474038, -1.1385497), (0.3924115, -1.1356369), (0.39075264, -1.1385425), (0.4031157, -1.1486281), (0.3340055, -1.1170906), (0.35399204, -1.1387194), (0.34513152, -1.1267954), (0.34884182, -1.1471745), (0.34662074, -1.1517187), (0.3516024, -1.1422738), (0.35608557, -1.1362337), (0.44078228, -1.1070956), (0.45534965, -1.1016539), (0.45272157, -1.1085113), (0.3580768, -1.1347154), (0.44159603, -1.1145867), (0.45047486, -1.1138648), (0.36119395, -1.1338941), (0.43805328, -1.1198257), (0.4484408, -1.1182903), (0.4367597, -1.126897), (0.4455021, -1.1239761), (0.43693253, -1.1361996), (0.44343174, -1.1275054), (0.36362, -1.1342422), (0.36891928, -1.1369363), (0.42417783, -1.1091403), (0.42726636, -1.1298224), (0.4236219, -1.1195506), (0.41490808, -1.0951477), (0.42518815, -1.091472), (0.4342971, -1.0858911), (0.45837015, -1.093074), (0.40856868, -1.058777), (0.46071008, -1.0860385), (0.43227655, -1.1405002), (0.4347056, -1.1384348), (0.4129132, -1.1379398), (0.4174738, -1.1316394), (0.40720966, -1.1199185), (0.40106502, -1.1048175), (0.3936341, -1.0889469), (0.38732848, -1.0736061), (0.39031327, -1.0636352), (0.3754485, -1.0834132), (0.36178675, -1.0592433), (0.38522756, -1.1037389), (0.3944738, -1.1185654), (0.3491918, -1.0356067), (0.35117134, -1.026079), (0.33076644, -1.0125908), (0.4037612, -1.129253), (0.4042703, -1.1375445), (0.3316295, -1.0261198), (0.37170565, -1.0968491), (0.3831733, -1.1136354), (0.3637648, -1.0800134), (0.3541218, -1.0609363), (0.34441626, -1.043358), (0.3933536, -1.1245085), (0.38804728, -1.1260659), (0.39745373, -1.1338314), (0.37728685, -1.1430303), (0.42881775, -1.1428064), (-0.11815914, -0.9590675), (-0.11834321, -1.0166253), (-0.1460697, -1.0267106), (-0.14539486, -1.1167039), (-0.12132824, -1.1133305), (-0.17002948, -1.1365985), (-0.1702816, -1.2234663), (-0.14814353, -1.2113355), (-0.19350271, -1.2236081), (-0.16492997, -1.2493979), (-0.181548, -1.2604018), (-0.21323441, -1.249597), (-0.19503433, -1.2503322), (-0.20122083, -1.2915846), (-0.13338226, -1.2317303), (-0.15518595, -1.2535895), (-0.17144583, -1.278303), (-0.18808185, -1.310754), (-0.2124281, -1.3308314), (-0.20138504, -1.3400193), (-0.21732655, -1.3054825), (-0.21089241, -1.2728466), (-0.22743468, -1.2866279), (-0.22090645, -1.355471), (-0.21118958, -1.3629149), (-0.22230692, -1.3335944), (-0.2297631, -1.3241428), (-0.22909652, -1.3731831), (-0.2193896, -1.3794798), (-0.23131792, -1.353501), (-0.24775074, -1.3881344), (-0.23912194, -1.3473378), (-0.227237, -1.3894025), (-0.12818992, -1.2622656), (-0.15964323, -1.2999321), (-0.16943346, -1.4206895), (-0.17955342, -1.3465635), (-0.17766063, -1.4188455), (-0.19231395, -1.3678552), (-0.18744239, -1.4161891), (-0.20215216, -1.3812133), (-0.19437234, -1.4140164), (-0.21075132, -1.3911475), (-0.2024239, -1.4111215), (-0.2173958, -1.4046482), (-0.21189155, -1.4071885), (-0.27974093, -1.3621103), (-0.2833808, -1.3569821), (-0.27998722, -1.3586522), (-0.27952757, -1.3327616), (-0.28628817, -1.3524338), (-0.29099452, -1.3442956), (-0.27641478, -1.3485359), (-0.27558115, -1.3672217), (-0.27746674, -1.3650001), (-0.29482204, -1.3371786), (-0.28417897, -1.3034953), (-0.29809558, -1.3309828), (-0.281368, -1.264999), (-0.30300876, -1.3218261), (-0.27115223, -1.2222592), (-0.3073425, -1.3137444), (-0.2675841, -1.1321679), (-0.27358514, -1.3694121), (-0.26727927, -1.3272876), (-0.26605156, -1.3542465), (-0.27225843, -1.310752), (-0.28013507, -1.3154789), (-0.27136633, -1.2890228), (-0.26794228, -1.2581373), (-0.25639823, -1.2299501), (-0.2283438, -1.1323866), (-0.22484726, -1.003879), (-0.22327766, -1.1986891), (-0.2434559, -1.2394472), (-0.257516, -1.2638904), (-0.25915736, -1.2922345), (-0.20245829, -1.1109198), (-0.19052725, -1.0158435), (-0.25383636, -1.3148712), (-0.25441968, -1.3423339), (-0.15205003, -0.9714225), (-0.24358141, -1.2936128), (-0.23684186, -1.2593228), (-0.2172289, -1.2329038), (-0.19669248, -1.1665045), (-0.17503478, -1.0591894), (-0.24170858, -1.3220297), (-0.24565488, -1.34982), (-0.22386384, -1.4014426), (-0.27084398, -1.3721713), (0.43951946, -1.1331431), (-0.34918377, 0.7795958), (-0.3468771, 0.7644144), (-0.35190454, 0.80453813), (-0.36411527, 0.799387), (-0.36032754, 0.832709), (-0.36865887, 0.82379), (-0.3638785, 0.8640846), (-0.16695887, 1.0170122), (-0.19391024, 1.0235392), (-0.18291947, 1.024716), (-0.19399157, 1.0117859), (-0.20033546, 1.0208002), (-0.2061262, 1.0190502), (-0.32891807, 0.76245075), (-0.33645028, 0.7915255), (-0.34006897, 0.8165386), (-0.34760442, 0.8393323), (-0.35319832, 0.87300164), (-0.35232985, 0.9077647), (-0.35892344, 0.88848907), (-0.303257, 0.98507804), (-0.28633577, 0.9950805), (-0.31421962, 0.9748489), (-0.31632093, 0.7877013), (-0.29305917, 0.75688475), (-0.32859278, 0.8122054), (-0.33418378, 0.8416742), (-0.3426998, 0.87984705), (-0.34671092, 0.9212878), (-0.27587676, 0.99852294), (-0.3217757, 0.96570915), (-0.28845745, 0.7913839), (-0.26177707, 0.7626981), (-0.31330928, 0.83031076), (-0.32959267, 0.88341284), (-0.34319925, 0.92900735), (-0.26778322, 1.0002476), (-0.32603526, 0.9597379), (-0.2548412, 0.7936188), (-0.2393235, 0.76506186), (-0.27948043, 0.83202314), (-0.30354097, 0.88364285), (-0.33495003, 0.9451603), (-0.25943303, 1.0026698), (-0.2294169, 0.7984638), (-0.21034376, 0.75870293), (-0.24633159, 0.8344029), (-0.26422167, 0.8785846), (-0.2787105, 0.93485826), (-0.25274017, 1.0052114), (-0.20395312, 0.81158376), (-0.18729174, 0.78934944), (-0.22374703, 0.845845), (-0.23896383, 0.8828304), (-0.24969645, 0.9244086), (-0.25050104, 0.9726254), (-0.19028169, 0.84581506), (-0.1673817, 0.8293577), (-0.20363966, 0.8668248), (-0.22122115, 0.89640224), (-0.23387328, 0.9290539), (-0.2410742, 0.9609396), (-0.16916025, 0.88097835), (-0.14630178, 0.85227334), (-0.19290264, 0.9087162), (-0.20585497, 0.9170099), (-0.22123224, 0.9434952), (-0.2323058, 0.97099453), (-0.14245057, 0.92563355), (-0.17788824, 0.9424915), (-0.19520491, 0.97615147), (-0.19968297, 0.9396338), (-0.20826037, 0.9616523), (-0.22474565, 0.9883481), (-0.23303385, 0.99565226), (-0.37243602, 0.7842242), (-0.13686125, 0.9933149), (-0.15353794, 1.009322), (-0.21419084, 1.0185207), (-0.22789755, 1.015771), (-0.23501885, 1.0130345), (-0.24028298, 1.0107182), (-0.24661322, 1.0078521)] (
            interpolation = "vertex"
        )
    }
}

