# 6077 vertices, 11258 faces
v 0.114569216967 1.12007701397 -0.016188364476
v 0.12289399653700001 1.1227555275000001 -0.017259251326300001
v 0.12851680815200001 1.1227555275000001 -0.0100314188749
v 0.13188840448899999 1.11472511292 -0.0113680725917
v 0.14045549929100001 1.1120465993899999 -0.0164541322738
v 0.147896975279 1.11740100384 -0.021808564662900001
v 0.14918152988 1.1254314184200001 -0.023413591086899999
v 0.14484587311700001 1.1254314184200001 -0.031446542590899997
v 0.149718269706 1.1227555275000001 -0.0389401465654
v 0.16296756267500001 1.12007701397 -0.037869259715100002
v 0.149718269706 1.1227555275000001 -0.0389401465654
v 0.14484587311700001 1.1254314184200001 -0.031446542590899997
v 0.14918152988 1.1254314184200001 -0.023413591086899999
v 0.147896975279 1.11740100384 -0.021808564662900001
v 0.14045549929100001 1.1120465993899999 -0.0164541322738
v 0.13188840448899999 1.11472511292 -0.0113680725917
v 0.12851680815200001 1.1227555275000001 -0.0100314188749
v 0.12289399653700001 1.1227555275000001 -0.017259251326300001
v 0.114569216967 1.12007701397 -0.016188364476
v 0.108172573149 1.11740100384 -0.0129757057875
v 0.108599878848 1.1120465993899999 -0.010297185741400001
v 0.110770307481 1.11472511292 -0.0041402401402599997
v 0.104853093624 1.11740100384 -0.00119595357683
v 0.103675372899 1.1281099319500001 -0.00066181313013700005
v 0.104102671146 1.13613760471 -0.0033377264626299999
v 0.107932850718 1.1441705226900001 -0.0094946725294000004
v 0.109563939273 1.1602312326399999 -0.0124389594421
v 0.102739959955 1.1789679527300001 -0.017793390899900001
v 0.10378219932299999 1.20038306713 -0.026894623413700001
v 0.098133333027400002 1.21108925343 -0.034656599163999997
v 0.092513129115099998 1.2244740724600001 -0.040279403328900003
v 0.090024814009699999 1.2325043678300001 -0.041350286453999997
v 0.088443242013499998 1.24321329594 -0.0384060032666
v 0.085553668439400002 1.25124359131 -0.032249059528099998
v 0.084026813507100007 1.26730430126 -0.026360483840100001
v 0.083813153207299998 1.2726587057100001 -0.022345311939700001
v 0.086999759078000005 1.2833650112199999 -0.024752851575600001
v 0.083385847508900005 1.30478012562 -0.025823740288599999
v 0.071822352707400006 1.3288711309400001 -0.0293047707528
v 0.044919915497299998 1.3663469553000001 -0.034656599163999997
v 0.026368299499199999 1.3984682559999999 -0.044294577091900003
v 0.020052414387499998 1.43326830864 -0.063836298883000006
v -0.0040672845207200001 1.4653896093400001 -0.091140002012300006
v -0.028374582529099999 1.48948073387 -0.127810686827
v -0.0618065670133 1.50286543369 -0.17786878347400001
v -0.107661873102 1.50286543369 -0.240774899721
v -0.15485383570200001 1.470744133 -0.20410159230200001
v -0.19334582984400001 1.41452896595 -0.170106813312
v -0.20828351378400001 1.3636710643800001 -0.152438476682
v -0.20753312110899999 1.2967497110399999 -0.146281525493
v -0.21045134961600001 1.25391960144 -0.155651137233
v -0.20614175498500001 1.2271525859800001 -0.15805868804500001
v -0.205125585198 1.21376776695 -0.15431188046899999
v -0.21939103305300001 1.2325043678300001 -0.16234223544599999
v -0.22495912015399999 1.2378587722800001 -0.16127134859600001
v -0.24324236810200001 1.2298284769100001 -0.17278271913500001
v -0.251113772392 1.21108925343 -0.17492449283600001
v -0.25119194388400001 1.1896767616299999 -0.18750414252299999
v -0.248596802354 1.16826164722 -0.19526873529
v -0.238719105721 1.1414921283699999 -0.199818044901
v -0.225709527731 1.12007701397 -0.201157301664
v -0.21489383280300001 1.10401630402 -0.193126961589
v -0.20357266068499999 1.0959858894300001 -0.18563075363600001
v -0.196451663971 1.0986644029599999 -0.190985202789
v -0.18272034823899999 1.0906314849900001 -0.182152315974
v -0.16499990224800001 1.0986644029599999 -0.171980202198
v -0.166391268373 1.0906314849900001 -0.18750414252299999
v -0.15860064327699999 1.0504797697099999 -0.20677751302700001
v -0.16084924340199999 1.0049735307700001 -0.25228369235999998
v -0.14864218235000001 0.97017365694000002 -0.26432919502300001
v -0.15214926004400001 0.95143705606499995 -0.29859495162999999
v -0.166417330503 0.91396129131299997 -0.30662527680399998
v -0.18341602385 0.87916135788000005 -0.316260665655
v -0.20707975328 0.841685533524 -0.33125045895600003
v -0.240245968103 0.81759446859399998 -0.34329599142099998
v -0.287919938564 0.82830339670200004 -0.34980207681699999
v -0.336102038622 0.84436404705000001 -0.34899958968200001
v -0.38883602619199997 0.86577916145300005 -0.35071143508000002
v -0.44264090061200001 0.87648540735199998 -0.349213242531
v -0.496711552143 0.86845511198000003 -0.34249347448299999
v -0.54435950517700005 0.841685533524 -0.33151882886900003
v -0.58718979358699996 0.78279721736899999 -0.30983534455299999
v -0.61609846353499997 0.71587592363399999 -0.28949370980299999
v -0.64527821540800001 0.63289391994499999 -0.276911437511
v -0.66722744703299997 0.54991197586100005 -0.26995199918700002
v -0.67954134941099997 0.472281813622 -0.26673933863600002
v -0.68997919559499998 0.39733275771100002 -0.26647096872300002
v -0.68837422132500004 0.31702670454999998 -0.255496323109
v -0.68784004449799996 0.231366217136 -0.24693183600900001
v -0.68730330467199996 0.161769002676 -0.25228369235999998
v -0.67418694496200005 0.097526237368599999 -0.24987612664700001
v -0.65089833736400005 0.071827560663199994 -0.20704586803899999
v -0.620650410652 0.059513669461 -0.15324099361900001
v -0.58906316757199995 0.026858147233699999 -0.084446303546399995
v -0.53954184055300003 -0.0087442705407700001 -0.0266262516379
v -0.49296477437000003 -0.057194717228399999 0.0271786302328
v -0.44585356116300001 -0.116622410715 0.075092338025600003
v -0.414266347885 -0.16587537527099999 0.134520024061
v -0.376522153616 -0.21646760404099999 0.18885906040700001
v -0.324590653181 -0.243502929807 0.207864031196
v -0.28644779324500003 -0.26411554217299998 0.238914519548
v -0.26554077863699999 -0.27375090122200002 0.265684068203
v -0.24765878915799999 -0.27723193168600002 0.296466201544
v -0.22581635415599999 -0.28124710917500001 0.32966110110300001
v -0.20317141711700001 -0.28285214304900003 0.35509136319200002
v -0.18745724856900001 -0.28499391675000002 0.37222295999499999
v -0.17402036488100001 -0.28178384900100001 0.392298847437
v -0.172225132585 -0.27696356177300002 0.39765325188599998
v -0.18413776159299999 -0.26759657263800002 0.38988867402100003
v -0.19829900562800001 -0.26545479893700002 0.381055831909
v -0.20900526642799999 -0.25876110792200002 0.37195459008199999
v -0.22720772028 -0.25501430034599998 0.35749891400299999
v -0.245196536183 -0.25180163979499998 0.33929643034899998
v -0.26010558009099999 -0.24618144333399999 0.316810458899
v -0.270652890205 -0.23681184649500001 0.303428262472
v -0.28422528505299999 -0.22289292514299999 0.29218527674700001
v -0.29048904776599999 -0.216199219227 0.31306362152099998
v -0.283154368401 -0.21379168331599999 0.35616227984400001
v -0.28350353240999998 -0.20790310204000001 0.38694438338300002
v -0.28079894185100002 -0.20522458851299999 0.40434435010000003
v -0.27124175429300001 -0.21405744552600001 0.44315943121899998
v -0.26417544484099997 -0.23359915614099999 0.465911179781
v -0.258044570684 -0.239221975207 0.48705795407300001
v -0.24696311354600001 -0.25421178340900003 0.51730597019199998
v -0.232429265976 -0.275626897812 0.55263996124299997
v -0.241019815207 -0.275626897812 0.57271844148600004
v -0.25293245911599999 -0.26464968919800003 0.56656152010000005
v -0.26074913144099998 -0.25661933422099997 0.55451595783200003
v -0.27113491296800002 -0.24109539389599999 0.538452684879
v -0.28004854917499999 -0.227710604668 0.51811105012900005
v -0.28939208388299997 -0.21405744552600001 0.49723008275000002
v -0.29546827077900001 -0.20522458851299999 0.47875922918300001
v -0.30165126919700003 -0.201209425926 0.45734673738499998
v -0.31415274739299998 -0.19237656891300001 0.41317719221100002
v -0.34306150674800001 -0.19612336158800001 0.39604562520999997
v -0.34172484278699999 -0.21887774765500001 0.42790123820300002
v -0.32298564910900002 -0.24751809239399999 0.46376943588300001
v -0.31682866811799998 -0.25795859098399998 0.48090100288400001
v -0.305319905281 -0.28847494721400002 0.49080738425300002
v -0.28331592679000001 -0.31925967335700001 0.51917934417699996
v -0.26746886968599998 -0.349773436785 0.54862481355699999
v -0.269717484713 -0.34656336903599999 0.57003992795900005
v -0.29174754023600002 -0.34897089004499998 0.56923741102199998
v -0.30745908618000001 -0.342011451721 0.54889321327200002
v -0.32057547569299999 -0.318188786507 0.52881735563300003
v -0.336638778448 -0.29329261183700001 0.50847309827800002
v -0.35002094507199999 -0.27642941474900001 0.49000224471100001
v -0.35885643959000002 -0.266257286072 0.47367319464699997
v -0.37464872002600003 -0.25287252664600002 0.43271893262900002
v -0.38401836156800001 -0.24805483221999999 0.41585573553999999
v -0.38107407093000001 -0.260634481907 0.42790123820300002
v -0.365279138088 -0.28954583406399997 0.46323528885800003
v -0.35831966996199999 -0.29998633265500002 0.47768831253100003
v -0.35002094507199999 -0.31149509549100002 0.49080738425300002
v -0.33529952168499999 -0.33505198359499999 0.50151360034900005
v -0.31950721144700001 -0.358340531588 0.51329076290099995
v -0.30960085988000002 -0.38216316700000003 0.53872102498999996
v -0.32887420058299999 -0.38564422726600001 0.540060281754
v -0.34921845793700002 -0.37493795156499998 0.52453380823100004
v -0.368491798639 -0.35111269354800001 0.51007813215300002
v -0.38482084870299998 -0.32889506220800002 0.49723008275000002
v -0.39526137709600001 -0.31631278991700001 0.48357954621299998
v -0.406235992908 -0.303196370602 0.46617957949599997
v -0.430058628321 -0.27401927113500002 0.42040503025100001
v -0.441570013762 -0.28044459223700002 0.39898988604500002
v -0.43889412283899998 -0.28847494721400002 0.41264307498899999
v -0.42497259378399999 -0.31122672557800002 0.45092138648000002
v -0.41239291429500002 -0.32702162861799999 0.46136188507100001
v -0.40061315894100002 -0.34147730469699999 0.468587100506
v -0.39178031682999997 -0.35298606753299999 0.47394153475799999
v -0.38294744491600002 -0.36315819621099998 0.47956436872500002
v -0.37438035011300003 -0.381629049778 0.49615916609799998
v -0.376522153616 -0.387249261141 0.49910345673599998
v -0.37438035011300003 -0.381629049778 0.49615916609799998
v -0.38294744491600002 -0.36315819621099998 0.47956436872500002
v -0.39178031682999997 -0.35298606753299999 0.47394153475799999
v -0.40061315894100002 -0.34147730469699999 0.468587100506
v -0.41239291429500002 -0.32702162861799999 0.46136188507100001
v -0.42497259378399999 -0.31122672557800002 0.45092138648000002
v -0.43889412283899998 -0.28847494721400002 0.41264307498899999
v -0.441570013762 -0.28044459223700002 0.39898988604500002
v -0.430058628321 -0.27401927113500002 0.42040503025100001
v -0.406235992908 -0.303196370602 0.46617957949599997
v -0.39526137709600001 -0.31631278991700001 0.48357954621299998
v -0.38482084870299998 -0.32889506220800002 0.49723008275000002
v -0.368491798639 -0.35111269354800001 0.51007813215300002
v -0.34921845793700002 -0.37493795156499998 0.52453380823100004
v -0.32887420058299999 -0.38564422726600001 0.540060281754
v -0.30960085988000002 -0.38216316700000003 0.53872102498999996
v -0.31950721144700001 -0.358340531588 0.51329076290099995
v -0.33529952168499999 -0.33505198359499999 0.50151360034900005
v -0.35002094507199999 -0.31149509549100002 0.49080738425300002
v -0.35831966996199999 -0.29998633265500002 0.47768831253100003
v -0.365279138088 -0.28954583406399997 0.46323528885800003
v -0.38107407093000001 -0.260634481907 0.42790123820300002
v -0.38401836156800001 -0.24805483221999999 0.41585573553999999
v -0.37464872002600003 -0.25287252664600002 0.43271893262900002
v -0.35885643959000002 -0.266257286072 0.47367319464699997
v -0.35002094507199999 -0.27642941474900001 0.49000224471100001
v -0.336638778448 -0.29329261183700001 0.50847309827800002
v -0.32057547569299999 -0.318188786507 0.52881735563300003
v -0.30745908618000001 -0.342011451721 0.54889321327200002
v -0.29174754023600002 -0.34897089004499998 0.56923741102199998
v -0.269717484713 -0.34656336903599999 0.57003992795900005
v -0.26746886968599998 -0.349773436785 0.54862481355699999
v -0.28331592679000001 -0.31925967335700001 0.51917934417699996
v -0.305319905281 -0.28847494721400002 0.49080738425300002
v -0.31682866811799998 -0.25795859098399998 0.48090100288400001
v -0.32298564910900002 -0.24751809239399999 0.46376943588300001
v -0.34172484278699999 -0.21887774765500001 0.42790123820300002
v -0.34306150674800001 -0.19612336158800001 0.39604562520999997
v -0.31415274739299998 -0.19237656891300001 0.41317719221100002
v -0.30165126919700003 -0.201209425926 0.45734673738499998
v -0.29546827077900001 -0.20522458851299999 0.47875922918300001
v -0.28939208388299997 -0.21405744552600001 0.49723008275000002
v -0.28004854917499999 -0.227710604668 0.51811105012900005
v -0.27113491296800002 -0.24109539389599999 0.538452684879
v -0.26074913144099998 -0.25661933422099997 0.55451595783200003
v -0.25293245911599999 -0.26464968919800003 0.56656152010000005
v -0.241019815207 -0.275626897812 0.57271844148600004
v -0.232429265976 -0.275626897812 0.55263996124299997
v -0.24696311354600001 -0.25421178340900003 0.51730597019199998
v -0.258044570684 -0.239221975207 0.48705795407300001
v -0.26417544484099997 -0.23359915614099999 0.465911179781
v -0.27124175429300001 -0.21405744552600001 0.44315943121899998
v -0.28079894185100002 -0.20522458851299999 0.40434435010000003
v -0.28350353240999998 -0.20790310204000001 0.38694438338300002
v -0.283154368401 -0.21379168331599999 0.35616227984400001
v -0.29048904776599999 -0.216199219227 0.31306362152099998
v -0.28422528505299999 -0.22289292514299999 0.29218527674700001
v -0.270652890205 -0.23681184649500001 0.303428262472
v -0.26010558009099999 -0.24618144333399999 0.316810458899
v -0.245196536183 -0.25180163979499998 0.33929643034899998
v -0.22720772028 -0.25501430034599998 0.35749891400299999
v -0.20900526642799999 -0.25876110792200002 0.37195459008199999
v -0.19829900562800001 -0.26545479893700002 0.381055831909
v -0.18413776159299999 -0.26759657263800002 0.38988867402100003
v -0.172225132585 -0.27696356177300002 0.39765325188599998
v -0.17402036488100001 -0.28178384900100001 0.392298847437
v -0.18745724856900001 -0.28499391675000002 0.37222295999499999
v -0.20317141711700001 -0.28285214304900003 0.35509136319200002
v -0.22581635415599999 -0.28124710917500001 0.32966110110300001
v -0.24765878915799999 -0.27723193168600002 0.296466201544
v -0.26554077863699999 -0.27375090122200002 0.265684068203
v -0.28644779324500003 -0.26411554217299998 0.238914519548
v -0.324590653181 -0.243502929807 0.207864031196
v -0.376522153616 -0.21646760404099999 0.18885906040700001
v -0.414266347885 -0.16587537527099999 0.134520024061
v -0.44585356116300001 -0.116622410715 0.075092338025600003
v -0.49296477437000003 -0.057194717228399999 0.0271786302328
v -0.53954184055300003 -0.0087442705407700001 -0.0266262516379
v -0.58906316757199995 0.026858147233699999 -0.084446303546399995
v -0.620650410652 0.059513669461 -0.15324099361900001
v -0.65089833736400005 0.071827560663199994 -0.20704586803899999
v -0.67418694496200005 0.097526237368599999 -0.24987612664700001
v -0.68730330467199996 0.161769002676 -0.25228369235999998
v -0.68784004449799996 0.231366217136 -0.24693183600900001
v -0.68837422132500004 0.31702670454999998 -0.255496323109
v -0.68997919559499998 0.39733275771100002 -0.26647096872300002
v -0.67954134941099997 0.472281813622 -0.26673933863600002
v -0.66722744703299997 0.54991197586100005 -0.26995199918700002
v -0.64527821540800001 0.63289391994499999 -0.276911437511
v -0.61609846353499997 0.71587592363399999 -0.28949370980299999
v -0.58718979358699996 0.78279721736899999 -0.30983534455299999
v -0.54435950517700005 0.841685533524 -0.33151882886900003
v -0.496711552143 0.86845511198000003 -0.34249347448299999
v -0.44264090061200001 0.87648540735199998 -0.349213242531
v -0.38883602619199997 0.86577916145300005 -0.35071143508000002
v -0.336102038622 0.84436404705000001 -0.34899958968200001
v -0.287919938564 0.82830339670200004 -0.34980207681699999
v -0.240245968103 0.81759446859399998 -0.34329599142099998
v -0.20707975328 0.841685533524 -0.33125045895600003
v -0.18341602385 0.87916135788000005 -0.316260665655
v -0.166417330503 0.91396129131299997 -0.30662527680399998
v -0.15214926004400001 0.95143705606499995 -0.29859495162999999
v -0.14864218235000001 0.97017365694000002 -0.26432919502300001
v -0.16084924340199999 1.0049735307700001 -0.25228369235999998
v -0.15860064327699999 1.0504797697099999 -0.20677751302700001
v -0.166391268373 1.0906314849900001 -0.18750414252299999
v -0.16499990224800001 1.0986644029599999 -0.171980202198
v -0.18272034823899999 1.0906314849900001 -0.182152315974
v -0.196451663971 1.0986644029599999 -0.190985202789
v -0.20357266068499999 1.0959858894300001 -0.18563075363600001
v -0.21489383280300001 1.10401630402 -0.193126961589
v -0.225709527731 1.12007701397 -0.201157301664
v -0.238719105721 1.1414921283699999 -0.199818044901
v -0.248596802354 1.16826164722 -0.19526873529
v -0.25119194388400001 1.1896767616299999 -0.18750414252299999
v -0.251113772392 1.21108925343 -0.17492449283600001
v -0.24324236810200001 1.2298284769100001 -0.17278271913500001
v -0.22495912015399999 1.2378587722800001 -0.16127134859600001
v -0.21939103305300001 1.2325043678300001 -0.16234223544599999
v -0.205125585198 1.21376776695 -0.15431188046899999
v -0.20614175498500001 1.2271525859800001 -0.15805868804500001
v -0.21045134961600001 1.25391960144 -0.155651137233
v -0.20753312110899999 1.2967497110399999 -0.146281525493
v -0.20828351378400001 1.3636710643800001 -0.152438476682
v -0.19334582984400001 1.41452896595 -0.170106813312
v -0.15485383570200001 1.470744133 -0.20410159230200001
v -0.107661873102 1.50286543369 -0.240774899721
v -0.069195948541199995 1.5135743617999999 -0.26834437251100002
v -0.026949342340200001 1.5108958482699999 -0.292703777552
v 0.0299822166562 1.4921592474000001 -0.32322013378100001
v 0.085126362740999995 1.4466531276700001 -0.34998968243599998
v 0.11534567922400001 1.4011467695199999 -0.36136555671699999
v 0.13146108388899999 1.33690154552 -0.36511239409399998
v 0.131435036659 1.2913953065899999 -0.37641009688400001
v 0.13181023299700001 1.26730430126 -0.37611567974100002
v 0.137109950185 1.25391960144 -0.37517765164400002
v 0.14120589196700001 1.2726587057100001 -0.37616780400299998
v 0.14722734689700001 1.2780106067699999 -0.37675663828799999
v 0.15466883778599999 1.2780106067699999 -0.37967485189400002
v 0.16071896255000001 1.26998019218 -0.38500323891600002
v 0.149288356304 1.26998019218 -0.382968306541
v 0.14556761086 1.25927400589 -0.384172052145
v 0.147683337331 1.24321329594 -0.38725185394299999
v 0.13250592351000001 1.21644365788 -0.381040155888
v 0.12757880985699999 1.17093753815 -0.36902070045500002
v 0.14428307116 1.1629071235699999 -0.36819216608999999
v 0.14744101464699999 1.1575527191199999 -0.37421360611900001
v 0.142490446568 1.1227555275000001 -0.37033390998799998
v 0.134272485971 1.11472511292 -0.36760330200199998
v 0.12546569109 1.12007701397 -0.35191518068299998
v 0.119095087051 1.11472511292 -0.350390940905
v 0.11641657352400001 1.0906314849900001 -0.33981755375900002
v 0.107234567404 1.0531582832299999 -0.34142258763299999
v 0.106273107231 1.0183583498 -0.330984711647
v 0.092995159327999996 0.98355847597099999 -0.32696953415899999
v 0.085420787334400006 0.95679152011900004 -0.333392262459
v 0.10075712949 0.91931569576299998 -0.328037828207
v 0.11855833977499999 0.88183987140700004 -0.32616442441900001
v 0.14334507286500001 0.841685533524 -0.333392262459
v 0.17704804241700001 0.81224262714399997 -0.34249347448299999
v 0.22897951304899999 0.81224262714399997 -0.35253271460500002
v 0.28331854939500001 0.82294887304300002 -0.355664610863
v 0.33391073346099998 0.83097928762399997 -0.361258745193
v 0.38423460722000002 0.83097928762399997 -0.36267617344899999
v 0.43643447756800002 0.81759446859399998 -0.35507577657700001
v 0.49371775984799998 0.77744275331500001 -0.37354657053899998
v 0.53333532810200002 0.71587592363399999 -0.34249347448299999
v 0.55903142690700003 0.64895462989800001 -0.310640484095
v 0.582856714725 0.57132709026299999 -0.281460762024
v 0.60025668144199995 0.49102103710200001 -0.25629884004600001
v 0.61042881012000005 0.41606938839000002 -0.23783060908299999
v 0.61845910549200001 0.34111773967699999 -0.22337494790599999
v 0.61230218410500004 0.26884201168999999 -0.19714213907700001
v 0.60667937993999999 0.18853856623199999 -0.17278271913500001
v 0.61470967531200005 0.11358691752 -0.15779291093299999
v 0.61926162242899996 0.041311204433400001 -0.13718029856700001
v 0.61872488260299996 -0.034442942589500002 -0.10345128178599999
v 0.61631733179100001 -0.108857832849 -0.067046351730799994
v 0.61578059196500001 -0.18273857235900001 -0.036264229565900002
v 0.59650725126299997 -0.25421178340900003 0.000409073458286
v 0.57991242408800003 -0.33317860961000001 0.0290520302951
v 0.56331497430800004 -0.413482069969 0.0534114427865
v 0.56090742349599998 -0.49351975321800001 0.077502481639400003
v 0.55475050210999999 -0.57248651981400001 0.103198543191
v 0.54645174741699998 -0.63003826141399999 0.12836307287199999
v 0.56786686182000001 -0.67688369750999999 0.157540172338
v 0.60105913877499995 -0.728278398514 0.190198302269
v 0.60587686300300003 -0.76843273639700005 0.20063619315600001
v 0.60507434606599997 -0.79439717531200005 0.20036780834199999
v 0.62354516982999997 -0.82999962568300001 0.20732988417100001
v 0.63318055868099998 -0.850612223148 0.21187919378299999
v 0.64308428764299996 -0.87229305505800003 0.21402096748400001
v 0.65272223949399999 -0.91298156976699996 0.20250958204300001
v 0.68082851171500003 -0.95768523216199997 0.17761604487900001
v 0.66396528482399997 -0.95500671863599995 0.19929954409600001
v 0.66102099418600002 -0.92529547214499996 0.21295009553399999
v 0.66637283563600003 -0.88996142149000002 0.218304514885
v 0.65780836343799998 -0.86426275968599997 0.219107031822
v 0.64817035198200001 -0.84151095151900002 0.21857027709499999
v 0.63639318943000001 -0.82089835405300005 0.213218450546
v 0.61524647474299998 -0.78288584947600004 0.20732988417100001
v 0.62568694353099996 -0.75424540042900001 0.19876278936899999
v 0.64415520429600004 -0.74862265586900001 0.183236241341
v 0.66396528482399997 -0.78208327293400004 0.171459108591
v 0.68725377321199999 -0.82143253088000001 0.17520590126499999
v 0.678152620792 -0.85034382343299997 0.16182371974000001
v 0.67360067367599996 -0.87791329622299996 0.14228199422400001
v 0.69073218107199996 -0.92235118150700002 0.11096312850700001
v 0.69448161125200003 -0.96678644418699999 0.102396026254
v 0.70625877380400004 -0.97776108980200005 0.116851702332
v 0.69448161125200003 -0.96678644418699999 0.102396026254
v 0.70920306444199999 -0.94081944227199998 0.11069475114299999
v 0.70732969045600003 -0.90869802236599995 0.121135249734
v 0.70759803056699999 -0.87416648864699997 0.130770623684
v 0.70625877380400004 -0.84606027603099998 0.13532254099800001
v 0.70277780294400005 -0.82518196105999997 0.136125043035
v 0.68778795003899995 -0.78235167264899996 0.13023647665999999
v 0.68323862552600001 -0.763346672058 0.125952929258
v 0.68805629015000003 -0.77913898229599998 0.119527608156
v 0.69796001911200001 -0.82571601867699995 0.11016061157
v 0.70170944929099999 -0.844186902046 0.108018837869
v 0.69903093576399999 -0.86292350292200004 0.082051798701299999
v 0.692874014378 -0.899062693119 0.069740511477
v 0.70224362611799995 -0.93948274850799995 0.0488595217466
v 0.71428912877999995 -0.94322955608400005 0.061975929886099998
v 0.71777015924499998 -0.93466246128099995 0.070543020963700007
v 0.72820806503299995 -0.90468281507500004 0.076699964702099999
v 0.73383080959299996 -0.87684500217399997 0.087674602866200005
v 0.73730927705799998 -0.85301971435500001 0.095973320305299994
v 0.735972642899 -0.83267551660500005 0.098917610943299997
v 0.733294129372 -0.80590850114799994 0.101593516767
v 0.72205114364599998 -0.74514424800900003 0.101325146854
v 0.71964353322999997 -0.71141517162300005 0.088745489716499995
v 0.73516756296200003 -0.70311647653599996 0.069472134113299999
v 0.73918265104299996 -0.70498985052100005 0.0475202649832
v 0.75096243619900005 -0.72426319122299998 0.0563557296991
v 0.75819027423899998 -0.77351874113100005 0.073487304151099997
v 0.74346625804900002 -0.80724519491199997 0.067061990499499999
v 0.73704349994700002 -0.82999962568300001 0.059300016611799997
v 0.73142069578199997 -0.84713113307999999 0.053143069148099999
v 0.727405548096 -0.86105006933200001 0.0483253821731
v 0.71884107589699997 -0.87978929281200002 0.0400266647339
v 0.71777015924499998 -0.88567781448399996 0.035474743694100003
v 0.72071444988300004 -0.88915634155300005 0.030388683080699998
v 0.72660303115799996 -0.88755124807399999 0.0269102584571
v 0.73222321271900004 -0.88193106651300002 0.027981143444799999
v 0.73490172624600003 -0.87470322847399995 0.033601347357000003
v 0.74293208122300003 -0.86667287349699995 0.035208977758900001
v 0.74748140573499999 -0.85328811407100003 0.038419030606700003
v 0.75417506694799996 -0.83454889059100001 0.043505091220100003
v 0.76059782504999995 -0.80778193473799997 0.052606325596600001
v 0.76140290498700003 -0.78101241588600001 0.057158242911099999
v 0.74801814556099999 -0.73604297637899996 0.043773461133199999
v 0.73570424318299998 -0.71623289585100003 0.034672230482099997
v 0.71455746889100002 -0.69107091426800005 0.0183431655169
v 0.68939560651800003 -0.66456973552700005 0.0017483329866100001
v 0.672529757023 -0.63592940568900003 -0.0132440775633
v 0.60908955335600001 -0.60220038890799998 -0.0127073321491
v 0.58714026212699999 -0.54491704702400001 -0.060086894780400003
v 0.558497309685 -0.47852995991699998 -0.098633594810999994
v 0.55635547637899996 -0.40224164724299999 -0.13985621929200001
v 0.55769479274699996 -0.32541400194199999 -0.18081305921099999
v 0.53306698799100005 -0.24457380175599999 -0.20383322238900001
v 0.536011278629 -0.17122979462099999 -0.24345080554500001
v 0.53012269735299999 -0.094136402010899997 -0.273164659739
v 0.51861131191300003 -0.015169589780300001 -0.296184808016
v 0.50014311075200002 0.059245299547899997 -0.30903285741800002
v 0.48247474431999998 0.132323533297 -0.322417616844
v 0.47953045368199998 0.18853856623199999 -0.34303021431000003
v 0.47685459256200002 0.24207505583799999 -0.36425775289500001
v 0.46587991714499999 0.295611590147 -0.37565970420799999
v 0.45169264078100002 0.34647217392899998 -0.38615229725799999
v 0.43134838342699999 0.40000867843600002 -0.39905503392199998
v 0.41180667281200001 0.34647217392899998 -0.38577967882199998
v 0.40350794792200001 0.30631783604599999 -0.39102470874799999
v 0.39547762274699999 0.26884201168999999 -0.39579027891200003
v 0.38584223389599998 0.228690296412 -0.39822646975499998
v 0.37593588233000003 0.18853856623199999 -0.401572018862
v 0.36362460255599999 0.14570832252499999 -0.41078007221200002
v 0.35211321711499999 0.102878056467 -0.42092615366000002
v 0.34140694141400002 0.050146672874700003 -0.42986580729500001
v 0.33203735947599999 -0.0025873244740099999 -0.43749493360500002
v 0.32132849097299998 -0.059336490929099997 -0.44474881887399997
v 0.31356650590899998 -0.11688817292500001 -0.450905740261
v 0.31249561905899997 -0.176581636071 -0.45529612898799998
v 0.31731331348399999 -0.23600932955699999 -0.46013987064400003
v 0.329358845949 -0.30480399727800001 -0.42325291037599999
v 0.333108246326 -0.37118855118799998 -0.38872396945999999
v 0.32159686088599998 -0.43382629752200003 -0.36447140574499998
v 0.30393114686 -0.48763117194200001 -0.35089904069900002
v 0.31597667932500001 -0.52805131673799999 -0.352425903082
v 0.33230310678500002 -0.56525874137900001 -0.34329599142099998
v 0.35318413376800001 -0.59256243705699996 -0.32134672999399999
v 0.37486499548000002 -0.61076492071199995 -0.291098743677
v 0.40270546078699998 -0.62254464626299999 -0.24211153388000001
v 0.42626234888999998 -0.62548893690100005 -0.18884341418700001
v 0.44847998023000002 -0.62441802024799997 -0.119246207178
v 0.463469773531 -0.62067121267299996 -0.047507233917700002
v 0.47150012850799999 -0.61719018220900002 0.040829177945899998
v 0.47337353229500001 -0.61772692203500001 0.12943395972300001
v 0.47176849842099999 -0.62896996736499999 0.22071205079600001
v 0.46828749775900003 -0.64529639482500001 0.31092184781999999
v 0.46561157703400002 -0.66323310136799996 0.40140005946200003
v 0.46400395035699998 -0.68518233299300002 0.49107313156100002
v 0.46561157703400002 -0.71248602867099997 0.57914113998399996
v 0.469358354807 -0.74380499124499999 0.66586995124799997
v 0.47872796654700001 -0.77458965778400002 0.76544934511200002
v 0.48194062709800001 -0.82357430458100001 0.85324901342399995
v 0.46400395035699998 -0.923687815666 0.912408292294
v 0.43509522080399998 -1.03825700283 0.93703615665399997
v 0.40511557459800002 -1.13649725914 0.92846906185199995
v 0.37138655781699997 -1.2333980798699999 0.90651977062199995
v 0.33953094482399998 -1.3185218572599999 0.892600893974
v 0.30473366379700001 -1.4028429984999999 0.87921601533899996
v 0.266186952591 -1.4863593578300001 0.86690217256500002
v 0.22606126964100001 -1.5693411827099999 0.85673010349300005
v 0.18387460708600001 -1.6571434736299999 0.84977060556399997
v 0.14058838784700001 -1.7444064617199999 0.84843134880100002
v 0.087132640183000001 -1.8463959693900001 0.85539084672900001
v 0.032926503568899999 -1.9470437765099999 0.87171983718900004
v 0.0400475077331 -2.0388584136999999 0.92017030715899994
v 0.071955233812299998 -2.1154177188899999 0.993248522282
v 0.054797600954799998 -2.14994931221 1.0309927463499999
v 0.028054099530000001 -2.15985321999 1.0510686636
v 0.0057296338491099998 -2.20134401321 1.09470140934
v 0.0159017536789 -2.2318603992499999 1.14074170589
v -0.037509687244900003 -2.23105788231 1.1621568202999999
v -0.043033484369499997 -2.2615716457400001 1.1605517864199999
v -0.106028191745 -2.2562198638900002 1.1324455738100001
v -0.095321930944900005 -2.2564854621900001 1.09014940262
v -0.113615587354 -2.2385516166700001 1.02577126026
v -0.10845656693 -2.1890301704400001 0.93328672647499999
v -0.061824806034599999 -2.1400454044299999 0.82541114091900003
v -0.072059459984299995 -2.0830278396600002 0.70334571599999995
v -0.076957918703599998 -2.03966355324 0.62357646226899999
v -0.070827029645399997 -2.0155725479100002 0.633748590946
v -0.062744565308100006 -1.98666119576 0.64258402585999996
v -0.045313350856299998 -1.9403526783 0.682199060917
v -0.025482408702400001 -1.87931978703 0.67738127708399998
v 0.0063992636278300003 -1.78777348995 0.66506743431100002
v 0.0373168773949 -1.69595599174 0.65275353193300001
v 0.067108884453800005 -1.6028017997699999 0.63963711261699996
v 0.096366755664300002 -1.5093820095099999 0.627057433128
v 0.124152489007 -1.41997480392 0.61474359035500004
v 0.15308986604200001 -1.3305673599200001 0.607247412205
v 0.18245455622699999 -1.24838793278 0.60858666896799996
v 0.213346138597 -1.1675477027900001 0.61982965469399998
v 0.24209591746299999 -1.09580874443 0.64284980297100003
v 0.27234390378000001 -1.02808499336 0.67523956298800003
v 0.29375901818299999 -0.995161056519 0.70977109670600003
v 0.30928298831000001 -0.96357381343799997 0.72047990560499997
v 0.297774195671 -0.96919399499900005 0.68273574113799995
v 0.27555656433100001 -0.99730283021900001 0.63856881856900005
v 0.251462906599 -1.00479638577 0.55371087789499995
v 0.23138703405899999 -1.00265467167 0.466982066631
v 0.21251495182499999 -0.99730283021900001 0.37704062461900001
v 0.19610771536800001 -0.98980665206899998 0.28656247258200002
v 0.17980471253399999 -0.98177623748800003 0.18591476976900001
v 0.166367813945 -0.97615349292800002 0.0844619423151
v 0.101854071021 -0.95714843273200001 -0.082304529845699997
v 0.049067966640000002 -0.93385994434399999 -0.250678628683
v -0.016857994720300001 -0.90816384553899998 -0.41554567217799998
v -0.062754996120900006 -0.89236897230099999 -0.37370553612700003
v -0.0963641554117 -0.90762716531800003 -0.41235905885700003
v -0.149819895625 -0.93305742740599995 -0.24345080554500001
v -0.21545663475999999 -0.95848768949499996 -0.077755220234399999
v -0.24420642852800001 -0.94992059469199996 0.073755681514699994
v -0.26845899224300002 -0.95527505874600005 0.17601101100399999
v -0.296432346106 -0.96517878770800003 0.277195453644
v -0.32378813624399999 -0.977224290371 0.36445841193200001
v -0.35430449247399998 -0.98873573541600002 0.45065301656700002
v -0.38883602619199997 -0.99542683362999995 0.53417176008199996
v -0.42684596777 -0.99569517374000005 0.61634862422900005
v -0.45950412750199998 -0.97428005933799999 0.66586995124799997
v -0.47958001494399999 -0.97481679916399999 0.70923691988000004
v -0.46271678805400002 -1.01041924953 0.707897663116
v -0.43594720959700001 -1.04923176765 0.68701928854000005
v -0.399810671806 -1.11588466167 0.67256361246100005
v -0.365815877914 -1.1846792697899999 0.66373080015200003
v -0.33262360095999999 -1.26471698284 0.66453331708899999
v -0.30349862575499997 -1.3463623523699999 0.67256361246100005
v -0.27790677547499998 -1.43550121784 0.68916106224100004
v -0.25480586290399998 -1.52464008331 0.70977109670600003
v -0.23028747737399999 -1.618060112 0.730383694172
v -0.204964026809 -1.7109458446500001 0.75179886817899999
v -0.176670223475 -1.80356562138 0.77428221702599997
v -0.14770677685700001 -1.8956489563000001 0.79783910512900003
v -0.13761542737499999 -1.8905628919599999 0.82353782653800001
v -0.123962283134 -1.97809672356 0.87894767522799999
v -0.14497615396999999 -2.06991147995 0.95925372839
v -0.159163445234 -2.1379036903399999 1.0580279827100001
v -0.184432193637 -2.2005414962800001 1.16965305805
v -0.22003461420500001 -2.2500627040899999 1.2611994743299999
v -0.28904294967700001 -2.2588956356000001 1.26601982117
v -0.22003461420500001 -2.2500627040899999 1.2611994743299999
v -0.184432193637 -2.2005414962800001 1.16965305805
v -0.159163445234 -2.1379036903399999 1.0580279827100001
v -0.14497615396999999 -2.06991147995 0.95925372839
v -0.123962283134 -1.97809672356 0.87894767522799999
v -0.13761542737499999 -1.8905628919599999 0.82353782653800001
v -0.14770677685700001 -1.8956489563000001 0.79783910512900003
v -0.176670223475 -1.80356562138 0.77428221702599997
v -0.204964026809 -1.7109458446500001 0.75179886817899999
v -0.23028747737399999 -1.618060112 0.730383694172
v -0.25480586290399998 -1.52464008331 0.70977109670600003
v -0.27790677547499998 -1.43550121784 0.68916106224100004
v -0.30349862575499997 -1.3463623523699999 0.67256361246100005
v -0.33262360095999999 -1.26471698284 0.66453331708899999
v -0.365815877914 -1.1846792697899999 0.66373080015200003
v -0.399810671806 -1.11588466167 0.67256361246100005
v -0.43594720959700001 -1.04923176765 0.68701928854000005
v -0.46271678805400002 -1.01041924953 0.707897663116
v -0.47958001494399999 -0.97481679916399999 0.70923691988000004
v -0.45950412750199998 -0.97428005933799999 0.66586995124799997
v -0.42684596777 -0.99569517374000005 0.61634862422900005
v -0.38883602619199997 -0.99542683362999995 0.53417176008199996
v -0.35430449247399998 -0.98873573541600002 0.45065301656700002
v -0.32378813624399999 -0.977224290371 0.36445841193200001
v -0.296432346106 -0.96517878770800003 0.277195453644
v -0.26845899224300002 -0.95527505874600005 0.17601101100399999
v -0.24420642852800001 -0.94992059469199996 0.073755681514699994
v -0.21545663475999999 -0.95848768949499996 -0.077755220234399999
v -0.149819895625 -0.93305742740599995 -0.24345080554500001
v -0.0963641554117 -0.90762716531800003 -0.41235905885700003
v -0.062754996120900006 -0.89236897230099999 -0.37370553612700003
v -0.016857994720300001 -0.90816384553899998 -0.41554567217799998
v 0.049067966640000002 -0.93385994434399999 -0.250678628683
v 0.101854071021 -0.95714843273200001 -0.082304529845699997
v 0.166367813945 -0.97615349292800002 0.0844619423151
v 0.17980471253399999 -0.98177623748800003 0.18591476976900001
v 0.19610771536800001 -0.98980665206899998 0.28656247258200002
v 0.21251495182499999 -0.99730283021900001 0.37704062461900001
v 0.23138703405899999 -1.00265467167 0.466982066631
v 0.251462906599 -1.00479638577 0.55371087789499995
v 0.27555656433100001 -0.99730283021900001 0.63856881856900005
v 0.297774195671 -0.96919399499900005 0.68273574113799995
v 0.30928298831000001 -0.96357381343799997 0.72047990560499997
v 0.29375901818299999 -0.995161056519 0.70977109670600003
v 0.27234390378000001 -1.02808499336 0.67523956298800003
v 0.24209591746299999 -1.09580874443 0.64284980297100003
v 0.213346138597 -1.1675477027900001 0.61982965469399998
v 0.18245455622699999 -1.24838793278 0.60858666896799996
v 0.15308986604200001 -1.3305673599200001 0.607247412205
v 0.124152489007 -1.41997480392 0.61474359035500004
v 0.096366755664300002 -1.5093820095099999 0.627057433128
v 0.067108884453800005 -1.6028017997699999 0.63963711261699996
v 0.0373168773949 -1.69595599174 0.65275353193300001
v 0.0063992636278300003 -1.78777348995 0.66506743431100002
v -0.025482408702400001 -1.87931978703 0.67738127708399998
v -0.045313350856299998 -1.9403526783 0.682199060917
v -0.062744565308100006 -1.98666119576 0.64258402585999996
v -0.070827029645399997 -2.0155725479100002 0.633748590946
v -0.076957918703599998 -2.03966355324 0.62357646226899999
v -0.072059459984299995 -2.0830278396600002 0.70334571599999995
v -0.061824806034599999 -2.1400454044299999 0.82541114091900003
v -0.10845656693 -2.1890301704400001 0.93328672647499999
v -0.113615587354 -2.2385516166700001 1.02577126026
v -0.095321930944900005 -2.2564854621900001 1.09014940262
v -0.106028191745 -2.2562198638900002 1.1324455738100001
v -0.043033484369499997 -2.2615716457400001 1.1605517864199999
v -0.037509687244900003 -2.23105788231 1.1621568202999999
v 0.0159017536789 -2.2318603992499999 1.14074170589
v 0.0057296338491099998 -2.20134401321 1.09470140934
v 0.028054099530000001 -2.15985321999 1.0510686636
v 0.054797600954799998 -2.14994931221 1.0309927463499999
v 0.071955233812299998 -2.1154177188899999 0.993248522282
v 0.0400475077331 -2.0388584136999999 0.92017030715899994
v 0.032926503568899999 -1.9470437765099999 0.87171983718900004
v 0.087132640183000001 -1.8463959693900001 0.85539084672900001
v 0.14058838784700001 -1.7444064617199999 0.84843134880100002
v 0.18387460708600001 -1.6571434736299999 0.84977060556399997
v 0.22606126964100001 -1.5693411827099999 0.85673010349300005
v 0.266186952591 -1.4863593578300001 0.86690217256500002
v 0.30473366379700001 -1.4028429984999999 0.87921601533899996
v 0.33953094482399998 -1.3185218572599999 0.892600893974
v 0.37138655781699997 -1.2333980798699999 0.90651977062199995
v 0.40511557459800002 -1.13649725914 0.92846906185199995
v 0.43509522080399998 -1.03825700283 0.93703615665399997
v 0.46400395035699998 -0.923687815666 0.912408292294
v 0.48194062709800001 -0.82357430458100001 0.85324901342399995
v 0.47872796654700001 -0.77458965778400002 0.76544934511200002
v 0.469358354807 -0.74380499124499999 0.66586995124799997
v 0.46561157703400002 -0.71248602867099997 0.57914113998399996
v 0.46400395035699998 -0.68518233299300002 0.49107313156100002
v 0.46561157703400002 -0.66323310136799996 0.40140005946200003
v 0.46828749775900003 -0.64529639482500001 0.31092184781999999
v 0.47176849842099999 -0.62896996736499999 0.22071205079600001
v 0.47337353229500001 -0.61772692203500001 0.12943395972300001
v 0.47150012850799999 -0.61719018220900002 0.040829177945899998
v 0.463469773531 -0.62067121267299996 -0.047507233917700002
v 0.44847998023000002 -0.62441802024799997 -0.119246207178
v 0.42626234888999998 -0.62548893690100005 -0.18884341418700001
v 0.40270546078699998 -0.62254464626299999 -0.24211153388000001
v 0.37486499548000002 -0.61076492071199995 -0.291098743677
v 0.35318413376800001 -0.59256243705699996 -0.32134672999399999
v 0.33230310678500002 -0.56525874137900001 -0.34329599142099998
v 0.31597667932500001 -0.52805131673799999 -0.352425903082
v 0.30393114686 -0.48763117194200001 -0.35089904069900002
v 0.32159686088599998 -0.43382629752200003 -0.36447140574499998
v 0.333108246326 -0.37118855118799998 -0.38872396945999999
v 0.329358845949 -0.30480399727800001 -0.42325291037599999
v 0.31731331348399999 -0.23600932955699999 -0.46013987064400003
v 0.31249561905899997 -0.176581636071 -0.45529612898799998
v 0.31356650590899998 -0.11688817292500001 -0.450905740261
v 0.32132849097299998 -0.059336490929099997 -0.44474881887399997
v 0.33203735947599999 -0.0025873244740099999 -0.43749493360500002
v 0.34140694141400002 0.050146672874700003 -0.42986580729500001
v 0.35211321711499999 0.102878056467 -0.42092615366000002
v 0.36362460255599999 0.14570832252499999 -0.41078007221200002
v 0.37593588233000003 0.18853856623199999 -0.401572018862
v 0.38584223389599998 0.228690296412 -0.39822646975499998
v 0.39547762274699999 0.26884201168999999 -0.39579027891200003
v 0.40350794792200001 0.30631783604599999 -0.39102470874799999
v 0.41180667281200001 0.34647217392899998 -0.38577967882199998
v 0.43134838342699999 0.40000867843600002 -0.39905503392199998
v 0.45169264078100002 0.34647217392899998 -0.38615229725799999
v 0.46587991714499999 0.295611590147 -0.37565970420799999
v 0.47685459256200002 0.24207505583799999 -0.36425775289500001
v 0.47953045368199998 0.18853856623199999 -0.34303021431000003
v 0.48247474431999998 0.132323533297 -0.322417616844
v 0.50014311075200002 0.059245299547899997 -0.30903285741800002
v 0.51861131191300003 -0.015169589780300001 -0.296184808016
v 0.53012269735299999 -0.094136402010899997 -0.273164659739
v 0.536011278629 -0.17122979462099999 -0.24345080554500001
v 0.53306698799100005 -0.24457380175599999 -0.20383322238900001
v 0.55769479274699996 -0.32541400194199999 -0.18081305921099999
v 0.55635547637899996 -0.40224164724299999 -0.13985621929200001
v 0.558497309685 -0.47852995991699998 -0.098633594810999994
v 0.58714026212699999 -0.54491704702400001 -0.060086894780400003
v 0.60908955335600001 -0.60220038890799998 -0.0127073321491
v 0.672529757023 -0.63592940568900003 -0.0132440775633
v 0.68939560651800003 -0.66456973552700005 0.0017483329866100001
v 0.71455746889100002 -0.69107091426800005 0.0183431655169
v 0.73570424318299998 -0.71623289585100003 0.034672230482099997
v 0.74801814556099999 -0.73604297637899996 0.043773461133199999
v 0.76140290498700003 -0.78101241588600001 0.057158242911099999
v 0.76059782504999995 -0.80778193473799997 0.052606325596600001
v 0.75417506694799996 -0.83454889059100001 0.043505091220100003
v 0.74748140573499999 -0.85328811407100003 0.038419030606700003
v 0.74293208122300003 -0.86667287349699995 0.035208977758900001
v 0.73490172624600003 -0.87470322847399995 0.033601347357000003
v 0.73222321271900004 -0.88193106651300002 0.027981143444799999
v 0.72660303115799996 -0.88755124807399999 0.0269102584571
v 0.72071444988300004 -0.88915634155300005 0.030388683080699998
v 0.71777015924499998 -0.88567781448399996 0.035474743694100003
v 0.71884107589699997 -0.87978929281200002 0.0400266647339
v 0.727405548096 -0.86105006933200001 0.0483253821731
v 0.73142069578199997 -0.84713113307999999 0.053143069148099999
v 0.73704349994700002 -0.82999962568300001 0.059300016611799997
v 0.74346625804900002 -0.80724519491199997 0.067061990499499999
v 0.75819027423899998 -0.77351874113100005 0.073487304151099997
v 0.75096243619900005 -0.72426319122299998 0.0563557296991
v 0.73918265104299996 -0.70498985052100005 0.0475202649832
v 0.73516756296200003 -0.70311647653599996 0.069472134113299999
v 0.71964353322999997 -0.71141517162300005 0.088745489716499995
v 0.72205114364599998 -0.74514424800900003 0.101325146854
v 0.733294129372 -0.80590850114799994 0.101593516767
v 0.735972642899 -0.83267551660500005 0.098917610943299997
v 0.73730927705799998 -0.85301971435500001 0.095973320305299994
v 0.73383080959299996 -0.87684500217399997 0.087674602866200005
v 0.72820806503299995 -0.90468281507500004 0.076699964702099999
v 0.71777015924499998 -0.93466246128099995 0.070543020963700007
v 0.71428912877999995 -0.94322955608400005 0.061975929886099998
v 0.70224362611799995 -0.93948274850799995 0.0488595217466
v 0.692874014378 -0.899062693119 0.069740511477
v 0.69903093576399999 -0.86292350292200004 0.082051798701299999
v 0.70170944929099999 -0.844186902046 0.108018837869
v 0.69796001911200001 -0.82571601867699995 0.11016061157
v 0.68805629015000003 -0.77913898229599998 0.119527608156
v 0.68323862552600001 -0.763346672058 0.125952929258
v 0.68778795003899995 -0.78235167264899996 0.13023647665999999
v 0.70277780294400005 -0.82518196105999997 0.136125043035
v 0.70625877380400004 -0.84606027603099998 0.13532254099800001
v 0.70759803056699999 -0.87416648864699997 0.130770623684
v 0.70732969045600003 -0.90869802236599995 0.121135249734
v 0.70920306444199999 -0.94081944227199998 0.11069475114299999
v 0.69448161125200003 -0.96678644418699999 0.102396026254
v 0.69073218107199996 -0.92235118150700002 0.11096312850700001
v 0.67360067367599996 -0.87791329622299996 0.14228199422400001
v 0.678152620792 -0.85034382343299997 0.16182371974000001
v 0.68725377321199999 -0.82143253088000001 0.17520590126499999
v 0.66396528482399997 -0.78208327293400004 0.171459108591
v 0.64415520429600004 -0.74862265586900001 0.183236241341
v 0.62568694353099996 -0.75424540042900001 0.19876278936899999
v 0.61524647474299998 -0.78288584947600004 0.20732988417100001
v 0.63639318943000001 -0.82089835405300005 0.213218450546
v 0.64817035198200001 -0.84151095151900002 0.21857027709499999
v 0.65780836343799998 -0.86426275968599997 0.219107031822
v 0.66637283563600003 -0.88996142149000002 0.218304514885
v 0.66102099418600002 -0.92529547214499996 0.21295009553399999
v 0.66396528482399997 -0.95500671863599995 0.19929954409600001
v 0.68082851171500003 -0.95768523216199997 0.17761604487900001
v 0.692071437836 -0.93493086099599998 0.18270209431600001
v 0.687522172928 -0.90414869785300001 0.18885906040700001
v 0.66798043251000006 -0.88005506992299998 0.189661562443
v 0.632109642029 -0.858642578125 0.19929954409600001
v 0.621937513351 -0.83963495492899998 0.19314260780799999
v 0.60346931219099997 -0.80644267797500002 0.183236241341
v 0.59490221738799998 -0.78235167264899996 0.192071706057
v 0.572952985764 -0.76441758871099996 0.178418546915
v 0.54886192083399998 -0.73256194591500001 0.16128697991400001
v 0.53842139244099996 -0.73925566673300003 0.14977559447300001
v 0.53360372781800003 -0.75156688690200002 0.14362125098699999
v 0.53627961873999996 -0.77271634340299999 0.14656554162499999
v 0.54056316614199995 -0.79814392328299999 0.15459589660199999
v 0.53815305232999999 -0.82304012775400004 0.166373044252
v 0.52557337284100003 -0.83856403827699999 0.17199324071399999
v 0.52343159914000004 -0.85409063100799998 0.17279836535500001
v 0.51887965202300002 -0.86908048391299997 0.17895530164199999
v 0.51459616422700005 -0.88540947437299999 0.17734767496600001
v 0.51887965202300002 -0.86908048391299997 0.17895530164199999
v 0.52343159914000004 -0.85409063100799998 0.17279836535500001
v 0.52557337284100003 -0.83856403827699999 0.17199324071399999
v 0.53815305232999999 -0.82304012775400004 0.166373044252
v 0.54056316614199995 -0.79814392328299999 0.15459589660199999
v 0.53627961873999996 -0.77271634340299999 0.14656554162499999
v 0.53360372781800003 -0.75156688690200002 0.14362125098699999
v 0.53842139244099996 -0.73925566673300003 0.14977559447300001
v 0.54886192083399998 -0.73256194591500001 0.16128697991400001
v 0.572952985764 -0.76441758871099996 0.178418546915
v 0.59490221738799998 -0.78235167264899996 0.192071706057
v 0.60346931219099997 -0.80644267797500002 0.183236241341
v 0.621937513351 -0.83963495492899998 0.19314260780799999
v 0.632109642029 -0.858642578125 0.19929954409600001
v 0.66798043251000006 -0.88005506992299998 0.189661562443
v 0.687522172928 -0.90414869785300001 0.18885906040700001
v 0.692071437836 -0.93493086099599998 0.18270209431600001
v 0.68082851171500003 -0.95768523216199997 0.17761604487900001
v 0.65272223949399999 -0.91298156976699996 0.20250958204300001
v 0.64308428764299996 -0.87229305505800003 0.21402096748400001
v 0.63318055868099998 -0.850612223148 0.21187919378299999
v 0.62354516982999997 -0.82999962568300001 0.20732988417100001
v 0.60507434606599997 -0.79439717531200005 0.20036780834199999
v 0.60587686300300003 -0.76843273639700005 0.20063619315600001
v 0.60105913877499995 -0.728278398514 0.190198302269
v 0.56786686182000001 -0.67688369750999999 0.157540172338
v 0.54645174741699998 -0.63003826141399999 0.12836307287199999
v 0.55475050210999999 -0.57248651981400001 0.103198543191
v 0.56090742349599998 -0.49351975321800001 0.077502481639400003
v 0.56331497430800004 -0.413482069969 0.0534114427865
v 0.57991242408800003 -0.33317860961000001 0.0290520302951
v 0.59650725126299997 -0.25421178340900003 0.000409073458286
v 0.61578059196500001 -0.18273857235900001 -0.036264229565900002
v 0.61631733179100001 -0.108857832849 -0.067046351730799994
v 0.61872488260299996 -0.034442942589500002 -0.10345128178599999
v 0.61926162242899996 0.041311204433400001 -0.13718029856700001
v 0.61470967531200005 0.11358691752 -0.15779291093299999
v 0.60667937993999999 0.18853856623199999 -0.17278271913500001
v 0.61230218410500004 0.26884201168999999 -0.19714213907700001
v 0.61845910549200001 0.34111773967699999 -0.22337494790599999
v 0.61042881012000005 0.41606938839000002 -0.23783060908299999
v 0.60025668144199995 0.49102103710200001 -0.25629884004600001
v 0.582856714725 0.57132709026299999 -0.281460762024
v 0.55903142690700003 0.64895462989800001 -0.310640484095
v 0.53333532810200002 0.71587592363399999 -0.34249347448299999
v 0.49371775984799998 0.77744275331500001 -0.37354657053899998
v 0.43643447756800002 0.81759446859399998 -0.35507577657700001
v 0.38423460722000002 0.83097928762399997 -0.36267617344899999
v 0.33391073346099998 0.83097928762399997 -0.361258745193
v 0.28331854939500001 0.82294887304300002 -0.355664610863
v 0.22897951304899999 0.81224262714399997 -0.35253271460500002
v 0.17704804241700001 0.81224262714399997 -0.34249347448299999
v 0.14334507286500001 0.841685533524 -0.333392262459
v 0.11855833977499999 0.88183987140700004 -0.32616442441900001
v 0.10075712949 0.91931569576299998 -0.328037828207
v 0.085420787334400006 0.95679152011900004 -0.333392262459
v 0.092995159327999996 0.98355847597099999 -0.32696953415899999
v 0.106273107231 1.0183583498 -0.330984711647
v 0.107234567404 1.0531582832299999 -0.34142258763299999
v 0.11641657352400001 1.0906314849900001 -0.33981755375900002
v 0.119095087051 1.11472511292 -0.350390940905
v 0.12546569109 1.12007701397 -0.35191518068299998
v 0.134272485971 1.11472511292 -0.36760330200199998
v 0.142490446568 1.1227555275000001 -0.37033390998799998
v 0.14744101464699999 1.1575527191199999 -0.37421360611900001
v 0.14428307116 1.1629071235699999 -0.36819216608999999
v 0.12757880985699999 1.17093753815 -0.36902070045500002
v 0.13250592351000001 1.21644365788 -0.381040155888
v 0.147683337331 1.24321329594 -0.38725185394299999
v 0.14556761086 1.25927400589 -0.384172052145
v 0.149288356304 1.26998019218 -0.382968306541
v 0.16071896255000001 1.26998019218 -0.38500323891600002
v 0.15466883778599999 1.2780106067699999 -0.37967485189400002
v 0.14722734689700001 1.2780106067699999 -0.37675663828799999
v 0.14120589196700001 1.2726587057100001 -0.37616780400299998
v 0.137109950185 1.25391960144 -0.37517765164400002
v 0.13181023299700001 1.26730430126 -0.37611567974100002
v 0.131435036659 1.2913953065899999 -0.37641009688400001
v 0.13146108388899999 1.33690154552 -0.36511239409399998
v 0.11534567922400001 1.4011467695199999 -0.36136555671699999
v 0.085126362740999995 1.4466531276700001 -0.34998968243599998
v 0.0299822166562 1.4921592474000001 -0.32322013378100001
v -0.026949342340200001 1.5108958482699999 -0.292703777552
v -0.069195948541199995 1.5135743617999999 -0.26834437251100002
v -0.107661873102 1.50286543369 -0.240774899721
v -0.0618065670133 1.50286543369 -0.17786878347400001
v -0.028374582529099999 1.48948073387 -0.127810686827
v -0.0040672845207200001 1.4653896093400001 -0.091140002012300006
v 0.020052414387499998 1.43326830864 -0.063836298883000006
v 0.026368299499199999 1.3984682559999999 -0.044294577091900003
v 0.044919915497299998 1.3663469553000001 -0.034656599163999997
v 0.071822352707400006 1.3288711309400001 -0.0293047707528
v 0.083385847508900005 1.30478012562 -0.025823740288599999
v 0.086999759078000005 1.2833650112199999 -0.024752851575600001
v 0.083813153207299998 1.2726587057100001 -0.022345311939700001
v 0.084026813507100007 1.26730430126 -0.026360483840100001
v 0.085553668439400002 1.25124359131 -0.032249059528099998
v 0.088443242013499998 1.24321329594 -0.0384060032666
v 0.090024814009699999 1.2325043678300001 -0.041350286453999997
v 0.092513129115099998 1.2244740724600001 -0.040279403328900003
v 0.098133333027400002 1.21108925343 -0.034656599163999997
v 0.10378219932299999 1.20038306713 -0.026894623413700001
v 0.102739959955 1.1789679527300001 -0.017793390899900001
v 0.109563939273 1.1602312326399999 -0.0124389594421
v 0.107932850718 1.1441705226900001 -0.0094946725294000004
v 0.104102671146 1.13613760471 -0.0033377264626299999
v 0.103675372899 1.1281099319500001 -0.00066181313013700005
v 0.104853093624 1.11740100384 -0.00119595357683
v 0.110770307481 1.11472511292 -0.0041402401402599997
v 0.108599878848 1.1120465993899999 -0.010297185741400001
v 0.108172573149 1.11740100384 -0.0129757057875
v 0.53520876169200005 -0.77217948436700001 0.098917610943299997
v 0.0276267882437 1.24321329594 -0.016188364476
v -0.49885335564599997 0.51511204242700004 -0.47023382782899997
v 0.119842886925 1.0504797697099999 -0.0266262516379
v 0.089902356266999994 1.0478038787799999 -0.015651619061800001
v 0.068930178880699994 1.0451253652600001 -0.015651619061800001
v 0.082341007888299997 1.0478038787799999 -0.0151174785569
v 0.138152182102 1.0504797697099999 -0.036264229565900002
v 0.16187062859500001 1.0585100650799999 -0.056071721017400003
v 0.51165187358899999 -0.88300198316599998 0.17092496156699999
v 0.50763672590300002 -0.86346024274800004 0.157540172338
v -0.45254465937600002 0.52582091093100003 -0.24291667342199999
v -0.45468640327499998 0.60344845056499996 -0.273967146873
v 0.36630052328099999 0.57667887210799995 -0.23086854815499999
v -0.37571963667899999 -0.67126351594900002 0.39310133457200003
v -0.496979922056 -0.634858548641 0.38641026616099999
v -0.60191118717199998 -0.65573692321800003 0.36740267276799998
v -0.666959106922 -0.72854679822900004 0.34786352515199997
v -0.67873877286899997 -0.83428311347999995 0.335549652576
v -0.63537186384199995 -0.94215869903600002 0.33394202589999999
v -0.54302281141300002 -1.0160394907000001 0.34384834766400002
v -0.42952451109899997 -1.0267482995999999 0.35937231779099998
v -0.27756023407000002 -0.76013398170500002 0.378111541271
v -0.25742965936700002 -0.87845003604899996 0.36392423510600003
v -0.44290927052500001 -0.72747588157700005 0.56468546390499996
v -0.544093728065 -0.69133937358899999 0.55906534194900004
v -0.63135665655100004 -0.709273457527 0.54246783256499997
v -0.68409061431899998 -0.77512383461000001 0.52373123168900004
v -0.69667285680799995 -0.86586779355999999 0.51329076290099995
v -0.66348069906200002 -0.96170037984800005 0.50874143838899999
v -0.58424550294900002 -1.0288875102999999 0.51329076290099995
v -0.48466604948000003 -1.0366520881700001 0.52747803926500003
v -0.35564374923699998 -0.80671101808500001 0.553445100784
v -0.331015974283 -0.911642313004 0.53791856765699997
v -0.51250648498499995 -0.79921483993499998 0.75019121170000003
v -0.59629100561100001 -0.76682507991799997 0.74885451793699997
v -0.67097425460799998 -0.77699720859499999 0.72931283712399997
v -0.71781963110000002 -0.83321219682699998 0.70415091514600003
v -0.73200696706799995 -0.91244482994099996 0.68487757444399999
v -0.70416653156300002 -0.99034070968599996 0.66506743431100002
v -0.63269591331499997 -1.02862167358 0.649543464184
v -0.54248613119099998 -1.0136293172799999 0.64873838424700003
v -0.43808898329700002 -0.85275137424500003 0.73145461082499996
v -0.41399794817000002 -0.91967266798000002 0.695852160454
v -0.51839506626099996 -0.93653845787000001 0.88055276870700006
v -0.594685971737 -0.93064725399000003 0.89313495159099998
v -0.66936922073399996 -0.93627011776000002 0.88082110881800002
v -0.72156649827999997 -0.96892821788799999 0.84682631492600002
v -0.73682463169099999 -1.0246065854999999 0.79703664779700001
v -0.70523738861100005 -1.07305693626 0.73680639267000003
v -0.631624996662 -1.08001637459 0.687285065651
v -0.53981018066399999 -1.0468240976300001 0.67550796270400004
v -0.45361554622700001 -0.94911813735999995 0.84147191047699998
v -0.42765110731099998 -0.97776108980200005 0.77267718315099998
v -0.456291437149 -1.10544669628 0.89581096172300001
v -0.52856719493899995 -1.12819850445 0.91749441623700001
v -0.60539221763600004 -1.1480085849799999 0.91428172588300005
v -0.66615653038 -1.1691553592699999 0.87546670436899998
v -0.68542993068699998 -1.19458568096 0.80051505565600001
v -0.654111027718 -1.20609438419 0.70977109670600003
v -0.57782012224199997 -1.18949961662 0.63749796152100002
v -0.479045838118 -1.1512186527299999 0.62331068515800003
v -0.39793723821600002 -1.0893859863299999 0.84682631492600002
v -0.37063357233999999 -1.09313285351 0.76170253753700001
v -0.38749676942799999 -1.26471698284 0.88376533985100003
v -0.45843324065199997 -1.2930915355699999 0.90491211414299999
v -0.53365325927700002 -1.3236079216000001 0.90223622322100006
v -0.59388083219499999 -1.3506432771700001 0.86047685146300001
v -0.61342257261300004 -1.36724078655 0.77803164720499995
v -0.58451384305999998 -1.3661698103 0.68460911512400002
v -0.511703968048 -1.3436838388400001 0.61661696434000002
v -0.41346380114600001 -1.30380046368 0.60751575231599997
v -0.33048182725899999 -1.2457120418500001 0.83558332920099998
v -0.30467635393100001 -1.24383866787 0.75527727603899997
v -0.327803313732 -1.43443036079 0.884836256504
v -0.39151194691699998 -1.46039485931 0.90303879976300006
v -0.45896995067599999 -1.4901086092 0.89956027269399996
v -0.51277482509600003 -1.5174123048799999 0.86021107435199995
v -0.52910131216 -1.5321338176699999 0.78499102592500003
v -0.50179761648200005 -1.52892100811 0.70200914144500004
v -0.43701809644700002 -1.5075058937100001 0.64284980297100003
v -0.34975516796099998 -1.4713693857200001 0.63615870475799996
v -0.27657011151299998 -1.41756463051 0.84281116724000005
v -0.25341448187799998 -1.4162279367399999 0.77160626649899999
v -0.27159088850000002 -1.61725747585 0.89286661148099999
v -0.20089411735500001 -1.8190922737099999 0.92605888843499995
v -0.32325398921999998 -1.6378701925300001 0.91080331802400005
v -0.24479527771500001 -1.84104156494 0.94533222913699999
v -0.37812978029299998 -1.66196119785 0.90759062766999998
v -0.293006002903 -1.85656797886 0.939175307751
v -0.42095741629599998 -1.6841787099800001 0.87252235412599999
v -0.328071683645 -1.86272501945 0.90143370628399999
v -0.432737141848 -1.69595599174 0.80935049056999997
v -0.336370408535 -1.8632590770699999 0.84200608730299997
v -0.40944862365700002 -1.6930116415000001 0.74296337366099996
v -0.31736543774600001 -1.8581731319399999 0.78686445951499995
v -0.35724878311199998 -1.6758800745 0.69504964351700005
v -0.27584576606799999 -1.84425413609 0.75099366903300002
v -0.28711745142900003 -1.64697146416 0.68755346536600004
v -0.22105078399200001 -1.8233731985099999 0.74269759655000001
v -0.23173359036400001 -1.6041411161400001 0.856193304062
v -0.172040134668 -1.80115544796 0.88670969009400002
v -0.212994366884 -1.60307013988 0.79783910512900003
v -0.16200089454700001 -1.7952669858900001 0.83183652162599997
v -0.31763118505499999 -0.63646352291099995 0.21776776015800001
v -0.45655983686399998 -0.59068900346800002 0.21536022424699999
v -0.57889103889500004 -0.61290663480800001 0.192071706057
v -0.65437942743300004 -0.69829875230799998 0.16690976917700001
v -0.66401475667999998 -0.81902492046399999 0.15165160596400001
v -0.60699725151100004 -0.93305742740599995 0.15218573808700001
v -0.50046098232299996 -1.0013179779100001 0.16610465943800001
v -0.37759301066399997 -1.0077407360099999 0.178418546915
v -0.20903392136099999 -0.73309868574100001 0.192071706057
v -0.19532606005700001 -0.85516154766100005 0.17172746360300001
v -0.62760984897600003 0.39197832346 -0.44978278875400002
v -0.69346028566399998 0.429454147816 -0.40513122081800002
v -0.70871847868000004 0.45622113347100002 -0.34088847041100001
v -0.69399446248999996 0.469605892897 -0.287886083126
v -0.66187298297899999 0.472281813622 -0.24853685498200001
v -0.61583268642400002 0.464251458645 -0.22337494790599999
v -0.55988603830299999 0.44016039371499999 -0.21989391744100001
v -0.50688368082000002 0.40536314248999999 -0.25496217608499999
v -0.53579503297800002 0.36520877480500002 -0.42384439706799998
v -0.48814705014199999 0.37323909997900001 -0.33580237626999998
v -0.59040242433500001 0.50975757837299995 -0.45518928766299999
v -0.65036422014200002 0.56329673528699997 -0.420363336802
v -0.66802996397000003 0.60612440109300003 -0.361204057932
v -0.65812617540399998 0.630215406418 -0.30368101596800001
v -0.62600481510200001 0.63289391994499999 -0.25094702839900002
v -0.57380497455599999 0.61415469646499998 -0.212400317192
v -0.51009637117399997 0.57667887210799995 -0.20544084906599999
v -0.499655842781 0.472281813622 -0.42100691795299999
v -0.551587343216 0.27687495946899998 -0.25469380617100001
v -0.60191118717199998 0.295611590147 -0.22872936725599999
v -0.64955908060099998 0.30899637937500002 -0.234081193805
v -0.71942472457899997 0.31702670454999998 -0.29029622674
v -0.73414874076799996 0.31167227029799999 -0.34142258763299999
v -0.71246522665000001 0.295611590147 -0.40518593788099999
v -0.64072626829099999 0.27419647574400002 -0.44418603181799998
v -0.52455198764800004 0.258135765791 -0.32455939054499999
v -0.55667340755500005 0.25278133153900001 -0.41011044383
v -0.60137701034500002 0.14303240179999999 -0.27530643343900002
v -0.64554393291500001 0.15641717612700001 -0.25148114562000001
v -0.72236895561199999 0.161769002676 -0.26834437251100002
v -0.75020939111700002 0.15641717612700001 -0.299129098654
v -0.75877392292000001 0.148384228349 -0.348731189966
v -0.73013353347800003 0.13500204682399999 -0.407246917486
v -0.65919709205599997 0.118941359222 -0.437601774931
v -0.571663200855 0.129647612572 -0.332055598497
v -0.58852905035000003 0.11626283824399999 -0.40360695123700002
v -0.59361505508400003 0.0536250993609 -0.24693183600900001
v -0.63028573989900005 0.069420024752600007 -0.21561296284199999
v -0.66963762044899999 0.070756673812900003 -0.203030705452
v -0.70523738861100005 0.057908643037099999 -0.20517247915299999
v -0.73361200094199996 0.031944207847099997 -0.22364331781899999
v -0.74378407001500002 -0.0028556974139099999 -0.262190014124
v -0.71969306469000005 -0.039528999477600003 -0.31465563178099998
v -0.65545028448099996 -0.053179547190699998 -0.353817254305
v -0.57353657484099996 0.0215037129819 -0.295916438103
v -0.59147334098799997 -0.023199936375000001 -0.34383276104900001
v -0.53338485956199999 0.0078505622222999998 -0.12861581146699999
v -0.56898730993299995 0.027123913168900001 -0.095420934259900003
v -0.60726559162100002 0.020966969430399999 -0.078289359808000003
v -0.64072626829099999 -0.0031240705866400001 -0.076415963470900003
v -0.66642493009600001 -0.042473290115599999 -0.090069115161899999
v -0.67445528507200003 -0.094404764473400002 -0.12004871666399999
v -0.64795404672599999 -0.14365772902999999 -0.16448400914700001
v -0.586118876934 -0.15195645391900001 -0.20383322238900001
v -0.51518237590799998 -0.040331516414900001 -0.17117509245900001
v -0.53070896863899997 -0.10484266281100001 -0.204904094338
v -0.47476229071600001 -0.068974472582299995 0.0103128189221
v -0.51089882850599999 -0.055055551230900002 0.038153264671599997
v -0.54730379581499999 -0.067635208368300004 0.048591151833499997
v -0.57594674825699999 -0.094938911497600004 0.0448443479836
v -0.59575688838999996 -0.13188059628000001 0.028783658519399999
v -0.59816437959699997 -0.17711836099600001 0.000409073458286
v -0.56871891021700005 -0.216199219227 -0.037066742777799998
v -0.51143556833299997 -0.217004328966 -0.063836298883000006
v -0.454954832792 -0.112607240677 -0.027697138488300001
v -0.46512693166699998 -0.17176394164600001 -0.059016007930000003
v -0.44371181726499997 -0.15195645391900001 0.15513002872500001
v -0.47556480765300002 -0.16641211509699999 0.163428753614
v -0.50153183937099999 -0.189698040485 0.16182371974000001
v -0.519734323025 -0.217806860805 0.15218573808700001
v -0.52214187383699995 -0.249928250909 0.13264401257
v -0.50126343965499998 -0.27723193168600002 0.11042638123
v -0.46244841813999998 -0.28392302990000001 0.097846724093000007
v -0.40248918533299999 -0.21218405664000001 0.11149726808099999
v -0.42256504297300002 -0.26036873459799997 0.098917610943299997
v -0.085121147334599995 0.91931569576299998 -0.40068873763099999
v -0.15040874481200001 0.91663718223599999 -0.34602659940699998
v -0.161894068122 0.91128534078599999 -0.26325830817200002
v -0.110926650465 0.90325504541400004 -0.19392946362499999
v -0.033903591334799997 0.89790052175500001 -0.16608902812000001
v -0.43755486607600003 0.20727515220600001 -0.23756222426900001
v -0.38776513934099999 0.18318411707900001 -0.121119610965
v -0.29107788205099999 0.169799357653 -0.0496490076184
v -0.17720437049900001 0.167123436928 -0.0488438904285
v -0.082390524446999999 0.169799357653 -0.074005819857100003
v -0.39338794350599998 -0.43436303734800003 -0.36741569638299998
v -0.32432487606999999 -0.41508969664599998 -0.292703777552
v -0.243724390864 -0.40197327732999999 -0.216415479779
v -0.16125050187100001 -0.39876061677899999 -0.16073720157099999
v -0.079633831977799996 -0.39902898669199999 -0.13343350589299999
v -0.41962075233500001 -0.54759299755099999 -0.383262723684
v -0.344400763512 -0.51118808984800002 -0.32482776045799999
v -0.25507423281699998 -0.493253976107 -0.25014191865899998
v -0.165747687221 -0.49378812313100001 -0.187238380313
v -0.080517120659400004 -0.49700075387999998 -0.15458025038199999
v -0.39740312099500003 -0.70391893386799997 -0.60670804977399995
v -0.31629452109299999 -0.67795449495299998 -0.69867396354699995
v -0.21042530238599999 -0.65546858310699996 -0.75068622827499998
v -0.095480866730199995 -0.64610153436700002 -0.759089171886
v -0.459235727787 -0.57409417629199999 -0.44838878512399999
v -0.45093962550200001 -0.57650172710400005 -0.53988313674900001
v -0.39927652478199999 -0.56097775697700003 -0.6342253685
v -0.31522366404500002 -0.54223853349700002 -0.70151144266099996
v -0.208924487233 -0.52724874019599999 -0.73205387592299997
v -0.095212489366499994 -0.52162855863599999 -0.73475843667999996
v -0.43461057543800002 -0.444803506136 -0.44640856981299998
v -0.432737141848 -0.44132250547399998 -0.53886699676500005
v -0.38455247878999999 -0.431684494019 -0.62268793582899995
v -0.30357939004899998 -0.421780794859 -0.67426246404599999
v -0.20338505506499999 -0.413482069969 -0.69519555568699998
v -0.094277098774899995 -0.40786185860599999 -0.69878083467499996
v -0.36126396059999999 -0.301322966814 -0.59185367822599999
v -0.29006171226499999 -0.29650530219100002 -0.63959544897099996
v -0.198538705707 -0.291953355074 -0.66441076993899995
v -0.093526698648899995 -0.28847494721400002 -0.67321759462399999
v -0.34841591119799997 -0.16828550398299999 -0.57056105136900004
v -0.28505384921999999 -0.16453610360599999 -0.62318819761300004
v -0.19714733958200001 -0.161591827869 -0.65381139516800002
v -0.093018613755700003 -0.16132606565999999 -0.66357970237700004
v -0.36929431557699999 0.079323768615699994 -0.56868767738299997
v -0.35591211914999998 -0.039528999477600003 -0.56732231378599995
v -0.29597637057300002 0.086817368864999994 -0.62874591350599995
v -0.29043433070199998 -0.034442942589500002 -0.62578332424200001
v -0.198272943497 0.092171803116799997 -0.65547114610699997
v -0.19861948490100001 -0.031498655676799998 -0.65616679191600003
v -0.089592292904900006 0.092171803116799997 -0.65755814313899996
v -0.092429749667599995 -0.030696140602199998 -0.66181308031099995
v -0.38133981823899998 0.18586003780400001 -0.564886152744
v -0.299991518259 0.19389039278 -0.62486881017700002
v -0.196772143245 0.19924481213100001 -0.64856380224200005
v -0.085923664271799996 0.19924481213100001 -0.64912658929800005
v -0.45414969325100002 0.231366217136 -0.35759013891199998
v -0.44398015737500002 0.25278133153900001 -0.47084873914699998
v -0.39365369081500001 0.26884201168999999 -0.56552708148999997
v -0.30422034859699998 0.27687495946899998 -0.62289899587599995
v -0.19538077712099999 0.28222680091899999 -0.64093470573400002
v -0.082526005804499994 0.28222680091899999 -0.63782888650900005
v -0.456291437149 -0.71328860521299997 -0.50230050087
v -0.484934419394 -0.68491399288199994 -0.41356280446100002
v -0.46084338426600002 -0.62602305412299997 -0.35494026541700002
v -0.38401836156800001 -0.57248651981400001 -0.30930119752899998
v -0.279834896326 -0.559906899929 -0.25335454940800001
v -0.17591981589799999 -0.57703846693000005 -0.201157301664
v -0.083166971802699996 -0.59095740318300005 -0.170106813312
v -0.52053683996199995 -0.67501026391999996 -0.28440767526600003
v -0.44424593448600003 -0.59871935844400004 -0.24479006230799999
v -0.324859023094 -0.59068900346800002 -0.20677751302700001
v -0.19923441112000001 -0.63700032234199999 -0.1826864779
v -0.090876840055000005 -0.67554444074599995 -0.18188396096199999
v -0.52535450458499999 -0.77298206090900001 -0.33125045895600003
v -0.46619778871500001 -0.84311598539400001 -0.39525353908499999
v -0.38401836156800001 -0.86292350292200004 -0.48905119299900002
v -0.30015307664899998 -0.84498935937899999 -0.60152816772499995
v -0.20108173787600001 -0.81902492046399999 -0.68009632825900002
v -0.092536576092200007 -0.80483770370499996 -0.692652523518
v -0.391246199608 -0.96785730123500002 -0.26593682169900001
v -0.44183841347699998 -0.99328762292899997 -0.0309097953141
v -0.28711745142900003 -0.97106736898400003 -0.34436687827099999
v -0.32004135847100001 -0.99890780448899996 -0.045097090303900002
v -0.11593194305899999 -0.86506521701799999 -0.076147586107300005
v -0.18965114653099999 -0.94563972949999997 -0.41857069730800001
v -0.39178031682999997 -0.047290973365299999 -0.488514482975
v -0.39311957359299998 -0.057731468230500002 -0.39747607707999999
v -0.359122186899 -0.068437725305599995 -0.30903285741800002
v -0.30355075001699999 -0.077538959682000003 -0.23675972223299999
v -0.238075524569 -0.084498420357699999 -0.17920804023699999
v -0.16422344744199999 -0.089584477245800001 -0.137717053294
v -0.081882439553700004 -0.092797137796900006 -0.117372810841
v -0.38401836156800001 -0.17122979462099999 -0.49740204215
v -0.40248918533299999 -0.304001480341 -0.51603442430500002
v -0.38749676942799999 -0.17551334202300001 -0.40882590413100001
v -0.40516507625600001 -0.30453562736500001 -0.423682838678
v -0.35591211914999998 -0.179794296622 -0.32081258296999998
v -0.37090194225299999 -0.301322966814 -0.33419474959399997
v -0.30041885375999999 -0.18273857235900001 -0.245055839419
v -0.30933508276900001 -0.295434385538 -0.25362291932100001
v -0.23411506414399999 -0.18514873087399999 -0.18241809308500001
v -0.235561162233 -0.29141923785200002 -0.18589912354900001
v -0.16114366054500001 -0.18782463669800001 -0.13985621929200001
v -0.158519864082 -0.29061672091500002 -0.14173221588099999
v -0.081160694360700003 -0.18943226337399999 -0.121653750539
v -0.079474896192599995 -0.29088509082800001 -0.120582856238
v -0.50260269641900002 -0.91779923439 -0.224177464843
v -0.55935192108200005 -0.93305742740599995 -0.035461716353899997
v -0.58103281259499995 -0.81688320636699996 -0.200086444616
v -0.63269591331499997 -0.82009583711599998 -0.032783199101700002
v -0.58397710323300001 -0.69241017103199998 -0.16903591156
v -0.63055413961399998 -0.68973165750499998 -0.0124389594421
v -0.50661790370899995 -0.59738272428500006 -0.13316512107799999
v -0.551587343216 -0.59417003393199996 0.018077399581700002
v -0.376522153616 -0.58399790525399997 -0.103988029063
v -0.41962075233500001 -0.57435995340299995 0.043239325284999998
v -0.122490137815 -0.74166321754499998 -0.010565559379799999
v -0.23082163929899999 -0.65199017524699998 -0.104790553451
v -0.26864659786200001 -0.63539266586300003 0.039224147796600002
v -0.094464696943799997 -0.73764795064900002 -0.15109921991799999
v -0.42658022046100003 0.169799357653 -0.47470238804800002
v -0.408911913633 0.067812390625499999 -0.48321473598499998
v -0.43380805849999998 0.148384228349 -0.37097489833800001
v -0.41105365753200002 0.052822586148999998 -0.38623306155199999
v -0.41159042715999999 0.12429319322100001 -0.264063417912
v -0.37893226742699998 0.037027660757299997 -0.29163289070100001
v -0.35805130004899999 0.102878056467 -0.16635739803300001
v -0.322183102369 0.024179628118899999 -0.212934449315
v -0.27049395442000002 0.092171803116799997 -0.10720068961400001
v -0.24835447967099999 0.015615140087899999 -0.15912957489499999
v -0.16930951178100001 0.089495889842499995 -0.098099462688000003
v -0.16454394161700001 0.0099923359230200005 -0.13129173219199999
v -0.080436348915100001 0.092171803116799997 -0.106663942337
v -0.0804650038481 0.0067796758376100002 -0.118977837265
v -0.52722793817500002 0.74532139301300004 -0.22980026900799999
v -0.47850909829100002 0.68375194072699996 -0.22230404615400001
v -0.46325090527500001 0.79350346326800003 -0.25442543625800002
v -0.446387737989 0.69981521367999999 -0.24693183600900001
v -0.38562336564100003 0.76673394441599996 -0.26352667808500002
v -0.39151194691699998 0.66233944892899999 -0.249071002007
v -0.310403347015 0.73193657398199996 -0.26513430476200001
v -0.31629452109299999 0.638245761395 -0.24318243563200001
v -0.23566798865800001 0.697136700153 -0.24666346609600001
v -0.23903959989500001 0.622185051441 -0.222572430968
v -0.159992009401 0.66769129037899999 -0.213471189141
v -0.161894068122 0.61147880554199996 -0.19526873529
v -0.082872547209299999 0.65966093540199999 -0.19071681797500001
v -0.084266521036599998 0.60880291461900005 -0.17786878347400001
v -0.39793723821600002 0.335763335228 -0.58273947238900003
v -0.30245378613500001 0.34379366040199999 -0.62951451540000003
v -0.19088357686999999 0.34647217392899998 -0.63694554567299999
v -0.077252350747599993 0.34647217392899998 -0.62728935480100001
v -0.402754962444 0.40536314248999999 -0.59406322240800002
v -0.29809206724199999 0.41339346766500001 -0.63049942255000002
v -0.18633426725900001 0.41606938839000002 -0.62976729869799997
v -0.073317945003500001 0.41606938839000002 -0.615144848824
v -0.40436258912099998 0.48299065232299998 -0.598362386227
v -0.29538750648500001 0.496375441551 -0.62227106094399998
v -0.18502105772499999 0.499051362276 -0.61699479818299996
v -0.073075629770799996 0.496375441551 -0.59865683317200002
v -0.55854678154000004 0.59809404611600003 -0.49411123991
v -0.503136873245 0.60880291461900005 -0.55653530359299996
v -0.403023332357 0.58738780021699999 -0.59545457363099996
v -0.29372775554699998 0.59006369113900003 -0.60738283395799997
v -0.18537019193199999 0.59006369113900003 -0.59855782985700001
v -0.073826029896699993 0.58470922708499995 -0.57636880874600005
v -0.59923529624899996 0.67572158575100005 -0.46265682578099998
v -0.51545077562300001 0.713197410107 -0.52162855863599999
v -0.40462836623199999 0.69446080923099995 -0.55910438299200005
v -0.29651311039900002 0.68375194072699996 -0.57385188341100002
v -0.18812687694999999 0.68107604980500003 -0.56820559501599999
v -0.075055852532400005 0.67304569482800003 -0.54992240667299996
v -0.60806810855899995 0.73461258411399999 -0.40962842106800001
v -0.51491403579700001 0.79617935419100005 -0.46263077855099999
v -0.40516507625600001 0.79350346326800003 -0.49121904373199998
v -0.30213329195999999 0.77744275331500001 -0.50744128227200003
v -0.19629012048200001 0.76138210296599995 -0.51608651876400002
v -0.080892316997100006 0.75335174799000004 -0.51619333028799996
v -0.45602568984000003 0.325057059526 -0.48897042870500002
v -0.46619778871500001 0.30899637937500002 -0.365782022476
v -0.44264090061200001 0.292935669422 -0.238096356392
v -0.38856765627899997 0.27955088019399998 -0.121387980878
v -0.293941438198 0.27152055501900002 -0.047773003578200003
v -0.18298612535 0.263490200043 -0.042152807116499998
v -0.087583400309100001 0.26081168651600001 -0.064904578030099996
v -0.40168407559399999 0.56061822175999998 -0.236491367221
v -0.32512742281000001 0.55258786678299998 -0.21534460783000001
v -0.24589219689399999 0.54455751180599998 -0.193126961589
v -0.16564086079599999 0.54188162088400005 -0.174121975899
v -0.085978373885199993 0.53920310735700006 -0.163144752383
v -0.48653942346599999 0.48566657304799998 -0.53447657823600003
v -0.473157256842 0.39733275771100002 -0.50254279375099997
v -0.47610154748 0.38929980993300001 -0.370654404163
v -0.41881564259499998 0.464251458645 -0.23783060908299999
v -0.43353968858699998 0.37859356403400002 -0.24586096405999999
v -0.34252732992200002 0.46157553792 -0.185362368822
v -0.36768928170199999 0.37323909997900001 -0.152170106769
v -0.25900861620900001 0.45622113347100002 -0.152170106769
v -0.279006332159 0.367887318134 -0.096491821110199993
v -0.172600328922 0.45354521274600001 -0.139322072268
v -0.18124820291999999 0.36253285408000002 -0.086319707334000004
v -0.089003436267399996 0.45086929202100001 -0.13798281550399999
v -0.091225981712299994 0.35717841982800003 -0.096491821110199993
v -0.39713475108099999 0.86042475700400001 -0.39860168099400001
v -0.38482084870299998 0.84971588850000002 -0.31278225779500002
v -0.56978982687000002 0.78279721736899999 -0.276643067598
v -0.59870111942299997 0.77476686239199999 -0.34410110115999998
v -0.50715202093099998 0.85774880647700003 -0.38395839929600001
v -0.48386350274099998 0.85774880647700003 -0.305017650127
v -0.086621955037100004 0.86310064792600005 -0.42868810892100001
v -0.089753836393399997 0.81759446859399998 -0.46801128983500001
v -0.17867651581800001 0.85774880647700003 -0.37402600050000001
v -0.203009858727 0.82294887304300002 -0.432247340679
v -0.29699254035900002 0.83097928762399997 -0.40440949797600001
v -0.29702118039100001 0.80956411361699998 -0.31224548816699998
v -0.19572992622900001 0.83365523815200004 -0.28333675861399998
v -0.22619156539400001 0.76673394441599996 -0.276643067598
v -0.067937456071400004 0.79617935419100005 -0.17760041356100001
v -0.140747308731 0.81224262714399997 -0.20999015867699999
v -0.156646475196 0.72925806045499997 -0.22310656309099999
v -0.080999143421600001 0.713197410107 -0.19392946362499999
v 0.19648030400300001 -0.66028881073000001 0.40247094631199998
v 0.31651079654699998 -0.61879783868799998 0.409964561462
v 0.424120545387 -0.63539266586300003 0.40541523694999998
v 0.49425193667400003 -0.70525825023699995 0.39604562520999997
v 0.51192027330400003 -0.81072628498099997 0.38694438338300002
v 0.47337353229500001 -0.92020940780600002 0.380787461996
v 0.38316372036899998 -0.99810534715699994 0.378914058208
v 0.268328726292 -1.01336348057 0.37918242812199998
v 0.15922077000099999 -0.96865987777700002 0.37008115649200002
v 0.10289890319099999 -0.75317454338099998 0.378111541271
v 0.088471904397000006 -0.87256145477299996 0.36178246140499998
v 0.24236167967300001 -0.71221768856000001 0.58155131339999999
v 0.34247523546199998 -0.67152923345600002 0.58851075172400003
v 0.43188256025299998 -0.68598484992999997 0.58422720432300002
v 0.48970258235899999 -0.74942511320100003 0.57378935813900001
v 0.50737094879199995 -0.83963495492899998 0.56656152010000005
v 0.47872796654700001 -0.93707263469699997 0.558796942234
v 0.40190291404700001 -1.00800907612 0.553445100784
v 0.30125260353099997 -1.0195204019499999 0.55451595783200003
v 0.20223599672299999 -0.98257881403000003 0.54782229661899995
v 0.15922077000099999 -0.795199692249 0.56067031621899999
v 0.140161067247 -0.90120440721499995 0.54327297210699999
v 0.289207100868 -0.78020989894899995 0.77615821361500004
v 0.37165492773100001 -0.74460744857799999 0.78552520275100002
v 0.44874572753899999 -0.75130116939500002 0.77642405033100004
v 0.50094556808500001 -0.80510604381600004 0.75848984718300005
v 0.52102148532899994 -0.88353610038800001 0.74216085672400001
v 0.49933797121000001 -0.96170037984800005 0.71967482566800001
v 0.43241930007899998 -1.00104963779 0.695315420628
v 0.34274360537499998 -0.98793321847899995 0.682199060917
v 0.25574645400000001 -0.95233076810799999 0.68755346536600004
v 0.21942231059100001 -0.83588820695900001 0.74831777811099998
v 0.20314796268900001 -0.90173858404200002 0.71084195375400006
v 0.28171092271800002 -0.91833603382100004 0.90196788310999998
v 0.35505750775299999 -0.91083985567100001 0.925256371498
v 0.43081167340299997 -0.91351568698899999 0.92338299751300001
v 0.48916846513700002 -0.94269543886200002 0.89741855859800002
v 0.51406198739999998 -0.99542683362999995 0.85003900527999998
v 0.49371775984799998 -1.0417380332899999 0.78579360246700003
v 0.42947238683700001 -1.0476266145699999 0.72690266370800005
v 0.33979931473699998 -1.0155053138700001 0.70281165838199999
v 0.256817340851 -0.98338133096699998 0.72368997335399998
v 0.22421394288499999 -0.93038153648400002 0.85431993007700002
v 0.210321068764 -0.95581179857300003 0.78258097171800001
v 0.22279387712500001 -1.08831512928 0.89741855859800002
v 0.29108050465599999 -1.1113352775600001 0.92900580167799995
v 0.36817392706899998 -1.1290010213899999 0.93676775693900005
v 0.43482685089099998 -1.1464009285000001 0.90732228756
v 0.46694821119300001 -1.16621100903 0.83558332920099998
v 0.45115590095500002 -1.17263376713 0.74082159995999997
v 0.38717889785800003 -1.1522895097700001 0.65810793638200005
v 0.29108050465599999 -1.1145479679100001 0.63027012348199996
v 0.20362998545200001 -1.0843000411999999 0.66801172494899996
v 0.17305891215800001 -1.0695759058000001 0.84093773365000002
v 0.15967413783100001 -1.0682392120399999 0.75233292579699995
v 0.160424530506 -1.24785375595 0.86368954181699997
v 0.227614194155 -1.2767624854999999 0.89420586824399995
v 0.303126037121 -1.3059422969800001 0.90196788310999998
v 0.37004730105400002 -1.3289623260500001 0.86877560615500005
v 0.40323957800900001 -1.3396686315499999 0.79007714986800004
v 0.38985741138500002 -1.33244073391 0.69344204664200004
v 0.32855632901199999 -1.3062080144899999 0.615814507008
v 0.23218956589699999 -1.26739549637 0.593328475952
v 0.14224812388399999 -1.2333980798699999 0.63883459568000001
v 0.111653603613 -1.2264386415499999 0.80801123380700002
v 0.099284991621999996 -1.21921086311 0.72502923011800002
v 0.10541588068 -1.4183696508400001 0.84334534406700001
v 0.16612550616300001 -1.44460248947 0.87011486291899998
v 0.233797192574 -1.4732428789100001 0.87600344419499998
v 0.29375901818299999 -1.4970681667300001 0.84441614151
v 0.32266774773599999 -1.5061693191500001 0.77187466621400003
v 0.30928298831000001 -1.49760222435 0.68594837188699997
v 0.25467556715 -1.4729770421999999 0.61849033832599998
v 0.16856169700599999 -1.43764305115 0.60002213716499997
v 0.088177479803599995 -1.4063215255699999 0.64284980297100003
v 0.061381861567500001 -1.3990963697400001 0.79489481449099997
v 0.050164911896000003 -1.3932050466499999 0.72101408243200005
v 0.053672000765799997 -1.6019994020499999 0.83076566457699996
v -0.022139472886900002 -1.80731248856 0.83397567272200002
v 0.102578416467 -1.62341451645 0.85512501001399999
v 0.0157949253917 -1.8297984600099999 0.86047685146300001
v 0.157936215401 -1.64670300484 0.85914021730400003
v 0.064057774841800003 -1.84371745586 0.86422628164299997
v 0.206063583493 -1.66570806503 0.82969474792499998
v 0.107583709061 -1.8461275100700001 0.83424407243700005
v 0.22793468833 -1.67266750336 0.768662035465
v 0.12902489304500001 -1.84264659882 0.77696079015700004
v 0.21538107097100001 -1.6651737689999999 0.69986730813999998
v 0.121208198369 -1.8340820074099999 0.71887230873100005
v 0.171240225434 -1.64536368847 0.64552831649800002
v 0.086142532527400006 -1.8182872533800001 0.67684721946699999
v 0.102604478598 -1.6169891357399999 0.62866246700299999
v 0.0330072753131 -1.7976771593100001 0.66051810979799996
v 0.038895849138499999 -1.5918272733700001 0.66346240043600002
v -0.0163238532841 -1.78081130981 0.68460911512400002
v 0.019729325547799999 -1.5867412090299999 0.78873789310499998
v -0.041454512625899997 -1.7869682311999999 0.79248470067999999
v 0.010547320358499999 -1.58192336559 0.728241920471
v -0.040810938924599999 -1.77706444263 0.73868244886400003
v 0.16122704744300001 -0.62896996736499999 0.22231969237300001
v 0.29830834269500001 -0.57810938358300001 0.23463359475100001
v 0.42358383536299998 -0.59524095058399995 0.22767151892199999
v 0.50469243526499996 -0.67742043733599999 0.21348683536099999
v 0.46855583786999999 -0.91432082653000002 0.19555014371900001
v 0.36362460255599999 -0.98686230182599999 0.19608688354500001
v 0.23915162682499999 -0.99810534715699994 0.192071706057
v 0.127206206322 -0.95045739412300001 0.17574265599300001
v 0.058036319911500003 -0.72961765527699995 0.18859067559199999
v 0.050005972385399999 -0.85248565673800003 0.16583889722799999
v 0.56090742349599998 0.31702670454999998 -0.39359378814700002
v 0.62247431278200005 0.35985693335500002 -0.34704539179799998
v 0.63103878498099997 0.39465424418400002 -0.28601267933800001
v 0.57402384281200003 0.424099713564 -0.20356483757499999
v 0.52530503272999995 0.42142382264099998 -0.18295483291100001
v 0.46828749775900003 0.40000867843600002 -0.183223217726
v 0.41876614093800002 0.36253285408000002 -0.219091400504
v 0.40832564234699997 0.31702670454999998 -0.296184808016
v 0.52878344059000004 0.432130068541 -0.42306789755800001
v 0.58606934547400003 0.48834511637700001 -0.38810649514200002
v 0.59838324785200003 0.53920310735700006 -0.333929002285
v 0.54484415054299995 0.58470922708499995 -0.23381543159500001
v 0.48756083846100001 0.57400298118600002 -0.20088891684999999
v 0.42224717140200002 0.53652715682999996 -0.19714213907700001
v 0.45811536908099998 0.23404471576200001 -0.19526873529
v 0.50549489259699998 0.255459845066 -0.16635739803300001
v 0.55367958545700002 0.266166120768 -0.16742829978500001
v 0.59463387727700001 0.26884201168999999 -0.184291496873
v 0.62916535139100005 0.263490200043 -0.21427370607900001
v 0.64950960874599994 0.25278133153900001 -0.261921644211
v 0.63532233238199998 0.228690296412 -0.325093537569
v 0.56786686182000001 0.20192334055899999 -0.36891391873399998
v 0.43830785155300001 0.20459926128399999 -0.26379504799800002
v 0.49344938993499998 0.092171803116799997 -0.174121975899
v 0.53440624475499998 0.10823249071799999 -0.14601317048099999
v 0.576431393623 0.11358691752 -0.14333724975600001
v 0.64790457487099995 0.110908411443 -0.18964591622400001
v 0.66503620147700004 0.102878056467 -0.242379918694
v 0.64576280116999996 0.084141455590700007 -0.30582016706499998
v 0.57777065038700004 0.062457960099000003 -0.34142258763299999
v 0.47230261564300002 0.073166824877300002 -0.23488631844499999
v 0.50817340612399997 -0.050772007554799999 -0.14869168400800001
v 0.53976070880899996 -0.037387225776899999 -0.110947489738
v 0.57910990714999999 -0.032032795250400002 -0.096760198473899994
v 0.65539819002199995 -0.043007425963900003 -0.132630988955
v 0.67761582136200005 -0.058802355080799999 -0.185362368822
v 0.66557025909400003 -0.0847667977214 -0.25121277570700001
v 0.60454022884400005 -0.10270088166000001 -0.29404303431500001
v 0.49826967716199999 -0.071650385856599996 -0.20918764174000001
v 0.50576329231299999 -0.19478410482399999 -0.081770397722700006
v 0.53627961873999996 -0.18113355338600001 -0.041350286453999997
v 0.57616561651200005 -0.17792089283500001 -0.027428764849899999
v 0.65191978216199997 -0.19451831281199999 -0.066243842244100001
v 0.67386901378599995 -0.216199219227 -0.11763857305
v 0.66155517101299999 -0.24377128481900001 -0.182152315974
v 0.60213005542800002 -0.25769022107099998 -0.22337494790599999
v 0.50040888786299997 -0.21807262301399999 -0.14333724975600001
v 0.50897598266599997 -0.346829146147 -0.0092262998223299995
v 0.54056316614199995 -0.33424946665799998 0.0239659715444
v 0.61604893207599998 -0.339335530996 0.013525478541899999
v 0.64576280116999996 -0.35084432363500001 -0.0175250191242
v 0.66128677129699998 -0.36958354711500002 -0.064904578030099996
v 0.64415520429600004 -0.393140435219 -0.118709459901
v 0.58847689628599997 -0.40491756796799999 -0.14547902345700001
v 0.50255060195900003 -0.36904677748699999 -0.065172955393799997
v 0.53012269735299999 -0.39340618252800003 -0.121119610965
v 0.51459616422700005 -0.50851213931999995 0.049396269023399997
v 0.541899859905 -0.49485900998100002 0.075360707938700006
v 0.57830476760899996 -0.49459064006800002 0.074558191001400001
v 0.61016041040400004 -0.50047922134400002 0.059300016611799997
v 0.63425141572999999 -0.50851213931999995 0.0341380909085
v 0.64255017042200002 -0.52028930187199995 -0.00200107274577
v 0.62622106075299999 -0.53420823812499996 -0.0410819202662
v 0.51192027330400003 -0.53046143054999995 0.0017483329866100001
v 0.54082900285699997 -0.54491704702400001 -0.043492060154700002
v -0.00050808483501900003 0.92199164628999997 -0.41045960784000002
v 0.076827637851200004 0.92199164628999997 -0.36717337369899999
v 0.10541588068 0.91663718223599999 -0.28949370980299999
v 0.080548383295500001 0.90860676765399995 -0.22337494790599999
v 0.0330072753131 0.90057653188700004 -0.17947380244700001
v 0.36174857616400002 0.191214472055 -0.220699042082
v 0.30553615093199998 0.169799357653 -0.106663942337
v 0.20510213077100001 0.161769002676 -0.039208516478500002
v 0.091361470520500004 0.161769002676 -0.042955316603199997
v -0.0018994556739900001 0.167123436928 -0.072400785982599997
v 0.25066041946399997 -0.41482132673299998 -0.291098743677
v 0.16781391203400001 -0.40224164724299999 -0.216415479779
v 0.084107585251299993 -0.39902898669199999 -0.16100297868300001
v 0.00203494471498 -0.399294763803 -0.13343350589299999
v 0.34943729639100002 -0.54571962356600001 -0.37549814581899998
v 0.271541386843 -0.51011717319500005 -0.32000747323000001
v 0.179135084152 -0.49298563599599998 -0.24960775673400001
v 0.088336408138300002 -0.49378812313100001 -0.18777252733700001
v 0.0026524632703500001 -0.49700075387999998 -0.15484862029599999
v 0.32427278161 -0.70391893386799997 -0.60462355613700003
v 0.24129079282300001 -0.67849129438400002 -0.69936966896099995
v 0.13403017818900001 -0.656005263329 -0.75197076797499995
v 0.0184447839856 -0.64636731147799997 -0.75965201854700004
v 0.38932064175600001 -0.57275491952900004 -0.44169771671300001
v 0.37941694259600001 -0.57596760988200002 -0.53637868166000002
v 0.32588040828699999 -0.56124359369300003 -0.63335776329000004
v 0.23995414376300001 -0.54277533292799995 -0.702019512653
v 0.13255803287000001 -0.52778285741800002 -0.733072638512
v 0.0182571839541 -0.52189433574699995 -0.73532122373599995
v 0.36255371570599998 -0.44426679611199998 -0.44375869631800002
v 0.35960942506799998 -0.44132250547399998 -0.53744691610299999
v 0.31008550524700002 -0.431684494019 -0.62240916490599996
v 0.227853909135 -0.42231750488300002 -0.67466372251499995
v 0.126724183559 -0.41401877999300002 -0.69581049680700002
v 0.016972638666599999 -0.40813022851899999 -0.69910126924500005
v 0.28465780615800002 -0.30159136652899998 -0.59190320968599996
v 0.21299700438999999 -0.29703941941299999 -0.63978302478799998
v 0.120887711644 -0.29222175478899998 -0.66459840536100001
v 0.0155552122742 -0.28874331712700002 -0.67329841852200001
v 0.271004647017 -0.17069308459800001 -0.57042557001100003
v 0.20756439864599999 -0.16641211509699999 -0.62306839227699995
v 0.1195224002 -0.16266271471999999 -0.65367591381099999
v 0.015445779077700001 -0.161591827869 -0.66352760791800003
v 0.29830834269500001 0.070756673812900003 -0.56357294321100004
v 0.28010585904099999 -0.045417573303000003 -0.56705397367499999
v 0.226168096066 0.080394655466100001 -0.62466818094300003
v 0.21473750472100001 -0.039260629564500001 -0.62550979852699995
v 0.12931932508899999 0.086817368864999994 -0.65281867980999997
v 0.123110257089 -0.034442942589500002 -0.65595054626500005
v 0.021013867110000001 0.092171803116799997 -0.65664887428300001
v 0.016998695209600002 -0.031767025589900001 -0.66173493862199995
v 0.31651079654699998 0.17247787117999999 -0.55334872007400004
v 0.23754400014900001 0.18586003780400001 -0.61573886871299999
v 0.13598434627100001 0.19389039278 -0.64270126819600004
v 0.025698671117399999 0.19924481213100001 -0.64711767435099998
v 0.38423460722000002 0.215305522084 -0.33981755375900002
v 0.37968531250999998 0.23939916491499999 -0.45269837975499999
v 0.33417910337399998 0.255459845066 -0.54855704307599995
v 0.24878700077499999 0.26884201168999999 -0.609141647816
v 0.142115235329 0.27687495946899998 -0.63201850652699998
v 0.029927501454899998 0.27955088019399998 -0.63475430011699996
v 0.38477134704600002 -0.71168357133899995 -0.49496582150500001
v 0.41314592957500001 -0.68143558502199997 -0.40050113201100002
v 0.38637638091999998 -0.62174212932600004 -0.34008592367200002
v 0.305804550648 -0.56927388906499998 -0.299397468567
v 0.199453264475 -0.55856764316600005 -0.25094702839900002
v 0.095832616090800002 -0.57703846693000005 -0.20195981860199999
v 0.0035878606140599999 -0.59095740318300005 -0.17037257552099999
v 0.435363560915 -0.66671150922800004 -0.25924313068400001
v 0.35398662090299998 -0.592296659946 -0.22685335576499999
v 0.23299467563599999 -0.587476372719 -0.200086444616
v 0.11052799224900001 -0.63619518279999998 -0.18295483291100001
v 0.0050600040704 -0.67554444074599995 -0.1826864779
v 0.44526731967900002 -0.76575422286999995 -0.307961940765
v 0.38905230164499999 -0.83883243799200002 -0.38026371598199998
v 0.30740958452200001 -0.86185264587400001 -0.48367071151699997
v 0.22346353530900001 -0.84579187631599995 -0.60242450237300005
v 0.123430736363 -0.81982743740099995 -0.682613313198
v 0.0143227819353 -0.80510604381600004 -0.69372081756600001
v 0.30125260353099997 -0.96303701400800001 -0.25362291932100001
v 0.32909306883799999 -0.98338133096699998 -0.0089605329558300004
v 0.19851525127899999 -0.97053331136700005 -0.34356439113600001
v 0.20726995170099999 -0.99409013986600003 -0.038671769201800002
v 0.0031058315653399999 -0.86506521701799999 -0.082304529845699997
v 0.101319931448 -0.94644218683199999 -0.42344051599499999
v 0.31570827960999998 -0.054250434041000002 -0.488355517387
v 0.31677916645999998 -0.064959302544600001 -0.39739531278599999
v 0.282781779766 -0.075131416320800004 -0.30903285741800002
v 0.226809084415 -0.083161756396299996 -0.23675972223299999
v 0.16103944182400001 -0.088513590395499997 -0.17893967032399999
v 0.086918979883200007 -0.092262990772700004 -0.13744866848000001
v 0.0043903742916900001 -0.093599654734099993 -0.117372810841
v 0.306607067585 -0.17444247007399999 -0.497214436531
v 0.326414555311 -0.30426725745200001 -0.51581817865400004
v 0.30981969833400003 -0.17872340977199999 -0.40855753421800001
v 0.27796408534 -0.18273857235900001 -0.32054421305699998
v 0.29482990503299999 -0.301322966814 -0.333660632372
v 0.222233697772 -0.18514873087399999 -0.24479006230799999
v 0.23245793580999999 -0.29570278525400001 -0.25335454940800001
v 0.155658960342 -0.187022119761 -0.182152315974
v 0.15801438689200001 -0.29141923785200002 -0.18589912354900001
v 0.082583330571700003 -0.18889553844900001 -0.139590442181
v 0.080735981464400003 -0.29061672091500002 -0.14173221588099999
v 0.0025716908276099998 -0.189966410398 -0.121653750539
v 0.0015268600545799999 -0.29088509082800001 -0.12085123360199999
v 0.41073578596100002 -0.90869802236599995 -0.19847877323599999
v 0.44553568959200002 -0.91833603382100004 0.00094321387587100001
v 0.48515066504499998 -0.80430090427400003 -0.16475236415899999
v 0.51459616422700005 -0.80269593000399997 0.0119204521179
v 0.48167225718500001 -0.67902541160600005 -0.13343350589299999
v 0.397887736559 -0.58667385578200004 -0.10720068961400001
v 0.42010542750399998 -0.579446017742 0.049930408597000001
v 0.265918582678 -0.57784098386799998 -0.092476651072499999
v 0.28546032309500002 -0.56499296426800005 0.058763269335
v 0.014992411248400001 -0.74193155765499996 -0.0127073321491
v 0.124340079725 -0.65011674165699995 -0.103988029063
v 0.13756331801400001 -0.63110911846200002 0.040829177945899998
v -0.0020583951845799999 -0.73871886730199998 -0.15109921991799999
v 0.35800179839099999 0.15641717612700001 -0.46172145008999999
v 0.33632090687799998 0.057640269398699998 -0.47748771309900001
v 0.36121445894199999 0.13500204682399999 -0.35769954323800002
v 0.33658665418599998 0.042382091283800001 -0.38042527437200002
v 0.334713280201 0.110908411443 -0.25148114562000001
v 0.30286026000999999 0.027392286807299999 -0.286546826363
v 0.27716156840299999 0.092171803116799997 -0.155919507146
v 0.24423769116399999 0.0161492824554 -0.20865090191399999
v 0.18711332976799999 0.084141455590700007 -0.099704481661299998
v 0.16958048939699999 0.0097239622846200004 -0.15618528425700001
v 0.085686549544299995 0.086817368864999994 -0.093815915286500004
v 0.085285298526299999 0.0065139080397800002 -0.129418328404
v -0.0026759135071199999 0.089495889842499995 -0.10532729327699999
v 0.00099271954968600004 0.0057087889872499999 -0.11844369769099999
v 0.45008501410500001 0.70516705513 -0.23434957861899999
v 0.397887736559 0.64627611637100002 -0.225782483816
v 0.39306747913399998 0.75870358943899996 -0.252552032471
v 0.36951318383199999 0.67572158575100005 -0.22712174058000001
v 0.31677916645999998 0.742642819881 -0.25362291932100001
v 0.31196147203399999 0.65163052082100004 -0.21561296284199999
v 0.238080754876 0.71855181455600003 -0.24960775673400001
v 0.233797192574 0.63289391994499999 -0.20972178876399999
v 0.15683667361699999 0.69178485870399997 -0.226050853729
v 0.15362662077 0.61950916051899996 -0.19500036537599999
v 0.074365384876699997 0.66769129037899999 -0.19660538435
v 0.072971411049399998 0.61147880554199996 -0.17840293049799999
v -0.0056201997213099998 0.65966093540199999 -0.185096606612
v -0.0064227133989300002 0.60612440109300003 -0.172245964408
v 0.34863218665099999 0.32773295044900003 -0.54952114820499998
v 0.25815659761400001 0.338441848755 -0.60429787635800003
v 0.14896786212900001 0.34379366040199999 -0.62116628885299996
v 0.0357379056513 0.34379366040199999 -0.62192714214300004
v 0.36228534579299998 0.40268459916100002 -0.54630845785100002
v 0.26377680897700001 0.41071492433500001 -0.59477978944800003
v 0.153491124511 0.41339346766500001 -0.60770595073699996
v 0.0400475077331 0.41339346766500001 -0.60775548219700004
v 0.36924481391899999 0.49102103710200001 -0.551339805126
v 0.263242661953 0.496375441551 -0.58509486913700004
v 0.15319670736800001 0.496375441551 -0.59355777502100004
v 0.040235109627199998 0.496375441551 -0.59081411361699998
v 0.50630003213899999 0.52849680185299996 -0.46766215562800001
v 0.46025711297999999 0.57667887210799995 -0.51745188236200002
v 0.36737138032900002 0.58470922708499995 -0.551876544952
v 0.26056414842600001 0.58738780021699999 -0.57093620300299996
v 0.151938214898 0.58738780021699999 -0.57492274045900005
v 0.039244994521100002 0.58470922708499995 -0.56836456060399998
v 0.54538089036899995 0.60612440109300003 -0.445230841637
v 0.46775332093200001 0.67036974430100005 -0.49485900998100002
v 0.36148282885600003 0.68375194072699996 -0.52157384157200004
v 0.25869074463800001 0.68107604980500003 -0.53905457258199996
v 0.15167243778699999 0.67840009927699996 -0.544166684151
v 0.038708250969599997 0.67304569482800003 -0.54157155752200004
v 0.54886192083399998 0.67036974430100005 -0.398359358311
v 0.46105965971899998 0.75067323446300005 -0.44852426648100002
v 0.35478913783999999 0.77208834886599997 -0.47175809741000002
v 0.253873050213 0.76673394441599996 -0.48511680960699999
v 0.149314403534 0.75870358943899996 -0.49678710103000001
v 0.036352820694399997 0.75335174799000004 -0.50880658626599995
v 0.39842191338499999 0.31434819102299999 -0.45042371749900001
v 0.39735102653499998 0.29828751087200001 -0.32670116424599999
v 0.36228534579299998 0.284905314445 -0.203299075365
v 0.29884508252100001 0.27152055501900002 -0.093279160559200006
v 0.19921095669300001 0.266166120768 -0.028499651700299999
v 0.088818445801699994 0.26081168651600001 -0.031712312251300001
v -0.0040125674568100003 0.258135765791 -0.061694525182199998
v 0.31196147203399999 0.56061822175999998 -0.19874715805099999
v 0.237009853125 0.54991197586100005 -0.17920804023699999
v 0.15571367740600001 0.54188162088400005 -0.16502074897300001
v 0.073372662067399994 0.53920310735700006 -0.15725617110699999
v -0.0069594597443899996 0.53920310735700006 -0.15752454101999999
v 0.44071540236500001 0.47763621807099998 -0.48115372657799999
v 0.42090791463900001 0.39465424418400002 -0.44432148337400001
v 0.326682925224 0.466929972172 -0.190985202789
v 0.34729552269000002 0.37591764330900002 -0.193126961589
v 0.24878700077499999 0.458899617195 -0.144139751792
v 0.271541386843 0.367887318134 -0.110679112375
v 0.16224582493299999 0.45354521274600001 -0.122724637389
v 0.177610829473 0.36520877480500002 -0.068117238581200001
v 0.075061067938800005 0.45086929202100001 -0.122190497816
v 0.080118469893899993 0.35985693335500002 -0.0705273896456
v -0.0078427456319299996 0.45086929202100001 -0.132362619042
v -0.0076812007464499999 0.35717841982800003 -0.091674141585800006
v 0.34274360537499998 0.82562488317500005 -0.401840388775
v 0.326414555311 0.814918637276 -0.32188346981999999
v 0.49853542447100002 0.73193657398199996 -0.28199750185
v 0.44794324040400002 0.80688822269399996 -0.38912522792799997
v 0.42090791463900001 0.81224262714399997 -0.317063182592
v 0.0202921275049 0.86577916145300005 -0.42887571454000001
v 0.030008271336600001 0.81759446859399998 -0.465093046427
v 0.113902196288 0.85774880647700003 -0.37542000412900001
v 0.142998531461 0.82027304172500004 -0.42568913102099998
v 0.23995414376300001 0.81759446859399998 -0.40076953172699997
v 0.23593898117500001 0.79082751274100005 -0.313850522041
v 0.13288111984699999 0.83097928762399997 -0.286546826363
v 0.15710504352999999 0.76138210296599995 -0.26754185557400001
v 0.0068005206994700002 0.79617935419100005 -0.17840293049799999
v 0.079342007637 0.81224262714399997 -0.212934449315
v 0.077736981213100007 0.72658216953300003 -0.21052691340400001
v -0.0036399720702300002 0.713197410107 -0.18884341418700001
v -0.438625723124 -0.64503061771400005 0.39256718754800002
v -0.55506837367999995 -0.63913947343800004 0.37650391459499999
v -0.640994668007 -0.68545079231299999 0.35749891400299999
v -0.67954134941099997 -0.77806806564300002 0.340098977089
v -0.66401475667999998 -0.88889050483700005 0.33367624878899999
v -0.59414917230599995 -0.98605978488900003 0.33688893914200002
v -0.48627367615700001 -1.0307635068900001 0.351878732443
v -0.37545126676599999 -1.0082774162299999 0.36472675204299998
v -0.32084387540800002 -0.71114677190800002 0.38828364014599998
v -0.28262025117900003 -0.93412834405900003 0.363121747971
v -0.25274485349699999 -0.81875658035300003 0.36767104268099998
v -0.40703850984599999 -0.69749629497499999 0.47635170817400002
v -0.49590906500800003 -0.702850699425 0.56308048963500001
v -0.51866340637200004 -0.66269642114600003 0.46912387013399998
v -0.592809915543 -0.69267863035199995 0.55183750390999997
v -0.61476182937599999 -0.68170136213300003 0.45333155989599999
v -0.66267549991600005 -0.73711389303200003 0.53256410360299999
v -0.67418694496200005 -0.748890995979 0.43700248002999997
v -0.69506525993299995 -0.818222463131 0.51677179336500001
v -0.68542993068699998 -0.84739953279500002 0.42602524161299998
v -0.68676918745000004 -0.91244482994099996 0.51168572902700005
v -0.64741992950399996 -0.95018905401200005 0.42281520366699998
v -0.62841236591299998 -1.0023888349500001 0.50847309827800002
v -0.56256198883099995 -1.02326726913 0.42950624227500001
v -0.53472411632500005 -1.04146969318 0.52025026083000003
v -0.456291437149 -1.0337077379199999 0.44503280520400001
v -0.43648397922499999 -1.0197862386700001 0.53336662054100004
v -0.39633223414399998 -0.76254415512100004 0.56200963258699999
v -0.31415274739299998 -0.78262001276000004 0.46376943588300001
v -0.35002094507199999 -0.96009278297400003 0.53470587730399999
v -0.33048182725899999 -0.859445035458 0.54300457239199995
v -0.29129156470299999 -0.89638417959200001 0.45038464665400002
v -0.47717243433000001 -0.76200741529500005 0.65195101499599994
v -0.55533677339599996 -0.78101241588600001 0.75045961141600004
v -0.56871891021700005 -0.72426319122299998 0.647401690483
v -0.63751357793800001 -0.76307833194700003 0.74242919683499997
v -0.64848822355299995 -0.74086064100299998 0.63000172376600005
v -0.69801211357100001 -0.801625013351 0.71458876133000004
v -0.69667285680799995 -0.80537176132199995 0.60885500907900003
v -0.72879433631900004 -0.86934882402400004 0.69504964351700005
v -0.71032345294999999 -0.88969308137900005 0.59895128011700005
v -0.72370821237600003 -0.95420420169800002 0.67497378587699997
v -0.682217240334 -0.97802948951699997 0.59359681606299997
v -0.67391854524600003 -1.01737868786 0.65676867961899998
v -0.60940736532200002 -1.0342419147499999 0.59600698947899999
v -0.58852905035000003 -1.0267482995999999 0.64659923315000001
v -0.51679003238700005 -1.0331709384900001 0.60831826925300003
v -0.49885335564599997 -0.99328762292899997 0.65543204546
v -0.47342303395300001 -0.82304012775400004 0.74510508775700002
v -0.39686638116799999 -0.83321219682699998 0.642315685749
v -0.42791688442199999 -0.94911813735999995 0.68032562732699997
v -0.41506883502000003 -0.88781964778900002 0.71271538734399997
v -0.37304368615200001 -0.92449295520800001 0.62464731931700002
v -0.53231400251399996 -0.85623240470899997 0.83745676279100001
v -0.55587089061700001 -0.93385994434399999 0.88885146379500002
v -0.61101239919700001 -0.82919704914100001 0.837725102901
v -0.63430094718899999 -0.93064725399000003 0.89099317789099997
v -0.68382489681199998 -0.83187294006300005 0.81684404611600003
v -0.69988554716100004 -0.94831562042200002 0.86502879858000004
v -0.73173856735200005 -0.87871843576399999 0.78873789310499998
v -0.73441708087900004 -0.99301922321299996 0.825679600239
v -0.74646264314699995 -0.95393580198299999 0.75982916355100005
v -0.72692090272900001 -1.0532468557400001 0.76705694198600005
v -0.71701711416199998 -1.02273058891 0.72476089000699995
v -0.67391854524600003 -1.0834947824500001 0.70977109670600003
v -0.64634907245600004 -1.04307472706 0.69290786981600005
v -0.586118876934 -1.06663167477 0.67470538616200004
v -0.55747592449200001 -1.01336348057 0.68300414085399996
v -0.49644577503199999 -1.0246065854999999 0.68862432241399996
v -0.48440027236900002 -0.94135612249400002 0.86529451608700003
v -0.46378767490400002 -0.89290565252300003 0.81202638149299999
v -0.43782323598900003 -0.99569517374000005 0.735735535622
v -0.433002918959 -0.96116364002200005 0.81042140722300005
v -0.44103327393500003 -0.93734103441200001 0.76009494066200001
v -0.48948630690599998 -1.02540898323 0.89902353286699999
v -0.49055722355800002 -1.1164213419 0.90919572114900005
v -0.56175947189300002 -1.04280900955 0.91909945011100003
v -0.56738227605799996 -1.13917315006 0.91909945011100003
v -0.63831609487499996 -1.0543177127800001 0.91347920894599999
v -0.640192091465 -1.15710985661 0.90063118934599995
v -0.69747543334999995 -1.0722544193300001 0.87627178430599995
v -0.68194884061799999 -1.1814692020399999 0.84334534406700001
v -0.71621465682999996 -1.10437583923 0.80988466739700005
v -0.67632865905799999 -1.2036868333799999 0.75715059041999999
v -0.68489319086099998 -1.1271276474 0.72904443740799996
v -0.62145292758899995 -1.2018134594000001 0.66908264160200004
v -0.60913902521100005 -1.1177606582599999 0.66212314367299996
v -0.52856719493899995 -1.17156291008 0.62036377191500003
v -0.51357740163800003 -1.08188986778 0.646864950657
v -0.43327131867399998 -1.1303403377500001 0.64258402585999996
v -0.42524096369699999 -1.09580874443 0.87600344419499998
v -0.43086117505999999 -1.0125583410300001 0.85164397954899995
v -0.37732464075099997 -1.1041074991199999 0.71218121051799999
v -0.37920066714299999 -1.08724427223 0.81202638149299999
v -0.40355744957900003 -1.02273058891 0.76812785863900002
v -0.42042326927200002 -1.1846792697899999 0.88537305593500004
v -0.42122578620899997 -1.27810168266 0.89634764194500005
v -0.49162551760700002 -1.2125197648999999 0.90732228756
v -0.49617743492100003 -1.3086180687 0.90678554773300002
v -0.56791639327999999 -1.2406259775199999 0.90491211414299999
v -0.56764799356499995 -1.33779513836 0.88804894685699998
v -0.62921488285100002 -1.2649853229500001 0.86395794153200001
v -0.60994410514800002 -1.3605496883399999 0.82487446069699999
v -0.64982748031600002 -1.2829195260999999 0.78311771154400001
v -0.60432130098299996 -1.36911404133 0.73118615150499999
v -0.620650410652 -1.2845270633700001 0.68942689895599996
v -0.55399751663200003 -1.3578711748100001 0.64552831649800002
v -0.54676967859299996 -1.2628436088599999 0.61956125497799996
v -0.46405604481700002 -1.3252155780799999 0.60242968797700003
v -0.44692444801300002 -1.2234944105100001 0.60831826925300003
v -0.36715254187599999 -1.2823853492699999 0.62919926643400004
v -0.35671463608699999 -1.25347399712 0.86422628164299997
v -0.36340573430099998 -1.1654086113 0.83585166931199995
v -0.310403347015 -1.2510664463000001 0.71003949642200004
v -0.31227937340700002 -1.2422335147900001 0.80078339576699997
v -0.33770966529800001 -1.1638009548199999 0.75447475910200001
v -0.35644626617399999 -1.3455597162199999 0.88430213928199997
v -0.35805130004899999 -1.4464758634599999 0.89554512500799999
v -0.42550933361100002 -1.3739317655600001 0.90410959720600004
v -0.42550933361100002 -1.4751188755 0.90410959720600004
v -0.49778243899300001 -1.4060558080700001 0.90089696645700001
v -0.48948630690599998 -1.50456166267 0.88617551326800004
v -0.55560249090199998 -1.43496453762 0.85914021730400003
v -0.52669376134900003 -1.52677929401 0.82728457450899995
v -0.57407337427100003 -1.45049095154 0.77856576442699998
v -0.52000010013599995 -1.53240215778 0.74269759655000001
v -0.54569876194 -1.4470100402799999 0.68862432241399996
v -0.47449392080300001 -1.5206249952299999 0.66801172494899996
v -0.47610154748 -1.4237214326900001 0.62411320209499999
v -0.39526137709600001 -1.49117946625 0.63080430030800005
v -0.38160818815199998 -1.38464069366 0.61661696434000002
v -0.30852997303000002 -1.4518276453000001 0.65676867961899998
v -0.29996547102900001 -1.4242582321199999 0.86770468950299995
v -0.30092951655400002 -1.3270890712700001 0.83852756023399999
v -0.25833901763 -1.4226505756400001 0.73091781139400003
v -0.26034787297200002 -1.41462016106 0.81256312131899999
v -0.276062041521 -1.3254812955899999 0.76090002059899997
v -0.30052828788800001 -1.5235693454699999 0.88724642992000002
v -0.15892112255099999 -1.92616534233 0.95550441741900005
v -0.24150185287000001 -1.70960915089 0.90357547998400001
v -0.29592424631100001 -1.62662708759 0.90357547998400001
v -0.35831966996199999 -1.5468578338600001 0.90437805652600001
v -0.220785006881 -1.8316719532000001 0.93837279081299996
v -0.20260861516000001 -1.9507930278800001 0.980132162571
v -0.28850883245499997 -1.72834575176 0.92284882068600005
v -0.35109183192299998 -1.64991569519 0.91213995218300004
v -0.41962075233500001 -1.57389307022 0.90116536617300003
v -0.26888632774400001 -1.85255289078 0.94586896896399997
v -0.25253120064700002 -1.9617677926999999 0.97022843360900002
v -0.33824378251999998 -1.75002920628 0.91909945011100003
v -0.40222078561800001 -1.6734726429 0.89527678489700002
v -0.46807122230499998 -1.5990550518 0.864760398865
v -0.313350260258 -1.8608487844499999 0.92605888843499995
v -0.28575211763399999 -1.9566816091499999 0.92365139722800005
v -0.37464872002600003 -1.7693026065799999 0.884033799171
v -0.43166628480000002 -1.6916749477399999 0.84414780139900003
v -0.482258498669 -1.61243975163 0.79542899131800004
v -0.33556786179499998 -1.8624566793399999 0.87279075384100002
v -0.29131761193299999 -1.94811451435 0.86047685146300001
v -0.38374999165500001 -1.7794746160499999 0.82514280080799995
v -0.42470681667299998 -1.69622421265 0.77481895685199997
v -0.45655983686399998 -1.60922718048 0.72074574232099997
v -0.33021345734599999 -1.8611174821900001 0.81202638149299999
v -0.27365189790700001 -1.94088685513 0.80586946010600002
v -0.36233484745 -1.77653038502 0.76598608493800002
v -0.38696265220600001 -1.68605220318 0.71619641780900001
v -0.39793723821600002 -1.58995389938 0.667477548122
v -0.29918903112400003 -1.85201621056 0.76598608493800002
v -0.23545433580899999 -1.9285728931399999 0.77107220888100003
v -0.31629452109299999 -1.76153802872 0.72342425584799996
v -0.32378813624399999 -1.66276359558 0.68460911512400002
v -0.31897044181799999 -1.55729568005 0.66105228662500004
v -0.24966768920400001 -1.8343504667299999 0.74430257081999995
v -0.18595905602000001 -1.91090703011 0.76544934511200002
v -0.25467297434800001 -1.73637604713 0.71458876133000004
v -0.25411015748999999 -1.6311763525 0.70334571599999995
v -0.19583675265299999 -1.81239855289 0.75179886817899999
v -0.24980056285900001 -1.60922718048 0.87734270095800004
v -0.25486057996700001 -1.50857686996 0.84896808862700002
v -0.13541893661000001 -1.9020743370099999 0.91080331802400005
v -0.18349680304499999 -1.8086516857099999 0.90892732143400001
v -0.20678533613700001 -1.6986343860599999 0.86690217256500002
v -0.215938657522 -1.6081562042199999 0.76464682817499996
v -0.219284206629 -1.6019994020499999 0.83103138208399996
v -0.233901411295 -1.5075058937100001 0.78472268581399995
v -0.165158838034 -1.79660618305 0.80212265253100001
v -0.13220627605900001 -1.8913654089 0.85351741313899998
v -0.165614813566 -1.7963378429400001 0.86154776811599998
v -0.19064386188999999 -1.69809770584 0.81309729814499998
v -0.34600579738600001 -0.65011674165699995 0.307977586985
v -0.38963857293100002 -0.60541307926200005 0.22071205079600001
v -0.47610154748 -0.60996234416999995 0.30235737562199999
v -0.52401524782200004 -0.59309917688400005 0.204651355743
v -0.59013402461999998 -0.63298511505099997 0.280139744282
v -0.62439715862300005 -0.64850908517799999 0.178686916828
v -0.66080212593099996 -0.71221768856000001 0.25765374302900002
v -0.667761564255 -0.755316317081 0.157808542252
v -0.672581851482 -0.82544767856599999 0.24453732371299999
v -0.64340215921400001 -0.87952089309699999 0.14950983226299999
v -0.62306052446399995 -0.936804175377 0.24480570852799999
v -0.55801266431800001 -0.97535097598999998 0.157808542252
v -0.52428364753699996 -1.0088115930599999 0.25792211294200001
v -0.43808898329700002 -1.0120241642000001 0.173869237304
v -0.40489670634300001 -1.0179127454800001 0.27318030595800002
v -0.31950721144700001 -0.98873573541600002 0.18002617359199999
v -0.24308344721799999 -0.74246573448200004 0.29057762026799999
v -0.25504818558699999 -0.68196976184799996 0.208132401109
v -0.226994082332 -0.91030567884400004 0.17199324071399999
v -0.226647526026 -0.86319190263699996 0.27585619688000002
v -0.184512957931 -0.79439717531200005 0.176545158029
v -0.66963762044899999 0.41071492433500001 -0.43222126364699998
v -0.70684504509000001 0.44551482796699998 -0.37022712826699999
v -0.70336395502100002 0.464251458645 -0.31117463111900001
v -0.64072626829099999 0.469605892897 -0.23434957861899999
v -0.59013402461999998 0.45354521274600001 -0.21828888356699999
v -0.53285074233999996 0.424099713564 -0.23033440113100001
v -0.58103281259499995 0.37591764330900002 -0.44879004359199998
v -0.49135974049600001 0.38929980993300001 -0.287886083126
v -0.50206601619699998 0.36520877480500002 -0.38334351777999998
v -0.60940736532200002 0.44819074869199999 -0.45283389091499998
v -0.62787824869200004 0.53652715682999996 -0.44378474354699998
v -0.67338436842000005 0.493696928024 -0.41201248764999998
v -0.66374641656900002 0.58738780021699999 -0.38917735218999999
v -0.69105011224699997 0.52849680185299996 -0.34985417127599999
v -0.66562241315799997 0.61950916051899996 -0.33125045895600003
v -0.68007552623699996 0.54455751180599998 -0.29404303431500001
v -0.64902496337899995 0.54991197586100005 -0.24800273776099999
v -0.60271626710899995 0.62753945589100002 -0.22926351428
v -0.60003775358199996 0.53652715682999996 -0.21668124198899999
v -0.54382538795500002 0.59809404611600003 -0.20356483757499999
v -0.54007858037900003 0.50708174705499998 -0.211597800255
v -0.48091921210299998 0.55258786678299998 -0.218020498753
v -0.48600530624400001 0.464251458645 -0.24933937192
v -0.519734323025 0.41606938839000002 -0.42502209544199998
v -0.54837465286300002 0.48834511637700001 -0.44980883598299998
v -0.52669376134900003 0.34647217392899998 -0.25977987051000001
v -0.57782012224199997 0.28758123517 -0.235688835382
v -0.578088521957 0.37323909997900001 -0.22819264233100001
v -0.62787824869200004 0.30364191532099999 -0.22899511456499999
v -0.62975162267700002 0.38929980993300001 -0.23086854815499999
v -0.67017167806599998 0.31434819102299999 -0.243719190359
v -0.67231351137200002 0.39733275771100002 -0.25148114562000001
v -0.70443487167399998 0.31702670454999998 -0.27075451612500001
v -0.70523738861100005 0.39465424418400002 -0.28574430942500001
v -0.72959679365200003 0.31434819102299999 -0.31224548816699998
v -0.72317415475799995 0.38394799828499998 -0.33660492301
v -0.73013353347800003 0.30631783604599999 -0.37038603425
v -0.70845007896400003 0.36253285408000002 -0.401840388775
v -0.68435901403400001 0.28758123517 -0.43093672394799998
v -0.64072626829099999 0.333087414503 -0.44785463809999998
v -0.53365325927700002 0.266166120768 -0.281729131937
v -0.50554698705699996 0.31970262527499999 -0.33580237626999998
v -0.59548842906999999 0.26081168651600001 -0.43843290209800001
v -0.53097730875000004 0.25278133153900001 -0.36819216608999999
v -0.54944556951500001 0.31167227029799999 -0.421728640795
v -0.57567840814600002 0.20727515220600001 -0.25228369235999998
v -0.62466555833799997 0.151062741876 -0.25870898366
v -0.62466555833799997 0.22065994143500001 -0.230602785945
v -0.66802996397000003 0.159093081951 -0.24960775673400001
v -0.66883242130300002 0.228690296412 -0.23729388415800001
v -0.70604252815199997 0.16444753110400001 -0.258977353573
v -0.70470327138900002 0.23404471576200001 -0.25924313068400001
v -0.73655623197599995 0.161769002676 -0.28092661499999999
v -0.73307782411599998 0.23672063648700001 -0.29457977414100001
v -0.75823974609400002 0.153738662601 -0.32000747323000001
v -0.743518352509 0.23672063648700001 -0.346349716187
v -0.75074356794399999 0.14303240179999999 -0.37641009688400001
v -0.71433866024000003 0.231366217136 -0.40804946422600002
v -0.70041972398800001 0.12697170674800001 -0.42903727292999999
v -0.63965541124299996 0.212629601359 -0.43968883156799998
v -0.58424550294900002 0.13767796754799999 -0.29778984189000002
v -0.54355698823900001 0.19389039278 -0.31545817852000002
v -0.61797446012500001 0.11626283824399999 -0.429115444422
v -0.57193154096599996 0.121617272496 -0.36768406629599998
v -0.56363284587899998 0.196568906307 -0.398896098137
v -0.61342257261300004 0.081465542316400005 -0.28253164887400001
v -0.61181753873800004 0.063797213137100003 -0.227658495307
v -0.65277177095399996 0.0948477089405 -0.25496217608499999
v -0.69346028566399998 0.10020214319200001 -0.24933937192
v -0.68810576200499995 0.066207364201500002 -0.20222820341600001
v -0.72879433631900004 0.0948477089405 -0.258977353573
v -0.71969306469000005 0.047468151897200002 -0.21132941544100001
v -0.756366431713 0.081197164952799994 -0.28440767526600003
v -0.741910755634 0.015880908817100001 -0.23916725814299999
v -0.76466506719600003 0.064868099987499997 -0.33125045895600003
v -0.73736137151699999 -0.019718902185600001 -0.286546826363
v -0.73869806528100002 0.044523864984499999 -0.38722318410899997
v -0.69319188594799996 -0.052645407617100001 -0.33847829699499998
v -0.672847688198 0.028731547295999998 -0.419237732887
v -0.58103281259499995 0.040508691221499998 -0.26861274242400002
v -0.58906316757199995 0.064065590500800004 -0.33553400635699998
v -0.61770612001400005 -0.042741660028700001 -0.35652184486400001
v -0.57594674825699999 0.000356962176738 -0.32188346981999999
v -0.60592895746200004 0.040508691221499998 -0.395547986031
v -0.56604301929500001 0.038903664797500001 -0.199818044901
v -0.55105322599399997 0.022037854418200001 -0.10907409340099999
v -0.60084289312399997 0.058442786335899999 -0.165554881096
v -0.63831609487499996 0.055498495698 -0.14574739337000001
v -0.62439715862300005 0.0110632227734 -0.075345076620599999
v -0.672045111656 0.034888491034500001 -0.14039295911800001
v -0.654111027718 -0.019718902185600001 -0.080699510872400002
v -0.69934886693999998 -0.0025873244740099999 -0.15109921991799999
v -0.67365276813499997 -0.065761812031299993 -0.102380387485
v -0.70871847868000004 -0.053984664380599998 -0.17920804023699999
v -0.666959106922 -0.12010083347599999 -0.139590442181
v -0.68409061431899998 -0.10484266281100001 -0.225516721606
v -0.62038201093699996 -0.15650576353099999 -0.18750414252299999
v -0.62225544452699999 -0.116354040802 -0.27129125595100001
v -0.52160769700999998 -0.0116885574535 -0.14869168400800001
v -0.54703801870299995 -0.0071392431855200004 -0.24291667342199999
v -0.55346071720099999 -0.13375398516699999 -0.210792675614
v -0.51786094903900004 -0.071650385856599996 -0.19044843316099999
v -0.56336706876800002 -0.070579499006300006 -0.27637732029000001
v -0.50286853313400004 -0.025610081851499999 -0.057679355144499997
v -0.53044062852899998 -0.058802355080799999 0.045646864920899997
v -0.57755440473599995 -0.018382249400000002 -0.0129757057875
v -0.56229615211499995 -0.079949103295800003 0.048057008534699998
v -0.60913902521100005 -0.044615063816300003 -0.0148491049185
v -0.58665561676 -0.111267976463 0.038687404245099997
v -0.63189339637800002 -0.083430133759999997 -0.0309097953141
v -0.60003775358199996 -0.15275897085699999 0.016738139092899999
v -0.63671112060500001 -0.13321724534000001 -0.061157781630799997
v -0.58879476785700002 -0.19853350520099999 -0.017259251326300001
v -0.60833650827399999 -0.17792089283500001 -0.102380387485
v -0.54141521453899999 -0.224229559302 -0.053929947316600002
v -0.54757213592499998 -0.18140190839799999 -0.13423600792900001
v -0.46271678805400002 -0.086640194058399997 -0.0073528997600099998
v -0.48386350274099998 -0.071918755769699999 -0.098633594810999994
v -0.48359513282799999 -0.199067652225 -0.066243842244100001
v -0.45575731992700003 -0.14124758541599999 -0.045097090303900002
v -0.49644577503199999 -0.134288132191 -0.13129173219199999
v -0.428722023964 -0.152490586042 0.14629717171199999
v -0.40222078561800001 -0.19612336158800001 0.209469050169
v -0.48038509488100001 -0.10457689315099999 0.0994517505169
v -0.46057498455000001 -0.15784502029399999 0.16075283289
v -0.43380805849999998 -0.20790310204000001 0.22098043561
v -0.51437985897100003 -0.118764176965 0.107750467956
v -0.48894959688200001 -0.17792089283500001 0.16316036880000001
v -0.45977249741600001 -0.22851310670399999 0.222588062286
v -0.54061269760099995 -0.145262762904 0.103198543191
v -0.51196974515899996 -0.20254868269000001 0.15861105918900001
v -0.55854678154000004 -0.17872340977199999 0.088745489716499995
v -0.52401524782200004 -0.23333080112900001 0.14362125098699999
v -0.48547118902199998 -0.27535852789900001 0.204651355743
v -0.55988603830299999 -0.217806860805 0.063849329948399994
v -0.51491403579700001 -0.26464968919800003 0.120598502457
v -0.53231400251399996 -0.25073075294500002 0.031459573656299998
v -0.48359513282799999 -0.28419139981300001 0.10186188668
v -0.45522058010100003 -0.31042420864100001 0.189929932356
v -0.48118764162099997 -0.25099912285800002 0.0092419330030699999
v -0.406235992908 -0.18461458385000001 0.12354279309500001
v -0.428722023964 -0.15757665038099999 0.041365925222599999
v -0.37812978029299998 -0.26839905977200001 0.17895530164199999
v -0.44183841347699998 -0.27669781446500002 0.097309976816200003
v -0.417210638523 -0.306945770979 0.18591476976900001
v -0.40837776660899999 -0.239221975207 0.104806177318
v -0.43969660997400001 -0.21138153970199999 0.014062224887300001
v -0.094141602516200004 0.95679152011900004 -0.38773128390299999
v -0.121017992496 0.91663718223599999 -0.37809589505199998
v -0.142727538943 0.95411300659200005 -0.33285808563199998
v -0.14719869196400001 0.95143705606499995 -0.25790646672200002
v -0.14344929158700001 0.90593093633699995 -0.22390908002900001
v -0.095587693154799994 0.94608265161500005 -0.18830928206399999
v -0.069917686283599997 0.89790052175500001 -0.17465612292300001
v -0.011321172118199999 0.94340670108799995 -0.16502074897300001
v -0.41881564259499998 0.19389039278 -0.17813715338700001
v -0.344400763512 0.175153777003 -0.074274189770200005
v -0.23234851658299999 0.167123436928 -0.040279403328900003
v -0.122464083135 0.167123436928 -0.063836298883000006
v -0.36233484745 -0.42526179552100002 -0.333392262459
v -0.28390479087800002 -0.40679094195400001 -0.25389128923400001
v -0.20062837004699999 -0.39983153343200001 -0.1826864779
v -0.119412973523 -0.39876061677899999 -0.144139751792
v -0.405967622995 -0.50155007839200005 -0.38336956501000002
v -0.38696265220600001 -0.52965891361200002 -0.35941141843800001
v -0.33396023511900003 -0.47290974855399998 -0.317063182592
v -0.30004626512499999 -0.49807167053200002 -0.289759486914
v -0.24985529482400001 -0.45363640785199999 -0.23783060908299999
v -0.20806986093499999 -0.49271720647799999 -0.212666079402
v -0.163793519139 -0.44962123036399998 -0.17572700977299999
v -0.12085644900799999 -0.49539574980700002 -0.16689413785900001
v -0.079982973635200003 -0.45015534758600001 -0.14654991030699999
v -0.36046147346500002 -0.69133937358899999 -0.65646123886100005
v -0.26556682586699998 -0.66510653495799998 -0.73200172185900003
v -0.15212321281399999 -0.648777484894 -0.75975877046600004
v -0.44611930847199999 -0.56472456455200004 -0.411983847618
v -0.461914241314 -0.57837772369399998 -0.48806110024499999
v -0.42952451109899997 -0.56981062889099998 -0.58855509758000002
v -0.40114992856999998 -0.62441802024799997 -0.62800848484000005
v -0.36099818348899998 -0.551339805126 -0.67303007841100004
v -0.31789958477000002 -0.601932048798 -0.70611548423799997
v -0.26449593901599999 -0.53420823812499996 -0.72118610143700002
v -0.210584238172 -0.58346122503300002 -0.74592065811200003
v -0.15182878077 -0.52243107557299995 -0.73601686954500001
v -0.095535583794100001 -0.57677006721500002 -0.75041788816499999
v -0.44799536466599998 -0.51654249429700005 -0.452484726906
v -0.41935238242099998 -0.44185662269600001 -0.40526673197700003
v -0.44023075699800002 -0.444535136223 -0.48982769250899999
v -0.44478270411499998 -0.51172220706899996 -0.54325735569
v -0.41399794817000002 -0.43650481104900002 -0.584586799145
v -0.39419046044299999 -0.49726918339699999 -0.63207060098599999
v -0.34734505415 -0.42659845948199998 -0.65332931280100004
v -0.310137599707 -0.48334762454000002 -0.689974009991
v -0.25625193119 -0.41776561737099999 -0.68737888336200004
v -0.20627462863900001 -0.47183886170400002 -0.71326255798299998
v -0.149713069201 -0.41027200221999999 -0.69800436496700002
v -0.0947044119239 -0.46728694438899998 -0.71537828445399998
v -0.373577862978 -0.36663925647700002 -0.60901135206199997
v -0.32860845327400001 -0.29971793293999999 -0.61896198987999995
v -0.29645839333500001 -0.36101645231200002 -0.65702146291700003
v -0.24824765324600001 -0.29356101155300002 -0.65370452404000001
v -0.20057365298300001 -0.355127871037 -0.67838448286099995
v -0.147839665413 -0.29061672091500002 -0.67024725675600005
v -0.093875840306300001 -0.34816840291000001 -0.68437987566000003
v -0.35109183192299998 -0.23520681262000001 -0.576582491398
v -0.32057547569299999 -0.16694624722000001 -0.59894084930400004
v -0.28553587198300001 -0.23145739734199999 -0.62612468004199995
v -0.24584010243400001 -0.16239695251 -0.64087998866999996
v -0.197280228138 -0.22797898948199999 -0.65498912334399995
v -0.14709186554000001 -0.16132606565999999 -0.66087770461999995
v -0.093232259154300001 -0.22851310670399999 -0.66575002670299999
v -0.35002094507199999 -0.10082749277399999 -0.56828641891499998
v -0.36367410421399998 0.021772088483 -0.56740307807900003
v -0.33690452575699997 0.084141455590700007 -0.60265898704499998
v -0.32753753662099999 -0.036853086203300002 -0.59926390647899996
v -0.28695589304000002 -0.097349062562000002 -0.62443107366600004
v -0.29429057240500001 0.028194800019300002 -0.62749522924400003
v -0.25055098533600001 0.089495889842499995 -0.64636987447700001
v -0.24878439307200001 -0.032835308462400001 -0.64468151330900003
v -0.19768407940900001 -0.094938911497600004 -0.65579158067700005
v -0.19923441112000001 0.031944207847099997 -0.65613818168600002
v -0.144895374775 0.092171803116799997 -0.65817308425900001
v -0.14706321060700001 -0.030696140602199998 -0.66106534004200002
v -0.092724189162300005 -0.093868024647199996 -0.66357970237700004
v -0.091598577797399994 0.0324783474207 -0.65956443548200006
v -0.37545126676599999 0.13767796754799999 -0.56903415918400002
v -0.344669133425 0.191214472055 -0.59974855184599996
v -0.29758140444800002 0.14570832252499999 -0.62861299514799995
v -0.25089752674100002 0.196568906307 -0.64096075296400001
v -0.19701445102699999 0.151062741876 -0.65327465534200002
v -0.14176349341899999 0.19924481213100001 -0.65019750595100001
v -0.087262921035300006 0.151062741876 -0.65421259403200005
v -0.44799536466599998 0.22065994143500001 -0.299397468567
v -0.45281302928900002 0.24475097656299999 -0.41616058349599999
v -0.42470681667299998 0.26081168651600001 -0.52237635850899999
v -0.388033539057 0.23404471576200001 -0.562181591988
v -0.35296523570999999 0.27419647574400002 -0.60011857747999997
v -0.30248245596899997 0.24475097656299999 -0.621674358845
v -0.251486361027 0.27955088019399998 -0.63603621721299997
v -0.19629012048200001 0.247429504991 -0.64337092638000004
v -0.138793155551 0.28222680091899999 -0.64040058851199999
v -0.084318637847900002 0.247429504991 -0.642834126949
v -0.42952451109899997 -0.71221768856000001 -0.55249148607300003
v -0.45522058010100003 -0.640210390091 -0.528132021427
v -0.47663566470099999 -0.70418733358399999 -0.45136174559600001
v -0.47128388285599998 -0.63003826141399999 -0.435835182667
v -0.48172175884200003 -0.65841281413999997 -0.38007611036299999
v -0.43728646636000001 -0.59068900346800002 -0.37384101748499998
v -0.42925614118599997 -0.59658020734799999 -0.33499988913500001
v -0.36046147346500002 -0.54732465744000003 -0.32322013378100001
v -0.33422866463700002 -0.55910438299200005 -0.28387090563799999
v -0.26503267884300002 -0.53206640481900003 -0.25629884004600001
v -0.224745467305 -0.56820559501599999 -0.22444581985500001
v -0.16989836096800001 -0.53795498609500003 -0.195802882314
v -0.12540836632300001 -0.585871338844 -0.182152315974
v -0.081614062190100006 -0.54384618997599998 -0.16180808842200001
v -0.48653942346599999 -0.65359514951700004 -0.32750368118299999
v -0.49055722355800002 -0.63057500123999999 -0.26486593484900001
v -0.40971440076799998 -0.58908402919799996 -0.28708356618899999
v -0.38963857293100002 -0.58319544792199995 -0.22631923854399999
v -0.29830572009099998 -0.58132201433200004 -0.24104066193099999
v -0.260882019997 -0.61183577775999998 -0.19125355780100001
v -0.18560990691199999 -0.61371177434900004 -0.19901552796399999
v -0.13734705746199999 -0.66242802143099999 -0.18001054227400001
v -0.086246751248800005 -0.63780277967499999 -0.176261156797
v -0.53365325927700002 -0.72587084770200005 -0.30635693669300001
v -0.50099509954499999 -0.73256194591500001 -0.38106623292000003
v -0.50260269641900002 -0.81340217590300001 -0.35933062434200003
v -0.45816746354100002 -0.77913898229599998 -0.46327176690100003
v -0.42497259378399999 -0.85971337556799998 -0.43511345982600003
v -0.39178031682999997 -0.77699720859499999 -0.56991750001899999
v -0.34306150674800001 -0.856766521931 -0.54456794261899999
v -0.31201097369199998 -0.74915939569500001 -0.67471581697500005
v -0.25146031379700001 -0.83053368329999999 -0.65169566869700002
v -0.20839035511000001 -0.72506839036899995 -0.73818475007999995
v -0.14537739753699999 -0.80885285139100005 -0.69591730833099996
v -0.094918064773099997 -0.71328860521299997 -0.75014954805400003
v -0.38080570101700001 -0.92770302295700002 -0.38992777466799999
v -0.47529906034500002 -0.995161056519 0.074558191001400001
v -0.41212454438200002 -0.98686230182599999 -0.13637778163
v -0.336638778448 -0.97347754239999995 -0.299397468567
v -0.290515094995 -0.91779923439 -0.50468456745099999
v -0.37812978029299998 -1.0018521547300001 -0.033319942653199999
v -0.35189437866200002 -0.99944198131600004 0.083391055464700006
v -0.29624474048600002 -0.99435591697699999 -0.17465612292300001
v -0.16593529284 -0.85435897111900005 0.066527850925899995
v -0.236845701933 -0.96089786291099999 -0.38834878802299999
v -0.19481797516300001 -0.88942468166400002 -0.59543895721399998
v -0.26460278034200002 -0.98445212840999996 -0.060355268418799998
v -0.171771764755 -0.92208278179199998 -0.0876589640975
v -0.19572992622900001 -0.96250289678599998 -0.23033440113100001
v -0.140346065164 -0.92582958936699999 -0.43484506011000001
v -0.090902894735299999 -0.87898415327099999 -0.219359770417
v -0.091064438223800004 -0.86881464719799995 -0.60645788907999998
v -0.37732464075099997 -0.042741660028700001 -0.53019303083400005
v -0.39740312099500003 -0.052377033978699999 -0.44482961297000001
v -0.38000318408 -0.063351668417500007 -0.35154259204900001
v -0.33235523104699999 -0.073523782193699996 -0.26995199918700002
v -0.271215707064 -0.081288367509799994 -0.20677751302700001
v -0.202126562595 -0.087445303797700005 -0.15538276732
v -0.124418251216 -0.091460481285999998 -0.12486641109
v -0.36956268548999999 -0.16935640573499999 -0.53712648153300002
v -0.38482084870299998 -0.106716059148 -0.49333474040000003
v -0.41908401250799998 -0.37199103832199998 -0.52920293807999996
v -0.38642588257799998 -0.30239385366400001 -0.55838006734800005
v -0.38883602619199997 -0.23547257483 -0.50323849916499996
v -0.38990691304199998 -0.17337156832200001 -0.45553585886999998
v -0.38776513934099999 -0.11555151641399999 -0.40481075644499998
v -0.40864354372 -0.30480399727800001 -0.470900863409
v -0.39204868674299997 -0.23547257483 -0.41326838731799997
v -0.42122578620899997 -0.373330324888 -0.4350066185
v -0.37598797678899998 -0.17765252292200001 -0.36337444186200002
v -0.35537537932399998 -0.124921120703 -0.317331552505
v -0.39285120367999998 -0.303464740515 -0.377934366465
v -0.36019307374999998 -0.23440168798 -0.32455939054499999
v -0.38374999165500001 -0.36717337369899999 -0.34704539179799998
v -0.32994511723499997 -0.18166770040999999 -0.281460762024
v -0.30076798796699999 -0.132683098316 -0.244253307581
v -0.34279310703299998 -0.29864707589099998 -0.293508887291
v -0.30264139175400001 -0.23252829909299999 -0.24586096405999999
v -0.31789958477000002 -0.35700124502199998 -0.26700770854900002
v -0.267494946718 -0.18380947411099999 -0.211597800255
v -0.23620213568199999 -0.13857167959200001 -0.183757349849
v -0.27217975258799998 -0.29275849461600001 -0.21668124198899999
v -0.23328392207599999 -0.23172578215600001 -0.18108144402500001
v -0.23968316614599999 -0.35004177689600002 -0.19633962214
v -0.19771014154 -0.18675376474899999 -0.15725617110699999
v -0.16371275484600001 -0.142855226994 -0.14012458920500001
v -0.195808082819 -0.29061672091500002 -0.15912957489499999
v -0.158736124635 -0.23279663920400001 -0.139590442181
v -0.15961940586600001 -0.34763166308400001 -0.14762079715699999
v -0.122464083135 -0.18862974643700001 -0.127810686827
v -0.082312345504800002 -0.145262762904 -0.120582856238
v -0.119225367904 -0.29061672091500002 -0.12888157367700001
v -0.079821430146699998 -0.23359915614099999 -0.122458867729
v -0.079553060233599995 -0.34790003299700001 -0.122190497816
v -0.44665607810000002 -0.95018905401200005 -0.23890149593400001
v -0.479314208031 -0.89022713899600003 -0.31492140889199999
v -0.58718979358699996 -0.93118405342099997 0.060102526098500003
v -0.50233435630800005 -0.971335709095 -0.0325148254633
v -0.53017216920900001 -0.93064725399000003 -0.13022084534200001
v -0.55025064945199997 -0.87256145477299996 -0.21320283412900001
v -0.55131894350099997 -0.80055409669900002 -0.27343043685000001
v -0.60485810041400001 -0.88193106651300002 -0.037066742777799998
v -0.60806810855899995 -0.82250338792800004 -0.12352974712799999
v -0.65196925401700001 -0.81608068943000001 0.059300016611799997
v -0.59388083219499999 -0.755316317081 -0.18563075363600001
v -0.552124083042 -0.68652158975599997 -0.235152095556
v -0.64206552505500003 -0.75370872020699997 -0.024484477937199999
v -0.60967576503800003 -0.69241017103199998 -0.099436111748199996
v -0.64500981569299998 -0.68892920017199999 0.075894847512200006
v -0.554265856743 -0.63673192262599998 -0.15136758983099999
v -0.47503066062900001 -0.59871935844400004 -0.19714213907700001
v -0.60003775358199996 -0.63378769159299997 0.0020141005516099999
v -0.53151148557700001 -0.59417003393199996 -0.066243842244100001
v -0.56604301929500001 -0.59845358133299997 0.10346692055499999
v -0.44772699475299998 -0.57677006721500002 -0.117372810841
v -0.34868431091300001 -0.58935236930799995 -0.165554881096
v -0.49216222763099998 -0.57248651981400001 0.032264690846199998
v -0.39820566773400001 -0.57650172710400005 -0.040011029690500001
v -0.43728646636000001 -0.57810938358300001 0.12729218602199999
v -0.081267520785300001 -0.80564016103699998 -0.046436347067399998
v -0.176081359386 -0.73175936937300001 0.093029037117999994
v -0.30646896362300002 -0.60969662666299995 -0.098365224897900005
v -0.213234081864 -0.65145331621199998 -0.15752454101999999
v -0.347879171371 -0.59497255086900003 0.046717748045900002
v -0.24530336260800001 -0.64315462112400001 -0.047773003578200003
v -0.19888788461699999 -0.688395023346 0.020753310993299998
v -0.29131761193299999 -0.63030660152399998 0.126221299171
v -0.16023433208499999 -0.70044052600899998 -0.121387980878
v -0.096926957368900002 -0.71034431457500002 -0.18027631938499999
v -0.089886717498300003 -0.75638723373399996 -0.113891772926
v -0.40944862365700002 0.177829697728 -0.52278017997699999
v -0.435681432486 0.215305522084 -0.46945738792399999
v -0.40114992856999998 0.012134107761100001 -0.48439246416100001
v -0.39365369081500001 0.074237711727600006 -0.52853333950000003
v -0.41774475574499997 0.12429319322100001 -0.48131528496699999
v -0.43407380580900001 0.159093081951 -0.42408409714700002
v -0.44531682133700001 0.19389039278 -0.361258745193
v -0.41480046510700003 0.060852929949800003 -0.43572834134100003
v -0.42202830314599998 0.105556577444 -0.38122779130899997
v -0.40195244550699999 -0.00044555135536899999 -0.38995382189799999
v -0.425777733326 0.13767796754799999 -0.31840243935599999
v -0.42818525433499999 0.16444753110400001 -0.24693183600900001
v -0.39873978495599999 0.044792238622900001 -0.33794417977300001
v -0.39419046044299999 0.084141455590700007 -0.28119498491299999
v -0.36715254187599999 -0.0127594433725 -0.299397468567
v -0.389370143414 0.11358691752 -0.212400317192
v -0.377058893442 0.13767796754799999 -0.13825118541699999
v -0.35243108868599998 0.029802434146399999 -0.24880523979700001
v -0.33797544240999999 0.0686149075627 -0.19500036537599999
v -0.310137599707 -0.023468310013399999 -0.225782483816
v -0.31763118505499999 0.0948477089405 -0.12861581146699999
v -0.28291466832200002 0.12429319322100001 -0.0729375332594
v -0.28649991750699999 0.019361943006500001 -0.182152315974
v -0.25759118795399999 0.059245299547899997 -0.14092710614199999
v -0.24168944358800001 -0.031230280175799999 -0.17037257552099999
v -0.219284206629 0.092171803116799997 -0.097028575837599995
v -0.17340284585999999 0.12429319322100001 -0.070795759558700003
v -0.20713184773900001 0.0126708541065 -0.142266362906
v -0.165747687221 0.055230125784899997 -0.122724637389
v -0.164330273867 -0.036853086203300002 -0.13343350589299999
v -0.119225367904 0.092171803116799997 -0.10371965915
v -0.081105977296799997 0.129647612572 -0.090871624648600005
v -0.120911173522 0.0081189349293700006 -0.124332271516
v -0.080196633934999997 0.053356729447799997 -0.119246207178
v -0.080999143421600001 -0.0400631390512 -0.114962659776
v -0.54328858852399997 0.69178485870399997 -0.216415479779
v -0.48145598173100002 0.64627611637100002 -0.20918764174000001
v -0.50447613000900005 0.71587592363399999 -0.22123317420499999
v -0.49885335564599997 0.78547310829200001 -0.24666346609600001
v -0.46619778871500001 0.71052145957900004 -0.24023814499400001
v -0.45709657669100001 0.742642819881 -0.24666346609600001
v -0.42470681667299998 0.78547310829200001 -0.25870898366
v -0.42658022046100003 0.68107604980500003 -0.24800273776099999
v -0.38990691304199998 0.71052145957900004 -0.255227953196
v -0.347613424063 0.74799734354000003 -0.26566845178600001
v -0.35484126210200001 0.64895462989800001 -0.24773435294599999
v -0.313350260258 0.67840009927699996 -0.256033062935
v -0.27389159798599999 0.71855181455600003 -0.26004824042300001
v -0.27785465121300001 0.630215406418 -0.235688835382
v -0.23660337925 0.65698492526999996 -0.23542045056800001
v -0.19768407940900001 0.67840009927699996 -0.23006603121800001
v -0.20041210949400001 0.616833209991 -0.20811676979099999
v -0.160474032164 0.64092427492100001 -0.204369977117
v -0.120562016964 0.66233944892899999 -0.19901552796399999
v -0.122677743435 0.60880291461900005 -0.184559866786
v -0.083461411297300003 0.63556987047199998 -0.184291496873
v -0.39793723821600002 0.30364191532099999 -0.57222080230700001
v -0.35403612256099998 0.34111773967699999 -0.61257314681999997
v -0.30486392974900001 0.31167227029799999 -0.62572342157399996
v -0.24795323610299999 0.34647217392899998 -0.63672930002200001
v -0.19377572834500001 0.31702670454999998 -0.63882678747199995
v -0.133707091212 0.34647217392899998 -0.63266199827199998
v -0.080196633934999997 0.31702670454999998 -0.632427573204
v -0.39766889810599998 0.367887318134 -0.59227842092500005
v -0.35136020183599997 0.41071492433500001 -0.618907272816
v -0.29953557252899998 0.37323909997900001 -0.632372796535
v -0.243028700352 0.41606938839000002 -0.63314926624300005
v -0.188046112657 0.37591764330900002 -0.634532868862
v -0.12977267801799999 0.41606938839000002 -0.622721791267
v -0.0746024921536 0.37591764330900002 -0.62191146612199999
v -0.40730687975899998 0.44283890724199998 -0.59412837028499998
v -0.34895008802400002 0.493696928024 -0.61463671922700003
v -0.29710197448699999 0.45354521274600001 -0.62658590078400001
v -0.240967705846 0.499051362276 -0.62291461229300005
v -0.18550308048700001 0.45622113347100002 -0.62394642829900004
v -0.129342764616 0.499051362276 -0.60794305801399995
v -0.072968803346199998 0.45354521274600001 -0.60788315534600001
v -0.56978982687000002 0.56597262620900002 -0.46900141239199999
v -0.54141521453899999 0.616833209991 -0.52427840232800005
v -0.45763069391299999 0.59006369113900003 -0.58059763908399997
v -0.40061315894100002 0.52582091093100003 -0.60073608160000003
v -0.34600579738600001 0.58738780021699999 -0.60264331102400004
v -0.29402217268899999 0.54188162088400005 -0.61623656749699995
v -0.241236075759 0.59273958206199995 -0.60689562559099997
v -0.18507575988800001 0.54455751180599998 -0.60874557495100001
v -0.12982480227900001 0.58738780021699999 -0.58728617429700003
v -0.073531605303299996 0.54188162088400005 -0.58837264776200005
v -0.58638721704499996 0.64092427492100001 -0.480564892292
v -0.62279218435299999 0.62753945589100002 -0.43679922819099998
v -0.56604301929500001 0.71052145957900004 -0.49341291189199998
v -0.51464825868599995 0.67304569482800003 -0.540393829346
v -0.45977249741600001 0.70516705513 -0.544033765793
v -0.40543347597099999 0.64627611637100002 -0.58086603879900001
v -0.347879171371 0.68643045425399996 -0.56865894794500005
v -0.29437133669900001 0.63556987047199998 -0.59414398670199997
v -0.24479527771500001 0.68375194072699996 -0.57462835311899996
v -0.18627953529399999 0.63556987047199998 -0.58547008037600001
v -0.13169819116600001 0.67572158575100005 -0.55902361869799999
v -0.074360169470299997 0.630215406418 -0.56298404932000001
v -0.60619473457299999 0.70784556865699999 -0.43795087933499999
v -0.63858449459099997 0.67840009927699996 -0.380024015903
v -0.56577461957899999 0.78011870384199999 -0.44201818108599999
v -0.51384311914400005 0.75335174799000004 -0.49651873111700001
v -0.45870161056499997 0.79885786771800005 -0.47885301709200001
v -0.40355744957900003 0.73996698856400001 -0.53062295913699997
v -0.35136020183599997 0.78547310829200001 -0.50088310241699996
v -0.29900142550499997 0.72925806045499997 -0.547030210495
v -0.25285169482199998 0.76941245794299995 -0.51236575841900001
v -0.19090962410000001 0.72122770547899995 -0.545987963676
v -0.139434114099 0.75602763891199998 -0.51758474111599995
v -0.076796375215099993 0.71587592363399999 -0.53415614366499997
v -0.45174214243900002 0.29025715589500001 -0.47654971480399999
v -0.432737141848 0.330411493778 -0.54280138015699997
v -0.46673196554200003 0.31702670454999998 -0.430668354034
v -0.46111175417900002 0.27152055501900002 -0.358126848936
v -0.456291437149 0.300966024399 -0.301270872355
v -0.44264090061200001 0.25010541081400001 -0.23354706168200001
v -0.42042326927200002 0.28758123517 -0.17786878347400001
v -0.39231708645800001 0.231366217136 -0.113891772926
v -0.34573999047300003 0.27687495946899998 -0.074274189770200005
v -0.295306742191 0.21798402071 -0.0384060032666
v -0.236817047 0.26884201168999999 -0.035995855927500001
v -0.18028414249399999 0.212629601359 -0.035995855927500001
v -0.12942354381099999 0.26081168651600001 -0.055269211530700003
v -0.084266521036599998 0.209953680634 -0.0630311816931
v -0.45736232399900001 0.65163052082100004 -0.23301032185600001
v -0.43889412283899998 0.65698492526999996 -0.25308880209899998
v -0.43514472246199998 0.57132709026299999 -0.24880523979700001
v -0.39419046044299999 0.616833209991 -0.24452169239499999
v -0.36394247412699998 0.55794233083699996 -0.22658759355499999
v -0.32004135847100001 0.59809404611600003 -0.23006603121800001
v -0.28596577048299998 0.54991197586100005 -0.20463573932599999
v -0.24193175137 0.59006369113900003 -0.209456026554
v -0.20552682876600001 0.54188162088400005 -0.1826864779
v -0.163473039865 0.58203333616300001 -0.18616750836400001
v -0.125353649259 0.53920310735700006 -0.16715991496999999
v -0.085014320909999996 0.57935738563500006 -0.17144346237200001
v -0.49028885364500002 0.54188162088400005 -0.55738991498900003
v -0.45388391614000001 0.48031473159799998 -0.57090759277299996
v -0.52722793817500002 0.55526381730999996 -0.49129980802500001
v -0.50420773029300003 0.496375441551 -0.489559262991
v -0.46111175417900002 0.35717841982800003 -0.50053393840799998
v -0.44478270411499998 0.40000867843600002 -0.55682975053799999
v -0.48466604948000003 0.44016039371499999 -0.50002586841600005
v -0.48386350274099998 0.40000867843600002 -0.44201818108599999
v -0.470478743315 0.34647217392899998 -0.37271541356999999
v -0.41105365753200002 0.50708174705499998 -0.232207804918
v -0.456291437149 0.38394799828499998 -0.30100250244100002
v -0.42658022046100003 0.42142382264099998 -0.244253307581
v -0.43889412283899998 0.338441848755 -0.24479006230799999
v -0.38080570101700001 0.464251458645 -0.208919286728
v -0.33208686113399999 0.50708174705499998 -0.20088891684999999
v -0.402754962444 0.37591764330900002 -0.194463610649
v -0.35430449247399998 0.41606938839000002 -0.16930168867100001
v -0.38000318408 0.330411493778 -0.135841041803
v -0.30138289928400003 0.458899617195 -0.16608902812000001
v -0.25089752674100002 0.501727283001 -0.17572700977299999
v -0.32539576292 0.370563238859 -0.117372810841
v -0.268190652132 0.41339346766500001 -0.126474037766
v -0.28850883245499997 0.32238113880199998 -0.068653985858000005
v -0.21521691977999999 0.45622113347100002 -0.143068864942
v -0.16820995509600001 0.499051362276 -0.16020046174499999
v -0.229135841131 0.36520877480500002 -0.085517190396800002
v -0.17707148194299999 0.40803900361099998 -0.115765176713
v -0.18381728231899999 0.31434819102299999 -0.059818521142000002
v -0.12971796095400001 0.45086929202100001 -0.13825118541699999
v -0.087049260735499998 0.496375441551 -0.15377773344500001
v -0.13325111568 0.35985693335500002 -0.091942511498899995
v -0.090637125074900002 0.40536314248999999 -0.11978034675099999
v -0.090475581586399997 0.30899637937500002 -0.076147586107300005
v -0.40436258912099998 0.83900964260099997 -0.44330272078499999
v -0.38294744491600002 0.82027304172500004 -0.28280004859000002
v -0.54944556951500001 0.76941245794299995 -0.24880523979700001
v -0.59655934572199998 0.71587592363399999 -0.25977987051000001
v -0.60539221763600004 0.75870358943899996 -0.37737414240799999
v -0.62921488285100002 0.70784556865699999 -0.319204956293
v -0.45254465937600002 0.86845511198000003 -0.39354169368699998
v -0.55506837367999995 0.83097928762399997 -0.37052151560800001
v -0.51357740163800003 0.83365523815200004 -0.42236962914499998
v -0.43220043182399998 0.86310064792600005 -0.310906231403
v -0.47101551294299998 0.83633375167799995 -0.27423554658900001
v -0.52963805198699998 0.83900964260099997 -0.29564806819
v -0.082552067935500004 0.88183987140700004 -0.41808867454499998
v -0.085282690823099999 0.78814899921399995 -0.49429619312299999
v -0.091119155287699996 0.84703999757799997 -0.44129645824399999
v -0.13619540631800001 0.86310064792600005 -0.40861225128200002
v -0.162964954972 0.88183987140700004 -0.36147239804300002
v -0.200253173709 0.79617935419100005 -0.47949400544199999
v -0.14773283898799999 0.81759446859399998 -0.45628625154500002
v -0.19896861910800001 0.83900964260099997 -0.38615229725799999
v -0.30258926749199999 0.814918637276 -0.45869639515900001
v -0.25189024209999999 0.82562488317500005 -0.40408897399900001
v -0.342258989811 0.84436404705000001 -0.40138441324200003
v -0.30561435222599997 0.78279721736899999 -0.281460762024
v -0.33851215243299998 0.82830339670200004 -0.31171134114299998
v -0.178488925099 0.87380951643000004 -0.27048614621200001
v -0.25652033090600002 0.79350346326800003 -0.30715942382799999
v -0.21692878007899999 0.79617935419100005 -0.293508887291
v -0.23269504308700001 0.73461258411399999 -0.25951150059700001
v -0.052965890616200002 0.84703999757799997 -0.166625782847
v -0.171396553516 0.82294887304300002 -0.23943564295799999
v -0.12618483603 0.86042475700400001 -0.19741050899000001
v -0.10335227847099999 0.80153381824500003 -0.18857504427399999
v -0.19133955240200001 0.742642819881 -0.24612672627000001
v -0.152417644858 0.76138210296599995 -0.220964789391
v -0.159001886845 0.697136700153 -0.220964789391
v -0.11783398687799999 0.71855181455600003 -0.204369977117
v -0.0785108357668 0.742642819881 -0.18964591622400001
v -0.082017920911300002 0.68643045425399996 -0.19500036537599999
v 0.25842237472500001 -0.63137751817700005 0.40916201472300001
v 0.37593588233000003 -0.62067121267299996 0.40809115767499998
v 0.50977843999899997 -0.75451123714400004 0.39069122076000001
v 0.49987471103699999 -0.86560201644900003 0.38400009274500002
v 0.43375593423800002 -0.96598398685499998 0.37864565849300003
v 0.32588040828699999 -1.01496851444 0.37945079803499998
v 0.14348055422299999 -0.702313959599 0.392298847437
v 0.11601530760500001 -0.92690050601999996 0.36338749527899999
v 0.081137239932999997 -0.81259959936100001 0.36552926897999999
v 0.217387363315 -0.68437987566000003 0.48893132805799999
v 0.29456153512 -0.68545079231299999 0.58636897802400001
v 0.32802218198799998 -0.64503061771400005 0.49535667896300001
v 0.39199918508499998 -0.67099511623399999 0.58797401189800003
v 0.42626234888999998 -0.65975207090400001 0.49321487545999998
v 0.49023675918600002 -0.72453159093899999 0.485987067223
v 0.50308740138999997 -0.79225540161100005 0.56923741102199998
v 0.50710254907600005 -0.82250338792800004 0.47795674204799998
v 0.49960634112399999 -0.88674873113599995 0.56415134668400002
v 0.47391030192400002 -0.92690050601999996 0.47099727392200003
v 0.44553568959200002 -0.97936612367599996 0.55397921800600003
v 0.39119407534599998 -1.00372552872 0.46671372652100002
v 0.35238158702900002 -1.02273058891 0.55397921800600003
v 0.28358688950499999 -1.0184495449099999 0.46805298328400002
v 0.17878854274700001 -0.97776108980200005 0.45975425839400003
v 0.12875650823099999 -0.77351874113100005 0.46671372652100002
v 0.19749909639400001 -0.74942511320100003 0.57352095842399997
v 0.161628305912 -0.94884979724899998 0.54273623228099999
v 0.111546769738 -0.88808542489999998 0.45118975639300002
v 0.137081295252 -0.84900456666900004 0.54809069633499996
v 0.265918582678 -0.74487578868899995 0.67283195257200001
v 0.33123481273700001 -0.760668158531 0.78177845478100005
v 0.35639676451699998 -0.70311647653599996 0.68005979061099997
v 0.41341170668600002 -0.73898720741299995 0.78499102592500003
v 0.43884199857700001 -0.71623289585100003 0.67390286922499998
v 0.49184438586200002 -0.77860486507399995 0.66051810979799996
v 0.51459616422700005 -0.84070587158200005 0.75126206874799994
v 0.51031523942900003 -0.86238932609600005 0.65355861186999997
v 0.51593536138499996 -0.92529547214499996 0.73172032833099998
v 0.48675829172099999 -0.95179665088700005 0.64552831649800002
v 0.47176849842099999 -0.98927247524299999 0.707897663116
v 0.41609022021300002 -1.01068496704 0.63910299539600002
v 0.38905230164499999 -0.99997872114200004 0.68648254871400005
v 0.32266774773599999 -1.0130951404599999 0.63937139511100005
v 0.229513660073 -0.97936612367599996 0.634551048279
v 0.18936192989299999 -0.81929069757499995 0.65409278869599996
v 0.25199967622800001 -0.80537176132199995 0.76598608493800002
v 0.220600023866 -0.92931061983100005 0.69745713472399995
v 0.171240225434 -0.91110819578199997 0.634551048279
v 0.200336560607 -0.87095379829399999 0.72743940353400005
v 0.29911085963200001 -0.83722746372199996 0.86502879858000004
v 0.31704753637299998 -0.91539168357800005 0.91535264253600002
v 0.37593588233000003 -0.80751359462700001 0.87573504447899997
v 0.39440673589699998 -0.90950059890699997 0.92873740196200005
v 0.45142427086800002 -0.80617433786399995 0.86502879858000004
v 0.50496077537499995 -0.850612223148 0.84414780139900003
v 0.50603169202800002 -0.96544718742400004 0.87841361761100001
v 0.52637588977799998 -0.92449295520800001 0.81818330287899999
v 0.50977843999899997 -1.02326726913 0.81898587942099998
v 0.50496077537499995 -0.99275088310199999 0.77990502119100003
v 0.46748495101900001 -1.0516418218600001 0.75500887632400004
v 0.44098377227800001 -1.0130951404599999 0.73894816637000005
v 0.38637638091999998 -1.03451025486 0.70843183994299996
v 0.35398662090299998 -0.98445212840999996 0.71699893474599996
v 0.27127301693 -0.94992059469199996 0.73198872804600001
v 0.23593898117500001 -0.87496900558500001 0.83103138208399996
v 0.25039201974899999 -0.92315369844399997 0.88216036558199995
v 0.22667619586000001 -0.971335709095 0.74778360128400001
v 0.22292940318599999 -0.91699677705799998 0.77696079015700004
v 0.20874209701999999 -0.94135612249400002 0.82085931301100001
v 0.25307053327599999 -1.0077407360099999 0.91080331802400005
v 0.25467556715 -1.0998239517199999 0.91535264253600002
v 0.32186523079899998 -1.0251406431200001 0.94078290462500003
v 0.32962718606000002 -1.12177574635 0.93596524000199999
v 0.39869028329799999 -1.0342419147499999 0.94640314578999996
v 0.463469773531 -1.0478950738899999 0.91829687356900003
v 0.45624193549199998 -1.15603899956 0.87760841846500004
v 0.49398612976099998 -1.0754644870800001 0.85539084672900001
v 0.46534320712100002 -1.1729021072400001 0.791148066521
v 0.47685459256200002 -1.0939353704500001 0.770803809166
v 0.425457209349 -1.1659426689100001 0.69558382034300004
v 0.41260918974900002 -1.08188986778 0.69344204664200004
v 0.34087020158800002 -1.1340870857200001 0.63428527116800004
v 0.31972345709799999 -1.04655575752 0.66506743431100002
v 0.235133841634 -1.01871526241 0.69371038675300001
v 0.20298640430000001 -0.99248248338699996 0.856193304062
v 0.19533126056200001 -1.07787466049 0.873327493668
v 0.17445029318300001 -1.0760012865099999 0.70415091514600003
v 0.189333260059 -0.99837374687199998 0.76946455240199996
v 0.160156160593 -1.0655606985099999 0.80346190929399997
v 0.19083407521199999 -1.1675477027900001 0.87573504447899997
v 0.19195705652200001 -1.2617727518099999 0.88082110881800002
v 0.25815659761400001 -1.1959223747300001 0.90732228756
v 0.265116065741 -1.2920206785199999 0.90116536617300003
v 0.334444910288 -1.2224235534700001 0.91535264253600002
v 0.40216869115800002 -1.2430361509300001 0.88376533985100003
v 0.39199918508499998 -1.33619010448 0.83585166931199995
v 0.43643447756800002 -1.25481319427 0.80640619993200002
v 0.40190291404700001 -1.3385977745099999 0.74216085672400001
v 0.42304968833899997 -1.25052964687 0.70977109670600003
v 0.36576375365300001 -1.3220030069399999 0.65034598112099995
v 0.360677719116 -1.2253677844999999 0.63027012348199996
v 0.28331854939500001 -1.2877397537199999 0.59547024965299999
v 0.263242661953 -1.1868211031 0.60537397861499997
v 0.173272565007 -1.1528263092 0.649006724358
v 0.14214129746000001 -1.1458667516700001 0.81925421953199995
v 0.13306611776400001 -1.2358082532900001 0.84013265371300005
v 0.1124561131 -1.2232260704 0.68086236715299997
v 0.130121842027 -1.13863897324 0.73493301868399996
v 0.099391818046599995 -1.2205500602699999 0.77107220888100003
v 0.13172946870300001 -1.3292307853700001 0.85378575324999995
v 0.13389728963399999 -1.4306808710100001 0.858335077763
v 0.19714994728599999 -1.3578711748100001 0.88269454240800005
v 0.199721634388 -1.45878982544 0.87600344419499998
v 0.26993376016600001 -1.38865578175 0.88911986351000005
v 0.33417910337399998 -1.41381776333 0.85565918683999997
v 0.31329813599599998 -1.50375926495 0.81363403797099998
v 0.36603212356600001 -1.4237214326900001 0.77829736471199995
v 0.32079434394799999 -1.50375926495 0.72877609729799997
v 0.35291573405299997 -1.41435444355 0.68541163206099998
v 0.28760209679600002 -1.48743009567 0.64847260713599997
v 0.294024795294 -1.3875849247000001 0.61206763982800005
v 0.21471144259 -1.4563796520200001 0.60082465410200003
v 0.20108695328199999 -1.3493065834 0.59172344207799998
v 0.11398036777999999 -1.31584596634 0.63669282197999999
v 0.083919979631899996 -1.3083497285800001 0.80078339576699997
v 0.080574437975899998 -1.4073923826200001 0.82273524999600001
v 0.0618091747165 -1.3966861963299999 0.681396484375
v 0.072036005556600002 -1.30165863037 0.72021156549499998
v 0.050271738320600001 -1.39427602291 0.76250511407900001
v 0.080334730446300004 -1.50777423382 0.83558332920099998
v -0.073370054364199994 -1.9167957305900001 0.84307688474700004
v 0.023932097479700001 -1.6951534748099999 0.82942640781400001
v 0.076345615088900004 -1.6119030714 0.84441614151
v 0.13518182933299999 -1.5313311815299999 0.86021107435199995
v -0.0415300726891 -1.94115507603 0.87653750181199996
v -0.0059667397290499996 -1.82042884827 0.84923386573799997
v 0.067590914666700003 -1.7144267559099999 0.85512501001399999
v 0.13028338551499999 -1.6351916790000001 0.86021107435199995
v 0.19669656455500001 -1.55729568005 0.86556291580199995
v 0.00795217882842 -1.9491853714 0.88216036558199995
v 0.039028733968699998 -1.8407731056200001 0.86583125591300003
v 0.117701113224 -1.7353051900900001 0.858069360256
v 0.25119715929000003 -1.57924747467 0.83585166931199995
v 0.055493287742100002 -1.9400842189800001 0.84762883186299998
v 0.16002327203799999 -1.75163424015 0.82835549116100005
v 0.22121492028199999 -1.67106246948 0.80292522907300001
v 0.27662745118100002 -1.58754372597 0.76919621229199997
v 0.080199241638199997 -1.9280387163199999 0.78632771968799997
v 0.121502630413 -1.84371745586 0.80747705698000005
v 0.17860093712799999 -1.75752282143 0.77107220888100003
v 0.22547242045400001 -1.67052567005 0.73359632492100002
v 0.26350843906400001 -1.5795134306 0.69156861305200001
v 0.076559267938100001 -1.9178665876400001 0.72717100381900002
v 0.129374042153 -1.8383656740200001 0.74590766429900002
v 0.167222455144 -1.750831604 0.70950269699099999
v 0.19749909639400001 -1.65687513351 0.67042189836499999
v 0.21388025581799999 -1.55729568005 0.63080430030800005
v 0.045803200453499997 -1.90421593189 0.68514329195000001
v 0.10667437315 -1.82658588886 0.695315420628
v 0.12838391959699999 -1.7334318161 0.66105228662500004
v 0.13949143886599999 -1.6322473287599999 0.63053590059300002
v 0.13635954260800001 -1.52544271946 0.61367267370199996
v -0.00221994007006 -1.88735032082 0.67095863819099999
v 0.061220314353699998 -1.8083833456 0.66640669107399997
v 0.068367376923599996 -1.70853829384 0.64392066001899995
v 0.064245373010600001 -1.4970681667300001 0.65302193164800004
v -0.0458996035159 -1.87503623962 0.69612056016900004
v 0.0126890931278 -1.6865888834 0.67416870594
v 0.041199166327700001 -1.4906429052400001 0.791148066521
v 0.034372590482199997 -1.59343481064 0.81202638149299999
v -0.035091727971999997 -1.79580378532 0.81497073173500001
v -0.082043983042199994 -1.8902945518500001 0.79864162206599998
v -0.0045753689482800003 -1.682305336 0.78846955299400001
v 0.018900755792900001 -1.58459949493 0.69558382034300004
v 0.0309723317623 -1.48528838158 0.72476089000699995
v 0.011352439411 -1.5829943418500001 0.76197093725200005
v -0.071923971176099999 -1.8753045797300001 0.74617600440999998
v -0.0325330607593 -1.7762620449099999 0.710307836533
v -0.011722429655499999 -1.67802190781 0.73279124498399995
v -0.0427364520729 -1.7802772522000001 0.76785951852800005
v 0.177475333214 -0.64101547002799997 0.314671278
v 0.30633866787000003 -0.59550929069500003 0.32377249002500003
v 0.23138703405899999 -0.59524095058399995 0.232223436236
v 0.42331805825199997 -0.61397755145999999 0.317078828812
v 0.366834670305 -0.57757264375700001 0.232491821051
v 0.49960634112399999 -0.69026845693600003 0.30503329634699999
v 0.517540454865 -0.80296427011500005 0.29512956738500001
v 0.472839385271 -0.91645997762700004 0.29031187295900002
v 0.375401765108 -0.99221676588100005 0.29111436009399999
v 0.42090791463900001 -0.95848768949499996 0.19528175890400001
v 0.254407197237 -1.00640404224 0.29004350304600002
v 0.300718486309 -0.99997872114200004 0.19581849873099999
v 0.14275620877699999 -0.95848768949499996 0.279603004456
v 0.101051561534 -0.67688369750999999 0.207595646381
v 0.079370670020599998 -0.73711389303200003 0.28817009925800002
v 0.068502865731700002 -0.85890829563100002 0.27157264947900001
v 0.083813153207299998 -0.90682458877600003 0.16717556118999999
v 0.036728020757399997 -0.79198700189600002 0.171459108591
v 0.60132753848999998 0.338441848755 -0.374080747366
v 0.632109642029 0.37859356403400002 -0.31358474492999999
v 0.62247431278200005 0.40803900361099998 -0.25870898366
v 0.59409970045100002 0.42142382264099998 -0.219091400504
v 0.55153781175600003 0.424099713564 -0.19151933491199999
v 0.49853542447100002 0.41339346766500001 -0.18001054227400001
v 0.44205468893099997 0.38394799828499998 -0.194463610649
v 0.51406198739999998 0.300966024399 -0.396003961563
v 0.40645223856000001 0.34111773967699999 -0.25094702839900002
v 0.42759901285200003 0.300966024399 -0.33981755375900002
v 0.54538089036899995 0.37323909997900001 -0.40705931186700001
v 0.56572514772399995 0.46157553792 -0.40997755527500002
v 0.60560846328700002 0.42142382264099998 -0.36554229259499998
v 0.59677559137299996 0.51778799295400002 -0.35954427719100002
v 0.61711984872799996 0.464251458645 -0.30715942382799999
v 0.59329718351399996 0.55794233083699996 -0.30662527680399998
v 0.567064404488 0.57935738563500006 -0.25710394978500001
v 0.56411749124499999 0.501727283001 -0.21507622301599999
v 0.51887965202300002 0.58203333616300001 -0.21480785310299999
v 0.51138609647800004 0.493696928024 -0.18857504427399999
v 0.45624193549199998 0.55794233083699996 -0.194463610649
v 0.45008501410500001 0.466929972172 -0.18697002530099999
v 0.39387258887299997 0.50975757837299995 -0.20972178876399999
v 0.39949277043300002 0.41874530911399999 -0.22444581985500001
v 0.48541903495799998 0.40803900361099998 -0.42092615366000002
v 0.43643447756800002 0.300966024399 -0.212934449315
v 0.48220637440699998 0.247429504991 -0.17492449283600001
v 0.48488491773600001 0.330411493778 -0.17947380244700001
v 0.53146195411700003 0.263490200043 -0.16448400914700001
v 0.53708213567700003 0.34647217392899998 -0.17813715338700001
v 0.57509469985999995 0.26884201168999999 -0.17465612292300001
v 0.58205419778800005 0.34914809465399999 -0.19392946362499999
v 0.64174765348399998 0.26081168651600001 -0.234081193805
v 0.64201599359499995 0.32238113880199998 -0.26968359947199999
v 0.64897549152400003 0.24207505583799999 -0.290027856827
v 0.63425141572999999 0.292935669422 -0.33232137560800001
v 0.61016041040400004 0.215305522084 -0.352451950312
v 0.57134532928500004 0.258135765791 -0.38157692551599998
v 0.42358383536299998 0.266166120768 -0.286546826363
v 0.44285717606500002 0.22065994143500001 -0.222035691142
v 0.52182400226600001 0.191214472055 -0.36712127923999999
v 0.44928249716800001 0.19389039278 -0.30474931001700001
v 0.477388709784 0.161769002676 -0.17786878347400001
v 0.51433038711500001 0.102878056467 -0.15538276732
v 0.52369737625099999 0.18050822615600001 -0.152438476682
v 0.55662387609499997 0.110908411443 -0.142266362906
v 0.56840103864699998 0.18853856623199999 -0.15458025038199999
v 0.59597313404100005 0.11626283824399999 -0.14869168400800001
v 0.63103878498099997 0.11358691752 -0.17037257552099999
v 0.63933748006799995 0.18853856623199999 -0.20463573932599999
v 0.65968173742299996 0.10823249071799999 -0.21186356246499999
v 0.65620064735399997 0.18050822615600001 -0.25496217608499999
v 0.66128677129699998 0.0948477089405 -0.27262791991200003
v 0.63505393266700005 0.16444753110400001 -0.31893658638
v 0.61899322271299995 0.071559190750100005 -0.330447971821
v 0.56385171413400004 0.14303240179999999 -0.35657393932300002
v 0.45222678780600001 0.14303240179999999 -0.24211153388000001
v 0.47953045368199998 0.084141455590700007 -0.198213011026
v 0.53467458486599995 0.0581770204008 -0.33473151922200001
v 0.477657079697 0.064868099987499997 -0.27155703306200002
v 0.50522911548600002 0.021772088483 -0.16903591156
v 0.52343159914000004 -0.042741660028700001 -0.12566891312600001
v 0.54029482603099999 0.035959377884900001 -0.13610941171599999
v 0.55956816673300003 -0.033640429377599999 -0.100775368512
v 0.58044654130899997 0.042113721370699998 -0.12700818479100001
v 0.598917424679 -0.032301168888799997 -0.097562707960600001
v 0.63639318943000001 -0.0376556031406 -0.113891772926
v 0.65406149625800003 0.035959377884900001 -0.16849915683300001
v 0.66905134916300002 -0.049432747066000003 -0.15484862029599999
v 0.672529757023 0.026321399956899999 -0.22337494790599999
v 0.67681336402900005 -0.069776982069000001 -0.216415479779
v 0.65727156400700004 0.0041037620976600003 -0.286815196276
v 0.64255017042200002 -0.097349062562000002 -0.279053211212
v 0.59409970045100002 -0.0181138757616 -0.32348850369499998
v 0.48970258235899999 0.00249873520806 -0.22819264233100001
v 0.49987471103699999 -0.0598732419312 -0.17492449283600001
v 0.56331497430800004 -0.10136423260000001 -0.292972147465
v 0.50710254907600005 -0.083161756396299996 -0.24211153388000001
v 0.50737094879199995 -0.12144009769 -0.12085123360199999
v 0.51968222856500002 -0.18621960282300001 -0.056608468294100003
v 0.53708213567700003 -0.10832369327499999 -0.079360246658299993
v 0.55662387609499997 -0.17845763266100001 -0.0309097953141
v 0.57616561651200005 -0.10457689315099999 -0.062228668481100001
v 0.59597313404100005 -0.17952851951099999 -0.029036397114399998
v 0.63344889879199995 -0.18729050457499999 -0.047507233917700002
v 0.65432733297300005 -0.120903350413 -0.094350047409499996
v 0.66503620147700004 -0.20335119962699999 -0.088461481034800005
v 0.67842096090299997 -0.14312359690699999 -0.14440813660599999
v 0.67360067367599996 -0.229315623641 -0.14762079715699999
v 0.66851460933700002 -0.17203231155900001 -0.211061060429
v 0.63746410608299997 -0.25448015332200002 -0.20972178876399999
v 0.60855537653000003 -0.185685455799 -0.258977353573
v 0.501479744911 -0.144191876054 -0.18295483291100001
v 0.49933797121000001 -0.20469044148900001 -0.109342463315
v 0.56411749124499999 -0.25421178340900003 -0.222035691142
v 0.51111769676200003 -0.23145739734199999 -0.17545863985999999
v 0.50469243526499996 -0.26786231994600002 -0.041616056114400002
v 0.52343159914000004 -0.338530421257 0.0124545926228
v 0.53654801845599998 -0.25474593043299998 -0.0041402401402599997
v 0.56090742349599998 -0.33237606286999999 0.029854545369699999
v 0.57723391056100004 -0.25233837962200001 0.0046926196664600003
v 0.59838324785200003 -0.335854500532 0.023163458332400001
v 0.61551481485399995 -0.25769022107099998 -0.0086921593174300003
v 0.63130712509200004 -0.344153225422 0.00067744648549699998
v 0.64870709180800001 -0.26946997642499998 -0.0410819202662
v 0.65593492984799995 -0.35860887169799999 -0.0384060032666
v 0.66744369268399995 -0.28954583406399997 -0.092476651072499999
v 0.65834248065900003 -0.38082650303799997 -0.091405764222100006
v 0.65218549966799999 -0.31524187326399999 -0.152706846595
v 0.62006413936600002 -0.40224164724299999 -0.138785332441
v 0.59302884340299999 -0.32835829257999999 -0.185362368822
v 0.49853542447100002 -0.29088509082800001 -0.10184626281299999
v 0.50228488445300001 -0.35646712780000001 -0.034122455865100002
v 0.52878344059000004 -0.31631278991700001 -0.16127134859600001
v 0.51192027330400003 -0.381360679865 -0.094350047409499996
v 0.51165187358899999 -0.59042328596100002 0.078036621212999993
v 0.51325953006699998 -0.42686682939499998 0.020216565579199999
v 0.53654801845599998 -0.57409417629199999 0.102396026254
v 0.52610749006299995 -0.49887418746899997 0.067330360412600002
v 0.54377585649500004 -0.41482132673299998 0.049396269023399997
v 0.572150409222 -0.57329165935500004 0.10079100728
v 0.58151745796200005 -0.41482132673299998 0.051001295447299998
v 0.60266417264899996 -0.57784098386799998 0.086872093379499998
v 0.59490221738799998 -0.49726918339699999 0.067598737776300002
v 0.61497807502699997 -0.42151239514400002 0.034940604120499999
v 0.62488180398899995 -0.58372956514399998 0.065188586711900004
v 0.62327677011500005 -0.50422859191900005 0.048591151833499997
v 0.64174765348399998 -0.43195292353600001 0.0062976465560499999
v 0.63425141572999999 -0.59042328596100002 0.034403856843700002
v 0.64174765348399998 -0.51386398076999995 0.0178090259433
v 0.65406149625800003 -0.44855034351299999 -0.035193342715500002
v 0.62274265289300001 -0.59871935844400004 0.00067744648549699998
v 0.63692998886100005 -0.52698040008500002 -0.021808564662900001
v 0.63639318943000001 -0.469428688288 -0.081502020359000005
v 0.59195792675000003 -0.60969662666299995 -0.018327532336099999
v 0.60882109403600004 -0.53983104229000001 -0.055269211530700003
v 0.58660352230099999 -0.48040333390200002 -0.10371965915
v 0.50790506601300001 -0.44855034351299999 -0.0309097953141
v 0.509510099888 -0.519486784935 0.0290520302951
v 0.51513290405300005 -0.61237251758599998 0.033067204058200003
v 0.550466954708 -0.61960035562500004 -0.0073528997600099998
v 0.56411749124499999 -0.545987963676 -0.056608468294100003
v 0.53440624475499998 -0.470767945051 -0.081502020359000005
v 0.52343159914000004 -0.54036515951200004 -0.023413591086899999
v -0.018679281696699999 0.95946741104099997 -0.407567441463
v -0.044698435813200002 0.91931569576299998 -0.41195780038800001
v 0.0411705039442 0.92199164628999997 -0.39619150757799998
v 0.058838829398200003 0.962143301964 -0.37102961540200002
v 0.094305761158500007 0.95679152011900004 -0.29966583848
v 0.085097700357399997 0.95411300659200005 -0.23863312602
v 0.097518421709499994 0.91396129131299997 -0.25121277570700001
v 0.054422400891799998 0.94876116514200004 -0.19018268585199999
v 0.058382861316199998 0.90593093633699995 -0.19901552796399999
v 0.0025169742293699999 0.89790052175500001 -0.16769665479699999
v 0.33953094482399998 0.18050822615600001 -0.16234223544599999
v 0.259761631489 0.16444753110400001 -0.061426155269100002
v 0.14588810503499999 0.161769002676 -0.031980682164399997
v 0.037556592375000003 0.16444753110400001 -0.060355268418799998
v -0.041931331157700001 0.169799357653 -0.079896993935099997
v 0.29000961780500001 -0.424725085497 -0.330984711647
v 0.209036529064 -0.40652260184299999 -0.25308880209899998
v 0.12391276657600001 -0.39983153343200001 -0.1826864779
v 0.0419469662011 -0.39902898669199999 -0.14440813660599999
v -0.038885425776200001 -0.39956313371699997 -0.12888157367700001
v 0.336052536964 -0.50047922134400002 -0.37788221239999997
v 0.26163503527600002 -0.472372978926 -0.313850522041
v 0.17439815402 -0.45363640785199999 -0.23729388415800001
v 0.22549848258499999 -0.49726918339699999 -0.287617713213
v 0.086731389164900002 -0.44988697767300001 -0.176261156797
v 0.13122136890899999 -0.49271720647799999 -0.21320283412900001
v 0.0024648627731899998 -0.45015534758600001 -0.14654991030699999
v 0.043072566389999997 -0.49566149711599999 -0.16715991496999999
v -0.038981832563899997 -0.49780330061900002 -0.149494186044
v 0.285994440317 -0.69160771369899998 -0.65624499320999996
v 0.189708471298 -0.66564065218000001 -0.73328626155900001
v 0.075193956494299996 -0.64904582500499997 -0.76080363988900002
v -0.0385805740952 -0.64556479454000004 -0.75574362277999996
v 0.376472651958 -0.56285119056699995 -0.40395352244400001
v 0.39119407534599998 -0.57757264375700001 -0.48281350731799999
v 0.32802218198799998 -0.62441802024799997 -0.62671613693200001
v 0.35693091154099998 -0.56954228878000002 -0.58664518594699999
v 0.242630064487 -0.602468788624 -0.70667821168900002
v 0.286531180143 -0.55160820484200002 -0.67305606603599999
v 0.134191721678 -0.58399790525399997 -0.74709832668300002
v 0.18863756954700001 -0.53474497795099996 -0.72204327583299999
v 0.018499499186900002 -0.57703846693000005 -0.75103282928500004
v 0.074954241514200007 -0.52269947528799998 -0.73698103427899997
v -0.038510225713299998 -0.52243107557299995 -0.73213458061199999
v 0.37781187892000001 -0.51547163724900003 -0.44777387380599998
v 0.34756132960300001 -0.44132250547399998 -0.40213483571999997
v 0.37272584438299999 -0.511456429958 -0.54082113504399998
v 0.36763975024200002 -0.44426679611199998 -0.48765984177600002
v 0.32025760412199999 -0.49753493070600002 -0.63151037693000001
v 0.34006768464999998 -0.43650481104900002 -0.58381032943699995
v 0.23486807942400001 -0.48361599445300002 -0.69045609235799998
v 0.27207553386700001 -0.42686682939499998 -0.65348827838900003
v 0.12985606491599999 -0.472372978926 -0.71409368515000005
v 0.180018380284 -0.41803395748099997 -0.68796771764800002
v 0.017723042517899999 -0.46755531430199998 -0.71583157777799999
v 0.072596199810500001 -0.410537779331 -0.69859319925300001
v -0.0387655720115 -0.40705931186700001 -0.69811123609500003
v 0.29803997278200001 -0.36690500378599999 -0.60892277955999996
v 0.220172703266 -0.36128479242299999 -0.65731590986300004
v 0.25199967622800001 -0.29998633265500002 -0.61910527944600002
v 0.12353757023799999 -0.35539624095 -0.67878568172499998
v 0.17078423500100001 -0.29409512877499999 -0.65388959646199996
v 0.016196181997699999 -0.34816840291000001 -0.68459349870700004
v 0.070055782794999993 -0.29088509082800001 -0.67040622234299996
v -0.039067815989300002 -0.28740406036400001 -0.67364490032199997
v 0.27394893765400002 -0.235740944743 -0.576582491398
v 0.207884863019 -0.23172578215600001 -0.62616378068900003
v 0.24316680431400001 -0.16935640573499999 -0.59883141517600003
v 0.119282692671 -0.22824475169200001 -0.65493440628099997
v 0.16816045343899999 -0.16400195658200001 -0.64074707031300004
v 0.0152321234345 -0.22851310670399999 -0.66572141647299998
v 0.069519035518200004 -0.16212856769600001 -0.66077083349200005
v -0.038760360330300003 -0.16132606565999999 -0.66336596012100002
v 0.27287802100199998 -0.105647772551 -0.56777566671400004
v 0.28974387049700001 0.0145442551002 -0.566332221031
v 0.266455322504 0.075842738151600003 -0.59804189205199998
v 0.210133463144 -0.10082749277399999 -0.62401676177999998
v 0.251731276512 -0.042204912751899998 -0.598995566368
v 0.22065474093000001 0.022574599832300001 -0.62653636932400003
v 0.181196078658 0.084141455590700007 -0.64294362068199995
v 0.120994538069 -0.097349062562000002 -0.65549719333599998
v 0.173165738583 -0.036584716290199999 -0.64444178342799996
v 0.12594771385199999 0.028194800019300002 -0.65547114610699997
v 0.076210118830199999 0.089495889842499995 -0.65635442733799998
v -0.034265764057599998 0.092171803116799997 -0.65547114610699997
v 0.016115408390800001 -0.094938911497600004 -0.66350150108299999
v 0.071606092154999995 -0.032835308462400001 -0.66092979908000005
v 0.018499499186900002 0.0314074605703 -0.65935081243500004
v -0.0376946851611 -0.031230280175799999 -0.66042172908800001
v 0.30767792463299998 0.12697170674800001 -0.55929195880899996
v 0.23218956589699999 0.13767796754799999 -0.62097090482700001
v 0.28117677569400001 0.18050822615600001 -0.5893445611
v 0.133040055633 0.14570832252499999 -0.64835011959099997
v 0.189494803548 0.191214472055 -0.63333952426899998
v 0.023851327598099999 0.151062741876 -0.65252423286399996
v 0.081431664526499997 0.196568906307 -0.64620834588999998
v -0.030078623443799999 0.19924481213100001 -0.64687800407399998
v 0.375133395195 0.20459926128399999 -0.28199750185
v 0.32614877819999999 0.22065994143500001 -0.54831731319400001
v 0.36308783292800001 0.247429504991 -0.50454908609399995
v 0.243700936437 0.23404471576200001 -0.61057472228999998
v 0.29563242197 0.263490200043 -0.58453470468500002
v 0.13927778601599999 0.24207505583799999 -0.63625770807299997
v 0.19736620783799999 0.27419647574400002 -0.62449359893800005
v 0.027840442955499999 0.24475097656299999 -0.64040058851199999
v 0.086087808013000006 0.27955088019399998 -0.63432437181500001
v -0.026264078915099999 0.28222680091899999 -0.63470482826200003
v 0.38370048999799999 -0.639407813549 -0.52320754528000002
v 0.35693091154099998 -0.71168357133899995 -0.54828870296499999
v 0.40083202719700001 -0.62789905071300001 -0.42657241225199999
v 0.40511557459800002 -0.70151144266099996 -0.44081440568000002
v 0.36576375365300001 -0.58774477243400003 -0.36305138468699999
v 0.40886241197599998 -0.65439766645399999 -0.36495342850700002
v 0.285994440317 -0.54545122385 -0.31652903556799999
v 0.18756669759799999 -0.53180068731300001 -0.255227953196
v 0.254407197237 -0.55696260929100005 -0.27798235416400002
v 0.091390140354599997 -0.53822338581100004 -0.19633962214
v 0.144363835454 -0.567937254906 -0.224714204669
v 0.00297294766642 -0.54411196708700005 -0.16207386553299999
v 0.045829251408600002 -0.585871338844 -0.1826864779
v -0.039792161434899997 -0.59336757659899997 -0.16421562433199999
v 0.40805986523600002 -0.647438168526 -0.30849871039400001
v 0.326682925224 -0.58480048179599997 -0.273967146873
v 0.213721334934 -0.579446017742 -0.23729388415800001
v 0.297774195671 -0.57837772369399998 -0.214005336165
v 0.102336108685 -0.613443374634 -0.199549674988
v 0.170007795095 -0.61023074388499998 -0.18884341418700001
v 0.0043382630683500003 -0.63806855678600005 -0.176797896624
v 0.050941366702299998 -0.66216224432000004 -0.18108144402500001
v -0.042681731283700002 -0.68116718530700004 -0.18402573466300001
v 0.45142427086800002 -0.71757215261499996 -0.28065827488900003
v 0.42626234888999998 -0.72747588157700005 -0.363827824593
v 0.42438894510300001 -0.80724519491199997 -0.339280843735
v 0.385037094355 -0.77646309137299996 -0.45318040251699998
v 0.34809803962699998 -0.85703492164600004 -0.42526179552100002
v 0.318118453026 -0.77646309137299996 -0.56686633825300003
v 0.266455322504 -0.85650080442400001 -0.54315054416700004
v 0.236741483212 -0.749693572521 -0.675518333912
v 0.17407767474700001 -0.83133888244599996 -0.65426480770100004
v 0.13172946870300001 -0.72560244798700002 -0.73968291282700005
v 0.067351207137099994 -0.80938702821700004 -0.69787150621399996
v 0.017587553709699999 -0.71355694532400005 -0.75071227550499997
v -0.039166826754800002 -0.80456924438499999 -0.68598484992999997
v 0.29964759945899999 -0.92529547214499996 -0.38203030824700002
v 0.34970307350199997 -0.98257881403000003 0.101325146854
v 0.31089058518399998 -0.97936612367599996 -0.119246207178
v 0.247181966901 -0.97106736898400003 -0.29377466440200001
v 0.21061550080800001 -0.91806769370999997 -0.50553917884800004
v 0.22482883930200001 -0.99194836616500004 0.093831546604599997
v 0.26538443565399999 -0.99435591697699999 -0.019666792824900001
v 0.19575858116100001 -0.99167996645000001 -0.171711832285
v 0.032981220632799998 -0.85301971435500001 0.0598341561854
v 0.14829823374699999 -0.96116364002200005 -0.39156144857399999
v 0.11465000361200001 -0.890495598316 -0.59894603490800002
v 0.11481153965 -0.94671052694299995 0.071077160537199993
v 0.15134935081000001 -0.98150789737699995 -0.060623645782499999
v 0.095618955790999993 -0.96250289678599998 -0.23595459759199999
v 0.057072255760400002 -0.92181444168100002 -0.094886802136899998
v -0.025021225213999999 -0.87952089309699999 -0.22364331781899999
v 0.0516109988093 -0.92690050601999996 -0.44017085433000003
v 0.010414435528200001 -0.86934882402400004 -0.60807073116300003
v 0.30125260353099997 -0.049432747066000003 -0.53000545501700003
v 0.303662776947 -0.070311129093200003 -0.35148790478699998
v 0.25574645400000001 -0.079412363469599997 -0.26995199918700002
v 0.194367215037 -0.086106054484799993 -0.20677751302700001
v 0.12495760619600001 -0.090655364096199995 -0.15538276732
v 0.046952251344899998 -0.093065515160599993 -0.124598026276
v -0.038770779967300002 -0.093333877623099998 -0.114962659776
v 0.30767792463299998 -0.112607240677 -0.49279803037600001
v 0.292419761419 -0.172300696373 -0.53693884611099996
v 0.31035384535799998 -0.30266222357700001 -0.55827319622000005
v 0.34435123205200002 -0.37199103832199998 -0.52850723266599997
v 0.311693131924 -0.23600932955699999 -0.50315773487100002
v 0.31008550524700002 -0.121708482504 -0.404247939587
v 0.31490576267199999 -0.235740944743 -0.41313549876200001
v 0.33257147669800002 -0.30507239699400002 -0.47052824497200002
v 0.34702715277700003 -0.373061954975 -0.43377420306199999
v 0.277429968119 -0.13054132461500001 -0.31679740548099999
v 0.29830834269500001 -0.18086518347300001 -0.36313214898099999
v 0.282781779766 -0.23467007279400001 -0.32429102063199999
v 0.31704753637299998 -0.303464740515 -0.377481013536
v 0.30928298831000001 -0.36717337369899999 -0.345786899328
v 0.22252812981600001 -0.137500792742 -0.243719190359
v 0.25199967622800001 -0.184346199036 -0.28119498491299999
v 0.22488355636599999 -0.23279663920400001 -0.24586096405999999
v 0.266455322504 -0.29864707589099998 -0.293240517378
v 0.24236167967300001 -0.35700124502199998 -0.26647096872300002
v 0.157667845488 -0.14205271005600001 -0.183223217726
v 0.18909355997999999 -0.185951247811 -0.211597800255
v 0.15520559251300001 -0.23199416697 -0.18108144402500001
v 0.19487528502900001 -0.29302427172700002 -0.21668124198899999
v 0.16283467411999999 -0.35004177689600002 -0.19633962214
v 0.084990866482300004 -0.14472861587999999 -0.13985621929200001
v 0.11920192092699999 -0.188093021512 -0.15698780119399999
v 0.080629155039800005 -0.23306503891899999 -0.139590442181
v 0.118131026626 -0.29088509082800001 -0.15912957489499999
v 0.082101300358800006 -0.34790003299700001 -0.14788655936699999
v 0.0035070881713200001 -0.14579950273 -0.120582856238
v 0.043901138007600003 -0.18943226337399999 -0.12754492461700001
v -0.039284076541699998 -0.189966410398 -0.120582856238
v 0.0017144606681500001 -0.233867555857 -0.122458867729
v 0.041358105838299998 -0.29061672091500002 -0.129149958491
v 0.00168840494007 -0.34790003299700001 -0.122190497816
v -0.039023522287599997 -0.29115083813699999 -0.11763857305
v 0.39601436257400002 -0.88353610038800001 -0.29484555125200002
v 0.35585999488800002 -0.94296121597299998 -0.21962815523099999
v 0.38932064175600001 -0.95875614881500004 -0.0028035861905700002
v 0.46105965971899998 -0.91432082653000002 0.101059377193
v 0.42786738276500003 -0.91860175132800004 -0.098365224897900005
v 0.464540660381 -0.79065036773700004 -0.243987560272
v 0.45677870512000002 -0.86131846904800002 -0.181347206235
v 0.50228488445300001 -0.80724519491199997 -0.082841284573099999
v 0.48943421244599999 -0.86560201644900003 0.0046926196664600003
v 0.45972299575800002 -0.67581278085700003 -0.204904094338
v 0.49505701661099999 -0.74193155765499996 -0.14869168400800001
v 0.49719882011400002 -0.67688369750999999 -0.059552758932099999
v 0.52048736810700003 -0.73577463626899997 0.020753310993299998
v 0.376472651958 -0.59015488624599999 -0.17545863985999999
v 0.41234081983600002 -0.58158779144299999 -0.037066742777799998
v 0.422512918711 -0.58239287137999995 0.13719592988500001
v 0.24878700077499999 -0.58480048179599997 -0.15725617110699999
v 0.33712339401199998 -0.567937254906 -0.098365224897900005
v 0.27689322829200003 -0.56873977184299995 -0.0266262516379
v 0.35880428552600002 -0.56017267703999996 0.0563557296991
v 0.29108050465599999 -0.56686633825300003 0.144423767924
v 0.037931788712699997 -0.72988605499299997 0.088745489716499995
v -0.0176500864327 -0.80564016103699998 -0.049914777278900001
v 0.117917366326 -0.65011674165699995 -0.15779291093299999
v 0.19709783792499999 -0.60567879676799996 -0.093013398349300003
v 0.12832920253300001 -0.640210390091 -0.047238864004599999
v 0.214630663395 -0.58801311254499999 0.054748099297299999
v 0.147495731711 -0.62441802024799997 0.129165589809
v 0.0706446394324 -0.68625324964500001 0.0183431655169
v 0.00562280556187 -0.71034431457500002 -0.18108144402500001
v 0.056777831166999998 -0.69963800907100004 -0.123261377215
v -0.0080016851425200007 -0.75852638483000001 -0.113089263439
v -0.050949186086700002 -0.77512383461000001 -0.183757349849
v 0.36977893114100002 0.19924481213100001 -0.45425128936800002
v 0.34274360537499998 0.16444753110400001 -0.51043766736999996
v 0.32186523079899998 0.064868099987499997 -0.52304601669299999
v 0.326682925224 0.00356701598503 -0.48337629437399998
v 0.34729552269000002 0.110908411443 -0.47028592228900001
v 0.37433084845499998 0.175153777003 -0.34597450494799997
v 0.34809803962699998 0.092171803116799997 -0.37003949284600002
v 0.32721969485300001 -0.0090126432478399993 -0.38904449343699998
v 0.351844877005 0.148384228349 -0.232476174831
v 0.35104233026499998 0.12429319322100001 -0.30555441975600001
v 0.31677916645999998 0.073432594537699999 -0.27102288603800001
v 0.323470264673 0.034620121121399998 -0.33232137560800001
v 0.291883021593 -0.0207897871733 -0.29859495162999999
v 0.295364052057 0.12697170674800001 -0.12566891312600001
v 0.31008550524700002 0.10020214319200001 -0.20088891684999999
v 0.25761985778800001 0.058979529887400003 -0.186701640487
v 0.27528819441800001 0.020966969430399999 -0.243987560272
v 0.23433132469699999 -0.029891021549700001 -0.22497996687899999
v 0.19827553629899999 0.11626283824399999 -0.064102068543400004
v 0.23486807942400001 0.086817368864999994 -0.11951197683799999
v 0.17565664649000001 0.0522858425975 -0.13503852486599999
v 0.20817929506300001 0.0126708541065 -0.17840293049799999
v 0.165429830551 -0.036047969013499999 -0.16983842849700001
v 0.088847108185300006 0.118941359222 -0.065975464880500004
v 0.13553097844100001 0.084141455590700007 -0.091140002012300006
v 0.083331130444999998 0.051214955747099999 -0.119246207178
v 0.12806083262000001 0.0078505622222999998 -0.13985621929200001
v 0.087666779756500002 -0.039797376841299997 -0.13316512107799999
v -0.0023814847227199998 0.12697170674800001 -0.089263990521399994
v 0.035925507545500002 0.089495889842499995 -0.101309508085
v -0.041498806327600002 0.092171803116799997 -0.108271576464
v -0.0022746569011400002 0.052020072936999999 -0.118175320327
v 0.041519653052100002 0.00597716215998 -0.122993007302
v 0.00412460649386 -0.041134025901600001 -0.114694289863
v -0.039763502776599999 0.00597716215998 -0.11630191653999999
v 0.46105965971899998 0.64895462989800001 -0.21775214374099999
v 0.39708265662199999 0.60612440109300003 -0.211597800255
v 0.42519146204000002 0.67840009927699996 -0.22337494790599999
v 0.42626234888999998 0.74799734354000003 -0.24960775673400001
v 0.38236123323400001 0.713197410107 -0.23274455964599999
v 0.38824978470799998 0.67840009927699996 -0.23381543159500001
v 0.35639676451699998 0.75335174799000004 -0.25228369235999998
v 0.31383490562400002 0.69446080923099995 -0.22819264233100001
v 0.34916895628 0.66233944892899999 -0.219091400504
v 0.277695715427 0.72925806045499997 -0.25308880209899998
v 0.23433132469699999 0.67304569482800003 -0.225782483816
v 0.27368053793899999 0.64092427492100001 -0.21427370607900001
v 0.19934643804999999 0.70784556865699999 -0.242379918694
v 0.153759494424 0.65430903434800003 -0.20918764174000001
v 0.19415354728699999 0.62753945589100002 -0.20383322238900001
v 0.114384226501 0.67572158575100005 -0.20865090191399999
v 0.073265835642799995 0.64092427492100001 -0.18750414252299999
v 0.11301890760699999 0.61415469646499998 -0.18589912354900001
v 0.0328743942082 0.66233944892899999 -0.18804089725000001
v -0.044367533177100002 0.65966093540199999 -0.18616750836400001
v -0.0060214567929499996 0.63556987047199998 -0.17867128551
v 0.032499190419900001 0.60880291461900005 -0.17331686615899999
v -0.045381098985700002 0.60612440109300003 -0.173853605986
v 0.34220948815300001 0.292935669422 -0.54970872402199999
v 0.253873050213 0.30631783604599999 -0.60770338773699994
v 0.30740958452200001 0.333087414503 -0.58325016498600002
v 0.14532789588 0.31167227029799999 -0.62721902131999996
v 0.20520895719500001 0.34111773967699999 -0.61600470542899999
v 0.032499190419900001 0.31434819102299999 -0.62842804193500001
v 0.092244751751399998 0.34379366040199999 -0.62201309204099997
v -0.0207741558552 0.34647217392899998 -0.62234658002900001
v 0.35452336072899998 0.36253285408000002 -0.54879677295700002
v 0.26163503527600002 0.370563238859 -0.60021758079499998
v 0.31490576267199999 0.40803900361099998 -0.57703846693000005
v 0.15207369625600001 0.37323909997900001 -0.61474096775099996
v 0.20981299877199999 0.41339346766500001 -0.60396176576600002
v 0.038601420819800003 0.37591764330900002 -0.61524903774299999
v 0.096877455711399996 0.41339346766500001 -0.60798215866100003
v -0.0167303215712 0.41339346766500001 -0.60875338316000005
v 0.36844229698199998 0.44551482796699998 -0.54558670520800001
v 0.26431354880300001 0.45086929202100001 -0.58954519033399999
v 0.31597667932500001 0.493696928024 -0.57190030813199999
v 0.15370479226100001 0.45354521274600001 -0.60084551572800005
v 0.209117293358 0.496375441551 -0.59207779169100005
v 0.040448766201700001 0.45354521274600001 -0.60014718770999997
v 0.097117163240900001 0.496375441551 -0.59227579832099997
v -0.0166052542627 0.496375441551 -0.59136646985999997
v 0.51245439052599995 0.48566657304799998 -0.44442832469900001
v 0.49291527271300001 0.56061822175999998 -0.49416333436999998
v 0.36790555715599998 0.53652715682999996 -0.55616009235399999
v 0.41983699798599999 0.58203333616300001 -0.536269247532
v 0.26163503527600002 0.53920310735700006 -0.57963621616399996
v 0.31276398897199997 0.58738780021699999 -0.56191313266800003
v 0.15233947336699999 0.54188162088400005 -0.58536326885199996
v 0.20785881578900001 0.59006369113900003 -0.57612913847000002
v 0.039646252989799999 0.53920310735700006 -0.58054554462399999
v 0.095994159579300006 0.58738780021699999 -0.57141828536999995
v -0.017465092241800002 0.58470922708499995 -0.56812483072300002
v 0.53333532810200002 0.568648576736 -0.46113261580499998
v 0.563583314419 0.55258786678299998 -0.41517043113699997
v 0.469089984894 0.62753945589100002 -0.51124274730700003
v 0.51566702127499997 0.65163052082100004 -0.475747197866
v 0.36549800634399998 0.63556987047199998 -0.54044598341000005
v 0.41287758946399999 0.67840009927699996 -0.50928860902799999
v 0.259493261576 0.63556987047199998 -0.55803346633899997
v 0.30928298831000001 0.68107604980500003 -0.53126394748700001
v 0.15164378285399999 0.63289391994499999 -0.56161874532699996
v 0.207645148039 0.68107604980500003 -0.54408591985700006
v 0.038843736052500001 0.630215406418 -0.55484688282000005
v 0.0956450179219 0.67572158575100005 -0.542587697506
v -0.0182076767087 0.67304569482800003 -0.54253298044200005
v 0.54966443777100005 0.64092427492100001 -0.42215597629500001
v 0.57455796003299997 0.60880291461900005 -0.36460429430000002
v 0.463201403618 0.713197410107 -0.47167730331399998
v 0.510046839714 0.72390621900600005 -0.43104356527299997
v 0.35693091154099998 0.72658216953300003 -0.49705550074600002
v 0.40484720468500002 0.76673394441599996 -0.46145308017699999
v 0.25708574056599998 0.72390621900600005 -0.51461440324800001
v 0.30393114686 0.77208834886599997 -0.48000207543399998
v 0.15110963583000001 0.71855181455600003 -0.52240502834299996
v 0.20389576256299999 0.76405799388899998 -0.489853739738
v 0.038012560457000001 0.71587592363399999 -0.52585738897300005
v 0.0947070196271 0.75335174799000004 -0.50340002775199999
v -0.022196795791399999 0.75335174799000004 -0.51266020536400003
v 0.37968531250999998 0.32238113880199998 -0.50650328397800004
v 0.38958904147099999 0.27687495946899998 -0.45232579112100002
v 0.39199918508499998 0.258135765791 -0.33473151922200001
v 0.38155868649500002 0.292935669422 -0.26379504799800002
v 0.36603212356600001 0.23672063648700001 -0.21213193237799999
v 0.335250020027 0.27687495946899998 -0.14601317048099999
v 0.30821207165699999 0.22065994143500001 -0.095420934259900003
v 0.25253379344900001 0.26884201168999999 -0.050451520830399998
v 0.20681399107000001 0.209953680634 -0.025289595127099999
v 0.14163321256600001 0.263490200043 -0.021274425089400001
v 0.092085823416700005 0.20727515220600001 -0.028768023476
v 0.036808792501700001 0.258135765791 -0.0488438904285
v -0.00187340006232 0.209953680634 -0.060889407992400002
v -0.045459263026700003 0.26081168651600001 -0.069990642368799996
v 0.37674102187199998 0.61147880554199996 -0.23756222426900001
v 0.36041191220300001 0.63289391994499999 -0.22846101224400001
v 0.37700676917999998 0.57667887210799995 -0.250678628683
v 0.31115636229499999 0.60880291461900005 -0.20731425285300001
v 0.34542211890199997 0.568648576736 -0.213471189141
v 0.234599724412 0.59541809558900005 -0.195802882314
v 0.27609071135500002 0.55526381730999996 -0.18884341418700001
v 0.15434835851199999 0.58738780021699999 -0.181615576148
v 0.19701705873 0.54723340272900001 -0.171711832285
v 0.073000065982299994 0.58203333616300001 -0.16930168867100001
v 0.11408718675399999 0.54188162088400005 -0.16020046174499999
v -0.0067431977950000001 0.57935738563500006 -0.16582326590999999
v 0.032525245100299999 0.53920310735700006 -0.15618528425700001
v -0.046423319727199999 0.53920310735700006 -0.160468816757
v 0.44847998023000002 0.52849680185299996 -0.51100045442599995
v 0.41528511047400002 0.48566657304799998 -0.52069056034100003
v 0.47417604923200002 0.49102103710200001 -0.45928525924699998
v 0.44580146670300003 0.464251458645 -0.43190076947200001
v 0.39895865321200003 0.40000867843600002 -0.50444227457000002
v 0.407254785299 0.35182401537899999 -0.44814905524300003
v 0.434024304152 0.43748450279200002 -0.44236734509499998
v 0.40136620402299999 0.34111773967699999 -0.31840243935599999
v 0.31624242663399998 0.51511204242700004 -0.192858591676
v 0.35934105515499998 0.469605892897 -0.22390908002900001
v 0.33872845768900001 0.41874530911399999 -0.19151933491199999
v 0.37620425224300003 0.37859356403400002 -0.243987560272
v 0.35452336072899998 0.330411493778 -0.19687375426299999
v 0.24102503061300001 0.50440579652799999 -0.162610590458
v 0.288938730955 0.46157553792 -0.163681492209
v 0.25895911455199999 0.41339346766500001 -0.12673979997599999
v 0.31115636229499999 0.370563238859 -0.14735241234300001
v 0.28465780615800002 0.325057059526 -0.098901972174600006
v 0.158095166087 0.499051362276 -0.14708404243000001
v 0.205956742167 0.45622113347100002 -0.13075497746500001
v 0.16816045343899999 0.41071492433500001 -0.096760198473899994
v 0.22571213543400001 0.367887318134 -0.082841284573099999
v 0.18804872036 0.31970262527499999 -0.043492060154700002
v 0.074070952832700002 0.499051362276 -0.14333724975600001
v 0.117729783058 0.45354521274600001 -0.12004871666399999
v 0.076772920787299997 0.40803900361099998 -0.098633594810999994
v 0.12725831568199999 0.36253285408000002 -0.063567928969900003
v 0.084133639931700005 0.31167227029799999 -0.046167977154300002
v -0.0071991714648899996 0.496375441551 -0.14815492927999999
v 0.032499190419900001 0.45086929202100001 -0.12700818479100001
v -0.048291508108400001 0.45086929202100001 -0.13718029856700001
v -0.0082440022379199999 0.40536314248999999 -0.11416015029
v 0.033408533781799997 0.35717841982800003 -0.082038767635799995
v -0.0063966582529200004 0.30899637937500002 -0.071866646409000007
v -0.049148742109500002 0.35717841982800003 -0.098365224897900005
v 0.35104233026499998 0.80688822269399996 -0.43909993767700001
v 0.32106271386099999 0.78814899921399995 -0.287886083126
v 0.51968222856500002 0.66501533985100003 -0.25710394978500001
v 0.47524690628100003 0.72390621900600005 -0.25469380617100001
v 0.54297071695300003 0.697136700153 -0.370948851109
v 0.51887965202300002 0.72925806045499997 -0.31278225779500002
v 0.39440673589699998 0.82294887304300002 -0.39913579821599998
v 0.45651033520700002 0.78547310829200001 -0.41977450251600001
v 0.40564975142499998 0.79350346326800003 -0.28306838870000001
v 0.37192070484200002 0.82027304172500004 -0.322417616844
v 0.462933033705 0.78814899921399995 -0.30635693669300001
v 0.014268063940100001 0.88183987140700004 -0.419237732887
v -0.033192269504100001 0.86577916145300005 -0.43562152981800001
v 0.033489305525999997 0.78814899921399995 -0.48832684755299999
v 0.0248700994998 0.84971588850000002 -0.44153615832300003
v -0.030089048668699998 0.82027304172500004 -0.471088469028
v 0.095618955790999993 0.88183987140700004 -0.36787167191499998
v 0.070240773260600006 0.86310064792600005 -0.40912035107599998
v 0.088310360908500002 0.81759446859399998 -0.45077288150799999
v 0.14556761086 0.79082751274100005 -0.46565586328500003
v 0.13577069342100001 0.83633375167799995 -0.38615229725799999
v 0.19053962826699999 0.814918637276 -0.39750212430999998
v 0.24878700077499999 0.80153381824500003 -0.44774782657599999
v 0.29081213474299999 0.82294887304300002 -0.40135836601300001
v 0.28144511580499998 0.80420970916699996 -0.317331552505
v 0.240488275886 0.76138210296599995 -0.27932161092800001
v 0.117729783058 0.87648540735199998 -0.28387090563799999
v 0.15183138847399999 0.79350346326800003 -0.28949370980299999
v 0.192251488566 0.78279721736899999 -0.30474931001700001
v 0.15849642455599999 0.72658216953300003 -0.245324209332
v -0.030847262591099999 0.79350346326800003 -0.173853605986
v 0.0183926727623 0.84971588850000002 -0.173585236073
v 0.079852700233499996 0.86310064792600005 -0.21320283412900001
v 0.109777599573 0.82294887304300002 -0.24345080554500001
v 0.042241390794499997 0.80153381824500003 -0.19018268585199999
v 0.079396724700900007 0.76138210296599995 -0.21373695135099999
v 0.116765722632 0.73996698856400001 -0.23274455964599999
v 0.075649924576300001 0.69446080923099995 -0.204369977117
v -0.00122982589528 0.742642819881 -0.18589912354900001
v 0.034505475312499999 0.71855181455600003 -0.194731980562
v -0.0049505704082500003 0.68375194072699996 -0.18964591622400001
v -0.042676523327800003 0.713197410107 -0.18884341418700001
v 0.13330844044699999 1.0504797697099999 -0.033051569014799997
v 0.13879574835299999 1.0397734642000001 -0.025021225213999999
v 0.12618742883199999 1.0290646553 -0.016722505912200002
v 0.125572517514 1.0397734642000001 -0.017793390899900001
v 0.108547769487 1.0317431688300001 -0.011102305725200001
v 0.10830544680400001 1.0397734642000001 -0.012173192575599999
v 0.091067045927000004 1.04244935513 -0.0127073321491
v 0.091629847884200005 1.0397734642000001 -0.0127073321491
v 0.079771928489200006 1.0451253652600001 -0.0141794756055
v 0.090452134609199999 1.0451253652600001 -0.0140465917066
v 0.10587185621300001 1.0478038787799999 -0.015383245423399999
v 0.105280391872 1.0504797697099999 -0.0164541322738
v 0.122466683388 1.0478038787799999 -0.021808564662900001
v 0.121690243483 1.0504797697099999 -0.023147823288999999
v 0.13601300120400001 1.0478038787799999 -0.0271629989147
v 0.13547627627799999 1.0504797697099999 -0.028499651700299999
v 0.083919979631899996 1.0504797697099999 -0.0092262998223299995
v 0.094923272728899999 1.0558341741599999 -0.0065503865480399997
v 0.10894902050499999 1.0611885786099999 -0.0081580188125400001
v 0.10635127872199999 1.0531582832299999 -0.0132440775633
v 0.120030492544 1.0558341741599999 -0.020737679675199999
v 0.134272485971 1.0558341741599999 -0.025021225213999999
v 0.122385919094 1.06654047966 -0.0124389594421
v 0.135236546397 1.06654047966 -0.0159199927002
v 0.092513129115099998 1.0504797697099999 -0.0124389594421
v -0.24554567039 1.17093753815 -0.204904094338
v -0.240191236138 1.17093753815 -0.19419783353799999
v -0.231572046876 1.1629071235699999 -0.18054470419900001
v -0.249425366521 1.1950285434700001 -0.19714213907700001
v -0.242841094732 1.1896767616299999 -0.18964591622400001
v -0.235159918666 1.1789679527300001 -0.17572700977299999
v -0.22790341079199999 1.17361605167 -0.16983842849700001
v -0.24854208528999999 1.21644365788 -0.184559866786
v -0.24278900027299999 1.21108925343 -0.18054470419900001
v -0.23481075465699999 1.1950285434700001 -0.16796503961100001
v -0.23146522045099999 1.20573747158 -0.16287897527199999
v -0.240324124694 1.2191221714 -0.17117509245900001
v -0.24728359282000001 1.2217981815300001 -0.16421562433199999
v -0.23237456381300001 1.2378587722800001 -0.155114397407
v -0.23679098486899999 1.2271525859800001 -0.14869168400800001
v -0.230339616537 1.2271525859800001 -0.155114397407
v -0.214521244168 1.2351828813600001 -0.14333724975600001
v -0.22011537849900001 1.2325043678300001 -0.137717053294
v -0.22624367475500001 1.2244740724600001 -0.13530689477899999
v -0.21984700858600001 1.2271525859800001 -0.14467650651899999
v -0.22428947687100001 1.21376776695 -0.155651137233
v -0.21775996684999999 1.21644365788 -0.149494186044
v -0.20624858140899999 1.2271525859800001 -0.13503852486599999
v -0.21109491586699999 1.2244740724600001 -0.12888157367700001
v -0.200547590852 1.1816464662599999 -0.13477015495299999
v -0.191258773208 1.1869982481000001 -0.13369926810300001
v -0.17032568156700001 1.1254314184200001 -0.13718029856700001
v -0.19112588465200001 1.0879555940600001 -0.176797896624
v -0.19412226974999999 1.0933099985100001 -0.16930168867100001
v -0.204883262515 1.10401630402 -0.17813715338700001
v -0.20571443438500001 1.10937070847 -0.19794465601399999
v -0.213663995266 1.1120465993899999 -0.18804089725000001
v -0.21505539119200001 1.1281099319500001 -0.20356483757499999
v -0.23563933372500001 1.1441705226900001 -0.20677751302700001
v -0.22158752381800001 1.1254314184200001 -0.195802882314
v -0.23229378461799999 1.1414921283699999 -0.19714213907700001
v -0.17752745747599999 1.1388161182400001 -0.13718029856700001
v -0.19669136405000001 1.21644365788 -0.13316512107799999
v -0.19174079596999999 1.2084133625 -0.132362619042
v -0.20196503400800001 1.2084133625 -0.12566891312600001
v -0.19720207154800001 1.20038306713 -0.12727655470400001
v -0.204695656896 1.1923526525499999 -0.129418328404
v -0.21272601187199999 1.2191221714 -0.13610941171599999
v -0.21920603513699999 1.21644365788 -0.129418328404
v -0.211173087358 1.20038306713 -0.129418328404
v -0.20796303451100001 1.1896767616299999 -0.13503852486599999
v -0.16861122846599999 1.11740100384 -0.138785332441
v -0.16540114581599999 1.0933099985100001 -0.14574739337000001
v -0.17439556121800001 1.07724928856 -0.168230801821
v -0.181594744325 1.08527958393 -0.16100297868300001
v -0.17238667607300001 1.0986644029599999 -0.14681828022000001
v -0.17551857233000001 1.11740100384 -0.14173221588099999
v -0.204375177622 1.2271525859800001 -0.14119547605499999
v -0.21095943450900001 1.2325043678300001 -0.14869168400800001
v -0.23298946023 1.2298284769100001 -0.17813715338700001
v -0.23692648112799999 1.2191221714 -0.18830928206399999
v -0.237486675382 1.1950285434700001 -0.19874715805099999
v -0.20319746434700001 1.1789679527300001 -0.143068864942
v -0.19278563559100001 1.11740100384 -0.15458025038199999
v -0.20185820758299999 1.1227555275000001 -0.16207386553299999
v -0.197629362345 1.1307858228700001 -0.16180808842200001
v -0.20948727428899999 1.1281099319500001 -0.177066266537
v -0.22169436514400001 1.1414921283699999 -0.18188396096199999
v -0.21714243292800001 1.13613760471 -0.18054470419900001
v -0.209917202592 1.1441705226900001 -0.18295483291100001
v -0.17554461956 1.1254314184200001 -0.14360561966900001
v -0.184111714363 1.1388161182400001 -0.14360561966900001
v -0.218536406755 1.20038306713 -0.150833457708
v -0.20284833014 1.2084133625 -0.13610941171599999
v -0.199101507664 1.1950285434700001 -0.14869168400800001
v -0.224104508758 1.1495224237399999 -0.20544084906599999
v -0.23577481508299999 1.17361605167 -0.20704586803899999
v -0.175466448069 1.0879555940600001 -0.152438476682
v -0.18138109147500001 1.11740100384 -0.14708404243000001
v -0.20271542668299999 1.1789679527300001 -0.16448400914700001
v -0.22115762531800001 1.16826164722 -0.17090933024900001
v -0.227236375213 1.1869982481000001 -0.16421562433199999
v -0.187188878655 1.1254314184200001 -0.15431188046899999
v -0.177178308368 1.1227555275000001 -0.15297262370600001
v -0.203142747283 1.13613760471 -0.18001054227400001
v -0.18239726126200001 1.13613760471 -0.16903591156
v -0.18119348585600001 1.1575527191199999 -0.14654991030699999
v -0.17163626849700001 1.0826010704 -0.17572700977299999
v -0.165346443653 1.0826010704 -0.15725617110699999
v -0.168746709824 1.1414921283699999 -0.13664616644399999
v -0.16339227557200001 1.1227555275000001 -0.14146384596799999
v -0.20547212660299999 1.20305895805 -0.17572700977299999
v 0.0013392595574299999 1.20305895805 -0.016990877687899999
v 0.020560501143299999 1.20573747158 -0.015383245423399999
v 0.0061595519073300003 1.20573747158 -0.013509846292400001
v -0.0163942035288 1.21108925343 -0.0175250191242
v -0.0237314719707 1.2084133625 -0.0199351664633
v -0.0020323393400799999 1.2217981815300001 -0.010297185741400001
v -0.0120976306498 1.2191221714 -0.0129757057875
v -0.052809558808799999 1.21644365788 -0.0148491049185
v -0.14524452388299999 1.48948073387 -0.29190126061400001
v -0.18488815426800001 1.4466531276700001 -0.35502102971100002
v -0.112638503313 1.4734200239199999 -0.14333724975600001
v -0.19101645052399999 1.4573593139600001 -0.25201788544699999
v -0.22862777113900001 1.42523801327 -0.314118891954
v -0.25590538978600003 1.34761035442 -0.373142719269
v -0.21149615943399999 1.3556406498 -0.42263799905799998
v -0.22533433139299999 1.4038228988599999 -0.214542090893
v -0.23529280722099999 1.35028624535 -0.19419783353799999
v -0.084855377674099994 1.3315470218700001 -0.039476890116899997
v -0.15123991668199999 1.4198833704 -0.11549679935
v -0.165106728673 1.36099255085 -0.104256406426
v -0.104824416339 1.31013453007 -0.0512540377676
v -0.12115087360100001 1.3342255353900001 -0.063567928969900003
v -0.10161176323899999 1.3583166599300001 -0.0512540377676
v -0.058153569698300003 1.31013453007 -0.022879451513299998
v -0.037074558436900003 1.3208408355700001 -0.016722505912200002
v -0.0074388836510499998 1.3261952400200001 -0.015651619061800001
v 0.057259857654599997 1.3342255353900001 -0.025289595127099999
v 0.0211206953973 1.3315470218700001 -0.0204693060368
v 0.086223296821099998 1.3261952400200001 -0.034390829503500003
v -0.069836914539299993 1.34225594997 -0.028499651700299999
v -0.0499069578946 1.35028624535 -0.022611079737500001
v -0.021271819248799999 1.3556406498 -0.0236819647253
v 0.0081658354029100003 1.36099255085 -0.027965510264000001
v 0.0701886638999 1.3663469553000001 -0.041616056114400002
v -0.085069037973900002 1.36902284622 -0.042152807116499998
v -0.067348599433899994 1.3770532607999999 -0.036264229565900002
v -0.0328327044845 1.37973189354 -0.033051569014799997
v -0.0062090572901099999 1.3877620696999999 -0.036798372864700002
v 0.052736598998300001 1.4064987897900001 -0.052859060466299998
v -0.117591679096 1.37973189354 -0.067314729094499995
v -0.10238821804500001 1.3904379606199999 -0.058481872081800002
v -0.086272805929200003 1.3984682559999999 -0.052324924618
v -0.051280088722699999 1.4118531942400001 -0.049914777278900001
v -0.028559580445299999 1.4198833704 -0.052593294531100003
v -0.088013321161300007 1.2833650112199999 -0.039208516478500002
v -0.072861969471000002 1.3021042347 -0.031178170815099999
v -0.15335564315299999 1.20573747158 -0.097294338047499998
v -0.118047647178 1.20038306713 -0.061157781630799997
v -0.121179543436 1.2833650112199999 -0.061960294842699999
v -0.119733452797 1.2325043678300001 -0.062497042119500003
v -0.101799346507 1.2646284103400001 -0.050183150917300003
v -0.12519471347300001 1.03709495068 -0.17465612292300001
v -0.108222067356 1.0130039453499999 -0.170640945435
v 0.047997079789600001 1.10134041309 -0.0014643265167300001
v 0.030036933720099999 1.0478038787799999 -0.0143123604357
v 0.0135723790154 1.0451253652600001 -0.021808564662900001
v 0.018337953835699999 1.02638876438 -0.025289595127099999
v 0.033033333718799997 1.03441905975 -0.017793390899900001
v -0.086593292653599996 1.0933099985100001 -0.0705273896456
v -0.045550458133200002 1.0959858894300001 -0.0335857123137
v 0.0024909186177 1.10669481754 -0.00521112699062
v -0.0225459393114 1.10669481754 -0.0140465917066
v -0.0508345365524 1.11740100384 -0.027697138488300001
v -0.0486693195999 1.0290646553 -0.064638815820199994
v -0.046194031834599997 1.0103279352200001 -0.068385615944900002
v -0.072593599557899999 1.0183583498 -0.082841284573099999
v -0.071629539132100004 0.98088258504900006 -0.131023347378
v -0.095801353454600002 1.00229775906 -0.122993007302
v -0.072512827813599995 1.00229775906 -0.094350047409499996
v -0.047780822962499997 0.98891294002499996 -0.081502020359000005
v -0.072700425982499997 0.98891294002499996 -0.111215867102
v -0.0048697977326800004 0.94340670108799995 -0.12593729794
v 0.082690164446799996 0.93270045518900002 -0.0876589640975
v 0.017321784049300001 0.93805229663800005 -0.11014498025199999
v 0.024601727724099999 0.93270045518900002 -0.12540315091599999
v -0.13325111568 0.96749782562300002 -0.23193942010400001
v -0.21441440284300001 1.31281042099 -0.43436303734800003
v -0.20825746655499999 1.2298284769100001 -0.44758626818699998
v -0.19251725077599999 1.1575527191199999 -0.44825592637099998
v -0.16984365880499999 1.10134041309 -0.43406862020499998
v -0.14120069146200001 1.0558341741599999 -0.41404482722300001
v -0.12487422674900001 1.0290646553 -0.39803889393800002
v -0.10958738625 0.99158883094799999 -0.38625910878199998
v -0.256760030985 1.3021042347 -0.38577967882199998
v -0.25020182132699997 1.2271525859800001 -0.39943027496299999
v -0.23323178291300001 1.1575527191199999 -0.399375528097
v -0.17541173100499999 1.0504797697099999 -0.36990401148800001
v -0.20595414936500001 1.0959858894300001 -0.38690268993400001
v -0.162696585059 1.02638876438 -0.35729566216500003
v -0.14452017843699999 0.98891294002499996 -0.34731116890899999
v -0.275793671608 1.2913953065899999 -0.32589861750600002
v -0.26810985803600001 1.2244740724600001 -0.336873292923
v -0.25097826123200001 1.1575527191199999 -0.341959357262
v -0.223700642586 1.0986644029599999 -0.33740741014499998
v -0.17883804440500001 1.02103435993 -0.31759995222100001
v -0.19733494520200001 1.0531582832299999 -0.32723528146699998
v -0.15710243582700001 0.98623698949799998 -0.31197711825399999
v -0.24854208528999999 1.1602312326399999 -0.292703777552
v -0.22131915390500001 1.10134041309 -0.296184808016
v -0.18054990470400001 1.0478038787799999 -0.250678628683
v -0.192462548614 1.0504797697099999 -0.29163289070100001
v -0.172011479735 1.0130039453499999 -0.28440767526600003
v -0.15554952621500001 0.98088258504900006 -0.286546826363
v 0.10177590698 1.07457077503 -0.010565559379799999
v 0.11483758687999999 1.0826010704 -0.0145807312801
v 0.116791769862 1.0933099985100001 -0.018061764538299999
v 0.096822738647500003 1.13346171379 -0.0086921593174300003
v 0.10862854123100001 1.1388161182400001 -0.000393440073822
v 0.118050247431 1.17361605167 -0.0113680725917
v 0.12578617036299999 1.1789679527300001 -0.010565559379799999
v 0.11124973744199999 1.1843223571799999 -0.018864279612899999
v 0.11946768313599999 1.1923526525499999 -0.018327532336099999
v 0.113607771695 1.20305895805 -0.0260921120644
v 0.10065030306599999 1.24856770039 -0.037066742777799998
v -0.065516889095299999 1.2191221714 -0.022345311939700001
v -0.068364769220399996 1.21376776695 -0.024484477937199999
v -0.070024512708199996 1.20038306713 -0.024484477937199999
v -0.094436042010799998 1.1977070569999999 -0.042421173304300001
v -0.054292123764799999 1.1468465328199999 -0.021540192887200001
v -0.027353204786799999 1.1414921283699999 -0.0092262998223299995
v -0.00141742650885 1.1388161182400001 -0.0025352132506700001
v 0.022996701300099998 1.1441705226900001 -0.0014643265167300001
v 0.094600185751900004 1.1923526525499999 -0.025823740288599999
v -0.0115634892136 0.94876116514200004 -0.10559306293700001
v 0.0095858676359099997 0.94340670108799995 -0.092208273708799998
v 0.031936392188100002 0.94073081016500004 -0.078557737171600001
v 0.061543405055999999 0.935376405716 -0.063836298883000006
v 0.098107270896400006 0.935376405716 -0.061960294842699999
v 0.080253958702100003 0.935376405716 -0.054466698318699998
v -0.013744345866100001 0.95411300659200005 -0.093013398349300003
v 0.0093696052208499993 0.94876116514200004 -0.079360246658299993
v 0.031881671398899997 0.94608265161500005 -0.0678514689207
v 0.059266146272399997 0.94340670108799995 -0.053127437829999999
v 0.076720811426600005 0.94340670108799995 -0.043492060154700002
v 0.089970096945799993 0.94340670108799995 -0.038137629628199998
v -0.027514750137900001 0.98088258504900006 -0.071598276495900004
v -0.0136166745797 0.962143301964 -0.078557737171600001
v 0.014429609291299999 0.95679152011900004 -0.066243842244100001
v 0.037236105650699999 0.95411300659200005 -0.055803347379000001
v 0.060899831354599997 0.95411300659200005 -0.042421173304300001
v 0.081056468188799996 0.95679152011900004 -0.032249059528099998
v 0.100436650217 0.95679152011900004 -0.026360483840100001
v 0.0127959214151 0.99158883094799999 -0.043492060154700002
v -0.0036113106180000001 0.97285223007199995 -0.060623645782499999
v 0.0233432427049 0.97017365694000002 -0.052324924618
v 0.045454051345600002 0.96749782562300002 -0.041884429752799997
v 0.120674058795 0.99426734447499998 -0.030641425401
v 0.021818988025199999 1.0156798362699999 -0.027965510264000001
v 0.027225529775 1.0049735307700001 -0.031178170815099999
v 0.0352819338441 0.98623698949799998 -0.036264229565900002
v 0.054982598871000002 0.98891294002499996 -0.028499651700299999
v 0.070563867688199999 0.98891294002499996 -0.0260921120644
v 0.106085516512 0.99426734447499998 -0.024752851575600001
v 0.088630840182299997 0.99158883094799999 -0.0236819647253
v 0.035443477332599997 1.02638876438 -0.0191326513886
v 0.074685864150500006 1.00229775906 -0.021808564662900001
v 0.0618899464607 1.0049735307700001 -0.022345311939700001
v 0.065772235393499995 0.97017365694000002 -0.030375657603100001
v 0.088096700608699993 0.97820663452099998 -0.023147823288999999
v 0.086249351501499996 0.97017365694000002 -0.024218712002000001
v 0.10635127872199999 0.98355847597099999 -0.021808564662900001
v 0.122385919094 0.98355847597099999 -0.0266262516379
v 0.122120141983 0.97017365694000002 -0.025823740288599999
v 0.105577431619 0.97285223007199995 -0.0210060533136
v 0.036996394395799999 1.1977070569999999 -0.030375657603100001
v -0.019807493314099998 1.2070741653399999 -0.0151174785569
v -0.015748023986799999 1.20038306713 -0.0145807312801
v 0.00665460852906 1.20439815521 -0.010297185741400001
v 0.0043903742916900001 1.1977070569999999 -0.010565559379799999
v 0.021256186068100001 1.20038306713 -0.0151174785569
v 0.0376373641193 1.20439815521 -0.028903514146800001
v -0.065277181565799994 1.1843223571799999 -0.022611079737500001
v -0.055310901254399997 1.21108925343 -0.019666792824900001
v -0.048189897090200003 1.17361605167 -0.0159199927002
v -0.026045210659499999 1.1629071235699999 -0.0078896461054699992
v -0.00082856917288199998 1.1575527191199999 -0.00200107274577
v 0.020372901111799999 1.1629071235699999 -0.0057478728704200002
v 0.040394045412500003 1.1843223571799999 -0.0204693060368
v 0.0416264794767 1.17361605167 -0.0148491049185
v 0.088310360908500002 1.20573747158 -0.034390829503500003
v 0.0067744646221400001 1.24856770039 -0.00200107274577
v -0.031720127910399999 1.2325043678300001 -0.0041402401402599997
v -0.0129757057875 1.24321329594 0.000409073458286
v -0.049409296363600003 1.2217981815300001 -0.0116364462301
v -0.0385805740952 1.2298284769100001 -0.00547949969769
v -0.041475355625200001 1.1816464662599999 -0.0132440775633
v -0.0178611371666 1.1977070569999999 -0.0116364462301
v -0.021600119769599999 1.1789679527300001 -0.0084237856790399992
v 0.0019020611653100001 1.1950285434700001 -0.0113680725917
v 0.017535440623800001 1.1950285434700001 -0.0164541322738
v 0.018364010378699998 1.1789679527300001 -0.0097630452364699995
v 0.00192811677698 1.1762920618099999 -0.00547949969769
v 0.0068005206994700002 1.2405347824099999 -0.0038744728080900002
v -0.0091533437371300007 1.2298284769100001 -0.0070871324278399999
v -0.010680203326000001 1.2325043678300001 -0.0022668400779399999
v -0.0223010182381 1.2217981815300001 -0.0100314188749
v -0.028369372710599999 1.2271525859800001 -0.00521112699062
v -0.032843127846700002 1.21376776695 -0.0129757057875
v -0.039041761308899997 1.21644365788 -0.0116364462301
v 0.109431058168 0.94340670108799995 -0.043757829815099999
v 0.119655281305 0.95679152011900004 -0.0295705385506
v -0.129397496581 1.10937070847 -0.103988029063
v -0.26551470160500001 1.2217981815300001 -0.28413927555099999
v -0.27033242583299999 1.2780106067699999 -0.26834437251100002
v -0.25649425387399999 1.3261952400200001 -0.23622296750499999
v -0.27220579981800003 1.3315470218700001 -0.307696193457
v -0.25670790672299998 1.3770532607999999 -0.26432919502300001
v 0.060980603098900001 1.30745601654 -0.0199351664633
v 0.0010734921088400001 1.29942572117 -0.0078896461054699992
v 0.030597129836700002 1.30745601654 -0.0127073321491
v 0.10115838795900001 1.1120465993899999 -0.0060162455774800004
v 0.097036384046100002 1.1254314184200001 -0.0062820129096500003
v 0.11135917156900001 1.12007701397 0.0017483329866100001
v 0.109217397869 1.1307858228700001 0.0022824734915000001
v 0.120379626751 1.12007701397 0.00094321387587100001
v 0.095405310392399995 1.3021042347 -0.030375657603100001
v 0.0979483425617 1.2833650112199999 -0.0293047707528
v -0.109105363488 1.4198833704 -0.076415963470900003
v -0.076715596020200005 1.4573593139600001 -0.095420934259900003
v -0.061973325908199997 1.4439746141400001 -0.075613446533700002
v 0.118183143437 1.13346171379 0.0036217330489300001
v 0.046631768345799997 1.0585100650799999 -0.0100314188749
v 0.043338336050499998 1.08527958393 -0.0068187587894499996
v 0.026073871180399999 1.11472511292 0.00067744648549699998
v 0.046657819300900003 0.93805229663800005 -0.135841041803
v 0.065824344754200001 0.935376405716 -0.110947489738
v 0.123993553221 1.1602312326399999 -0.0038744728080900002
v 0.13122136890899999 1.16826164722 -0.0030719591304699998
v 0.13459298014599999 1.1602312326399999 0.0038901059888300001
v 0.11505124718 1.1388161182400001 0.00147996004671
v 0.113685943186 1.1414921283699999 -0.0033377264626299999
v 0.13788640499099999 1.1307858228700001 0.0097786793485300002
v 0.12559857964500001 1.08527958393 -0.017793390899900001
v 0.12525203824 1.0959858894300001 -0.021274425089400001
v 0.13328237831600001 1.08527958393 -0.0210060533136
v 0.120165966451 1.1441705226900001 0.0022824734915000001
v 0.044518653303399998 1.1522009372699999 -0.0060162455774800004
v -0.0745217204094 1.03709495068 -0.077218472957599996
v -0.120267592371 1.07992517948 -0.10639555752300001
v -0.076770320534699996 1.0611885786099999 -0.073203302919900001
v 0.0781382396817 1.0986644029599999 -0.0097630452364699995
v 0.065076552331400001 1.0959858894300001 -0.0078896461054699992
v 0.067752458155199993 1.07189488411 -0.0108339320868
v 0.052950259298100003 1.0638644695299999 -0.010297185741400001
v 0.049763657152700001 1.0451253652600001 -0.0116364462301
v 0.0256726145744 1.0933099985100001 -0.0033377264626299999
v 0.024896159768100001 1.07457077503 -0.0081580188125400001
v -0.0550659745932 1.0531582832299999 -0.060623645782499999
v -0.063659124076399995 1.0826010704 -0.057679355144499997
v -0.038559731095999999 1.07457077503 -0.041350286453999997
v 0.0054091494530399999 1.0879555940600001 -0.0086921593174300003
v 0.0084081524983000006 1.06921899319 -0.0151174785569
v -0.013629701919899999 1.07189488411 -0.028768023476
v -0.019033638760399998 1.0879555940600001 -0.020203538239
v 0.067645639181100004 1.0237128734600001 -0.016188364476
v 0.077442549169099997 1.0183583498 -0.016722505912200002
v 0.078539498150299994 1.0317431688300001 -0.0145807312801
v 0.090183757245499999 1.02638876438 -0.0159199927002
v 0.090504243969900006 1.0049735307700001 -0.022345311939700001
v 0.089193649589999993 1.0156798362699999 -0.018864279612899999
v 0.106593586504 1.00765216351 -0.025289595127099999
v 0.105121448636 1.0156798362699999 -0.022345311939700001
v 0.122010722756 1.00765216351 -0.032249059528099998
v 0.12083298713 1.0156798362699999 -0.0293047707528
v 0.049899142235500002 1.0103279352200001 -0.022076936438699998
v 0.040904738008999998 1.02103435993 -0.0210060533136
v 0.13547627627799999 1.12007701397 0.00147996004671
v 0.127445921302 1.12007701397 0.0020141005516099999
v 0.122867941856 1.13346171379 0.0065660197287800001
v 0.13095301389700001 1.13346171379 0.0087077924981700007
v 0.12956163287200001 1.10669481754 -0.0210060533136
v 0.0907465592027 1.16826164722 -0.016188364476
v 0.12723226845300001 1.1522009372699999 0.0036217330489300001
v 0.137216776609 1.1522009372699999 0.010044446215000001
v 0.13876970112299999 1.1441705226900001 0.013257106766100001
v 0.129694521427 1.1441705226900001 0.0095103066414599993
v 0.083680272102400005 1.1816464662599999 -0.021808564662900001
v 0.069224603474100005 1.1655831337 -0.015651619061800001
v 0.076025120914000002 1.1950285434700001 -0.035193342715500002
v 0.062103599309899997 1.1843223571799999 -0.0266262516379
v 0.057499568909400001 1.1950285434700001 -0.037869259715100002
v 0.083867870271200004 1.21644365788 -0.043223690241599999
v 0.10595002025399999 1.10134041309 -0.0159199927002
v 0.10884218663 1.0906314849900001 -0.0164541322738
v 0.100676372647 1.0986644029599999 -0.015383245423399999
v 0.085928872227700001 1.0986644029599999 -0.0137782189995
v 0.13614588975899999 1.11740100384 -0.00467698648572
v 0.10458470881 1.10669481754 -0.012173192575599999
v 0.109217397869 1.10937070847 -0.0145807312801
v 0.106273107231 1.10937070847 -0.0094946725294000004
v 0.123563632369 1.11472511292 -0.016990877687899999
v 0.11499913781899999 1.11472511292 -0.0159199927002
v 0.106968797743 1.11472511292 -0.010565559379799999
v 0.111812539399 1.1120465993899999 -0.0068187587894499996
v 0.11441028863200001 1.11472511292 -0.00494535919279
v 0.11315180361299999 1.11740100384 -0.0038744728080900002
v 0.121127426624 1.12007701397 -0.0022668400779399999
v 0.13063251972199999 1.1227555275000001 -0.0022668400779399999
v 0.10988702625000001 1.1120465993899999 -0.0129757057875
v 0.078995466232299999 1.2271525859800001 -0.047507233917700002
v 0.074605092406300005 1.2351828813600001 -0.045365460216999998
v 0.094092100858699998 1.08527958393 -0.0140465917066
v 0.088284306228199994 1.0638644695299999 -0.0081580188125400001
v 0.075675979256599996 1.0558341741599999 -0.0092262998223299995
v 0.077041298150999998 1.07724928856 -0.0124389594421
v 0.12123686075200001 1.02103435993 -0.022879451513299998
v 0.10458470881 1.0237128734600001 -0.016188364476
v 0.1124561131 1.07189488411 -0.011102305725200001
v 0.12535886466500001 1.07992517948 -0.016188364476
v 0.071045897901099997 1.03709495068 -0.0145807312801
v 0.103219397366 1.2298284769100001 -0.0389401465654
v 0.107450827956 1.21644365788 -0.034390829503500003
v -0.112237237394 1.0531582832299999 -0.10693231970100001
v -0.010250286199199999 1.2298284769100001 -0.0116364462301
v -0.0060475124046200004 1.2244740724600001 -0.0070871324278399999
v -0.021920604631300002 1.2217981815300001 -0.0145807312801
v -0.0178376864642 1.2191221714 -0.010297185741400001
v -0.026941522955900001 1.21376776695 -0.0143123604357
v -0.039260629564500001 1.2084133625 -0.015651619061800001
v -0.057215563952899999 1.20305895805 -0.019666792824900001
v -0.0393309779465 1.20305895805 -0.0151174785569
v -0.030378263443699999 1.20038306713 -0.0132440775633
v -0.0512123480439 1.1923526525499999 -0.0159199927002
v 0.060951940715300003 1.0504797697099999 -0.011904818937199999
v 0.052736598998300001 1.0397734642000001 -0.0124389594421
v 0.059453740716 1.0317431688300001 -0.015383245423399999
v 0.049200851470200001 1.12007701397 -0.00066181313013700005
v 0.049336344003700003 1.1281099319500001 -0.000125067046611
v 0.0073633221909400002 1.00765216351 -0.040011029690500001
v -0.0091793993488000006 0.99961918592499999 -0.050985664129300001
v -0.028676830232099999 1.04244935513 -0.0458996035159
v -0.0068500260822499997 1.04244935513 -0.033319942653199999
v 0.00059146288549499998 1.02103435993 -0.0373351164162
v -0.020028967410300001 1.02103435993 -0.0488438904285
v -0.026084292679999999 1.2084133625 -0.0148491049185
v -0.023715836927300001 1.21376776695 -0.013509846292400001
v -0.0166599713266 1.21376776695 -0.0151174785569
v 0.030383473262199999 1.25391960144 -0.011904818937199999
v -0.089967496693100002 1.2217981815300001 -0.040279403328900003
v -0.081079922616500003 1.2378587722800001 -0.033051569014799997
v -0.076262235641500004 1.2325043678300001 -0.028768023476
v 0.098349593579799999 1.2726587057100001 -0.031178170815099999
v 0.062747173011300006 1.2913953065899999 -0.016722505912200002
v 0.0320432186127 1.2940738201099999 -0.0089605329558300004
v 0.0029182310681800001 1.2913953065899999 -0.0060162455774800004
v -0.026878992095600001 1.2913953065899999 -0.0089605329558300004
v -0.04751765728 1.2753347158399999 -0.0148491049185
v -0.061345383524900002 1.2646284103400001 -0.021274425089400001
v -0.0722991675138 1.25124359131 -0.027428764849899999
v -0.061116091907 1.2298284769100001 -0.016990877687899999
v -0.048260245472200002 1.2378587722800001 -0.0084237856790399992
v -0.037475816905500003 1.2458891868599999 -0.00547949969769
v 0.120111256838 1.10669481754 -0.018327532336099999
v 0.113365449011 1.10669481754 -0.016990877687899999
v 0.096877455711399996 1.1548768281899999 -0.0145807312801
v 0.075061067938800005 1.1468465328199999 -0.0094946725294000004
v 0.087695442140099999 1.11740100384 -0.0124389594421
v 0.075113184750099996 1.11740100384 -0.0076212724670799998
v 0.077924579381900005 1.1307858228700001 -0.0092262998223299995
v 0.0940660461783 1.11740100384 -0.015383245423399999
v 0.098320931196200001 1.10937070847 -0.0140465917066
v 0.093477182090299996 1.1307858228700001 -0.0151174785569
v 0.098401702940500005 1.13613760471 -0.0137782189995
v 0.114248752594 1.1468465328199999 -0.0070871324278399999
v 0.107528991997 1.10401630402 -0.016188364476
v 0.10308650136 1.10401630402 -0.015383245423399999
v 0.098802953958500001 1.26194989681 -0.032783199101700002
v 0.046311285346700003 1.25391960144 -0.023413591086899999
v 0.060524627566299997 1.25124359131 -0.036798372864700002
v 0.073320552706700001 1.24321329594 -0.0384060032666
v 0.066869176924199997 1.25391960144 -0.0309097953141
v 0.069651916623099996 1.2084133625 -0.051788173615899998
v 0.063255257904499998 1.21644365788 -0.056608468294100003
v -0.22774447500700001 1.1602312326399999 -0.23943564295799999
v -0.20501874387300001 1.10937070847 -0.24586096405999999
v -0.24444614350800001 1.2191221714 -0.23193942010400001
v -0.25226283073400002 1.2806891202899999 -0.230602785945
v -0.22686117887500001 1.24856770039 -0.18001054227400001
v -0.23360699415200001 1.2887194156599999 -0.18563075363600001
v -0.14537739753699999 1.0558341741599999 -0.18911179900200001
v -0.13833718001799999 1.0585100650799999 -0.17545863985999999
v -0.14794649183799999 1.1789679527300001 -0.098633594810999994
v -0.113495729864 1.17361605167 -0.062228668481100001
v -0.090637125074900002 1.1762920618099999 -0.041350286453999997
v -0.081882439553700004 1.1548768281899999 -0.038137629628199998
v -0.108839586377 1.1522009372699999 -0.063567928969900003
v -0.163686692715 1.2967497110399999 -0.10184626281299999
v -0.15761052072000001 1.2378587722800001 -0.098365224897900005
v -0.20046684145900001 1.25124359131 -0.14360561966900001
v 0.0381454452872 0.93270045518900002 -0.093279160559200006
v 0.065183378755999999 0.93270045518900002 -0.074274189770200005
v 0.044758368283500001 0.93270045518900002 -0.100775368512
v -0.13659666478599999 1.1388161182400001 -0.102380387485
v -0.142407059669 1.1575527191199999 -0.100775368512
v -0.144895374775 1.0879555940600001 -0.135575279593
v 0.0059980070218399999 0.94073081016500004 -0.14119547605499999
v 0.0134916063398 0.94340670108799995 -0.14574739337000001
v -0.0507355257869 0.97820663452099998 -0.099972859024999999
v -0.033755071461199999 0.96749782562300002 -0.089800737798199998
v -0.051793389022400001 0.97017365694000002 -0.11978034675099999
v -0.034638360142699998 0.962143301964 -0.107466451824
v -0.053679816424799999 0.96482181549099999 -0.13530689477899999
v -0.034239705651999998 0.95411300659200005 -0.121387980878
v -0.056598044931900002 0.95946741104099997 -0.15752454101999999
v -0.032470531761600002 0.94876116514200004 -0.144139751792
v 0.032845731824600002 0.94073081016500004 -0.15404351055599999
v -0.023374509066299998 0.94073081016500004 -0.15538276732
v -0.14379842579400001 1.0156798362699999 -0.207580015063
v -0.129905581474 1.0237128734600001 -0.18830928206399999
v -0.119332186878 0.99426734447499998 -0.19125355780100001
v -0.13357159495400001 0.99426734447499998 -0.212934449315
v -0.072353884577799996 0.97552806139000003 -0.14521063864200001
v -0.073156401514999997 0.97017365694000002 -0.16153970360799999
v -0.094222381711000003 0.99694323539700003 -0.16582326590999999
v -0.13520528376099999 1.0611885786099999 -0.138785332441
v -0.124256707728 1.03441905975 -0.13664616644399999
v -0.105144903064 1.0317431688300001 -0.108271576464
v -0.094678349792999994 1.0130039453499999 -0.107466451824
v -0.110793761909 1.0156798362699999 -0.13048921525500001
v -0.094946727156600005 0.99694323539700003 -0.14146384596799999
v -0.094141602516200004 0.99694323539700003 -0.15538276732
v -0.112185142934 1.0130039453499999 -0.14842329919300001
v -0.109347678721 1.0130039453499999 -0.15993468463400001
v -0.12696127593500001 1.03441905975 -0.15484862029599999
v -0.12567673623600001 1.03709495068 -0.16608902812000001
v -0.13750860095 1.0611885786099999 -0.15404351055599999
v -0.136919751763 1.0611885786099999 -0.16528652608399999
v -0.073317945003500001 1.10669481754 -0.0496490076184
v -0.10297706723199999 1.1281099319500001 -0.065172955393799997
v -0.079500943422300005 1.1281099319500001 -0.044294577091900003
v -0.147412344813 1.0906314849900001 -0.146281525493
v -0.14698243141199999 1.0826010704 -0.16153970360799999
v -0.15362140536300001 1.0879555940600001 -0.16153970360799999
v -0.159296318889 1.1548768281899999 -0.12540315091599999
v -0.15541663765899999 1.1414921283699999 -0.12700818479100001
v -0.15022374689599999 1.11740100384 -0.132630988955
v -0.154426530004 1.0933099985100001 -0.152706846595
v -0.154986724257 1.10937070847 -0.14387139677999999
v -0.166818588972 1.1548768281899999 -0.13182586431500001
v -0.162589758635 1.1414921283699999 -0.132630988955
v -0.157691299915 1.1254314184200001 -0.13825118541699999
v -0.17345756292299999 1.1655831337 -0.13530689477899999
v -0.17819446325300001 1.1789679527300001 -0.13718029856700001
v -0.16965605318499999 1.1843223571799999 -0.126474037766
v -0.16170646250199999 1.1655831337 -0.12566891312600001
v -0.17835602164299999 1.20305895805 -0.127810686827
v -0.18724361062 1.20038306713 -0.13637778163
v -0.21095943450900001 1.2084133625 -0.16475236415899999
v -0.21805438399300001 1.2271525859800001 -0.174121975899
v -0.22774447500700001 1.21376776695 -0.19339531660100001
v -0.21395844221099999 1.1896767616299999 -0.181615576148
v -0.22517538070699999 1.1950285434700001 -0.20195981860199999
v -0.157904952765 1.0879555940600001 -0.16903591156
v -0.17447371780900001 1.10937070847 -0.17867128551
v -0.15306121110900001 1.0826010704 -0.17465612292300001
v -0.18338735401600001 1.10401630402 -0.200354784727
v -0.19422911107499999 1.12007701397 -0.20570661127600001
v -0.19460432231399999 1.1307858228700001 -0.19125355780100001
v -0.184111714363 1.12007701397 -0.18563075363600001
v -0.21719716489300001 1.1789679527300001 -0.20570661127600001
v -0.211522221565 1.1762920618099999 -0.18911179900200001
v -0.206675887108 1.1441705226900001 -0.211597800255
v -0.212165802717 1.1629071235699999 -0.20838513970399999
v -0.20849718153499999 1.1602312326399999 -0.19500036537599999
v -0.20477643609000001 1.1468465328199999 -0.19633962214
v -0.19773618876900001 1.2244740724600001 -0.146281525493
v -0.187644854188 1.21644365788 -0.13477015495299999
v -0.19361419975800001 1.2084133625 -0.14012458920500001
v -0.199343845248 1.21376776695 -0.14601317048099999
v 0.033088047057399997 1.2780106067699999 -0.0062820129096500003
v 0.0599097162485 1.2780106067699999 -0.0151174785569
v 0.0052762660197900003 1.2780106067699999 -0.0033377264626299999
v -0.039828643202800003 1.25391960144 -0.0076212724670799998
v -0.0182050727308 1.25927400589 -0.000930186128244
v 0.0076838065870100001 1.25927400589 -0.00066181313013700005
v 0.0324184186757 1.26194989681 -0.0084237856790399992
v 0.051556281745400001 1.25927400589 -0.0191326513886
v -0.054719436913700001 1.24856770039 -0.0140465917066
v -0.066142223775399994 1.2378587722800001 -0.021540192887200001
v 0.079824037849899998 1.26730430126 -0.0204693060368
v 0.057072255760400002 1.26998019218 -0.0129757057875
v 0.033463250845700003 1.2726587057100001 -0.0041402401402599997
v 0.0064253187738400001 1.2726587057100001 -0.000393440073822
v 0.071955233812299998 1.25927400589 -0.026894623413700001
v -0.042640041559899998 1.26194989681 -0.0108339320868
v -0.0219362396747 1.2726587057100001 -0.0030719591304699998
v 0.123699106276 1.0237128734600001 -0.019398415461200001
v 0.079477496445199997 1.04244935513 -0.013509846292400001
v 0.107263222337 1.0290646553 -0.0124389594421
v 0.091254644095900006 1.03441905975 -0.0129757057875
v 0.083625555038499999 1.0531582832299999 -0.0086921593174300003
v 0.095884732902100006 1.0611885786099999 -0.0068187587894499996
v 0.13494211435299999 1.07724928856 -0.0175250191242
v 0.144978761673 1.04244935513 -0.029036397114399998
v 0.15930153429499999 1.03441905975 -0.037869259715100002
v 0.157131105661 1.04244935513 -0.038137629628199998
v 0.17089107632600001 1.0397734642000001 -0.051522407680700003
v 0.16893690824499999 1.0451253652600001 -0.0512540377676
v 0.17490626871600001 1.0504797697099999 -0.066780582070399996
v 0.175145968795 1.0478038787799999 -0.066780582070399996
v 0.178238764405 1.0558341741599999 -0.077085591852700003
v 0.176886484027 1.0585100650799999 -0.077486850321299997
v 0.17283222079300001 1.0558341741599999 -0.0678514689207
v 0.165122359991 1.0558341741599999 -0.054331205785299999
v 0.152461931109 1.0531582832299999 -0.042152807116499998
v 0.14297246932999999 1.0478038787799999 -0.031712312251300001
v 0.14168792962999999 1.0504797697099999 -0.0325148254633
v 0.17921586334699999 1.0638644695299999 -0.070795759558700003
v 0.17585727572400001 1.0678796768200001 -0.058614753186700001
v 0.16856169700599999 1.06921899319 -0.046702116727800003
v 0.16631311178200001 1.0611885786099999 -0.051788173615899998
v 0.153947100043 1.0585100650799999 -0.042686942964800002
v 0.14452539384400001 1.0558341741599999 -0.031446542590899997
v 0.15860325098 1.06921899319 -0.035995855927500001
v 0.15027846396 1.06921899319 -0.025823740288599999
v 0.173165738583 1.0611885786099999 -0.064370445907100005
v 0.11441028863200001 1.21376776695 -0.43717443943000001
v 0.12479606270800001 1.21108925343 -0.43631720542899999
v 0.122010722756 1.21108925343 -0.42809927463500003
v 0.131943121552 1.20573747158 -0.41525125503499999
v 0.119173258543 1.2378587722800001 -0.4350066185
v 0.12931932508899999 1.2325043678300001 -0.43318530917199999
v 0.124074317515 1.2325043678300001 -0.42638480663299999
v 0.13510106504 1.2244740724600001 -0.41471448540700001
v 0.13860815763500001 1.21644365788 -0.40649655461299999
v 0.12632292509099999 1.26194989681 -0.42660105228400003
v 0.13724283874000001 1.25659549236 -0.42558225989300003
v 0.12889200448999999 1.25391960144 -0.42049622535699999
v 0.13927778601599999 1.2405347824099999 -0.40946948528299998
v 0.13274563849000001 1.2726587057100001 -0.41559776663800002
v 0.14117723703400001 1.24856770039 -0.40339329838799998
v 0.13475452363500001 1.2646284103400001 -0.41332310438199998
v 0.14356133341800001 1.26730430126 -0.41645500063899998
v 0.13451220095200001 1.2806891202899999 -0.39340618252800003
v 0.143266901374 1.2806891202899999 -0.39763763546899999
v 0.15228736400599999 1.2726587057100001 -0.399805426598
v 0.144095465541 1.26998019218 -0.39678040146799998
v 0.143131405115 1.25659549236 -0.39297887682900001
v 0.15274332463699999 1.26998019218 -0.366691350937
v 0.16063819825600001 1.26730430126 -0.36888784170200001
v 0.157855451107 1.2244740724600001 -0.36623799800899998
v 0.154455184937 1.2271525859800001 -0.35681626200700001
v 0.153009101748 1.1629071235699999 -0.34591978788400002
v 0.123055547476 1.1254314184200001 -0.37948724627500002
v 0.13162262737800001 1.1254314184200001 -0.38529765605900002
v 0.13852737843999999 1.13346171379 -0.38419812917700003
v 0.119095087051 1.13613760471 -0.394586503506
v 0.127125442028 1.13613760471 -0.39905503392199998
v 0.13320159912099999 1.1441705226900001 -0.396431237459
v 0.114973090589 1.1468465328199999 -0.40486547350899998
v 0.123404689133 1.1441705226900001 -0.41160866618199998
v 0.12640109658199999 1.1522009372699999 -0.407648205757
v 0.11034040153000001 1.1655831337 -0.41367226839100002
v 0.113232567906 1.1843223571799999 -0.43190076947200001
v 0.118076317012 1.1602312326399999 -0.42303925752600002
v 0.121075317264 1.1816464662599999 -0.43214046955099999
v 0.120298862457 1.1655831337 -0.41656184196500001
v 0.120700113475 1.1843223571799999 -0.42504814267199997
v 0.15367873013 1.1789679527300001 -0.35087296366699999
v 0.15233947336699999 1.25659549236 -0.35847342014299999
v 0.15247495472399999 1.24856770039 -0.35459369420999998
v 0.162297934294 1.25124359131 -0.360802769661
v 0.16053135693100001 1.2405347824099999 -0.35817897319800002
v 0.162779971957 1.2351828813600001 -0.366613209248
v 0.15539318323099999 1.26194989681 -0.37373158335700002
v 0.16476018726800001 1.25927400589 -0.37723869085299999
v 0.16425210237499999 1.24321329594 -0.37169924378399999
v 0.159327596426 1.2325043678300001 -0.37207186222100003
v 0.152018979192 1.1548768281899999 -0.34565141797100002
v 0.148511901498 1.1307858228700001 -0.34843677282300001
v 0.14953066408599999 1.13613760471 -0.35461974144000002
v 0.152125820518 1.1575527191199999 -0.35317367315300002
v 0.146450906992 1.26730430126 -0.36773619055700002
v 0.132182836533 1.2753347158399999 -0.38928419351600002
v 0.123993553221 1.26998019218 -0.40863829851200001
v 0.118104971945 1.25927400589 -0.41760665178299999
v 0.112724483013 1.2378587722800001 -0.42475372552899998
v 0.15196688473200001 1.2217981815300001 -0.372314155102
v 0.14329294860399999 1.1629071235699999 -0.38492250442499998
v 0.14066915214100001 1.17093753815 -0.38021162152299998
v 0.13196916878199999 1.16826164722 -0.39747607707999999
v 0.13044492900400001 1.1816464662599999 -0.40922716260000003
v 0.130658581853 1.1762920618099999 -0.40521198511099998
v 0.12418115138999999 1.1843223571799999 -0.39870852231999998
v 0.14939518272899999 1.1629071235699999 -0.35328054428099998
v 0.150653675199 1.1762920618099999 -0.35967978835100001
v 0.15338429808599999 1.24856770039 -0.36613112688100002
v 0.14259727299200001 1.2351828813600001 -0.36939594149600002
v 0.109003737569 1.1869982481000001 -0.420363336802
v 0.107958912849 1.21376776695 -0.42903727292999999
v 0.147039756179 1.1281099319500001 -0.36075067520100002
v 0.149825111032 1.1548768281899999 -0.36101645231200002
v 0.13553097844100001 1.21108925343 -0.401222884655
v 0.141258016229 1.2298284769100001 -0.40205404162399999
v 0.14165927469699999 1.1602312326399999 -0.35895544290499998
v 0.12567934393899999 1.17361605167 -0.39233788847899997
v 0.143774986267 1.1950285434700001 -0.35633423924399998
v 0.12562462687500001 1.11740100384 -0.36754858493800002
v 0.13981191813900001 1.11740100384 -0.35432532429699998
v 0.15009087324100001 1.1789679527300001 -0.34249347448299999
v 0.14650560915499999 1.1602312326399999 -0.34169095754599998
v 0.119683936238 1.2405347824099999 -0.385592132807
v 0.160156160593 1.25659549236 -0.113089263439
v 0.142730161548 1.24856770039 -0.108271576464
v 0.123938828707 1.2271525859800001 -0.107734829187
v 0.12594771385199999 1.2191221714 -0.108271576464
v 0.151510894299 1.2191221714 -0.112018376589
v 0.17118552327200001 1.2191221714 -0.118977837265
v 0.18071405589600001 1.2217981815300001 -0.132630988955
v 0.13164868950799999 1.2298284769100001 -0.103988029063
v 0.177449285984 1.24856770039 -0.11523103714000001
v 0.16473414003799999 1.24856770039 -0.107734829187
v 0.14910076558599999 1.2458891868599999 -0.103988029063
v 0.13451220095200001 1.2351828813600001 -0.10345128178599999
v 0.13199783861600001 1.2244740724600001 -0.104256406426
v 0.151161760092 1.2244740724600001 -0.107734829187
v 0.171800419688 1.2244740724600001 -0.11656768620000001
v 0.17389008402799999 1.2244740724600001 -0.114428527653
v 0.18122474849199999 1.2271525859800001 -0.126474037766
v 0.18418206274500001 1.2231373786899999 -0.12486641109
v 0.185721933842 1.2351828813600001 -0.14815492927999999
v 0.18984395265599999 1.2311676740599999 -0.150429591537
v 0.18692572414899999 1.2325043678300001 -0.155919507146
v 0.184916824102 1.24321329594 -0.131023347378
v 0.18679024279100001 1.2405347824099999 -0.14146384596799999
v 0.20191553235099999 1.2458891868599999 -0.17920804023699999
v 0.0114853233099 1.5108958482699999 -0.22524833679199999
v -0.055798139423100003 1.49751102924 -0.34953370690300001
v -0.090475581586399997 1.4600378274900001 -0.41597297787699999
v 0.067807182669599994 1.4921592474000001 -0.25977987051000001
v 0.00321265938692 1.4814503192899999 -0.37740018963799998
v -0.032316803932200003 1.4466531276700001 -0.44092121720299998
v -0.062176559120400002 1.36902284622 -0.49820455908799999
v -0.126077994704 1.3663469553000001 -0.47778213024100002
v 0.059722114354400002 1.43594419956 -0.39844012260400002
v 0.090934157371499999 1.3877620696999999 -0.40475600957899999
v 0.17351487278899999 1.36099255085 -0.20651175081699999
v 0.11708618700499999 1.4493290185900001 -0.28868860006300001
v 0.14227677881699999 1.3957923650699999 -0.302610129118
v 0.17415584623800001 1.34225594997 -0.23140528798099999
v 0.16567213833300001 1.36902284622 -0.24880523979700001
v 0.16505460441100001 1.3904379606199999 -0.22337494790599999
v 0.181143969297 1.33958005905 -0.17733202874699999
v 0.176646769047 1.34761035442 -0.15458025038199999
v 0.16489568352699999 1.34761035442 -0.12700818479100001
v 0.12958769500299999 1.34225594997 -0.071866646409000007
v 0.14856661856200001 1.3449318409 -0.102648772299
v 0.120593287051 1.33690154552 -0.060623645782499999
v 0.11071559041700001 1.3315470218700001 -0.050183150917300003
v 0.17560194432699999 1.3717013597500001 -0.18697002530099999
v 0.17193590104600001 1.3743772506700001 -0.16582326590999999
v 0.15838958322999999 1.3770532607999999 -0.13985621929200001
v 0.142034471035 1.3770532607999999 -0.114428527653
v 0.120431743562 1.3770532607999999 -0.083375416696100005
v 0.10399583727099999 1.3717013597500001 -0.063567928969900003
v 0.16508328914600001 1.3984682559999999 -0.20356483757499999
v 0.162165045738 1.4038228988599999 -0.184291496873
v 0.15062761306799999 1.4011467695199999 -0.15136758983099999
v 0.13555704057199999 1.4038228988599999 -0.12834744155399999
v 0.113873541355 1.4091773033099999 -0.100775368512
v 0.094493359327300006 1.4091773033099999 -0.079896993935099997
v 0.15384027361899999 1.4091773033099999 -0.242379918694
v 0.15346507728100001 1.4225620031399999 -0.22364331781899999
v 0.15137802064399999 1.42791390419 -0.20570661127600001
v 0.137349665165 1.43594419956 -0.171711832285
v 0.124582402408 1.43862271309 -0.15163595974399999
v 0.093075931072199997 1.4439746141400001 -0.110947489738
v 0.18282978236700001 1.3154864311200001 -0.214005336165
v 0.181063205004 1.3315470218700001 -0.19526873529
v 0.097573138773400001 1.0826010704 -0.37207186222100003
v 0.169150575995 1.24321329594 -0.30555441975600001
v 0.188236325979 1.2378587722800001 -0.258977353573
v 0.17573483288299999 1.3181649446499999 -0.25362291932100001
v 0.182884484529 1.26730430126 -0.25763809680900002
v 0.18170417845199999 1.2967497110399999 -0.23301032185600001
v 0.11550722271199999 1.06654047966 -0.32991382479699999
v 0.116523399949 1.03709495068 -0.31572651863099999
v 0.14318612217900001 1.1843223571799999 -0.044026203453500001
v 0.19233226776099999 1.12007701397 -0.094618424773199997
v 0.196748688817 1.06654047966 -0.121922120452
v 0.19709783792499999 1.06654047966 -0.14039295911800001
v 0.19471375644200001 1.0478038787799999 -0.139322072268
v 0.19444799423199999 1.0531582832299999 -0.122190497816
v 0.18505230546000001 1.1254314184200001 -0.24586096405999999
v 0.201595038176 1.1227555275000001 -0.193126961589
v 0.20622512698199999 1.1307858228700001 -0.13691192865400001
v 0.208072468638 1.13613760471 -0.16287897527199999
v 0.20544867217500001 1.1468465328199999 -0.193126961589
v 0.185748010874 1.0558341741599999 -0.21587872505200001
v 0.18465106189300001 1.03709495068 -0.21721799671600001
v 0.18047434091600001 1.0478038787799999 -0.24612672627000001
v 0.14104434847799999 1.0049735307700001 -0.261921644211
v 0.156114935875 1.0317431688300001 -0.285478532314
v 0.17292602360199999 1.0290646553 -0.252820402384
v 0.17549511790299999 1.0130039453499999 -0.22337494790599999
v 0.159139990807 1.0156798362699999 -0.25870898366
v 0.108011007309 0.95411300659200005 -0.186701640487
v 0.107208512723 0.935376405716 -0.10157789289999999
v 0.114756830037 0.94876116514200004 -0.16448400914700001
v 0.090426072478299993 0.94073081016500004 -0.15966631472100001
v -0.12837870419 1.3235167264900001 -0.489879786968
v -0.129397496581 1.2405347824099999 -0.498527646065
v -0.124363526702 1.1655831337 -0.492235183716
v -0.111195027828 1.10669481754 -0.47194570303
v -0.097435042262099994 1.0611885786099999 -0.44231259822800001
v -0.084826722741099994 1.03441905975 -0.42389649152800002
v -0.065006196498900007 0.99694323539700003 -0.41220009326899998
v -0.065876454114899993 1.3235167264900001 -0.50902026891700003
v -0.068471603095500003 1.24856770039 -0.516756176949
v -0.063927493989499998 1.1762920618099999 -0.50869977474200001
v -0.043098624795700001 1.06654047966 -0.45532217621799997
v -0.053674604743699998 1.11472511292 -0.48522362113
v -0.032608624547699999 1.04244935513 -0.44057211279899999
v -0.016172731295199999 1.0049735307700001 -0.42196837067600002
v -0.00230071227998 1.3235167264900001 -0.50235521793399995
v -0.0046014245599500002 1.25659549236 -0.50706607103300005
v -0.0053257714025699999 1.1869982481000001 -0.50066941976500001
v -0.0020062837284100001 1.1227555275000001 -0.48051276802999998
v 0.0100392345339 1.04244935513 -0.437682539225
v 0.0040438342839500003 1.07457077503 -0.45730242133100002
v 0.022032644599699999 1.0049735307700001 -0.41324234008799998
v 0.038174107670799998 1.1923526525499999 -0.47778213024100002
v 0.033648245036600001 1.1307858228700001 -0.460838139057
v 0.067030720412700001 1.07724928856 -0.41059246659300003
v 0.034505475312499999 1.07724928856 -0.43816456198699999
v 0.066520027816299995 1.0317431688300001 -0.39720770716699999
v 0.072275720536700006 0.99158883094799999 -0.37199366092699998
v 0.039727024733999999 1.03709495068 -0.42108511924699998
v 0.047327451407899998 0.99961918592499999 -0.39959177374799998
v 0.16727715730699999 1.07992517948 -0.052859060466299998
v 0.15723793208600001 1.0879555940600001 -0.041884429752799997
v 0.15137802064399999 1.0986644029599999 -0.040279403328900003
v 0.161388590932 1.1388161182400001 -0.050451520830399998
v 0.16312912106499999 1.1441705226900001 -0.035727486014399998
v 0.162806019187 1.1441705226900001 -0.0410819202662
v 0.14388181269200001 1.1762920618099999 -0.0282338839024
v 0.14034867286700001 1.1816464662599999 -0.0199351664633
v 0.13777957856699999 1.1896767616299999 -0.035995855927500001
v 0.133923351765 1.1923526525499999 -0.027697138488300001
v 0.12736514210700001 1.20573747158 -0.0349249690771
v 0.11534567922400001 1.25124359131 -0.046702116727800003
v 0.19942721724500001 1.25124359131 -0.19339531660100001
v 0.199961349368 1.24321329594 -0.1976762712
v 0.20253044366799999 1.2325043678300001 -0.20062054693699999
v 0.19640214741199999 1.2325043678300001 -0.23033440113100001
v 0.207483619452 1.1789679527300001 -0.19044843316099999
v 0.20901046693299999 1.16826164722 -0.16180808842200001
v 0.204914525151 1.1629071235699999 -0.135575279593
v 0.19543808698699999 1.1629071235699999 -0.112820893526
v 0.13127349317100001 1.20305895805 -0.044562947004999999
v 0.13692234456499999 1.1977070569999999 -0.053127437829999999
v 0.13638560473899999 0.96482181549099999 -0.19178767502300001
v 0.13887652754800001 0.95679152011900004 -0.16769665479699999
v 0.141099065542 0.95143705606499995 -0.14280050993000001
v 0.14334507286500001 0.94608265161500005 -0.112552523613
v 0.12337602675000001 0.93805229663800005 -0.076684333384000006
v 0.14168792962999999 0.94340670108799995 -0.090871624648600005
v 0.150789156556 0.97285223007199995 -0.19178767502300001
v 0.153491124511 0.96482181549099999 -0.16608902812000001
v 0.15528376400499999 0.95946741104099997 -0.143068864942
v 0.15531241893799999 0.95411300659200005 -0.11148162931199999
v 0.15507009625400001 0.95143705606499995 -0.090871624648600005
v 0.15282149612900001 0.94876116514200004 -0.075881823897400003
v 0.17691515386100001 1.0049735307700001 -0.201157301664
v 0.16476018726800001 0.98088258504900006 -0.18804089725000001
v 0.165190115571 0.97285223007199995 -0.15966631472100001
v 0.164306819439 0.96749782562300002 -0.13423600792900001
v 0.165135383606 0.96749782562300002 -0.10693231970100001
v 0.16497644782099999 0.96749782562300002 -0.083912171423400003
v 0.161068111658 0.96482181549099999 -0.063836298883000006
v 0.184275865555 1.0103279352200001 -0.152438476682
v 0.177235618234 0.99426734447499998 -0.17465612292300001
v 0.17348884046099999 0.98623698949799998 -0.14654991030699999
v 0.17311362922199999 0.98355847597099999 -0.121922120452
v 0.15009087324100001 0.99961918592499999 -0.049380637705299997
v 0.19278824329399999 1.03709495068 -0.13825118541699999
v 0.189575567842 1.0237128734600001 -0.13610941171599999
v 0.18167811632200001 1.0049735307700001 -0.129149958491
v 0.18028673529600001 1.00229775906 -0.108003206551
v 0.175763472915 0.99961918592499999 -0.0927450284362
v 0.16152147948699999 1.00229775906 -0.059818521142000002
v 0.170088559389 0.99961918592499999 -0.075345076620599999
v 0.19364285469100001 1.0451253652600001 -0.121387980878
v 0.179403454065 1.0156798362699999 -0.089532367885099995
v 0.18384595215300001 1.0183583498 -0.101309508085
v 0.17439815402 0.98355847597099999 -0.098365224897900005
v 0.17099790275099999 0.98891294002499996 -0.075345076620599999
v 0.17070347070700001 0.98088258504900006 -0.076952710747700007
v 0.164306819439 0.98891294002499996 -0.058213494718100001
v 0.15287622809400001 0.98623698949799998 -0.0458996035159
v 0.153037756681 0.97285223007199995 -0.045097090303900002
v 0.16497644782099999 0.97820663452099998 -0.057945121079699999
v 0.15501798689400001 1.21108925343 -0.10639555752300001
v 0.189737126231 1.2244740724600001 -0.14735241234300001
v 0.185693278909 1.2191221714 -0.12754492461700001
v 0.174637883902 1.2191221714 -0.11416015029
v 0.15496326983 1.2177829742399999 -0.104790553451
v 0.13105982542 1.21644365788 -0.10157789289999999
v 0.121315032244 1.21644365788 -0.097831085324300002
v 0.20485982298899999 1.21644365788 -0.19687375426299999
v 0.19939856231200001 1.2405347824099999 -0.184291496873
v 0.206063583493 1.20305895805 -0.18001054227400001
v 0.20584991574299999 1.1923526525499999 -0.15752454101999999
v 0.202103123069 1.1816464662599999 -0.13289675116499999
v 0.189442679286 1.1843223571799999 -0.114694289863
v 0.16449442505799999 1.20038306713 -0.100775368512
v 0.17110474407699999 1.1896767616299999 -0.098633594810999994
v 0.12953297793900001 1.21108925343 -0.061157781630799997
v 0.18422114849099999 1.26998019218 -0.11656768620000001
v 0.20017500221699999 1.26194989681 -0.15377773344500001
v 0.19535732269299999 1.26730430126 -0.13423600792900001
v 0.202611207962 1.25124359131 -0.17438773810899999
v 0.20234282314800001 1.25659549236 -0.16127134859600001
v 0.20421883463900001 1.21108925343 -0.171711832285
v 0.19383046031000001 1.2217981815300001 -0.14842329919300001
v 0.20130060613199999 1.20305895805 -0.152438476682
v 0.18679024279100001 1.21644365788 -0.13048921525500001
v 0.17592243850200001 1.21376776695 -0.118709459901
v 0.184327974916 1.1977070569999999 -0.116836063564
v 0.19503684341899999 1.1977070569999999 -0.13022084534200001
v 0.12645579874499999 1.2378587722800001 -0.10345128178599999
v 0.18007308244699999 1.25659549236 -0.118175320327
v 0.18406221270600001 1.25927400589 -0.11844369769099999
v 0.18941403925399999 1.25124359131 -0.13530689477899999
v 0.193723633885 1.25659549236 -0.13423600792900001
v 0.193082675338 1.2458891868599999 -0.149225816131
v 0.19915883243099999 1.25124359131 -0.152170106769
v 0.19575858116100001 1.2405347824099999 -0.160468816757
v 0.19902335107300001 1.2458891868599999 -0.16528652608399999
v 0.13652110099799999 0.94608265161500005 -0.059818521142000002
v 0.14891315996599999 0.95946741104099997 -0.047507233917700002
v 0.16928605735300001 1.1441705226900001 -0.29698732495300001
v 0.042723421007400002 1.25659549236 -0.48300108313599999
v 0.049417115747900003 1.3154864311200001 -0.47475707531
v 0.065102607011799998 1.3636710643800001 -0.44386550784099998
v 0.0060240621678499997 1.3636710643800001 -0.48717781901399998
v 0.0318035073578 1.4091773033099999 -0.450449764729
v 0.13689629733600001 1.3181649446499999 -0.068919755518400003
v 0.17300680279700001 1.3208408355700001 -0.118709459901
v 0.155658960342 1.3208408355700001 -0.093547537922900006
v 0.165135383606 1.12007701397 -0.047507233917700002
v 0.16476018726800001 1.13346171379 -0.049914777278900001
v 0.167251110077 1.1254314184200001 -0.041616056114400002
v 0.16650070249999999 1.13613760471 -0.041350286453999997
v 0.167222455144 1.1254314184200001 -0.034122455865100002
v 0.166607528925 1.1388161182400001 -0.034656599163999997
v 0.162566304207 1.1254314184200001 -0.026360483840100001
v 0.123404689133 1.30745601654 -0.051522407680700003
v 0.11478549242 1.3021042347 -0.042955316603199997
v 0.117810547352 1.2860409021400001 -0.042152807116499998
v 0.045508768409500001 1.49751102924 -0.17572700977299999
v 0.073026120662700006 1.4734200239199999 -0.14092710614199999
v 0.135424152017 1.4493290185900001 -0.23434957861899999
v 0.099420480430100003 1.47609853745 -0.20918764174000001
v 0.113579109311 1.4627137184100001 -0.18884341418700001
v 0.16393162310100001 1.1388161182400001 -0.025823740288599999
v 0.19209255278099999 1.07457077503 -0.103988029063
v 0.192251488566 1.10134041309 -0.102917142212
v 0.20097751915500001 1.13613760471 -0.112018376589
v 0.069839522242499993 0.93805229663800005 -0.14788655936699999
v 0.090290583670099997 0.93805229663800005 -0.124598026276
v 0.15027846396 1.1629071235699999 -0.0210060533136
v 0.147039756179 1.17093753815 -0.0132440775633
v 0.15327747166200001 1.1602312326399999 -0.0081580188125400001
v 0.16200350224999999 1.1441705226900001 -0.029036397114399998
v 0.15788149833699999 1.1468465328199999 -0.031980682164399997
v 0.162029564381 1.13346171379 -0.0057478728704200002
v 0.14963750541199999 1.0879555940600001 -0.033319942653199999
v 0.14487193524799999 1.0986644029599999 -0.033854085951999999
v 0.14361342787699999 1.08527958393 -0.027697138488300001
v 0.15999722480799999 1.1495224237399999 -0.023413591086899999
v 0.181331574917 1.16826164722 -0.094350047409499996
v 0.18306948244599999 1.06921899319 -0.243719190359
v 0.16832198202599999 1.1120465993899999 -0.292703777552
v 0.18376776576000001 1.0933099985100001 -0.24130903184399999
v 0.17367382347599999 1.10937070847 -0.071329899132300006
v 0.18066194653500001 1.10937070847 -0.082572907209399998
v 0.180794835091 1.08527958393 -0.083912171423400003
v 0.18853074312199999 1.07992517948 -0.097831085324300002
v 0.19171734154200001 1.0611885786099999 -0.103185519576
v 0.20076385140399999 1.11472511292 -0.11656768620000001
v 0.19979980587999999 1.0959858894300001 -0.121119610965
v 0.18804872036 1.07992517948 -0.217486381531
v 0.18922641873400001 1.1120465993899999 -0.220964789391
v 0.19549019634699999 1.10134041309 -0.19232444465199999
v 0.204807698727 1.1120465993899999 -0.13744866848000001
v 0.201193779707 1.0906314849900001 -0.139322072268
v 0.19741833210000001 1.0959858894300001 -0.16502074897300001
v 0.20413807034500001 1.11472511292 -0.16448400914700001
v 0.18406221270600001 1.03709495068 -0.091405764222100006
v 0.18047434091600001 1.0317431688300001 -0.083107046783000002
v 0.179697886109 1.04244935513 -0.079896993935099997
v 0.17485153675099999 1.03441905975 -0.070795759558700003
v 0.17233717441599999 1.0156798362699999 -0.075076699256899998
v 0.17429134249700001 1.02638876438 -0.073740050196600002
v 0.16291283071000001 1.0130039453499999 -0.061694525182199998
v 0.164840966463 1.0237128734600001 -0.060889407992400002
v 0.15049472451199999 1.0103279352200001 -0.050451520830399998
v 0.15242023766000001 1.0183583498 -0.0496490076184
v 0.187889784575 1.02638876438 -0.111215867102
v 0.19080539047699999 1.03709495068 -0.117906950414
v 0.15710504352999999 1.1227555275000001 -0.0124389594421
v 0.160664245486 1.1254314184200001 -0.019398415461200001
v 0.16460126638399999 1.1388161182400001 -0.0204693060368
v 0.1635017097 1.13613760471 -0.0124389594421
v 0.14150032401099999 1.10937070847 -0.028768023476
v 0.15137802064399999 1.17361605167 -0.055269211530700003
v 0.157211869955 1.1548768281899999 -0.015651619061800001
v 0.15922077000099999 1.1548768281899999 -0.0041402401402599997
v 0.162540256977 1.1468465328199999 -0.00200107274577
v 0.162860736251 1.1495224237399999 -0.011904818937199999
v 0.146852150559 1.1869982481000001 -0.062765412032599999
v 0.16045059263700001 1.1762920618099999 -0.074542559683299994
v 0.13563781976700001 1.20038306713 -0.073740050196600002
v 0.150520786643 1.1950285434700001 -0.083643794059800006
v 0.14034867286700001 1.20573747158 -0.091405764222100006
v 0.121502630413 1.2217981815300001 -0.067583106458199996
v 0.156435415149 1.10669481754 -0.048578120768100003
v 0.15640936791900001 1.0959858894300001 -0.046970490366199998
v 0.15930153429499999 1.10669481754 -0.053127437829999999
v 0.16671435535000001 1.10669481754 -0.065975464880500004
v 0.151805341244 1.12007701397 -0.0145807312801
v 0.15948653221100001 1.1120465993899999 -0.047507233917700002
v 0.15504404902499999 1.11472511292 -0.044294577091900003
v 0.16085183620499999 1.11472511292 -0.044562947004999999
v 0.14610436558699999 1.11740100384 -0.031446542590899997
v 0.15062761306799999 1.11740100384 -0.0389401465654
v 0.15871268510799999 1.11740100384 -0.042686942964800002
v 0.15849642455599999 1.12007701397 -0.043757829815099999
v 0.16021087765700001 1.11740100384 -0.038137629628199998
v 0.16144070029300001 1.1254314184200001 -0.035193342715500002
v 0.15967413783100001 1.1254314184200001 -0.0271629989147
v 0.15539318323099999 1.1254314184200001 -0.018327532336099999
v 0.155875220895 1.11740100384 -0.042421173304300001
v 0.15550002455699999 1.1227555275000001 -0.043492060154700002
v 0.118024200201 1.2325043678300001 -0.072669163346299998
v 0.120298862457 1.2405347824099999 -0.074810937046999995
v 0.11997836828199999 1.2458891868599999 -0.058750241994899997
v 0.11823786050100001 1.2351828813600001 -0.059552758932099999
v 0.16553665697600001 1.0933099985100001 -0.060086894780400003
v 0.17627157270900001 1.07457077503 -0.064904578030099996
v 0.18170417845199999 1.06921899319 -0.077486850321299997
v 0.17501309513999999 1.0879555940600001 -0.075613446533700002
v 0.15710504352999999 1.02638876438 -0.0458996035159
v 0.169312104583 1.0317431688300001 -0.057945121079699999
v 0.16275390982599999 1.07724928856 -0.043757829815099999
v 0.15167243778699999 1.0826010704 -0.033319942653199999
v 0.18181361258000001 1.0504797697099999 -0.086053945124100001
v 0.124582402408 1.21644365788 -0.051522407680700003
v 0.119655281305 1.2271525859800001 -0.057679355144499997
v 0.11550722271199999 1.2325043678300001 -0.046970490366199998
v 0.120192028582 1.2191221714 -0.042686942964800002
v 0.125653296709 1.2244740724600001 -0.100775368512
v 0.16893690824499999 1.08527958393 -0.288422822952
v 0.14688082039399999 1.24856770039 -0.101043753326
v 0.16128176450699999 1.25659549236 -0.110679112375
v 0.164814904332 1.25124359131 -0.10612980276300001
v 0.178358629346 1.25391960144 -0.114694289863
v 0.18564118444899999 1.25124359131 -0.13825118541699999
v 0.188825175166 1.2458891868599999 -0.13289675116499999
v 0.18879911303499999 1.2458891868599999 -0.15056507289400001
v 0.19152975082400001 1.24321329594 -0.14547902345700001
v 0.192251488566 1.2405347824099999 -0.155919507146
v 0.19682946801199999 1.2351828813600001 -0.168230801821
v 0.20140743255599999 1.2325043678300001 -0.186701640487
v 0.198220834136 1.2298284769100001 -0.16849915683300001
v 0.19688415527299999 1.2271525859800001 -0.15993468463400001
v 0.204031229019 1.2217981815300001 -0.18081305921099999
v 0.18617531657200001 1.0638644695299999 -0.0927450284362
v 0.19067251682299999 1.0558341741599999 -0.10157789289999999
v 0.18679024279100001 1.0451253652600001 -0.097562707960600001
v 0.18965634703600001 1.13613760471 -0.091405764222100006
v 0.18866622448000001 1.1441705226900001 -0.090069115161899999
v 0.18930719792799999 1.0290646553 -0.15725617110699999
v 0.18737909197800001 1.02103435993 -0.17786878347400001
v 0.19228014349899999 1.06921899319 -0.18857504427399999
v 0.195412039757 1.0638644695299999 -0.163681492209
v 0.19195705652200001 1.04244935513 -0.16100297868300001
v 0.18995077907999999 1.0451253652600001 -0.184291496873
v 0.19235831499100001 1.2325043678300001 -0.155919507146
v 0.191850244999 1.2378587722800001 -0.152706846595
v 0.187488526106 1.2378587722800001 -0.14708404243000001
v 0.16403843462500001 1.25927400589 -0.104256406426
v 0.165109336376 1.26998019218 -0.098901972174600006
v 0.19241304695600001 1.25659549236 -0.222572430968
v 0.19300189614300001 1.26998019218 -0.20999015867699999
v 0.19610771536800001 1.2646284103400001 -0.20463573932599999
v 0.117888711393 1.2753347158399999 -0.043757829815099999
v 0.12618742883199999 1.2887194156599999 -0.049914777278900001
v 0.14168792962999999 1.3021042347 -0.0678514689207
v 0.16071896255000001 1.30745601654 -0.092208273708799998
v 0.17536222934699999 1.31281042099 -0.117104433477
v 0.18483604490800001 1.3154864311200001 -0.14547902345700001
v 0.190057605505 1.3021042347 -0.168230801821
v 0.19128744304199999 1.2940738201099999 -0.184559866786
v 0.19241304695600001 1.2833650112199999 -0.198213011026
v 0.20097751915500001 1.25927400589 -0.186433270574
v 0.20215524733099999 1.26730430126 -0.170106813312
v 0.19923961162600001 1.2726587057100001 -0.15832704305600001
v 0.14760255813600001 1.10937070847 -0.036264229565900002
v 0.15164378285399999 1.1120465993899999 -0.041616056114400002
v 0.148352965713 1.1655831337 -0.0373351164162
v 0.15231341123600001 1.1629071235699999 -0.050451520830399998
v 0.16692802309999999 1.1575527191199999 -0.068919755518400003
v 0.16398373246199999 1.1254314184200001 -0.061694525182199998
v 0.173272565007 1.1281099319500001 -0.071061529219200004
v 0.16901768744000001 1.1414921283699999 -0.0678514689207
v 0.15887160599200001 1.1254314184200001 -0.0571426078677
v 0.159916445613 1.11472511292 -0.053664181381499997
v 0.15731869638000001 1.13613760471 -0.056340098381000001
v 0.15552607178700001 1.1441705226900001 -0.050451520830399998
v 0.15367873013 1.1522009372699999 -0.0325148254633
v 0.15453596413099999 1.1495224237399999 -0.039476890116899997
v 0.15496326983 1.10937070847 -0.046702116727800003
v 0.15753236412999999 1.10937070847 -0.050451520830399998
v 0.11799553781700001 1.26194989681 -0.045097090303900002
v 0.14845977723600001 1.26730430126 -0.089263990521399994
v 0.13124743104 1.25927400589 -0.082304529845699997
v 0.12591905891899999 1.24856770039 -0.072132416069499994
v 0.12522336840600001 1.25659549236 -0.057679355144499997
v 0.13344131410099999 1.26194989681 -0.074005819857100003
v 0.14219601452399999 1.25659549236 -0.097831085324300002
v 0.118370741606 1.2298284769100001 -0.094618424773199997
v 0.120861656964 1.21376776695 -0.084983058273799997
v 0.117810547352 1.2244740724600001 -0.091674141585800006
v 0.13946537673500001 1.25124359131 -0.10345128178599999
v 0.163316711783 1.25659549236 -0.10693231970100001
v 0.12292266637099999 1.24856770039 -0.079896993935099997
v 0.123511523008 1.2405347824099999 -0.099704481661299998
v 0.13577069342100001 1.25124359131 -0.099704481661299998
v 0.077791698276999999 1.1977070569999999 -0.43663766980199997
v 0.071366377174900006 1.1414921283699999 -0.42440456152
v 0.081457726657400004 1.25659549236 -0.44241943955399998
v 0.075996465981000003 1.3181649446499999 -0.44252625107799998
v 0.116710990667 1.2887194156599999 -0.401759624481
v 0.108039677143 1.3261952400200001 -0.40612131357199999
v 0.107396110892 1.08527958393 -0.35229039192200001
v 0.16982020437699999 1.21644365788 -0.30394679307900002
v 0.19013836979900001 1.2084133625 -0.258440613747
v 0.199453264475 1.2084133625 -0.22872936725599999
v 0.202478334308 1.1869982481000001 -0.22176730632800001
v 0.190727233887 1.1869982481000001 -0.25683557987200001
v 0.15426759421799999 1.3342255353900001 -0.30715942382799999
v 0.164520487189 1.2753347158399999 -0.30635693669300001
v 0.13866287469899999 1.2913953065899999 -0.36243647337000001
v 0.121395796537 0.94340670108799995 -0.14066132903100001
v 0.128274485469 0.94073081016500004 -0.111215867102
v 0.109457112849 0.93805229663800005 -0.13691192865400001
v 0.16885612905 1.17361605167 -0.29966583848
v 0.16933815181299999 1.1950285434700001 -0.30207338929200001
v 0.15025241673 1.1227555275000001 -0.32616442441900001
v 0.081778205931199999 0.94608265161500005 -0.17920804023699999
v 0.072570152580700001 0.94340670108799995 -0.175190255046
v 0.16045059263700001 1.00229775906 -0.23167365789399999
v 0.162886783481 0.99158883094799999 -0.21132941544100001
v 0.14254254102700001 0.99158883094799999 -0.23702548444300001
v 0.14631800353499999 0.98088258504900006 -0.21561296284199999
v 0.12747198343300001 0.98355847597099999 -0.23863312602
v 0.13100510835599999 0.97285223007199995 -0.21561296284199999
v 0.102471597493 0.97285223007199995 -0.23488631844499999
v 0.100543476641 0.962143301964 -0.20972178876399999
v 0.053296796977499998 0.94073081016500004 -0.16421562433199999
v 0.076585322618499999 0.94876116514200004 -0.19847877323599999
v 0.096822738647500003 1.04244935513 -0.36297059059100001
v 0.096554361283800003 1.0183583498 -0.35461974144000002
v 0.12824843823900001 0.99694323539700003 -0.26486593484900001
v 0.112964197993 0.98891294002499996 -0.26486593484900001
v 0.117729783058 1.02103435993 -0.30019998550400001
v 0.14811064302900001 1.0933099985100001 -0.32188346981999999
v 0.149957984686 1.06654047966 -0.31358474492999999
v 0.16824123263400001 1.0638644695299999 -0.284673422575
v 0.16789208352599999 1.0451253652600001 -0.276911437511
v 0.152983039618 1.0478038787799999 -0.30073410272599999
v 0.13999952375899999 1.0237128734600001 -0.293240517378
v 0.12696388363800001 1.0237128734600001 -0.296184808016
v 0.13820689916600001 1.04244935513 -0.31010371446599999
v 0.12645579874499999 1.0397734642000001 -0.31224548816699998
v 0.134460091591 1.06654047966 -0.32348850369499998
v 0.12364439666300001 1.0638644695299999 -0.32696953415899999
v 0.13526260852800001 1.0906314849900001 -0.33017957210499999
v 0.12490288168200001 1.0906314849900001 -0.33419474959399997
v 0.19645425677299999 1.13613760471 -0.22390908002900001
v 0.19051097333399999 1.1629071235699999 -0.25469380617100001
v 0.200310483575 1.1602312326399999 -0.224714204669
v 0.14098963141400001 1.1254314184200001 -0.33258974552199999
v 0.12881124019599999 1.11472511292 -0.339549213648
v 0.13028338551499999 1.1227555275000001 -0.3449036479
v 0.15407998859899999 1.1923526525499999 -0.32777205109599999
v 0.15351718664200001 1.1762920618099999 -0.32643279433299999
v 0.15027846396 1.1522009372699999 -0.32670116424599999
v 0.137644097209 1.1281099319500001 -0.34115684032400001
v 0.14339978992899999 1.1441705226900001 -0.33660492301
v 0.15177927911299999 1.1923526525499999 -0.33740741014499998
v 0.15121647715600001 1.1789679527300001 -0.33526566624600002
v 0.14714658260300001 1.1602312326399999 -0.33499988913500001
v 0.149048641324 1.20305895805 -0.34356439113600001
v 0.147628605366 1.21644365788 -0.34742060303700001
v 0.152662560344 1.2217981815300001 -0.33446311950699997
v 0.15333218872500001 1.20305895805 -0.32910871505700001
v 0.151857435703 1.24321329594 -0.34088847041100001
v 0.148191422224 1.2378587722800001 -0.35298606753299999
v 0.13076540827800001 1.24856770039 -0.38524296879800002
v 0.122120141983 1.2646284103400001 -0.39378139376600002
v 0.110447227955 1.25391960144 -0.411824941635
v 0.119949713349 1.2271525859800001 -0.397181659937
v 0.104907803237 1.2351828813600001 -0.414928138256
v 0.119655281305 1.1441705226900001 -0.36846053600299999
v 0.123993553221 1.1307858228700001 -0.35850206017500003
v 0.111653603613 1.1227555275000001 -0.367147326469
v 0.104318931699 1.1388161182400001 -0.386207014322
v 0.101319931448 1.1548768281899999 -0.39656671881700001
v 0.113044969738 1.1655831337 -0.38979488611200003
v 0.11564009636600001 1.1548768281899999 -0.37911206483799997
v 0.101293876767 1.21376776695 -0.41120740771300002
v 0.11416797339900001 1.21376776695 -0.39932340383499998
v 0.097330816090099997 1.1789679527300001 -0.40775504708299998
v 0.099391818046599995 1.1977070569999999 -0.40957632660900001
v 0.11015278846 1.1977070569999999 -0.40068873763099999
v 0.109832309186 1.1843223571799999 -0.39940419793100002
v 0.13938461244100001 1.2646284103400001 -0.36398938298200001
v 0.147068411112 1.25659549236 -0.35100585222199998
v 0.14580993354300001 1.24856770039 -0.35933062434200003
v 0.14222206175300001 1.25391960144 -0.36658450961099998
v 0.13114060461499999 1.2780106067699999 -0.053127437829999999
v 0.16508328914600001 1.2940738201099999 -0.091405764222100006
v 0.14631800353499999 1.2887194156599999 -0.071061529219200004
v 0.17875988781499999 1.29942572117 -0.11549679935
v 0.19723071157899999 1.2806891202899999 -0.16073720157099999
v 0.193671524525 1.2833650112199999 -0.137717053294
v 0.183311805129 1.2806891202899999 -0.11416015029
v 0.16626098751999999 1.2780106067699999 -0.094618424773199997
v 0.149236246943 1.2726587057100001 -0.082038767635799995
v 0.128678351641 1.2726587057100001 -0.055000834167000003
v 0.19787429273099999 1.2780106067699999 -0.177066266537
v 0.19739228486999999 1.26998019218 -0.19151933491199999
v 0.13547627627799999 1.2753347158399999 -0.056340098381000001
v 0.150789156556 1.2806891202899999 -0.073471672833000004
v 0.16799889504900001 1.2860409021400001 -0.091140002012300006
v 0.18218620121500001 1.2940738201099999 -0.113891772926
v 0.134431436658 1.2646284103400001 -0.067046351730799994
v 0.193939894438 1.2887194156599999 -0.16341310739500001
v 0.19102165102999999 1.2967497110399999 -0.14066132903100001
v 0.158819511533 1.02638876438 -0.042152807116499998
v 0.17875988781499999 1.0531582832299999 -0.078023590147500002
v 0.17075820267200001 1.03709495068 -0.053395811468400001
v 0.17562799155700001 1.0451253652600001 -0.067583106458199996
v 0.179403454065 1.06654047966 -0.0705273896456
v 0.146958991885 1.07992517948 -0.0255553647876
v 0.18039356172099999 1.0585100650799999 -0.087390594184399997
v 0.14131273329300001 1.0397734642000001 -0.027965510264000001
v 0.13633349537799999 1.0504797697099999 -0.033854085951999999
v 0.143774986267 1.0317431688300001 -0.025823740288599999
v 0.13850131630900001 1.0478038787799999 -0.0309097953141
v 0.13935855031 1.0451253652600001 -0.029838910326400001
v 0.143639490008 1.0638644695299999 -0.020203538239
v 0.13970509171500001 1.0531582832299999 -0.027965510264000001
v 0.109003737569 1.2726587057100001 -0.036264229565900002
v 0.10437104850999999 1.29942572117 -0.038137629628199998
v 0.108146511018 1.2833650112199999 -0.035727486014399998
v 0.147683337331 1.12007701397 -0.00360609940253
v 0.095243766903900004 0.93270045518900002 -0.093279160559200006
v 0.110741652548 0.935376405716 -0.068385615944900002
v 0.13801929354699999 0.97285223007199995 -0.034656599163999997
v -0.17420795559899999 1.3208408355700001 -0.46600237488700003
v -0.17276187241099999 1.2298284769100001 -0.48003074526799999
v -0.16293628513799999 1.1602312326399999 -0.47738090157500002
v -0.14414496719799999 1.10401630402 -0.45880320668199998
v -0.121419250965 1.0585100650799999 -0.431525588036
v -0.10522566735699999 1.0317431688300001 -0.41155654192000002
v -0.086541175842300005 0.98891294002499996 -0.40159806609199999
v -0.02697279118 1.5135743617999999 -0.203299075365
v -0.1038056463 1.5001895427700001 -0.32482776045799999
v -0.14058576524300001 1.4600378274900001 -0.38893762230899998
v -0.17144867777799999 1.3636710643800001 -0.453850030899
v 0.098883733153299999 1.3261952400200001 -0.042152807116499998
v 0.088336408138300002 1.3663469553000001 -0.0512540377676
v 0.074925579130599995 1.4064987897900001 -0.064638815820199994
v 0.059294801205399997 1.43862271309 -0.082841284573099999
v 0.10993914306200001 1.26194989681 -0.036529995501000001
v 0.109457112849 1.25124359131 -0.039208516478500002
v 0.121127426624 1.20573747158 -0.0293047707528
v 0.127445921302 1.1950285434700001 -0.021540192887200001
v 0.13357681035999999 1.1816464662599999 -0.0143123604357
v 0.13935855031 1.17093753815 -0.0073528997600099998
v 0.14465826749800001 1.1629071235699999 -0.000930186128244
v 0.0072825495153700003 1.49751102924 -0.152706846595
v 0.035255879163700002 1.47609853745 -0.113623403013
v 0.13783168792700001 1.02103435993 -0.036798372864700002
v 0.108334109187 1.2405347824099999 -0.042955316603199997
v 0.13587751984599999 0.99694323539700003 -0.039208516478500002
v 0.138152182102 0.98623698949799998 -0.035461716353899997
v 0.13261274993399999 0.95679152011900004 -0.0389401465654
v 0.120085202157 0.94073081016500004 -0.051788173615899998
v 0.078271120786699996 0.935376405716 -0.11656768620000001
v 0.059346918016700001 0.93805229663800005 -0.14012458920500001
v 0.151805341244 1.1307858228700001 0.0046926196664600003
v 0.13515578210400001 1.0959858894300001 -0.027697138488300001
v 0.13919700682200001 1.07992517948 -0.023950338363599999
v 0.136708691716 1.0130039453499999 -0.040279403328900003
v 0.13571858406100001 1.10401630402 -0.025021225213999999
v 0.149423852563 1.1522009372699999 0.0049609923735300003
v 0.152446299791 1.1441705226900001 0.0081710461527100004
v 0.14500480890299999 1.11472511292 -0.0086921593174300003
v 0.110259622335 1.2325043678300001 -0.041350286453999997
v 0.114756830037 1.2191221714 -0.036798372864700002
v 0.0419469662011 0.94073081016500004 -0.15912957489499999
v 0.14187292754700001 1.0237128734600001 -0.030107283964799999
v 0.142490446568 1.07457077503 -0.019666792824900001
v 0.73864853382100004 -0.86158680915800001 0.045381098985700002
v 0.74560797214499996 -0.84391856193500003 0.052072182297699998
v 0.753906726837 -0.82196927070600001 0.060639277100599999
v 0.75952690839799997 -0.79921483993499998 0.068132869899299994
v 0.71455746889100002 -0.86105006933200001 0.043239325284999998
v 0.71803593635600005 -0.84713113307999999 0.0475202649832
v 0.72205114364599998 -0.83321219682699998 0.052606325596600001
v 0.72713714837999999 -0.81474143266700005 0.058497503399799998
v 0.51299113035199995 -0.86908048391299997 0.17119072377700001
v 0.68966132402400004 -0.94751310348499995 0.204919740558
v 0.70625877380400004 -0.96598398685499998 0.128094702959
v 0.71187895536400003 -0.94055360555599998 0.074289821088299998
v 0.72553211450599997 -0.87309563159900005 0.041631687432500002
v 0.73275995254500004 -0.86934882402400004 0.039489917457100003
v 0.727405548096 -0.88112598657600005 0.035474743694100003
v 0.62247431278200005 -0.71998226642600005 0.17627677321400001
v 0.59035289287600001 -0.66751408577000004 0.15138323605099999
v 0.64121091365799998 -0.71141517162300005 0.16396288573699999
v 0.61283630132699995 -0.66055458784099996 0.13906933367300001
v 0.73650681972499998 -0.86586779355999999 0.022358335554600001
v 0.74052196741099996 -0.85301971435500001 0.025839369744100001
v 0.74667888879800004 -0.83936917781800002 0.0301229171455
v 0.75149655342099997 -0.817685723305 0.036279864609199998
v 0.56920355558400004 -0.62548893690100005 0.12702381610899999
v 0.59276044368699998 -0.62575727701200001 0.117120072246
v 0.53627961873999996 -0.761204898357 0.0919581502676
v 0.53681379556700004 -0.82116669416400001 0.119261853397
v 0.53788471221900003 -0.85650080442400001 0.136125043035
v 0.52717840671500005 -0.85650080442400001 0.13505417108500001
v 0.52985429763799996 -0.88273358344999997 0.15834268927600001
v 0.52209234237699997 -0.88219684362399997 0.15593254566199999
v 0.518077194691 -0.88487535715099996 0.18189960718199999
v 0.66530191898299995 -0.70766836404800004 0.135856673121
v 0.62970215082199998 -0.65627366304400003 0.12461367249499999
v 0.61203378438900002 -0.62575727701200001 0.105877056718
v 0.68725377321199999 -0.68491399288199994 0.10614544153200001
v 0.65486401319499998 -0.65118759870499998 0.095168203115500005
v 0.64576280116999996 -0.62281298637399995 0.078036621212999993
v 0.70491951704 -0.67715203762099996 0.072950564324900005
v 0.67654490470899997 -0.64850908517799999 0.067061990499499999
v 0.66342848539400001 -0.62174212932600004 0.0523405559361
v 0.71402078866999996 -0.67179757356600001 0.053143069148099999
v 0.70117270946499999 -0.64422553777699998 0.035208977758900001
v 0.67520827054999999 -0.62254464626299999 0.024500112980600001
v 0.71777015924499998 -0.680364668369 0.0301229171455
v 0.70170944929099999 -0.65145331621199998 0.011652079410900001
v 0.67601078748700005 -0.62870156764999996 0.0022824734915000001
v 0.705456256866 -0.69963800907100004 0.0092419330030699999
v 0.67868667840999997 -0.674476087093 -0.0033377264626299999
v 0.65406149625800003 -0.64904582500499997 -0.0143123604357
v 0.69501578807800002 -0.70873928070100001 0.0145963653922
v 0.66342848539400001 -0.68571650981900001 0.0030849871691299999
v 0.63933748006799995 -0.65948373079300004 -0.0127073321491
v 0.67601078748700005 -0.72640496492399997 0.044575978070499997
v 0.64013999700500002 -0.697227954865 0.0239659715444
v 0.61470967531200005 -0.67179757356600001 0.00067744648549699998
v 0.64147925376899995 -0.75210362672800002 0.089279629290099999
v 0.60373508930200004 -0.714896202087 0.051001295447299998
v 0.57857316732399999 -0.68250644207 0.024500112980600001
v 0.60079079866399998 -0.77084022760399995 0.126221299171
v 0.56465423107099999 -0.740323901176 0.060639277100599999
v 0.54056316614199995 -0.69562286138499996 0.035474743694100003
v 0.542436599731 -0.74433904886199997 0.076163224875900007
v 0.70813220739399996 -0.86908048391299997 0.0309254322201
v 0.71081072092099995 -0.87443488836299998 0.020216565579199999
v 0.72231948375699995 -0.87336397171000002 0.016469765454500001
v 0.71402078866999996 -0.84980714321100004 0.035743117332499998
v 0.71830427646600004 -0.85275137424500003 0.025839369744100001
v 0.72874480485899995 -0.85382223129299994 0.0210216846317
v 0.71964353322999997 -0.83428311347999995 0.043239325284999998
v 0.72472965717299997 -0.83535403013200005 0.033601347357000003
v 0.73570424318299998 -0.83776152133899995 0.027444399893300001
v 0.72285622358299995 -0.81741726398500003 0.0488595217466
v 0.727942287922 -0.817685723305 0.038153264671599997
v 0.73891687393200001 -0.81902492046399999 0.032264690846199998
v 0.71964353322999997 -0.91592586040500001 0.059031639248100003
v 0.72606629133199996 -0.88407021760899995 0.068401247262999995
v 0.73115229606599996 -0.85569822788200001 0.077770851552500006
v 0.73061823844899998 -0.83454889059100001 0.080980911850900006
v 0.71509164571799999 -0.93118405342099997 0.077770851552500006
v 0.72258788347199998 -0.90254110097899998 0.090350516140500006
v 0.72981572151200003 -0.87149059772500004 0.104537807405
v 0.73168903589199996 -0.85114639997499997 0.11176563799399999
v 0.73034983873399995 -0.83401477336899998 0.114441551268
v 0.70706129074099999 -0.93493086099599998 0.080446764826799994
v 0.69983345270200004 -0.94322955608400005 0.078304998576600005
v 0.70786380767799995 -0.90789550542800002 0.092223912477500003
v 0.692071437836 -0.91753083467499996 0.081786029040799998
v 0.71482586860700004 -0.88166272640200005 0.104806177318
v 0.69796001911200001 -0.88969308137900005 0.092760659754300007
v 0.71910679340399997 -0.85810577869399995 0.11417578905799999
v 0.70358288288100002 -0.86319190263699996 0.104537807405
v 0.71669930219699995 -0.83936917781800002 0.116851702332
v 0.75578016042700003 -0.79252374172200002 0.043505091220100003
v 0.71107643842699997 -0.96678644418699999 0.116583317518
v 0.68912720680200001 -0.87550574541100001 0.12327702343499999
v 0.68671703338599999 -0.84954130649600001 0.12729218602199999
v 0.71054232120500005 -0.95393580198299999 0.12300865352199999
v 0.70572465658200001 -0.95233076810799999 0.13184151053400001
v 0.712949872017 -0.931718170643 0.127826333046
v 0.70866894721999996 -0.92850810289399999 0.14014022052299999
v 0.71321821212799996 -0.90120440721499995 0.14094273745999999
v 0.70920306444199999 -0.89397656917599999 0.15620091557499999
v 0.713486611843 -0.87122219800900003 0.14924146234999999
v 0.70893472433100002 -0.86667287349699995 0.16503378748899999
v 0.71241569519000003 -0.84391856193500003 0.15325662493700001
v 0.70732969045600003 -0.84284764528300005 0.16904895007599999
v 0.67922341823599997 -0.95152831077599997 0.20732988417100001
v 0.65272223949399999 -0.89745497703599997 0.21455511450799999
v 0.69474744796800003 -0.95741689205199998 0.19340837001799999
v 0.68270188570000001 -0.87711071968099996 0.19287422299400001
v 0.67735004425000001 -0.85489314794500004 0.189661562443
v 0.69367653131499996 -0.94376367330599997 0.197691917419
v 0.68778795003899995 -0.931452453136 0.20545387268099999
v 0.68163102865199998 -0.93787509202999997 0.21000580489599999
v 0.695552527905 -0.91699677705799998 0.19876278936899999
v 0.68591451644900003 -0.90735876560200002 0.21053993701900001
v 0.673066496849 -0.91271317005200003 0.21696525812100001
v 0.69073218107199996 -0.89424234628699995 0.20197546482100001
v 0.67975759506199995 -0.88219684362399997 0.21295009553399999
v 0.68511199951199997 -0.86988294124599996 0.20384885370700001
v 0.67386901378599995 -0.85623240470899997 0.21562598645700001
v 0.67627918720199998 -0.84498935937899999 0.202777966857
v 0.66637283563600003 -0.83642488717999997 0.21562598645700001
v 0.74239534139600005 -0.72212147712700003 0.073755681514699994
v 0.68404120206800001 -0.96384215354900005 0.20170708000699999
v 0.69260829687100001 -0.96491307020200001 0.19608688354500001
v 0.67386901378599995 -0.91645997762700004 0.18430712819100001
v 0.64147925376899995 -0.87898415327099999 0.202777966857
v 0.66102099418600002 -0.86024755239499995 0.186448901892
v 0.69715756177900001 -0.95688271522500001 0.136125043035
v 0.69501578807800002 -0.96946239471399998 0.13210988044700001
v 0.69581830501599995 -0.97883194684999997 0.127557963133
v 0.69394487142600003 -0.93412834405900003 0.147099688649
v 0.68297028541600002 -0.94510293006900004 0.13692755997200001
v 0.67922341823599997 -0.96705222129799995 0.119527608156
v 0.69769167900100004 -0.90254110097899998 0.15646928548799999
v 0.68136519193599998 -0.91271317005200003 0.14683130383500001
v 0.67360067367599996 -0.92395621538200001 0.13157312571999999
v 0.69742596149400005 -0.87202471494699996 0.165302142501
v 0.68189936876299995 -0.87630826234799997 0.15646928548799999
v 0.69341069459899995 -0.84606027603099998 0.17092496156699999
v 0.67065632343299997 -0.85275137424500003 0.14629717171199999
v 0.69983345270200004 -0.95152831077599997 0.071879677474499998
v 0.70947146415700002 -0.94965487718599995 0.061707556247700003
v 0.687522172928 -0.93627011776000002 0.064386077225199997
v 0.70840054750400006 -0.89638417959200001 0.059300016611799997
v 0.71562838554399999 -0.858642578125 0.069472134113299999
v 0.69796001911200001 -0.84472101926800003 0.085801206529100005
v 0.71616256236999998 -0.83910077810299999 0.072416417300700003
v 0.495322793722 -0.65279257297500004 0.091689772903899999
v 0.51727467775299996 -0.85355645418199999 0.13826681673499999
v 0.50737094879199995 -0.842045128345 0.14817057550000001
v 0.51486450433700004 -0.876039922237 0.15539839863800001
v 0.72847640514400003 -0.80885285139100005 0.118190959096
v 0.71616256236999998 -0.75183528661700005 0.122471898794
v 0.70813220739399996 -0.72265821695300003 0.121937759221
v 0.55207192897799995 -0.760668158531 0.15245412290099999
v 0.55929976701700002 -0.77672880887999995 0.131038993597
v 0.54564923048000002 -0.76441758871099996 0.14094273745999999
v 0.55234032869299998 -0.78074657917000001 0.12461367249499999
v 0.54805684089700002 -0.78101241588600001 0.14147947728599999
v 0.54779100418100002 -0.79118448495899996 0.122740268707
v 0.549930214882 -0.79680734872799996 0.143887028098
v 0.54618340730699999 -0.803230047226 0.12488204240799999
v 0.55153781175600003 -0.81367051601399998 0.14977559447300001
v 0.54672014713299999 -0.82116669416400001 0.12969973683399999
v 0.55180621147200004 -0.83856403827699999 0.15968194603899999
v 0.54966443777100005 -0.85328811407100003 0.14201362431
v 0.54216825962100001 -0.86346024274800004 0.17467175424100001
v 0.53788471221900003 -0.87577414512600005 0.162892013788
v 0.52691006660499995 -0.86961716413500001 0.18430712819100001
v 0.52209234237699997 -0.88193106651300002 0.18430712819100001
v 0.54056316614199995 -0.68464827537499995 0.15298825502400001
v 0.51941645145399995 -0.63619518279999998 0.12488204240799999
v 0.52503663301500003 -0.688395023346 0.145760416985
v 0.52905184030499997 -0.72506839036899995 0.15191736817400001
v 0.52557337284100003 -0.74674922227899998 0.14790219068499999
v 0.52637588977799998 -0.76655930280700002 0.147636428475
v 0.51325953006699998 -0.82999962568300001 0.15646928548799999
v 0.52932018041600004 -0.81688320636699996 0.16423127055200001
v 0.51218861341499999 -0.84900456666900004 0.16182371974000001
v 0.53279858827600002 -0.84391856193500003 0.17494012415400001
v 0.51727467775299996 -0.85382223129299994 0.16797806322600001
v 0.52744674682600001 -0.85997921228399998 0.17895530164199999
v 0.712949872017 -0.818222463131 0.12006436288400001
v 0.70037019252800004 -0.76843273639700005 0.128628849983
v 0.72847640514400003 -0.81045788526499996 0.083391055464700006
v 0.71723335981400005 -0.75237208604799999 0.086603716015799997
v 0.67199558019600003 -0.83026796579399997 0.163697123528
v 0.65218549966799999 -0.79332625865899997 0.160484462976
v 0.70304614305500002 -0.81608068943000001 0.17226161062699999
v 0.687522172928 -0.77003777027099996 0.16878320276700001
v 0.66771209239999996 -0.742734074593 0.17467175424100001
v 0.70920306444199999 -0.818222463131 0.15593254566199999
v 0.69581830501599995 -0.77271634340299999 0.148973077536
v 0.68430954217899997 -0.73577463626899997 0.14335288107399999
v 0.65673744678500001 -0.81634646654099996 0.210808321834
v 0.63666158914600002 -0.77512383461000001 0.201172947884
v 0.66530191898299995 -0.83401477336899998 0.18002617359199999
v 0.66637283563600003 -0.82089835405300005 0.19581849873099999
v 0.64415520429600004 -0.79412883520099997 0.16717556118999999
v 0.64790457487099995 -0.78154915571200001 0.18297047913100001
v 0.63773244619400005 -0.78128075599699998 0.16423127055200001
v 0.57937568426099995 -0.74540996551500005 0.186448901892
v 0.57616561651200005 -0.77806806564300002 0.157003432512
v 0.64843875169800003 -0.84231346845599997 0.17601101100399999
v 0.63318055868099998 -0.80242753028900005 0.16101859509899999
v 0.59249204397199995 -0.79145282506900005 0.17601101100399999
v 0.73356246948199999 -0.79814392328299999 0.042702574282900002
v 0.74293208122300003 -0.79787820577599999 0.039224147796600002
v 0.72205114364599998 -0.75183528661700005 0.040295034647000003
v 0.73516756296200003 -0.74407333135599996 0.036279864609199998
v 0.712949872017 -0.73524045944200001 0.034403856843700002
v 0.72606629133199996 -0.723729133606 0.026373513042900001
v 0.69448161125200003 -0.82919704914100001 0.086335338652099997
v 0.71375495195399996 -0.81955909728999998 0.073487304151099997
v 0.686985433102 -0.78609842062000002 0.098917610943299997
v 0.70518785715099996 -0.76950365304900004 0.077502481639400003
v 0.66557025909400003 -0.83722746372199996 0.14629717171199999
v 0.68243610858899995 -0.83454889059100001 0.12675544619599999
v 0.65513241291000002 -0.79894912242899996 0.14602880179899999
v 0.68136519193599998 -0.795199692249 0.125684559345
v 0.63103878498099997 -0.79118448495899996 0.147368058562
v 0.67360067367599996 -0.77458965778400002 0.105877056718
v 0.74426871538200001 -0.78288584947600004 0.073218934237999994
v 0.73061823844899998 -0.79332625865899997 0.0646544471383
v 0.72687137126900003 -0.79868066310899999 0.055016469210400001
v 0.72901314497000003 -0.73630869388599995 0.078036621212999993
v 0.71696501970299997 -0.748890995979 0.068401247262999995
v 0.71214735508000004 -0.75986564159400005 0.054748099297299999
v 0.71027398109399997 -0.73443537950500004 0.070543020963700007
v 0.69876259565400001 -0.75023031234699999 0.058763269335
v -0.39927652478199999 -0.35941141843800001 0.49723008275000002
v -0.41185617446900002 -0.344421595335 0.49160987138700002
v -0.427114337683 -0.32595077157000002 0.48491615056999998
v -0.44103327393500003 -0.30801668763200002 0.475549161434
v -0.39017528295499998 -0.35753798484799998 0.49000224471100001
v -0.39927652478199999 -0.34629499912299999 0.48465040326100001
v -0.41078528761900002 -0.33237606286999999 0.478493452072
v -0.42524096369699999 -0.31443938612900002 0.46965798735600001
v -0.182691678405 -0.27482178807300001 0.383731752634
v -0.28441286087000001 -0.33879876136800002 0.56870329379999995
v -0.32352235913299998 -0.37359866499900002 0.54032868146900004
v -0.38482084870299998 -0.36958354711500002 0.49482250213599999
v -0.39285120367999998 -0.36878100037599998 0.49669593572600002
v -0.376790523529 -0.37466958165199998 0.49401742219900002
v -0.38374999165500001 -0.37841638922699999 0.49964022636400002
v -0.32084387540800002 -0.18461458385000001 0.35535714030299997
v -0.34065395593600001 -0.19424995780000001 0.291648507118
v -0.34707665443399999 -0.19183981418599999 0.36071157455399999
v -0.36742088198700001 -0.19612336158800001 0.299678862095
v -0.371167719364 -0.19799676537499999 0.36392423510600003
v -0.39445623755499998 -0.20495621859999999 0.305567443371
v -0.38990691304199998 -0.38484168052700002 0.50124526023899996
v -0.393922120333 -0.37627458572400002 0.49990859627700002
v -0.40409421920799998 -0.381897419691 0.49187561869599999
v -0.40355744957900003 -0.37038603425 0.50017434358599999
v -0.41319546103499999 -0.37225946784000002 0.48705795407300001
v -0.41319546103499999 -0.36074808239900003 0.49535667896300001
v -0.42390170693399998 -0.36155316233599999 0.483311146498
v -0.42658022046100003 -0.346829146147 0.48893132805799999
v -0.43728646636000001 -0.345492482185 0.47367319464699997
v -0.44290927052500001 -0.32568240165700002 0.47768831253100003
v -0.368223428726 -0.20254868269000001 0.245608225465
v -0.39231708645800001 -0.206295475364 0.2571169734
v -0.41533720493300003 -0.21887774765500001 0.26461321115500003
v -0.29196119308500001 -0.29168760776500002 0.30449914932299998
v -0.29769080877300003 -0.29757615923899999 0.26032966375400002
v -0.28216424584400002 -0.29088509082800001 0.31306362152099998
v -0.28387612104400001 -0.295434385538 0.27558782696700002
v -0.27472278475799999 -0.29007998108900002 0.31895223259900002
v -0.273409575224 -0.29329261183700001 0.29218527674700001
v -0.265379220247 -0.29382938146600002 0.33046358823799998
v -0.26267725229299999 -0.29623690247500001 0.31573954224599998
v -0.24755196273300001 -0.29570278525400001 0.35294961929300001
v -0.24219754338300001 -0.29864707589099998 0.34465089440300001
v -0.22158752381800001 -0.29730781912799997 0.38239508867299998
v -0.214278921485 -0.29944959282900002 0.37463051080699999
v -0.192222833633 -0.29088509082800001 0.400597572327
v -0.18796533346200001 -0.29356101155300002 0.39444059133499998
v -0.17343150079299999 -0.27241426706299998 0.40086331963499999
v -0.40141829848299998 -0.21860937774200001 0.36874192953099999
v -0.41533720493300003 -0.216199219227 0.30717507004700001
v -0.43353968858699998 -0.23012076318300001 0.26728910207700002
v -0.44210419058799999 -0.23279663920400001 0.35856983065600001
v -0.44585356116300001 -0.23654346168000001 0.307977586985
v -0.467534452677 -0.24644720554399999 0.26166892051700003
v -0.47128388285599998 -0.25581681728400002 0.35482299327900002
v -0.47128388285599998 -0.25501430034599998 0.31092184781999999
v -0.48653942346599999 -0.26143962144900001 0.25979551672899998
v -0.48814705014199999 -0.26946997642499998 0.351341992617
v -0.50340527296100002 -0.27348512411100001 0.30369403958300001
v -0.50153183937099999 -0.27910533547400002 0.259258747101
v -0.494035631418 -0.291953355074 0.35375210642799998
v -0.50715202093099998 -0.29516604542699998 0.30476492643399999
v -0.50501030683500003 -0.29703941941299999 0.262203037739
v -0.49002048373200002 -0.306945770979 0.35642802715299998
v -0.49323314428300002 -0.31203183531799999 0.314671278
v -0.50340527296100002 -0.312297612429 0.26434481143999999
v -0.48172175884200003 -0.31925967335700001 0.35375210642799998
v -0.48145598173100002 -0.321667194366 0.313866168261
v -0.481990128756 -0.32246971130399998 0.27371442318
v -0.46673196554200003 -0.31925967335700001 0.35535714030299997
v -0.46137753128999998 -0.32220396399500001 0.313866168261
v -0.464590162039 -0.32648488879199999 0.273446053267
v -0.43112951517100001 -0.30293062329300002 0.36285337805700002
v -0.42979288101200003 -0.31122672557800002 0.312529504299
v -0.43487894535100002 -0.32220396399500001 0.270501762629
v -0.37438035011300003 -0.27910533547400002 0.36927866935699999
v -0.38294744491600002 -0.29891544580500001 0.307709217072
v -0.39365369081500001 -0.309621691704 0.26086640358000002
v -0.319772958755 -0.25956362485899998 0.36472675204299998
v -0.336638778448 -0.306409031153 0.30101811885800001
v -0.35403612256099998 -0.309890061617 0.247213244438
v -0.31201097369199998 -0.29703941941299999 0.29298779368400002
v -0.38294744491600002 -0.38885688781700001 0.50097686052299994
v -0.37839555740399999 -0.37868475913999999 0.477154195309
v -0.38160818815199998 -0.39019352197599999 0.47956436872500002
v -0.39178031682999997 -0.39180114865299998 0.48545292019800002
v -0.39204868674299997 -0.36476582288699999 0.46965798735600001
v -0.39713475108099999 -0.37440121173899998 0.47153398394599999
v -0.405699253082 -0.37814801931399999 0.47795674204799998
v -0.40195244550699999 -0.35031014680900002 0.46484032273300002
v -0.40864354372 -0.358874648809 0.46644794940899997
v -0.41774475574499997 -0.36422908306099999 0.47394153475799999
v -0.41185617446900002 -0.33719375729599999 0.45734673738499998
v -0.41962075233500001 -0.34629499912299999 0.45814922452000001
v -0.428722023964 -0.35111269354800001 0.46484032273300002
v -0.332889378071 -0.37359866499900002 0.53898942470599998
v -0.32994511723499997 -0.36583411693599999 0.53711599111599995
v -0.35484126210200001 -0.35325443744700002 0.52774643897999995
v -0.34681087732299998 -0.340672194958 0.526407182217
v -0.37090194225299999 -0.329697549343 0.51596927642799995
v -0.36447662115099999 -0.313102722168 0.51436167955400003
v -0.38348159193999998 -0.31096094846700001 0.50472629070300001
v -0.37464872002600003 -0.29703941941299999 0.50392377376599995
v -0.39311957359299998 -0.29918119311300001 0.49080738425300002
v -0.382410734892 -0.28686991334 0.49214398860899999
v -0.32111221551899999 -0.36610248684899999 0.53470587730399999
v -0.31201097369199998 -0.37252780795099999 0.53497427702
v -0.33262360095999999 -0.34308230876899998 0.52025026083000003
v -0.347613424063 -0.31872293353100001 0.51114898920100005
v -0.36046147346500002 -0.29918119311300001 0.50071108341199999
v -0.368491798639 -0.28847494721400002 0.48732632398600001
v -0.45174214243900002 -0.32702162861799999 0.46136188507100001
v -0.47824335098300003 -0.30105721950499997 0.418263286352
v -0.48466604948000003 -0.30159136652899998 0.39283296465899997
v -0.28195062279700001 -0.35432532429699998 0.57352095842399997
v -0.28540298342699999 -0.36288982629799998 0.55397921800600003
v -0.30454343557399999 -0.33505198359499999 0.52399963140500005
v -0.32539576292 -0.30266222357700001 0.49455416202500002
v -0.33690452575699997 -0.28713569045100001 0.47661745548200002
v -0.29621869325599998 -0.33719375729599999 0.56200963258699999
v -0.290275394917 -0.32916343212100002 0.56013619899699996
v -0.30879834294300001 -0.32220396399500001 0.54996407032000005
v -0.30277687311200002 -0.31069257855400001 0.54862481355699999
v -0.32138058543199999 -0.29677367210400002 0.53336662054100004
v -0.31682866811799998 -0.28044459223700002 0.53015661239599998
v -0.33556786179499998 -0.27509015798600001 0.51570093631699998
v -0.32860845327400001 -0.25983199477199997 0.51409327983899999
v -0.34868431091300001 -0.25902947783500002 0.49776679277399999
v -0.339314699173 -0.24511055648300001 0.49776679277399999
v -0.242306962609 -0.26545479893700002 0.56281208991999998
v -0.24201253056499999 -0.249928250909 0.53443753719300002
v -0.25105905532799999 -0.236277699471 0.51034647226300001
v -0.258794993162 -0.22583721578099999 0.48652383685099998
v -0.26468354463600002 -0.21860937774200001 0.46484032273300002
v -0.255423367023 -0.27857118845000001 0.57352095842399997
v -0.27060076594400001 -0.27803444862400001 0.553445100784
v -0.282325804234 -0.25849533081100001 0.53122746944400001
v -0.29295131564100002 -0.24270041286899999 0.51088321208999998
v -0.30274820327800001 -0.235740944743 0.49160987138700002
v -0.26085597276700001 -0.26866745948800003 0.56468546390499996
v -0.25079068541499999 -0.25635355711000002 0.55585265159599995
v -0.27707821130799998 -0.25501430034599998 0.54862481355699999
v -0.25625193119 -0.239221975207 0.53524261712999999
v -0.28524145484000002 -0.24216626584500001 0.53069072961800001
v -0.26366737484899999 -0.22797898948199999 0.51570093631699998
v -0.29434266686400001 -0.229583993554 0.51088321208999998
v -0.27188530564300001 -0.216199219227 0.49294653534900001
v -0.30274820327800001 -0.219680249691 0.48786044120799998
v -0.27822986245199999 -0.207098007202 0.47046312689800002
v -0.45709657669100001 -0.30881917476699999 0.46136188507100001
v -0.45281302928900002 -0.29141923785200002 0.45895174145700002
v -0.482258498669 -0.28392302990000001 0.41585573553999999
v -0.47128388285599998 -0.27000409364700001 0.41264307498899999
v -0.48868122696900002 -0.28553065657600002 0.39122793078399998
v -0.47877746820400002 -0.266257286072 0.39310133457200003
v -0.248677566648 -0.28017622232400002 0.57780450582499998
v -0.25135347247099998 -0.29409512877499999 0.55960202217099997
v -0.26725524663900002 -0.26973572373400001 0.529085695744
v -0.28178906440700002 -0.24832321703400001 0.50204777717600002
v -0.289230555296 -0.24270041286899999 0.483042776585
v -0.27964729070700001 -0.32862666249299999 0.55853116512300005
v -0.27263572812100001 -0.33826464414599999 0.56468546390499996
v -0.286205500364 -0.30855080485300002 0.54434382915500001
v -0.276062041521 -0.32380896806699999 0.54113119840599999
v -0.303337097168 -0.28499391675000002 0.52801477909100003
v -0.289418160915 -0.29998633265500002 0.521055340767
v -0.31709703803099998 -0.26331302523599998 0.50981235504199995
v -0.30665656924200002 -0.27455604076399998 0.49964022636400002
v -0.32673242688199999 -0.24644720554399999 0.49134150147400002
v -0.316026180983 -0.27348512411100001 0.47313901782000001
v -0.32138058543199999 -0.38912263512599998 0.54113119840599999
v -0.31227937340700002 -0.382968306541 0.51784265041400002
v -0.32700082659700003 -0.39661884307900003 0.52560466527899996
v -0.33529952168499999 -0.35994553565999998 0.498032569885
v -0.35216271877299998 -0.36637085676199999 0.50365537405000005
v -0.35564374923699998 -0.33183935284600002 0.48116937279700001
v -0.374917119741 -0.33906719088600001 0.485987067223
v -0.36367410421399998 -0.32006219029400002 0.46939224004699998
v -0.38535502553000001 -0.327290028334 0.47394153475799999
v -0.32619827985799998 -0.29623690247500001 0.232223436236
v -0.28176301717800001 -0.291953355074 0.25578033924100002
v -0.26894101500500001 -0.28981420397800001 0.27772960066800001
v -0.25740358233499999 -0.291953355074 0.30637255311
v -0.23521201312500001 -0.29516604542699998 0.33795717358600003
v -0.20753312110899999 -0.29623690247500001 0.366868525743
v -0.186360314488 -0.291953355074 0.38507100939799999
v -0.39365369081500001 -0.27161175012599997 0.47501245140999998
v -0.41667386889500002 -0.243502929807 0.42923790216399998
v -0.42845359444600001 -0.232259914279 0.403541862965
v -0.28018403053300001 -0.23681184649500001 0.332068622112
v -0.28460046648999998 -0.26224213838600002 0.34143823385200001
v -0.277935445309 -0.249125733972 0.32698255777399998
v -0.279834896326 -0.27054083347300001 0.337691426277
v -0.26985037326799999 -0.25635355711000002 0.33983319997799999
v -0.27124175429300001 -0.2775003016 0.34116986393900001
v -0.26139271259300001 -0.26143962144900001 0.35268121957800003
v -0.26251572370499998 -0.28151547908800001 0.348934441805
v -0.25070992112200002 -0.26384717225999998 0.36660015583
v -0.25076463818599998 -0.28553065657600002 0.36285337805700002
v -0.232856586576 -0.26679146289799999 0.38641026616099999
v -0.229779422283 -0.28954583406399997 0.38988867402100003
v -0.20576654374600001 -0.266257286072 0.40086331963499999
v -0.20030528307000001 -0.28285214304900003 0.40273931622499998
v -0.18775168061299999 -0.26224213838600002 0.39738488197299998
v -0.17707148194299999 -0.26866745948800003 0.40247094631199998
v -0.31656032800700001 -0.20281705260300001 0.27558782696700002
v -0.342258989811 -0.206295475364 0.22793988883499999
v -0.30555960535999999 -0.211649909616 0.265147328377
v -0.28318044543300003 -0.23734596371700001 0.24587398767499999
v -0.28350353240999998 -0.230386525393 0.30744343996000001
v -0.26688003539999999 -0.25287252664600002 0.27103853225699998
v -0.275444537401 -0.24189789593200001 0.31092184781999999
v -0.25255724787700001 -0.260634481907 0.299678862095
v -0.26417544484099997 -0.249125733972 0.32751929759999998
v -0.231439173222 -0.26545479893700002 0.33046358823799998
v -0.249693736434 -0.25367504358300003 0.350005328655
v -0.210933372378 -0.26946997642499998 0.35321539640400001
v -0.229190558195 -0.25501430034599998 0.36847352981600001
v -0.197280228138 -0.27375090122200002 0.36713689565699997
v -0.210076153278 -0.25795859098399998 0.38158994913099997
v -0.19588886201399999 -0.27027249336199999 0.37543299794200002
v -0.19554232060900001 -0.26251050829900002 0.38962030410800003
v -0.376522153616 -0.27589267492300001 0.47126561403299999
v -0.39231708645800001 -0.24644720554399999 0.43137967586499998
v -0.40516507625600001 -0.28445976972600001 0.471799761057
v -0.43193206191099998 -0.25742444396000003 0.42281520366699998
v -0.331015974283 -0.23493842780599999 0.42442020773900002
v -0.350289344788 -0.230386525393 0.47795674204799998
v -0.33476278185800001 -0.23172578215600001 0.47153398394599999
v -0.36688676476499998 -0.213254928589 0.43512645363800001
v -0.36715254187599999 -0.199067652225 0.40568360686299998
v -0.35992729663799999 -0.24484218657000001 0.47902759909600001
v -0.37893226742699998 -0.231191635132 0.43726825714099998
v -0.39526137709600001 -0.221822023392 0.40273931622499998
v -0.28339409828200002 -0.20308279991100001 0.44717460870699999
v -0.29204195737799998 -0.19264492392499999 0.40541523694999998
v -0.32030972838400001 -0.18675376474899999 0.39176207780799999
v -0.309869229794 -0.23547257483 0.46644794940899997
v -0.31174263358100002 -0.21539670228999999 0.46269851922999999
v -0.322183102369 -0.230386525393 0.42147591710100002
v -0.32619827985799998 -0.21004228293900001 0.42013666033699998
v -0.32619827985799998 -0.227710604668 0.40755698084800002
v -0.29554903507199998 -0.19692587852499999 0.350005328655
v -0.29621869325599998 -0.19264492392499999 0.38748112320900002
v -0.28599184751500001 -0.23841686546800001 0.36151412129400001
v -0.27009269595099999 -0.230923265219 0.44449609518099997
v -0.29444950818999999 -0.24484218657000001 0.45948588848100003
v -0.27945968508699998 -0.22583721578099999 0.40648612379999999
v -0.31201097369199998 -0.240558639169 0.41799488663700002
v -0.28272706270199999 -0.226371333003 0.38694438338300002
v -0.432737141848 -0.33237606286999999 0.44985049963000001
v -0.44103327393500003 -0.33451521396599998 0.45520493388200001
v -0.45201054215399999 -0.31417360901800001 0.41023290157300002
v -0.467534452677 -0.312565982342 0.41264307498899999
v -0.45709657669100001 -0.312297612429 0.39122793078399998
v -0.47610154748 -0.312565982342 0.38988867402100003
v -0.36983105540299999 -0.312565982342 0.45654159784300002
v -0.39445623755499998 -0.31738364696499999 0.45948588848100003
v -0.38428410887699999 -0.28204962611200002 0.42602524161299998
v -0.41506883502000003 -0.29141923785200002 0.42120757699
v -0.32138058543199999 -0.26652568578699998 0.45922011137000002
v -0.34252732992200002 -0.28097873926200001 0.46350106596899998
v -0.33556786179499998 -0.249928250909 0.42602524161299998
v -0.36474502086600002 -0.26358139514899998 0.43593159318000002
v -0.322183102369 -0.24751809239399999 0.40487846732100002
v -0.37839555740399999 -0.272145867348 0.41103544831299998
v -0.43728646636000001 -0.29730781912799997 0.45547071099300002
v -0.42283079028100001 -0.32246971130399998 0.44931375980400001
v -0.45120540261300002 -0.27294838428500001 0.41505059599900002
v -0.43434217572200001 -0.30614066124 0.41290882229800002
v -0.45548895001400003 -0.25474593043299998 0.39417222142199998
v -0.42898777127299997 -0.29944959282900002 0.39845576882400002
v 0.0086218090727900008 -2.1593163013500001 0.85592758655500001
v -0.073557659983600004 -2.1274633407599999 0.82273524999600001
v -0.080436348915100001 -2.1122052669500002 0.82326942682299997
v -0.087771005928499998 -2.08918499947 0.82782131433499995
v -0.085710003972100005 -2.06134438515 0.83129972219500003
v -0.088682949543000003 -1.9920156002 0.83103138208399996
v -0.111460790038 -2.16413664818 0.92980831861500002
v -0.102333500981 -2.1346909999800001 0.92552471160899996
v -0.092216096818399998 -2.0950736999499999 0.91829687356900003
v -0.0809183716774 -2.00807642937 0.88296288251900001
v -0.12115087360100001 -2.2249009609199999 1.0347394943199999
v -0.112049639225 -2.2029490470900002 1.0363445281999999
v -0.097461096942400002 -2.1751112937900001 1.02885103226
v -0.081963203847399996 -2.13843798637 1.0066332817100001
v -0.085657894611399998 -2.2559514045700002 1.0631141662600001
v -0.094839900731999993 -2.2281136512800002 1.13967084885
v -0.079180464148499996 -2.1890301704400001 1.0976456403699999
v -0.065954625606500006 -2.15503549576 1.0435724258400001
v -0.054068043827999998 -2.0436787605300002 0.94560056924799996
v -0.041139241308000001 -2.2639818191500001 1.08934700489
v -0.045154411345700002 -2.2666578292800001 1.12253928185
v -0.037866652011900002 -2.1978631019599999 1.1070152521100001
v -0.035094331949899998 -2.1646707057999999 1.0607039928399999
v -0.024940453469799999 -2.0584001541100001 0.96594482660299996
v 0.0258602146059 -2.2580933570899999 1.0874735117000001
v 0.023906044662000001 -2.2570223808300001 1.11263549328
v 0.021469844505200002 -2.2535412311599998 1.1420809030500001
v 0.085686549544299995 -2.2500627040899999 1.0799773931500001
v 0.084534898400299999 -2.24845528603 1.1046050786999999
v 0.081590607762299996 -2.2412300109899999 1.12334430218
v 0.0694382637739 -2.2232933044399998 1.12013161182
v 0.046042911708399997 -2.1981313228600001 1.0807824134799999
v 0.0040698898956200002 -2.0541167259200002 0.95738035440400004
v 0.126724183559 -2.23640966415 1.0542812347399999
v 0.12401960790200001 -2.2340021133399999 1.07569634914
v 0.122198313475 -2.22516679764 1.08988368511
v 0.10993914306200001 -2.2101769447300001 1.0928279161500001
v 0.081697441637500007 -2.1906378269200002 1.05856490135
v 0.019195185974199998 -2.0484964847599998 0.94345879554699996
v 0.134379327297 -2.2129878997799999 1.0090409517300001
v 0.134780570865 -2.2002732753799998 1.01573455334
v 0.12610666453800001 -2.18528342247 1.02215731144
v 0.098776906728700001 -2.1601214408899998 1.01359283924
v 0.112234637141 -2.17825603485 0.93911015987400004
v 0.114944428205 -2.1491467952700001 0.92097282409699999
v 0.099767021834899994 -2.1207721233400001 0.925793111324
v 0.083518728613900001 -2.0862407684300002 0.925793111324
v 0.056858602911199999 -2.0305624008200001 0.89688175916699997
v 0.095470450818500002 -2.1162881851200002 0.79456132650400002
v 0.101293876767 -2.0937342643700001 0.79087972641000004
v 0.099579416215399993 -2.07124829292 0.796768248081
v 0.088604785502000002 -2.0439445972399999 0.80560111999499995
v 0.073132954537900002 -1.9904080629300001 0.81363403797099998
v 0.083987720310699995 -2.09467220306 0.69504964351700005
v 0.087158694863299996 -2.0779418945299999 0.68701928854000005
v 0.091121762990999999 -2.0597395896899999 0.68514329195000001
v 0.086676672100999996 -2.0332384109500001 0.689963579178
v 0.074659809470199998 -2.0054004192399999 0.70013570785500001
v 0.072945348918400002 -1.9649776220299999 0.72583174705499998
v 0.040474820882099999 -2.0878458023099999 0.64820420741999996
v 0.040341936051799997 -2.0744609832799998 0.62598657607999997
v 0.040688477456600002 -2.06081032753 0.61340433359099999
v 0.045829251408600002 -2.0372533798200001 0.60617649555200004
v 0.050860594958099997 -2.00299024582 0.60858666896799996
v 0.042189281433799998 -1.9714031219499999 0.62598657607999997
v 0.024093644693500001 -1.9371398687400001 0.66854846477499996
v -0.0099298013374200002 -2.0790128707900002 0.62384480237999995
v -0.012879299931199999 -2.0672330856299999 0.60698163509400005
v -0.0144322151318 -2.0527801513699999 0.59252595901500005
v -0.0116416569799 -2.0286891460400001 0.58262223005299996
v -0.0067171426489900004 -1.9957624673800001 0.58690577745399997
v -0.0074128275737199998 -1.96631705761 0.60028791427600003
v -0.0149741731584 -1.92696762085 0.63401693105699997
v -0.060540266335000002 -2.0934009551999999 0.69130021333699998
v -0.063406385481399999 -2.07339000702 0.63749796152100002
v -0.073476888239400004 -2.0589368343399999 0.62571817636500005
v -0.078297175467000005 -2.0669674873399999 0.70629262924199998
v -0.084344692528199997 -2.0444812774700001 0.71512550115600004
v -0.082390524446999999 -2.0214612484000001 0.72690266370800005
v -0.083195634186299994 -1.9652460813499999 0.75607979297600003
v -0.23692648112799999 -2.1735036373100001 0.95630949735600002
v -0.16113063692999999 -2.1503505706800001 0.95055377483400005
v -0.149848550558 -2.1370985508000002 0.95122343301800005
v -0.144439399242 -2.1213064193700002 0.95309680700300003
v -0.140398174524 -2.0977494716599998 0.95844864845300004
v -0.143931314349 -2.0005800724 0.95497024059299995
v -0.152498409152 -2.1912395954099999 1.07101154327
v -0.14995537698299999 -2.1662783622699999 1.0673977136599999
v -0.16834543645399999 -2.09962296486 1.04544579983
v -0.16928085684800001 -2.01503586769 1.00261819363
v -0.176938578486 -2.2362768650099998 1.1625580787700001
v -0.173832759261 -2.22195672989 1.1728656291999999
v -0.19776226580100001 -2.1743087768599998 1.15599989891
v -0.20649087428999999 -2.1397771835300001 1.12735950947
v -0.215349808335 -2.25407791138 1.18892633915
v -0.21564424037900001 -2.2527389526400001 1.2178350686999999
v -0.23502440750600001 -2.2227592468299999 1.2622703313800001
v -0.23815630376300001 -2.1866199970200002 1.21462249756
v -0.23341938853300001 -2.1558377742800001 1.1573390960700001
v -0.215751066804 -2.0498356819199999 1.0542812347399999
v -0.26663771271699999 -2.2645184993699998 1.1985616684
v -0.27434757351900002 -2.2653210163100002 1.23121988773
v -0.29739639162999998 -2.22891616821 1.26334130764
v -0.27959519624700002 -2.1981313228600001 1.2098047733299999
v -0.267763316631 -2.1670808792099998 1.1632276773500001
v -0.24996212124799999 -2.0658965110800001 1.0641850233100001
v -0.32887420058299999 -2.2637133598300001 1.1731314659100001
v -0.335833668709 -2.2615716457400001 1.19722509384
v -0.34413236379599998 -2.2564854621900001 1.22559702396
v -0.33984881639499998 -2.23453640938 1.2247945070299999
v -0.31575781106900003 -2.2053592205000001 1.1833035945899999
v -0.38187655806499998 -2.2602350711799999 1.1455620527299999
v -0.389370143414 -2.25755643845 1.1688505411100001
v -0.39365369081500001 -2.2492604255700002 1.18678462505
v -0.38294744491600002 -2.23105788231 1.1865161657300001
v -0.34868431091300001 -2.2056276798200001 1.15599989891
v -0.32378813624399999 -2.1676149368300002 1.1321771144899999
v -0.27432152628899997 -2.0642888546 1.0457141399400001
v -0.41185617446900002 -2.2508656978600001 1.106746912
v -0.41694223880800002 -2.2473843097700001 1.12735950947
v -0.42069163918500002 -2.2377488613100001 1.14074170589
v -0.41132205724699999 -2.2216882705700001 1.1468986272799999
v -0.37464872002600003 -2.2018780708299999 1.12253928185
v -0.342258989811 -2.1603872775999999 1.1035342216499999
v -0.28390479087800002 -2.0602736473099998 1.0272433757799999
v -0.40462836623199999 -2.2298514843000001 1.06003701687
v -0.40810936689400001 -2.2168703079199998 1.0652558803600001
v -0.40329170227099997 -2.20107555389 1.07301783562
v -0.376790523529 -2.1745746135699999 1.07248365879
v -0.34681087732299998 -2.1290683746300001 1.0596331358
v -0.295413553715 -2.0533142089799998 0.99806624650999998
v -0.36166521906900001 -2.1965262889899999 0.99960613250700003
v -0.35965892672499999 -2.1684174537700001 0.97986376285599996
v -0.34895008802400002 -2.13897490501 0.98736000060999995
v -0.335833668709 -2.10337233543 0.99083840847000004
v -0.30328497290599998 -2.0468916893000002 0.96996003389399998
v -0.29908740520499999 -2.1395087242100002 0.86636543273900002
v -0.30456951260600001 -2.1175596714 0.85940599441499999
v -0.30622923374200001 -2.0950736999499999 0.86395794153200001
v -0.30052828788800001 -2.0664305687 0.87439578771600002
v -0.29145312309299998 -2.0112888813000001 0.884836256504
v -0.256653219461 -2.1214392185199999 0.77562147378900004
v -0.25809928774800001 -2.10551404953 0.76625186204899998
v -0.262169182301 -2.0873115062699998 0.76197093725200005
v -0.26064231991800002 -2.0605421066299998 0.76625186204899998
v -0.25400334596599999 -2.0313649177599999 0.77776330709499997
v -0.26444384455699999 -1.9896055459999999 0.80185431242000005
v -0.20234023034599999 -2.1140785217300002 0.74403423070899999
v -0.196800798178 -2.1020328998600002 0.72208499908400003
v -0.193934693933 -2.0889163017299999 0.70896857976899996
v -0.19701445102699999 -2.0658965110800001 0.69959896802900001
v -0.20333035290199999 -2.0318989753699999 0.69852805137600005
v -0.202366277575 -1.9989751577399999 0.71619641780900001
v -0.20418755710100001 -1.9617677926999999 0.76009494066200001
v -0.14808197319499999 -2.10363793373 0.73493301868399996
v -0.14106780290599999 -2.09266352654 0.71887230873100005
v -0.135768085718 -2.0787444114700002 0.70468497276300002
v -0.135632604361 -2.0549221038800001 0.69397872686399997
v -0.14200580120100001 -2.02199530602 0.69558382034300004
v -0.147412344813 -1.9917472600899999 0.70682680606799997
v -0.15726399421699999 -1.9513272047000001 0.73654067516300004
v -0.109962590039 -2.1047089099899998 0.77321135997799995
v -0.10046009719399999 -2.0937342643700001 0.76437842845899995
v -0.088094100356100005 -2.0792813301100002 0.75474309921299998
v -0.094678349792999994 -2.0351116657300001 0.76116585731499997
v -0.106804646552 -2.0064687728899999 0.76571768522299999
v -0.139621719718 -1.96016001701 0.79328978061699995
v -0.12251619994600001 -2.1140785217300002 0.83344155549999999
v -0.11170309782 -2.09855461121 0.83397567272200002
v -0.10771398991300001 -2.08195710182 0.837725102901
v -0.10634867847 -2.0586686134300001 0.84709209203699998
v -0.113414973021 -2.0353798866299999 0.856193304062
v -0.14355611801099999 -1.91304886341 0.93462598323799995
v -0.17664416134399999 -1.94168913364 0.971565067768
v -0.228119671345 -1.96230185032 0.98227393627199999
v -0.272661775351 -1.9620335102099999 0.95256006717700004
v -0.29172146320300002 -1.9502563476599999 0.89179569482800003
v -0.28529614210100002 -1.9432969093300001 0.82996046543099999
v -0.257296770811 -1.9352666139600001 0.78579360246700003
v -0.21133464574800001 -1.92000830173 0.76411008834799998
v -0.164437100291 -1.9018059968900001 0.77562147378900004
v -0.13244859874199999 -1.8940439224200001 0.88376533985100003
v -0.287302434444 -0.69241017103199998 0.30182063579599999
v -0.41319546103499999 -0.62200790643699999 0.30851432681099999
v -0.539273440838 -0.61371177434900004 0.291916877031
v -0.632427573204 -0.66617739200600001 0.26809424161899997
v -0.67445528507200003 -0.76522004604299998 0.24962338805199999
v -0.65518194436999999 -0.88326776027700005 0.24266393482699999
v -0.57862269878399997 -0.98017120361300003 0.24989175796499999
v -0.464321792126 -1.02166223526 0.26648658514000001
v -0.347879171371 -0.99890780448899996 0.27746123075500001
v -0.25547549128500002 -0.91967266798000002 0.27585619688000002
v -0.21856246888600001 -0.80215919017799997 0.27933463454200003
v -0.35617792606400001 -0.73524045944200001 0.47287064790700001
v -0.46566107869099999 -0.67233437299700005 0.47528082132299998
v -0.57193154096599996 -0.66644316911699997 0.46055677533099998
v -0.65036422014200002 -0.708470880985 0.44583535194399998
v -0.68542993068699998 -0.79546809196500001 0.429774671793
v -0.67338436842000005 -0.89825749397300003 0.42442020773900002
v -0.60967576503800003 -0.99355340004000003 0.42361769080200001
v -0.50902545452100001 -1.0379886627199999 0.43726825714099998
v -0.40543347597099999 -1.0157710313799999 0.45092138648000002
v -0.31361603736900001 -0.94938653707499998 0.44931375980400001
v -0.28933739662199998 -0.83936917781800002 0.45439979434
v -0.43514472246199998 -0.79386299848599995 0.65061438083599998
v -0.52455198764800004 -0.73845052719100002 0.64980924129499995
v -0.61315417289700003 -0.72319227457000002 0.64124476909600003
v -0.67659705877300003 -0.76976943016099997 0.61768788099299998
v -0.70764756202699997 -0.84525781869899996 0.60242968797700003
v -0.70256143808399996 -0.93332576751700003 0.59680950641599995
v -0.65009588003200003 -1.01443433762 0.59225755929900004
v -0.56443536281600004 -1.0409330129600001 0.601895570755
v -0.47128388285599998 -1.0157710313799999 0.61394107341799997
v -0.39044106006599999 -0.96544718742400004 0.61902713775600005
v -0.37277534604099999 -0.88005506992299998 0.63160675764100005
v -0.49590906500800003 -0.87282985448799999 0.82915800809899998
v -0.571663200855 -0.84311598539400001 0.83906173706099996
v -0.65036422014200002 -0.82330852747000005 0.83076566457699996
v -0.71166270971300005 -0.850612223148 0.80105179548299998
v -0.74298155307799996 -0.91191065311399999 0.77696079015700004
v -0.73682463169099999 -0.99409013986600003 0.74135833978700005
v -0.68784004449799996 -1.04146969318 0.70896857976899996
v -0.60298204422000001 -1.0321000814400001 0.68326985835999998
v -0.51464825868599995 -0.99087750911700001 0.69237112998999994
v -0.45201054215399999 -0.95661437511400005 0.73386210203199997
v -0.44264090061200001 -0.91645997762700004 0.78686445951499995
v -0.45843324065199997 -1.01764440536 0.87975019216499994
v -0.52374947071099998 -1.03451025486 0.91160589456600005
v -0.60084289312399997 -1.0503026247 0.91963613033299996
v -0.672581851482 -1.06047463417 0.89902353286699999
v -0.71273362636600002 -1.0867074727999999 0.84736049175299999
v -0.707379221916 -1.11909723282 0.77187466621400003
v -0.652503430843 -1.1271276474 0.69237112998999994
v -0.56068855524100003 -1.10169732571 0.64552831649800002
v -0.46887370944000001 -1.0615456104300001 0.66346240043600002
v -0.41239291429500002 -1.0379886627199999 0.71967482566800001
v -0.41212454438200002 -1.01229262352 0.817914962769
v -0.38963857293100002 -1.1734389066699999 0.86529451608700003
v -0.45414969325100002 -1.1977956295000001 0.89848947525
v -0.52990645170200001 -1.2275094985999999 0.90919572114900005
v -0.60244792699799998 -1.2532081604 0.89099317789099997
v -0.64554393291500001 -1.2748891115200001 0.82915800809899998
v -0.640994668007 -1.28640043736 0.73654067516300004
v -0.58959990739799994 -1.2770309448199999 0.64980924129499995
v -0.49805080890699999 -1.2446410656 0.60457146167800002
v -0.40034741163300003 -1.20207929611 0.62946760654400002
v -0.34359824657400001 -1.17102873325 0.708700239658
v -0.34520325064700003 -1.1619274616199999 0.80051505565600001
v -0.32646664977099998 -1.33458256721 0.86583125591300003
v -0.389370143414 -1.35894191265 0.89607930183399997
v -0.461914241314 -1.3897267579999999 0.90571731329000005
v -0.53044062852899998 -1.42157959938 0.88644385337800002
v -0.57086068391800004 -1.44460248947 0.82407188415499999
v -0.56497210264200004 -1.4510252475700001 0.73305958509400004
v -0.51652163267100004 -1.4381771087599999 0.65141689777400003
v -0.43059539794899998 -1.40578746796 0.61126255989099998
v -0.33690452575699997 -1.3637622594800001 0.63830047845799998
v -0.28186982870100002 -1.3327091932299999 0.71673047542599999
v -0.28336805105200003 -1.3236079216000001 0.80533534288399999
v -0.27563214302099998 -1.5147337913500001 0.87145149707799996
v -0.327803313732 -1.5345439910900001 0.89741855859800002
v -0.389370143414 -1.56023991108 0.90544885396999997
v -0.44692444801300002 -1.58727800846 0.88858312368400005
v -0.48065087199200002 -1.60762214661 0.83397567272200002
v -0.47342303395300001 -1.61243975163 0.75715059041999999
v -0.43166628480000002 -1.6017309427299999 0.69049769640000003
v -0.36019307374999998 -1.5752325058000001 0.65650296211199999
v -0.28205743432000002 -1.53963005543 0.67952311039000002
v -0.23791658878300001 -1.5133972168000001 0.74778360128400001
v -0.24048568308400001 -1.50590097904 0.82166439294799998
v -0.222176387906 -1.70291519165 0.88751477003099999
v -0.26342505216599998 -1.71817362309 0.91508430242500005
v -0.31415274739299998 -1.73932039738 0.92445385456100004
v -0.359122186899 -1.7602013349500001 0.90651977062199995
v -0.38321581482900002 -1.77599358559 0.85699844360400002
v -0.37625375390100002 -1.7794746160499999 0.79409229755400002
v -0.34252732992200002 -1.77064180374 0.74242919683499997
v -0.28668752312700002 -1.75002920628 0.71325206756600001
v -0.22565481066699999 -1.7224570512799999 0.727705180645
v -0.192918524146 -1.70238125324 0.78258097171800001
v -0.19626404345000001 -1.69702684879 0.84334534406700001
v -0.22517538070699999 -0.67929375171700002 0.112836517394
v -0.36715254187599999 -0.59577506780599998 0.13157312571999999
v -0.50822293758399995 -0.57810938358300001 0.116583317518
v -0.61395931243900004 -0.63592940568900003 0.088745489716499995
v -0.65785783529300002 -0.74996191263199996 0.065722726285499994
v -0.62787824869200004 -0.87818163633299995 0.056889865547399998
v -0.53418737649900006 -0.97160410881000003 0.066259473562199994
v -0.41185617446900002 -1.0039938688300001 0.081517659127699996
v -0.294584989548 -0.98123955726599998 0.081517659127699996
v -0.20247571170299999 -0.90762716531800003 0.066793613135799998
v -0.15033057331999999 -0.795199692249 0.073487304151099997
v -0.59361505508400003 0.31970262527499999 -0.44672903418499998
v -0.68382489681199998 0.34914809465399999 -0.42970430851000002
v -0.72210323810599997 0.37591764330900002 -0.36615723371499997
v -0.71621465682999996 0.39197832346 -0.30715942382799999
v -0.65277177095399996 0.39465424418400002 -0.23970399797
v -0.60619473457299999 0.38394799828499998 -0.22685335576499999
v -0.55238986015299996 0.36253285408000002 -0.23729388415800001
v -0.51036471128500005 0.333087414503 -0.290027856827
v -0.51732420921300004 0.31167227029799999 -0.38106623292000003
v -0.56497210264200004 0.429454147816 -0.45042371749900001
v -0.64982748031600002 0.472281813622 -0.437414169312
v -0.68730330467199996 0.51511204242700004 -0.378765523434
v -0.68784004449799996 0.53920310735700006 -0.319473326206
v -0.627075731754 0.54455751180599998 -0.23006603121800001
v -0.572199940681 0.52314239740400004 -0.21025854349100001
v -0.511703968048 0.48566657304799998 -0.22310656309099999
v -0.48547118902199998 0.41606938839000002 -0.38406524062199998
v -0.531779825687 0.53920310735700006 -0.46418368816400002
v -0.60298204422000001 0.59809404611600003 -0.458000719547
v -0.63456928729999995 0.65698492526999996 -0.40783581137699998
v -0.63644272088999998 0.697136700153 -0.34945294260999998
v -0.572199940681 0.70784556865699999 -0.23488631844499999
v -0.513309001923 0.67304569482800003 -0.20704586803899999
v -0.45468640327499998 0.616833209991 -0.22283819317799999
v -0.55640500783900004 0.19924481213100001 -0.27610892057399999
v -0.60164541006100003 0.212629601359 -0.23595459759199999
v -0.64875662326799999 0.226014375687 -0.23167365789399999
v -0.71915888786299997 0.23672063648700001 -0.27450129389799999
v -0.741910755634 0.23672063648700001 -0.317063182592
v -0.73602217435799999 0.23672063648700001 -0.37461486458799997
v -0.68301975727099995 0.22333586216000001 -0.43123114108999999
v -0.59682774543799999 0.20459926128399999 -0.42943853139900001
v -0.54462784528700003 0.191214472055 -0.356842309237
v -0.59896689653400004 0.074237711727600006 -0.305017650127
v -0.63323265314099997 0.089495889842499995 -0.26432919502300001
v -0.71219944953900005 0.10020214319200001 -0.252820402384
v -0.74324995279299999 0.089495889842499995 -0.26861274242400002
v -0.76385998725899995 0.072630077600499998 -0.30314427614200001
v -0.75716888904599999 0.057640269398699998 -0.35855418443699999
v -0.71193104982400002 0.033280860632699999 -0.40807551145600002
v -0.63296425342600005 0.031139088794599999 -0.41506361961400001
v -0.58986562490500005 0.052822586148999998 -0.36672002077100002
v -0.554265856743 0.020432826131599999 -0.21989391744100001
v -0.58344292640700002 0.052554212510600003 -0.18001054227400001
v -0.65571606159200002 0.047468151897200002 -0.14119547605499999
v -0.68596404790900001 0.019361943006500001 -0.143068864942
v -0.707379221916 -0.025610081851499999 -0.162610590458
v -0.70175898075099996 -0.079412363469599997 -0.19847877323599999
v -0.65705531835599995 -0.11902994662499999 -0.25148114562000001
v -0.58745813369800004 -0.098954088985899996 -0.28119498491299999
v -0.54944556951500001 -0.037387225776899999 -0.262190014124
v -0.490822970867 -0.044615063816300003 -0.076952710747700007
v -0.52107095718399998 -0.0124936755747 -0.0389401465654
v -0.55988603830299999 -0.0111544160172 -0.0175250191242
v -0.59388083219499999 -0.029891021549700001 -0.012173192575599999
v -0.62118452787400003 -0.061478264629800002 -0.020737679675199999
v -0.63724780082700005 -0.10618191957500001 -0.043492060154700002
v -0.62814658880200003 -0.157042518258 -0.080162756145
v -0.58023029565799999 -0.18782463669800001 -0.121653750539
v -0.51732420921300004 -0.16266271471999999 -0.13798281550399999
v -0.48547118902199998 -0.102166749537 -0.117104433477
v -0.43461057543800002 -0.13348561525300001 0.059300016611799997
v -0.46298515796700002 -0.10591354221099999 0.090082138776800005
v -0.49885335564599997 -0.109126202762 0.105608686805
v -0.52829879522300005 -0.131343841553 0.106679581106
v -0.55051642656300004 -0.160789310932 0.097309976816200003
v -0.56229615211499995 -0.19692587852499999 0.078304998576600005
v -0.55078482627900005 -0.235740944743 0.048591151833499997
v -0.50795459747299998 -0.25715607404700003 0.017540652304900001
v -0.45709657669100001 -0.235740944743 0.0076369061134800003
v -0.43059539794899998 -0.184077829123 0.025839369744100001
v -0.37063357233999999 -0.23841686546800001 0.18082870542999999
v -0.38910439610500003 -0.198801860213 0.19903117418300001
v -0.41801312565799997 -0.20067527890199999 0.21669687330699999
v -0.44826111197500002 -0.21807262301399999 0.22312220931099999
v -0.47021296620399999 -0.23975612223100001 0.22044628858599999
v -0.48118764162099997 -0.25728896260299999 0.21375259757000001
v -0.48359513282799999 -0.28686991334 0.19688940048199999
v -0.473558545113 -0.300520449877 0.19233746826600001
v -0.43969660997400001 -0.312565982342 0.190198302269
v -0.39713475108099999 -0.29463189840300003 0.18511223793000001
v -0.12653136253399999 0.88183987140700004 -0.39683249592800002
v -0.12251619994600001 0.95411300659200005 -0.36182153224899999
v -0.15680801868399999 0.86845511198000003 -0.22846101224400001
v -0.087851777672800002 0.85239440202700001 -0.17599537968599999
v -0.13113799691200001 0.94608265161500005 -0.220699042082
v -0.050751164555500002 0.94340670108799995 -0.16876755654799999
v -0.40168407559399999 0.132323533297 -0.52802520990400004
v -0.34038558602300001 0.14303240179999999 -0.60326868295699998
v -0.25025653839099998 0.148384228349 -0.64521825313600001
v -0.142834380269 0.151062741876 -0.65517675876600001
v -0.43942826986299999 0.18050822615600001 -0.30582016706499998
v -0.40837776660899999 0.151062741876 -0.19071681797500001
v -0.33422866463700002 0.129647612572 -0.095420934259900003
v -0.22678039967999999 0.12429319322100001 -0.064638815820199994
v -0.120348356664 0.12697170674800001 -0.083107046783000002
v -0.45361554622700001 0.26081168651600001 -0.29671895504000001
v -0.42309918999700002 0.23939916491499999 -0.17278271913500001
v -0.34868431091300001 0.22333586216000001 -0.065172955393799997
v -0.23582692444299999 0.215305522084 -0.027965510264000001
v -0.125275492668 0.209953680634 -0.051788173615899998
v -0.40730687975899998 -0.37145692110099998 -0.39011538028699999
v -0.35403612256099998 -0.36235570907600001 -0.307696193457
v -0.27838879823700002 -0.35271769761999999 -0.22980026900799999
v -0.19797852635400001 -0.34816840291000001 -0.16689413785900001
v -0.11919931322299999 -0.34763166308400001 -0.13289675116499999
v -0.433002918959 -0.51252734661099997 -0.41500893235199998
v -0.37464872002600003 -0.48843365907699998 -0.35574540495899998
v -0.29225561022800001 -0.46005910635000002 -0.27851650118799998
v -0.20458884537200001 -0.45069211721399999 -0.200086444616
v -0.120082587004 -0.44962123036399998 -0.15725617110699999
v -0.37545126676599999 -0.120369210839 -0.35949218273200001
v -0.32941094040899999 -0.129202067852 -0.27825069427499999
v -0.26891237497300002 -0.135895758867 -0.212934449315
v -0.20062837004699999 -0.140981823206 -0.15832704305600001
v -0.124577187002 -0.144191876054 -0.12727655470400001
v -0.46244841813999998 -0.61451429128599999 -0.400180637836
v -0.40489670634300001 -0.567937254906 -0.35317367315300002
v -0.31388440728200001 -0.53447657823600003 -0.292703777552
v -0.21494856476800001 -0.53501069545699997 -0.22150154411799999
v -0.122596956789 -0.54143607616400002 -0.17492449283600001
v -0.42631185054800003 -0.78342258930200004 -0.51204532384900003
v -0.35457289218900001 -0.76361238956499999 -0.62500953674299997
v -0.26195290684700001 -0.73470371961600001 -0.71567267179500005
v -0.15070317685599999 -0.71784055232999999 -0.74988114833800001
v -0.46940785646400002 -0.63967621326400004 -0.47521045804000001
v -0.43166628480000002 -0.63405603170400004 -0.57819014787699996
v -0.36313733458500003 -0.61290663480800001 -0.67169082164799998
v -0.26663771271699999 -0.59202831983600002 -0.73146504163699999
v -0.152417644858 -0.57784098386799998 -0.75202286243399996
v -0.453347146511 -0.51627415418599998 -0.49277195334399998
v -0.424170047045 -0.50476276874500003 -0.59026694297799998
v -0.35564374923699998 -0.48977294564200002 -0.66625821590400003
v -0.26080384850499999 -0.47745907306699997 -0.70515143871300001
v -0.15081261098400001 -0.46782368421600001 -0.71583157777799999
v -0.42550933361100002 -0.37359866499900002 -0.48160970210999998
v -0.40141829848299998 -0.36931511759800001 -0.57361215352999995
v -0.33797544240999999 -0.36396071314799999 -0.63713055849099998
v -0.25178077817 -0.35807216167400002 -0.66987210512200002
v -0.14864218235000001 -0.352183580399 -0.68245172500600004
v -0.374114602804 -0.23520681262000001 -0.54384618997599998
v -0.321646362543 -0.23467007279400001 -0.60386276245100001
v -0.246027722955 -0.22851310670399999 -0.64230000972699997
v -0.147305518389 -0.22851310670399999 -0.66232371330299999
v -0.390977829695 -0.11073382943899999 -0.45144250989000001
v -0.37063357233999999 -0.103237636387 -0.53327286243399996
v -0.32271724939300001 -0.098954088985899996 -0.59856563806499996
v -0.246856287122 -0.096009798347899994 -0.64326405525200003
v -0.14701108634500001 -0.094136402010899997 -0.66184175014500002
v -0.38642588257799998 0.0174885392189 -0.52831965684899995
v -0.333157747984 0.0252505149692 -0.60088461637500001
v -0.250577032566 0.030336573719999999 -0.64594000577900001
v -0.14660982787599999 0.032746721059100002 -0.65972608327899995
v -0.44424593448600003 0.20459926128399999 -0.41696307063100002
v -0.41774475574499997 0.226014375687 -0.51924449205400003
v -0.34921845793700002 0.23939916491499999 -0.59735405445099998
v -0.25146031379700001 0.247429504991 -0.63670063018800005
v -0.14042422175399999 0.247429504991 -0.64428025484100004
v -0.46084338426600002 0.28222680091899999 -0.41977450251600001
v -0.43112951517100001 0.29828751087200001 -0.52976572513599995
v -0.35537537932399998 0.30899637937500002 -0.60528278350800002
v -0.25065779686 0.31434819102299999 -0.63617432117499995
v -0.13657060265500001 0.31702670454999998 -0.63640624284699998
v -0.48573693633100001 -0.76200741529500005 -0.41584008932099997
v -0.503673613071 -0.69562286138499996 -0.35127425193799999
v -0.45575731992700003 -0.61665606498699999 -0.30849871039400001
v -0.35724878311199998 -0.57596760988200002 -0.26620519161200001
v -0.239334017038 -0.59684598445899995 -0.21775214374099999
v -0.13070808350999999 -0.63003826141399999 -0.18402573466300001
v -0.56283032894100005 -0.74460744857799999 -0.25469380617100001
v -0.52214187383699995 -0.63566106557799995 -0.216147109866
v -0.417479008436 -0.58051693439499996 -0.18054470419900001
v -0.281067341566 -0.61504846811299996 -0.15725617110699999
v -0.146179914474 -0.68892920017199999 -0.165554881096
v -0.52294439077400001 -0.85034382343299997 -0.293240517378
v -0.42952451109899997 -0.91672837734199997 -0.34303021431000003
v -0.33503115177199999 -0.92663210630399995 -0.44276857376099998
v -0.24209070205700001 -0.90307784080499998 -0.56172817945499998
v -0.141041755676 -0.87630826234799997 -0.61474359035500004
v -0.47154963016500001 -0.96624970436099999 -0.131023347378
v -0.35109183192299998 -0.99542683362999995 -0.148957446218
v -0.243885964155 -0.98257881403000003 -0.20356483757499999
v -0.40677011012999997 0.00597716215998 -0.43843290209800001
v -0.38830190897 -0.0066024973057200002 -0.34303021431000003
v -0.33984881639499998 -0.0186480153352 -0.25924313068400001
v -0.27665090560900002 -0.027483481913800002 -0.195802882314
v -0.20402602851400001 -0.0341745689511 -0.149225816131
v -0.123026892543 -0.038726489990899997 -0.122190497816
v -0.39445623755499998 -0.235740944743 -0.46027538180400002
v -0.38080570101700001 -0.23493842780599999 -0.36752253770799997
v -0.333426117897 -0.233867555857 -0.28440767526600003
v -0.26795092225099998 -0.23145739734199999 -0.21052691340400001
v -0.195406839252 -0.23252829909299999 -0.15618528425700001
v -0.120108649135 -0.23333080112900001 -0.12807907164099999
v -0.57782012224199997 -0.88193106651300002 -0.12995246052699999
v -0.61957949399900003 -0.75745809078199999 -0.113357640803
v -0.579693555832 -0.63512426614799999 -0.083375416696100005
v -0.47154963016500001 -0.57248651981400001 -0.0512540377676
v -0.32646664977099998 -0.60005861520799997 -0.0373351164162
v -0.17340284585999999 -0.697227954865 -0.071866646409000007
v -0.424170047045 0.11626283824399999 -0.432247340679
v -0.41159042715999999 0.0948477089405 -0.33125045895600003
v -0.36902856826800001 0.075842738151600003 -0.23461794853199999
v -0.29982998967199997 0.062726326286799999 -0.16207386553299999
v -0.21184271573999999 0.056837756186699999 -0.12807907164099999
v -0.119118541479 0.054161846637699997 -0.121387980878
v -0.45174214243900002 0.67036974430100005 -0.24880523979700001
v -0.42658022046100003 0.63289391994499999 -0.24933937192
v -0.35858803987499999 0.60612440109300003 -0.23756222426900001
v -0.28128099441499999 0.59541809558900005 -0.220964789391
v -0.20260861516000001 0.58470922708499995 -0.19714213907700001
v -0.12388151139 0.58203333616300001 -0.177066266537
v -0.513309001923 0.82027304172500004 -0.26540008187300002
v -0.42443847656299999 0.83633375167799995 -0.28012412786500002
v -0.34332987666100001 0.79885786771800005 -0.28280004859000002
v -0.26950383186299998 0.76405799388899998 -0.27584058046299997
v -0.19607646763299999 0.70784556865699999 -0.23943564295799999
v -0.119384296238 0.68910634517699998 -0.204369977117
v -0.48520275950399999 0.74799734354000003 -0.23943564295799999
v -0.42791688442199999 0.72658216953300003 -0.25014191865899998
v -0.35162860155100001 0.69178485870399997 -0.25763809680900002
v -0.27496248483699998 0.66769129037899999 -0.24960775673400001
v -0.19848659634599999 0.64627611637100002 -0.219091400504
v -0.121500022709 0.638245761395 -0.19178767502300001
v -0.43487894535100002 0.36253285408000002 -0.55495375394799995
v -0.35189437866200002 0.370563238859 -0.61872750520700004
v -0.24506364762800001 0.37591764330900002 -0.63654696941400002
v -0.131083279848 0.37591764330900002 -0.62859213352200005
v -0.45388391614000001 0.43748450279200002 -0.55792665481600001
v -0.35109183192299998 0.44819074869199999 -0.61642414331399997
v -0.24179628491399999 0.45622113347100002 -0.62833422422399998
v -0.12936882674700001 0.45354521274600001 -0.61616361141200005
v -0.51946592330899999 0.56061822175999998 -0.52264475822400003
v -0.45174214243900002 0.52046650648100001 -0.58220529556300005
v -0.34681087732299998 0.53652715682999996 -0.61084306240099995
v -0.24078010022599999 0.54455751180599998 -0.61606460809700003
v -0.12963719666000001 0.54188162088400005 -0.59855782985700001
v -0.56122529506700003 0.67304569482800003 -0.50899416208299997
v -0.46271678805400002 0.65966093540199999 -0.56531345844299996
v -0.34600579738600001 0.63556987047199998 -0.58949565887499999
v -0.24246589839499999 0.638245761395 -0.59390687942499998
v -0.13046838343100001 0.63289391994499999 -0.57403945922900002
v -0.56657713651700004 0.742642819881 -0.47189354896500002
v -0.456291437149 0.74799734354000003 -0.51606047153500001
v -0.34975516796099998 0.73193657398199996 -0.54111558198900001
v -0.24773956835300001 0.72658216953300003 -0.54903912544300004
v -0.134160459042 0.71855181455600003 -0.54036515951200004
v -0.56149107217799998 0.80956411361699998 -0.40695250034300001
v -0.459235727787 0.84436404705000001 -0.43412330746700001
v -0.34975516796099998 0.82562488317500005 -0.45114809274700002
v -0.255423367023 0.80420970916699996 -0.46691432595299998
v -0.14441335201300001 0.78814899921399995 -0.49020284414300003
v -0.47262054681799998 0.35182401537899999 -0.44070756435399999
v -0.45682820677800001 0.34111773967699999 -0.30555441975600001
v -0.41292709112199999 0.333087414503 -0.187238380313
v -0.33717292547200001 0.325057059526 -0.093547537922900006
v -0.23489151894999999 0.31970262527499999 -0.056608468294100003
v -0.132743030787 0.31167227029799999 -0.069188125431500005
v -0.44558519125000001 0.50975757837299995 -0.25442543625800002
v -0.371436089277 0.50975757837299995 -0.216415479779
v -0.29206800460799998 0.50440579652799999 -0.18750414252299999
v -0.20916680991600001 0.501727283001 -0.16635739803300001
v -0.12698733806599999 0.499051362276 -0.155919507146
v -0.45441806316400002 0.424099713564 -0.29163289070100001
v -0.39151194691699998 0.41874530911399999 -0.20195981860199999
v -0.31227937340700002 0.41339346766500001 -0.143068864942
v -0.22182722389699999 0.41071492433500001 -0.117104433477
v -0.13207340240500001 0.40536314248999999 -0.117906950414
v -0.14551028609300001 0.84436404705000001 -0.42269274592400002
v -0.184351429343 0.77744275331500001 -0.24800273776099999
v -0.114754207432 0.74799734354000003 -0.20088891684999999
v -0.081079922616500003 -1.9026083946200001 0.82139599323300005
v -0.062590844929200001 -1.9328564405399999 0.86154776811599998
v -0.019109200686199999 -1.95159554482 0.88590717315699996
v 0.071580037474599997 -1.9312514066699999 0.817914962769
v 0.082473888993300007 -1.9213476181 0.75393801927600002
v 0.064513750374300002 -1.9114413261400001 0.70388251543000002
v 0.023129584267699999 -1.8956489563000001 0.67390286922499998
v -0.060779977589799999 -1.8720920085899999 0.71914064884200002
v -0.078216403722800004 -1.88012242317 0.77428221702599997
v 0.12096849083900001 -0.68545079231299999 0.303159892559
v 0.243432566524 -0.61023074388499998 0.32216486334799999
v 0.37058407068299998 -0.59684598445899995 0.32163071632399998
v 0.51620382070500004 -0.742734074593 0.299678862095
v 0.50281900167500004 -0.86158680915800001 0.291916877031
v 0.42947238683700001 -0.96170037984800005 0.29004350304600002
v 0.315171539783 -1.0077407360099999 0.291648507118
v 0.099608078599000005 -0.91405242681499999 0.273446053267
v 0.057794000953400003 -0.79814392328299999 0.27505367994300001
v 0.16816045343899999 -0.72426319122299998 0.479830116034
v 0.27501979470299998 -0.65680783987000002 0.49455416202500002
v 0.38236123323400001 -0.64663565158799996 0.49428579211200002
v 0.50442403554899995 -0.77057451009800004 0.48090100288400001
v 0.49746456742299999 -0.87390071153600002 0.475549161434
v 0.43803948164000001 -0.97187256813 0.466982066631
v 0.337657570839 -1.0205912589999999 0.46751621365500001
v 0.13614588975899999 -0.940285265446 0.45252642035500001
v 0.106914080679 -0.83107048273100004 0.45466819405600001
v 0.225336939096 -0.77860486507399995 0.66640669107399997
v 0.31276398897199997 -0.71917718648899998 0.67657881975199996
v 0.40136620402299999 -0.699903786182 0.68032562732699997
v 0.50522911548600002 -0.81795412302000003 0.656234622002
v 0.50469243526499996 -0.90629053115799996 0.65114849805800001
v 0.45624193549199998 -0.98927247524299999 0.64044225215899997
v 0.37111821770699999 -1.01898372173 0.63937139511100005
v 0.191073775291 -0.95099151134500004 0.63187515735599997
v 0.16816045343899999 -0.86720705032300005 0.64124476909600003
v 0.26457932591400002 -0.85462737083399998 0.85217815637600003
v 0.33712339401199998 -0.82277178764299996 0.87171983718900004
v 0.41609022021300002 -0.79948323965099999 0.87413001060499995
v 0.51914805173900003 -0.88273358344999997 0.83424407243700005
v 0.52128982543900004 -0.96437627077099997 0.79864162206599998
v 0.47926208376899998 -1.0114901065799999 0.76036328077299997
v 0.39949277043300002 -1.0023888349500001 0.72368997335399998
v 0.23888325691199999 -0.93412834405900003 0.75260132551199999
v 0.219367593527 -0.89772343635600005 0.80346190929399997
v 0.225553199649 -0.99917614460000004 0.88751477003099999
v 0.28519192337999999 -1.0171103477500001 0.92793488502499999
v 0.36041191220300001 -1.03183174133 0.94693988561599995
v 0.48381400108299999 -1.0599405765500001 0.89206409454299995
v 0.49184438586200002 -1.0880467891700001 0.81630998849900005
v 0.45088753104200002 -1.0923303365699999 0.72984689474099995
v 0.36710301041600002 -1.0655606985099999 0.67015343904500002
v 0.20584991574299999 -1.01068496704 0.72288751602199997
v 0.18986999988600001 -0.99034070968599996 0.82005673646900001
v 0.163637191057 -1.15523636341 0.85191243886900003
v 0.22239263355700001 -1.1812008619300001 0.89340335130699999
v 0.29616656899499999 -1.2103780507999999 0.91428172588300005
v 0.42438894510300001 -1.2499955892600001 0.85164397954899995
v 0.435363560915 -1.2553499937099999 0.75902670621900004
v 0.39869028329799999 -1.24089431763 0.66613829135900005
v 0.31463739275899999 -1.20689952374 0.60858666896799996
v 0.14372026920299999 -1.1426541805299999 0.69049769640000003
v 0.12998893856999999 -1.13997817039 0.78151005506500004
v 0.10487913340299999 -1.3174510002099999 0.83129972219500003
v 0.162540256977 -1.3428812027000001 0.86984652280800001
v 0.233260452747 -1.3733975887300001 0.88885146379500002
v 0.35532587766599999 -1.4210455417600001 0.82300108671200001
v 0.36469286680200003 -1.4210455417600001 0.73198872804600001
v 0.32989555597300002 -1.40337729454 0.64472317695600001
v 0.25092875957499999 -1.3693823814399999 0.59306007623699997
v 0.085126362740999995 -1.3056738376599999 0.67738127708399998
v 0.071955233812299998 -1.30272960663 0.76544934511200002
v 0.058143142610800003 -1.49813890457 0.81657832860900004
v 0.10589791089300001 -1.51874899864 0.84923386573799997
v 0.165750309825 -1.5444476604499999 0.86556291580199995
v 0.26859447359999999 -1.58540451527 0.80720871686899998
v 0.274217307568 -1.5851361751599999 0.72984689474099995
v 0.243700936437 -1.57014620304 0.65810793638200005
v 0.17806421220300001 -1.54230594635 0.61474359035500004
v 0.041063681244900001 -1.4885009527199999 0.68862432241399996
v 0.031428303569599997 -1.4863593578300001 0.762236714363
v 0.0073633221909400002 -1.68765723705 0.81095552444499996
v 0.043875079602000003 -1.70425474644 0.84388202428799997
v 0.092914387583700006 -1.72513306141 0.86021107435199995
v 0.17287132144 -1.7561861276599999 0.802656829357
v 0.176378399134 -1.7556493282300001 0.73921650648100001
v 0.15145617723499999 -1.7433354854600001 0.68353831767999995
v 0.100517421961 -1.7216546535499999 0.64713335037200004
v -0.0044424855150299999 -1.6801637411100001 0.70307999849299996
v -0.0111882891506 -1.6788244247399999 0.76357597112700004
v 0.084162302315199999 -0.67581278085700003 0.11096312850700001
v 0.221483319998 -0.587476372719 0.14094273745999999
v 0.36281946301500001 -0.56419044733000001 0.14255036413700001
v 0.40886241197599998 -0.95688271522500001 0.10079100728
v 0.28572866320599999 -0.99409013986600003 0.10025426000400001
v 0.071418493986100007 -0.905753731728 0.060370903462199997
v 0.0151513498276 -0.79386299848599995 0.068132869899299994
v 0.523965775967 0.24475097656299999 -0.38441437482800001
v 0.612570524216 0.27687495946899998 -0.36083143949500002
v 0.64388942718499997 0.31167227029799999 -0.29752406477900001
v 0.63184386491800004 0.335763335228 -0.242648288608
v 0.60105913877499995 0.34647217392899998 -0.20651175081699999
v 0.56090742349599998 0.34914809465399999 -0.184559866786
v 0.51272273063700002 0.34111773967699999 -0.17599537968599999
v 0.45998874306699999 0.31970262527499999 -0.189914301038
v 0.42331805825199997 0.284905314445 -0.24291667342199999
v 0.44044965505599998 0.25010541081400001 -0.32830619812
v 0.50014311075200002 0.35450252890599998 -0.407379835844
v 0.5844617486 0.39733275771100002 -0.39043584465999998
v 0.61631733179100001 0.44551482796699998 -0.333929002285
v 0.61096292734099999 0.48031473159799998 -0.27932161092800001
v 0.584998488426 0.496375441551 -0.23461794853199999
v 0.54002642631499997 0.499051362276 -0.199818044901
v 0.48247474431999998 0.48299065232299998 -0.18402573466300001
v 0.422512918711 0.44551482796699998 -0.19874715805099999
v 0.38824978470799998 0.39465424418400002 -0.25763809680900002
v 0.41287758946399999 0.35182401537899999 -0.34985417127599999
v 0.472839385271 0.46157553792 -0.44046527147300002
v 0.54511255025899996 0.52046650648100001 -0.43425622582399998
v 0.572952985764 0.58470922708499995 -0.38928419351600002
v 0.56947189569500001 0.63289391994499999 -0.33740741014499998
v 0.54270493984199997 0.65966093540199999 -0.28387090563799999
v 0.492646872997 0.65966093540199999 -0.23434957861899999
v 0.42947238683700001 0.63289391994499999 -0.209456026554
v 0.37084984779399999 0.57667887210799995 -0.224177464843
v 0.46105965971899998 0.153738662601 -0.20249655842799999
v 0.501479744911 0.17247787117999999 -0.15966631472100001
v 0.54779100418100002 0.18318411707900001 -0.15109921991799999
v 0.58821111917500002 0.18853856623199999 -0.16207386553299999
v 0.62274265289300001 0.18853856623199999 -0.18616750836400001
v 0.65084886550900001 0.18586003780400001 -0.226050853729
v 0.652453899384 0.17247787117999999 -0.28387090563799999
v 0.60641360282900003 0.153738662601 -0.34463524818399999
v 0.51968222856500002 0.13500204682399999 -0.34993496537199997
v 0.45838373899500001 0.13500204682399999 -0.28226590156600001
v 0.49425193667400003 0.013204994611399999 -0.19339531660100001
v 0.52236074209200001 0.030068201944199999 -0.14815492927999999
v 0.56090742349599998 0.040240321308400002 -0.12888157367700001
v 0.60025668144199995 0.042382091283800001 -0.12968410551500001
v 0.63612484931900004 0.039169434458000002 -0.148957446218
v 0.66610699892000003 0.031675834208700002 -0.19151933491199999
v 0.67012226581599998 0.0188251938671 -0.25496217608499999
v 0.63371729850799996 -0.0100835300982 -0.310906231403
v 0.55234032869299998 -0.019453136250399999 -0.31893658638
v 0.49639368057299998 -0.0066024973057200002 -0.262190014124
v 0.50094556808500001 -0.13107547164 -0.14842329919300001
v 0.52128982543900004 -0.11314138025000001 -0.095689311623600004
v 0.55689227581 -0.10511103272400001 -0.067583106458199996
v 0.59597313404100005 -0.10591354221099999 -0.061694525182199998
v 0.63451981544500002 -0.113678127527 -0.076952710747700007
v 0.66878294944799999 -0.12973882257899999 -0.115765176713
v 0.678955078125 -0.157042518258 -0.17438773810899999
v 0.64522606134399996 -0.18273857235900001 -0.24184577166999999
v 0.56866943836200001 -0.18166770040999999 -0.26058238744700002
v 0.51245439052599995 -0.15784502029399999 -0.21480785310299999
v 0.49800130724899999 -0.27776607871100001 -0.068653985858000005
v 0.51941645145399995 -0.25929784774800002 -0.017793390899900001
v 0.55742639303200003 -0.25233837962200001 0.0036217330489300001
v 0.632109642029 -0.26224213838600002 -0.021540192887200001
v 0.660218417645 -0.27776607871100001 -0.063567928969900003
v 0.66583865881000004 -0.30212548375100001 -0.121922120452
v 0.62729197740599996 -0.32541400194199999 -0.176261156797
v 0.50897598266599997 -0.30373314022999998 -0.13316512107799999
v 0.50683414936100002 -0.43650481104900002 -0.0025352132506700001
v 0.52691006660499995 -0.41883650422099999 0.039489917457100003
v 0.598917424679 -0.41803395748099997 0.044310212135300002
v 0.62889701127999997 -0.42606434226000001 0.022626711055600001
v 0.65031212568300001 -0.43891233205800001 -0.011904818937199999
v 0.65031212568300001 -0.45845407247499997 -0.058213494718100001
v 0.61444395780600003 -0.47772741317700002 -0.098365224897900005
v 0.51727467775299996 -0.46005910635000002 -0.057679355144499997
v 0.50790506601300001 -0.60300290584600003 0.059300016611799997
v 0.52155822515500005 -0.57891190051999997 0.094902433455000004
v 0.58874529600100001 -0.57543081045199995 0.094634063541900001
v 0.61497807502699997 -0.58105361461600002 0.0772341117263
v 0.632109642029 -0.58694219589200003 0.0515354387462
v 0.63103878498099997 -0.59417003393199996 0.017006512731300001
v 0.57268458604799999 -0.61451429128599999 -0.017793390899900001
v 0.53226447105399999 -0.62067121267299996 0.010044446215000001
v 0.058570455759800001 0.88183987140700004 -0.39956313371699997
v 0.022861212491999999 0.962143301964 -0.39811965823200002
v 0.10212244838499999 0.87113100290300005 -0.24345080554500001
v 0.050407230854 0.85507029295000003 -0.189377561212
v 0.092888332903399998 0.95411300659200005 -0.26379504799800002
v 0.074123069644000006 0.95143705606499995 -0.21427370607900001
v 0.33257147669800002 0.118941359222 -0.51755863428100002
v 0.27394893765400002 0.132323533297 -0.59454786777500002
v 0.18566723167900001 0.14303240179999999 -0.63881641626399999
v 0.079289898276299994 0.148384228349 -0.65180253982500003
v 0.36576375365300001 0.16444753110400001 -0.29083037376400001
v 0.32909306883799999 0.13500204682399999 -0.177066266537
v 0.25039201974899999 0.118941359222 -0.084714680910099996
v 0.14182081818600001 0.11626283824399999 -0.057679355144499997
v 0.036433592438700001 0.12429319322100001 -0.079896993935099997
v 0.38075619935999999 0.247429504991 -0.27423554658900001
v 0.34274360537499998 0.226014375687 -0.152706846595
v 0.26190340518999999 0.215305522084 -0.049112264066900002
v 0.146800041199 0.209953680634 -0.017793390899900001
v 0.038333047181400001 0.20727515220600001 -0.047507233917700002
v 0.27903500199300002 -0.36208730936099998 -0.30662527680399998
v 0.20207706093800001 -0.35271769761999999 -0.229531884193
v 0.120700113475 -0.34843677282300001 -0.16715991496999999
v 0.041493594646500001 -0.34763166308400001 -0.13316512107799999
v 0.36308783292800001 -0.511456429958 -0.40933400392500002
v 0.21829667687400001 -0.46005910635000002 -0.276911437511
v 0.12808948755300001 -0.450957894325 -0.20062054693699999
v 0.042642649263099998 -0.44988697767300001 -0.15752454101999999
v 0.297774195671 -0.126257777214 -0.35895544290499998
v 0.251462906599 -0.134288132191 -0.27798235416400002
v 0.19051097333399999 -0.13991093635599999 -0.212400317192
v 0.121984660625 -0.14365772902999999 -0.15805868804500001
v 0.045803200453499997 -0.145531132817 -0.12700818479100001
v 0.39173081517199998 -0.61157000064800005 -0.38912522792799997
v 0.23754400014900001 -0.533405721188 -0.28895696997600001
v 0.136841580272 -0.53527909517299999 -0.22176730632800001
v 0.0439819097519 -0.54170441627499999 -0.175190255046
v 0.35291573405299997 -0.78181493282299996 -0.50604987144500002
v 0.27983748912799999 -0.76361238956499999 -0.62455874681500001
v 0.18577405810399999 -0.73550623655299996 -0.71733248233799995
v 0.073534205555899998 -0.71837460994699998 -0.75098061561600005
v 0.39869028329799999 -0.63780277967499999 -0.467956572771
v 0.35934105515499998 -0.633519232273 -0.57548558711999998
v 0.288938730955 -0.61317503452300004 -0.67163860797899999
v 0.19075329601800001 -0.59256243705699996 -0.732455074787
v 0.075462326407399999 -0.57810938358300001 -0.75311988592099999
v 0.38209283351899997 -0.51547163724900003 -0.48907724022900001
v 0.35104233026499998 -0.50476276874500003 -0.58895111083999996
v 0.280908375978 -0.49004134535799998 -0.66636496782300003
v 0.18489077687300001 -0.47772741317700002 -0.70590180158600002
v 0.073909409344199997 -0.46835783124000002 -0.71663677692399996
v 0.35131070017799998 -0.37359866499900002 -0.480564892292
v 0.326414555311 -0.36931511759800001 -0.57323700189600002
v 0.26217177510299999 -0.36422908306099999 -0.63727647066100002
v 0.175093844533 -0.358340531588 -0.67027336359
v 0.071285605430600002 -0.352451950312 -0.68282693624500002
v 0.296969085932 -0.23547257483 -0.54376542568200004
v 0.24450345337400001 -0.23493842780599999 -0.60390967130700002
v 0.168027564883 -0.22878149151800001 -0.64230000972699997
v 0.069305375218399995 -0.22851310670399999 -0.66229510307299999
v 0.29349064826999999 -0.108592063189 -0.532736063004
v 0.24584271013699999 -0.103237636387 -0.59810709953300001
v 0.170088559389 -0.098954088985899996 -0.642888903618
v 0.070402324199699995 -0.095741428434800005 -0.661654174328
v 0.31222727894800001 0.0094581944867999992 -0.52724874019599999
v 0.259493261576 0.018559427931900001 -0.59985542297399996
v 0.17715486884100001 0.025518888607600002 -0.645082771778
v 0.073453433811699997 0.030068201944199999 -0.65927010774600003
v 0.35371825098999998 0.209953680634 -0.50454908609399995
v 0.288938730955 0.228690296412 -0.58469361066799996
v 0.193752288818 0.23939916491499999 -0.62744045257600001
v 0.083839215338200004 0.24475097656299999 -0.639462590218
v 0.37218910455699999 0.28758123517 -0.50596910715099996
v 0.30232352018399999 0.300966024399 -0.58477443456599998
v 0.201219826937 0.30899637937500002 -0.62112456560100004
v 0.088847108185300006 0.31434819102299999 -0.62849575281100001
v 0.41207504272500001 -0.75772386789299995 -0.401572018862
v 0.42733323574100002 -0.68946593999899997 -0.331787228584
v 0.27287802100199998 -0.57275491952900004 -0.25790646672200002
v 0.155231639743 -0.59604346752199999 -0.21694962680300001
v 0.048505168408200003 -0.63003826141399999 -0.18482825159999999
v 0.47364190220800001 -0.73390120267900005 -0.22364331781899999
v 0.31731331348399999 -0.573825836182 -0.16528652608399999
v 0.18282978236700001 -0.61237251758599998 -0.15431188046899999
v 0.053726714104399997 -0.688660860062 -0.16715991496999999
v 0.43857362866400001 -0.84151095151900002 -0.267276078463
v 0.34756132960300001 -0.91217911243399996 -0.32910871505700001
v 0.254407197237 -0.92556124925600003 -0.440225541592
v 0.161922723055 -0.90388035774200004 -0.56512582302100001
v 0.060631457716200002 -0.87711071968099996 -0.61765140294999998
v 0.37004730105400002 -0.95661437511400005 -0.10639555752300001
v 0.25012624263799998 -0.99060904979700004 -0.139322072268
v 0.14342583715900001 -0.98150789737699995 -0.20597499609
v 0.31329813599599998 -0.015169589780300001 -0.34222513437300001
v 0.26431354880300001 -0.025875849649299999 -0.258440613747
v 0.20063097774999999 -0.033372055739199998 -0.19526873529
v 0.127526685596 -0.038189742714200003 -0.14869168400800001
v 0.046230513602500002 -0.040868259966399999 -0.121922120452
v 0.30339437723200002 -0.23520681262000001 -0.36738964915299999
v 0.25601482391399999 -0.23413592577 -0.28440767526600003
v 0.18989606201600001 -0.23172578215600001 -0.21052691340400001
v 0.117328517139 -0.23252829909299999 -0.15618528425700001
v 0.0420016795397 -0.23333080112900001 -0.12807907164099999
v 0.474444419146 -0.86800956726099998 -0.092476651072499999
v 0.51084935665099995 -0.74166321754499998 -0.071598276495900004
v 0.35050821304300001 -0.56204867363 -0.0295705385506
v 0.20635801553700001 -0.59470421075799995 -0.0309097953141
v 0.059961825609199999 -0.69588869810099996 -0.074274189770200005
v 0.335784167051 0.084141455590700007 -0.32027584314300001
v 0.29000961780500001 0.065136477351199998 -0.225516721606
v 0.21856507658999999 0.054427608847599999 -0.15484862029599999
v 0.12956163287200001 0.051214955747099999 -0.123261377215
v 0.036701962351799997 0.051751699298599997 -0.119246207178
v 0.37352836132 0.638245761395 -0.24104066193099999
v 0.345956295729 0.616833209991 -0.21587872505200001
v 0.27394893765400002 0.60076993703799997 -0.20276232063800001
v 0.19516971707299999 0.59006369113900003 -0.18911179900200001
v 0.113365449011 0.58470922708499995 -0.17492449283600001
v 0.032392363995300003 0.57935738563500006 -0.16582326590999999
v 0.44392806291600001 0.77744275331500001 -0.27503806352600002
v 0.36201697587999998 0.79617935419100005 -0.28708356618899999
v 0.280908375978 0.77208834886599997 -0.28494182228999998
v 0.201433494687 0.74799734354000003 -0.26914948225000002
v 0.115694843233 0.70516705513 -0.21989391744100001
v 0.033353816717899998 0.68910634517699998 -0.19339531660100001
v 0.409130752087 0.713197410107 -0.23461794853199999
v 0.35345250368100001 0.70516705513 -0.22819264233100001
v 0.27475145459200001 0.68107604980500003 -0.22846101224400001
v 0.194367215037 0.66501533985100003 -0.21989391744100001
v 0.11315180361299999 0.64627611637100002 -0.19714213907700001
v 0.032712846994399997 0.63556987047199998 -0.18081305921099999
v 0.38717889785800003 0.35717841982800003 -0.50674557685900001
v 0.31142473220799999 0.367887318134 -0.58092075586299996
v 0.20847372710699999 0.37323909997900001 -0.61035060882600001
v 0.095295868813999998 0.37591764330900002 -0.61531680822400003
v 0.40966489911100001 0.44283890724199998 -0.50551313161800004
v 0.31677916645999998 0.44819074869199999 -0.57329165935500004
v 0.20983904600100001 0.45354521274600001 -0.59784913063
v 0.097359478473699995 0.45354521274600001 -0.60072827339199997
v 0.47069761157000001 0.51778799295400002 -0.48283955454799998
v 0.41796362400100001 0.53117275237999995 -0.53517228364900005
v 0.314369052649 0.53652715682999996 -0.56935727596300001
v 0.20815324783299999 0.54188162088400005 -0.58541798591600003
v 0.096473582088900001 0.54188162088400005 -0.58290100097700004
v 0.51165187358899999 0.60880291461900005 -0.48974686861
v 0.41903451085100002 0.63289391994499999 -0.52773076295900001
v 0.31115636229499999 0.63556987047199998 -0.549760818481
v 0.207671225071 0.63556987047199998 -0.56309348344800003
v 0.095618955790999993 0.630215406418 -0.55795270204500003
v 0.51352524757399998 0.68910634517699998 -0.45422524213799997
v 0.40618386864700001 0.72390621900600005 -0.484822392464
v 0.306875437498 0.72658216953300003 -0.50741517543799997
v 0.20670714974400001 0.72122770547899995 -0.51953887939499999
v 0.095405310392399995 0.71587592363399999 -0.52411687374100002
v 0.50308740138999997 0.75602763891199998 -0.40309888124499998
v 0.40216869115800002 0.80153381824500003 -0.43168711662300002
v 0.29884508252100001 0.80688822269399996 -0.44429543614400002
v 0.19870285689799999 0.79350346326800003 -0.45269837975499999
v 0.092406295239900002 0.78814899921399995 -0.47911879420300002
v 0.37914854288099997 0.335763335228 -0.25335454940800001
v 0.32239937782299999 0.32773295044900003 -0.14440813660599999
v 0.238614872098 0.32238113880199998 -0.062497042119500003
v 0.13416565954699999 0.31702670454999998 -0.0373351164162
v 0.034773848950900001 0.30899637937500002 -0.060623645782499999
v 0.34863218665099999 0.52046650648100001 -0.21507622301599999
v 0.28037425875700001 0.50975757837299995 -0.17599537968599999
v 0.200362607837 0.501727283001 -0.15324099361900001
v 0.11542645841800001 0.499051362276 -0.14387139677999999
v 0.032658129930499998 0.496375441551 -0.14494228363
v 0.37111821770699999 0.42142382264099998 -0.235152095556
v 0.29964759945899999 0.41606938839000002 -0.15377773344500001
v 0.21393498778299999 0.41071492433500001 -0.10720068961400001
v 0.12123686075200001 0.40803900361099998 -0.093815915286500004
v 0.032551303505899999 0.40536314248999999 -0.106663942337
v 0.48086971044499999 0.78814899921399995 -0.34115684032400001
v 0.080147124826899993 0.84436404705000001 -0.42298716306700002
v 0.11612214148 0.77476686239199999 -0.242379918694
v 0.036514364182900001 0.74799734354000003 -0.19392946362499999
v -0.033950489014400002 0.88183987140700004 -0.42544940114000002
v -0.061381861567500001 0.95946741104099997 -0.40489152073899998
v -0.016610465943800001 0.84436404705000001 -0.165554881096
v 0.0274652447551 0.94608265161500005 -0.173853605986
v -0.0316654108465 0.151062741876 -0.65193539857899996
v -0.041605636477499999 0.129647612572 -0.094886802136899998
v -0.042796377092600001 0.209953680634 -0.069188125431500005
v -0.039023522287599997 -0.34816840291000001 -0.117372810841
v -0.038822893053300001 -0.45042371749900001 -0.142266362906
v -0.039411749690800003 -0.14579950273 -0.118977837265
v -0.039344009011999997 -0.54518282413499997 -0.155919507146
v -0.038739513605799997 -0.71168357133899995 -0.746803998947
v -0.038559731095999999 -0.57757264375700001 -0.74704366922400001
v -0.038533676415699998 -0.46782368421600001 -0.71390604972799998
v -0.039000071585199997 -0.34575822949399998 -0.68443453311900004
v -0.038997467607300003 -0.22851310670399999 -0.66598975658399995
v -0.038291357457599998 -0.094404764473400002 -0.66269642114600003
v -0.036537814885399998 0.031944207847099997 -0.65777188539499998
v -0.0282182525843 0.247429504991 -0.64031976461399998
v -0.0238200612366 0.31434819102299999 -0.62843060493500003
v -0.0408213622868 -0.64128124713900003 -0.17331686615899999
v -0.0451856777072 -0.72131896018999997 -0.19071681797500001
v -0.0404591858387 -0.86586779355999999 -0.59495174884799995
v -0.038463328033699999 -0.041134025901600001 -0.112018376589
v -0.039054788649100003 -0.233867555857 -0.121119610965
v -0.053364541381600003 -0.82678693532900005 -0.16608902812000001
v -0.0412330403924 0.052554212510600003 -0.118175320327
v -0.045844886452000001 0.57935738563500006 -0.16769665479699999
v -0.043619737029099999 0.68375194072699996 -0.19018268585199999
v -0.0448521673679 0.63556987047199998 -0.18001054227400001
v -0.018059160560399998 0.37591764330900002 -0.61611407995199996
v -0.0163942035288 0.45354521274600001 -0.60108780860900002
v -0.017139395698899999 0.53920310735700006 -0.58067846298199999
v -0.017881982028499999 0.630215406418 -0.55482083558999995
v -0.019356729462699999 0.71587592363399999 -0.52850723266599997
v -0.025914931669799999 0.78814899921399995 -0.49352234602
v -0.048075247555999998 0.30899637937500002 -0.079628624021999994
v -0.047051262110500001 0.496375441551 -0.15190434455900001
v -0.0492190942168 0.40536314248999999 -0.12004871666399999
v -0.033583104610399997 0.84971588850000002 -0.44747942686100001
v -0.040352359414100002 0.73996698856400001 -0.184559866786
vt 0.92095317055415538 0.59670076461170019
vt 0.91989112356038971 0.59565166399233183
vt 0.92027718008010528 0.59421756911854984
vt 0.91892436764384355 0.59301118203779812
vt 0.91739608676634532 0.59144300841718112
vt 0.9166163142731224 0.58928328256503004
vt 0.91619669283695548 0.58759264408083411
vt 0.91466548214881416 0.58735260755528129
vt 0.91406772560445926 0.58584381167120614
vt 0.91539801573754453 0.58361145077829779
vt 0.9137304253221854 0.58602257273415437
vt 0.91364163697298473 0.58764526250689297
vt 0.91353011960424224 0.58911889845314402
vt 0.91225451386098588 0.5893415311277429
vt 0.91068929888741956 0.59098453615162605
vt 0.90998294694733628 0.59313273849281301
vt 0.91039737120977338 0.59447512925330215
vt 0.90915228780346602 0.5953100097739914
vt 0.90793616360482032 0.59624323140115232
vt 0.90695556100181307 0.59724578631351621
vt 0.90589863812346849 0.59739451644399244
vt 0.9066030483705465 0.59836258755918215
vt 0.90620343472692078 0.59953977027181315
vt 0.90668495525172454 0.60131336249424228
vt 0.90689795313155286 0.60266822670262943
vt 0.90731746105509781 0.60429658434398892
vt 0.90865842253867524 0.60648444547034952
vt 0.90935722757388804 0.60970624586567734
vt 0.91170280191483655 0.61284562965160683
vt 0.91225414316415221 0.61533727630257073
vt 0.91289352891914299 0.61848312366935554
vt 0.9132441384237594 0.62043783234376038
vt 0.91359769287396408 0.62290656283416279
vt 0.91367962377553258 0.62499291468811813
vt 0.91409162821352263 0.62824135114733193
vt 0.91417321803807206 0.62967483935742941
vt 0.91528191356185939 0.63129233438883103
vt 0.91582493406058108 0.63495666933377248
vt 0.91542602865100919 0.6395356130008033
vt 0.91319450736013019 0.64724451655895454
vt 0.91181464193888617 0.65393873270214209
vt 0.91222793052644913 0.66112147759420081
vt 0.90923081159056807 0.66927007288694962
vt 0.9052229622642245 0.67720117987470829
vt 0.89856815039602445 0.68546955062780912
vt 0.88876659647188672 0.69384855355249531
vt 0.8815220619506966 0.68530321774857761
vt 0.87387126409951399 0.67483620457909843
vt 0.86919148955720515 0.66637883556218747
vt 0.86465372359416059 0.65605147061042113
vt 0.86039922814994041 0.65077102799940001
vt 0.8586765863056447 0.64769690647444644
vt 0.85783198357668289 0.64649903451931523
vt 0.85397505494825354 0.64981076615213373
vt 0.85191076392854215 0.64970773922632852
vt 0.84661752151407121 0.64897627747470954
vt 0.84348356823680237 0.64554794198717813
vt 0.84078349295471089 0.64133203059070309
vt 0.83972961374375765 0.63729876115394535
vt 0.83975706188474286 0.6324192327656174
vt 0.8404091904769837 0.62834173747590061
vt 0.84190631663373594 0.62529549019326425
vt 0.84356972331505453 0.62323672455791712
vt 0.84278058546918222 0.62185334881441612
vt 0.84522286877855868 0.61979858615660277
vt 0.84694628017608187 0.61706626256408337
vt 0.84584710625843873 0.61558031761436172
vt 0.84436474408543172 0.61002149153457075
vt 0.83761683146391697 0.60560345476340982
vt 0.83524253556191297 0.60135082373243898
vt 0.8302100760277944 0.60203322810567106
vt 0.82612024858984923 0.59900493714474989
vt 0.82200533256674435 0.59658902648565859
vt 0.81713287357082431 0.59499342323292925
vt 0.81309071417673884 0.59565516775361016
vt 0.81488188273434492 0.60050646960306109
vt 0.81595042429822517 0.60668315136292539
vt 0.81733065592242637 0.61481977155959855
vt 0.81673868722284348 0.62351820270212499
vt 0.8126156238080251 0.63197769647538615
vt 0.80508185761996087 0.63872395625016309
vt 0.79251203048078855 0.64144413297420688
vt 0.78098855294189806 0.64046482922763603
vt 0.76946426642990184 0.63861801871272272
vt 0.76024699006852126 0.63676197214762797
vt 0.75373537761027787 0.63726132365077792
vt 0.7526721179530842 0.64142546109270193
vt 0.75165042181275765 0.64621729115724347
vt 0.75810289970025924 0.65118478875093533
vt 0.76536032591919445 0.65479279618151487
vt 0.77266667093289143 0.65859867862793842
vt 0.78083213267901985 0.6574612729913617
vt 0.79212155843517229 0.65512096825240196
vt 0.80743909949730175 0.65347777562228238
vt 0.82261908147920149 0.65711548607996728
vt 0.83733495258100843 0.66317853304507324
vt 0.8509197679503413 0.67203703816952087
vt 0.86345305288873697 0.67801855075078843
vt 0.87507878859766297 0.68256904847209721
vt 0.88240741792012301 0.68155787743375995
vt 0.88878837632079988 0.67806049059927431
vt 0.89303283846552706 0.67586001842021437
vt 0.89579936579433839 0.67274058176797336
vt 0.89667275930576973 0.6678333914665282
vt 0.89649330886191991 0.66211419743175881
vt 0.89794543632516 0.65789703399832877
vt 0.9017853651347435 0.65377850003799487
vt 0.90319641680689988 0.6527986644563275
vt 0.90768324468627171 0.65324641169588249
vt 0.91060479207453171 0.65660429241105023
vt 0.91185975484807913 0.6599291505949445
vt 0.91216219511898544 0.66457973683343641
vt 0.91162860783710253 0.66837892666876775
vt 0.91316118525659096 0.67021150287911047
vt 0.91513457930574993 0.66973840771052828
vt 0.91824802890452073 0.66875343320959724
vt 0.9187690548342371 0.67197698772299164
vt 0.9173599009826694 0.67662813951609102
vt 0.9201842702413171 0.67769132900744455
vt 0.92060012464999452 0.67579226233844514
vt 0.92358009512306338 0.67131207182999497
vt 0.92749046914026412 0.66928355803176376
vt 0.92877666491320932 0.6660578789008591
vt 0.93001513569034011 0.66047379014744034
vt 0.93237216735000428 0.6528980368508952
vt 0.9374729304746201 0.6508653550643293
vt 0.94127249501051147 0.6538886186365378
vt 0.94167500653016067 0.65804094005693159
vt 0.94136531674860102 0.66290690384974738
vt 0.94028123044466927 0.66705822488906152
vt 0.9395412319698907 0.67109292698965162
vt 0.93898850668440459 0.67428276968361323
vt 0.93786325835422313 0.67736769818969611
vt 0.93720347906425705 0.6831450332725757
vt 0.93571221542743099 0.68626272238026931
vt 0.93261684891566021 0.68942349262728253
vt 0.93332964472915392 0.69449932866701591
vt 0.93565587264790162 0.69617270078543048
vt 0.93712475962530972 0.70102170492768368
vt 0.94336453739063841 0.70551532658933824
vt 0.9490017084887441 0.71069506101305979
vt 0.95084305670517855 0.71519902531892243
vt 0.9467183642252367 0.71689006196056182
vt 0.94191418401395088 0.71378304441969642
vt 0.93731900299708315 0.71018462085186729
vt 0.93264087360641823 0.70671797667168357
vt 0.92919846439821541 0.70391763922580342
vt 0.92704017583677767 0.701499012813393
vt 0.92349111223124691 0.69724456236879506
vt 0.92280448585931107 0.69880160288545157
vt 0.92363703055648216 0.6999721454492247
vt 0.92984909062498899 0.70208758128799031
vt 0.93258128158379938 0.7031431816386321
vt 0.93538165083554337 0.70413281004383221
vt 0.93949213726365932 0.70637633812165435
vt 0.94380763184644489 0.70852280185749494
vt 0.95002345451980297 0.71190999896742668
vt 0.94787402261531883 0.71712829598703953
vt 0.94155772679686722 0.71667176475988648
vt 0.93591328026229292 0.71485103442480513
vt 0.93138433174958246 0.71352101009873481
vt 0.92836430988787189 0.71237571382708753
vt 0.9250446864768388 0.71076406995425112
vt 0.91810000818472437 0.70837849698675248
vt 0.91627896151748067 0.70978327478688485
vt 0.91700730182321954 0.71077379792199979
vt 0.92262983256371944 0.71193330826673418
vt 0.92573479278522441 0.71184161859289707
vt 0.92913262794387907 0.71164408730218554
vt 0.93233240378647264 0.71139078109940102
vt 0.93541792178414518 0.7116641698653362
vt 0.93965053639260854 0.71568466067150471
vt 0.93962307222546582 0.71752596678102831
vt 0.93974238038248659 0.72043171231759207
vt 0.93659311083533758 0.7255761313725807
vt 0.93384045034970165 0.72678167966898788
vt 0.93099874358841961 0.72753249548545074
vt 0.92747691222518025 0.72808404213013256
vt 0.92348291029486873 0.72838245717420091
vt 0.91602729270375094 0.72990795156026056
vt 0.91416589133195225 0.73111917240195834
vt 0.91615513633163537 0.73302840940182079
vt 0.92563585747748034 0.73287275663321438
vt 0.92993225791930556 0.73313345580486844
vt 0.93382877327971714 0.73360627450478755
vt 0.93918832414016651 0.7342178382028699
vt 0.94475964816177838 0.73562805915847052
vt 0.94849633898926344 0.73860231328473003
vt 0.94910690359778427 0.74221238969376335
vt 0.94352318502121535 0.74436813039423111
vt 0.93852872641673035 0.74418043113372134
vt 0.93358876408981706 0.74366174181122036
vt 0.93017430605907581 0.74396918055634065
vt 0.92687351717787259 0.74430128972304732
vt 0.91880524445312106 0.74421833888648536
vt 0.91588916042321911 0.74441329996176409
vt 0.91869457892048545 0.74566335035787934
vt 0.92524230994074363 0.7499386170734369
vt 0.92847705646941303 0.75211600778523813
vt 0.93269903314900415 0.75486773158770959
vt 0.93794431325228811 0.75815539616231864
vt 0.94258375015663676 0.76152308021249393
vt 0.94443773372833395 0.76564980500815238
vt 0.94348103215911006 0.76938768710166394
vt 0.94064926348373679 0.77172599762108962
vt 0.93373470727144103 0.76919653409158684
vt 0.92661311085714948 0.76599200009438928
vt 0.92279781481317502 0.76158391296900185
vt 0.91920000966658366 0.76034208199772046
vt 0.91268817696597115 0.7548643167624004
vt 0.90736318959923601 0.75266278779858808
vt 0.91052391665978505 0.75729707396513501
vt 0.91783886297398798 0.75965945548974001
vt 0.9214269003694272 0.76078100092037937
vt 0.92466330265305374 0.76222291592579716
vt 0.92848619406607147 0.76442637099801181
vt 0.93229950988313692 0.76668767885036881
vt 0.93530701182091902 0.76967255468201368
vt 0.93709847184640949 0.77180178444708991
vt 0.93795406122608771 0.77458613462595838
vt 0.93445048435140221 0.77581516661716154
vt 0.92819918241200638 0.77245871139508526
vt 0.92292835825162556 0.76997445709394341
vt 0.91930597678633874 0.76894505247824796
vt 0.91561467877797131 0.76539851701178685
vt 0.90911489508245846 0.76367309606215095
vt 0.90606950612477444 0.76365105384753995
vt 0.90089950935147356 0.7639861347403194
vt 0.89425305405418043 0.76224600550069421
vt 0.89104265399766558 0.76325740029061317
vt 0.89224588137155925 0.76680897297213391
vt 0.89389676253168371 0.76953878066621562
vt 0.89724803918235563 0.77250711099366431
vt 0.90018995646826139 0.77550496855789153
vt 0.90258742055050933 0.77851112665030997
vt 0.90376718489174523 0.78075142897757632
vt 0.90538583604791556 0.78297624669944521
vt 0.90612145616255546 0.78567265344608905
vt 0.90491663285955337 0.78584002988133528
vt 0.90140191951679283 0.78396263486519446
vt 0.89854472485804926 0.7814372614414925
vt 0.89422388423293298 0.77794562243021259
vt 0.88905430171106181 0.77400511538181782
vt 0.88411411053908795 0.77071045666034255
vt 0.88012236547777956 0.76612817298377101
vt 0.87680878515574268 0.7583129418307234
vt 0.8743917098087528 0.74932972448019175
vt 0.86458205373527119 0.74784155036240507
vt 0.85313273238732656 0.7512205207341176
vt 0.83865035295196322 0.75221616869379249
vt 0.82352277769615678 0.75338063880917605
vt 0.80762053131290434 0.7521962809214976
vt 0.79095086211837007 0.75165068490378806
vt 0.77849315023118049 0.74736124635290346
vt 0.76703556546317786 0.7429915868963074
vt 0.75241445633968507 0.73997497592043937
vt 0.73870363762987756 0.73768299122601588
vt 0.72538243684123005 0.73226270173534025
vt 0.71592617945932924 0.72667600287618905
vt 0.70798700403401904 0.72536900076882582
vt 0.70060685261439404 0.72626259921608782
vt 0.6932664752637564 0.73032687298925381
vt 0.6853047786053057 0.73638671666014122
vt 0.6768168377545013 0.74115761714813222
vt 0.66697446061000143 0.74510159484128247
vt 0.65923990128544796 0.74750401734551486
vt 0.65133595852535719 0.74856967564619881
vt 0.64378644252892414 0.74860800752009327
vt 0.6366974119830604 0.74822965912841222
vt 0.63074969957172511 0.74802755070606619
vt 0.62572402413330264 0.74950733218389554
vt 0.62446845916493243 0.75365722252480916
vt 0.62477022484915545 0.7587266184291469
vt 0.62485522865824339 0.76336930082289112
vt 0.62661948224561692 0.76825408466461464
vt 0.63316897242775527 0.76640818128042221
vt 0.63957884846075475 0.76999926384598061
vt 0.65186311780799122 0.77200547121454777
vt 0.65891028915356964 0.77649525480726045
vt 0.66154677760247882 0.7761545906035564
vt 0.66457101390062179 0.77712728527441377
vt 0.66570865418810332 0.77964285046689108
vt 0.66705224716234157 0.7790989703237502
vt 0.66807796289093202 0.78123752565854565
vt 0.66908632637418486 0.78415136674033481
vt 0.67165653110987056 0.78653281956104226
vt 0.67473722345966047 0.78932542554292151
vt 0.67735000299328507 0.79156426219483689
vt 0.68052246910231873 0.79404277868155027
vt 0.6811854034963466 0.7974838734945956
vt 0.68136129999009354 0.80115641445274699
vt 0.6801705247278047 0.80163386387000912
vt 0.67776622290143163 0.80400325515094428
vt 0.67739799110998966 0.80604838444244864
vt 0.67883235608303127 0.81146363805999666
vt 0.68135492981805257 0.82064966691684416
vt 0.67990360872916256 0.83481675333088246
vt 0.67553887257646472 0.84667942737424662
vt 0.66571237377467729 0.86084570360644896
vt 0.653425523172941 0.8706239648034565
vt 0.64277259002928178 0.87566555043584915
vt 0.6312251078510408 0.87827872196514123
vt 0.61558168388919543 0.87828341588272085
vt 0.59909710827002705 0.87317766908162342
vt 0.58828936720183578 0.86660453979222907
vt 0.57848012471522847 0.85653432237670579
vt 0.57433430153432619 0.84721592521912248
vt 0.57215947421031543 0.84263937074343054
vt 0.5703588143779571 0.84113664510356778
vt 0.56645324487763415 0.84250877273553393
vt 0.56437384525867196 0.84280377217441682
vt 0.5624767232814879 0.84254882388684005
vt 0.56023831581122896 0.84136509484801214
vt 0.55848274906551354 0.83944915749274684
vt 0.55717858689276389 0.83714623487786677
vt 0.55608856311636756 0.83346146853250525
vt 0.55480065716202387 0.82703128772387768
vt 0.55485515755794235 0.81862430780396278
vt 0.55591854786455541 0.81529896654995304
vt 0.55737393352286668 0.81461490300242789
vt 0.56097920664542289 0.80957588446544393
vt 0.56262792359050895 0.80831885968337391
vt 0.56564458834549813 0.8063962617515823
vt 0.56640697325681877 0.80508125501342664
vt 0.56592989114050574 0.80045012980494434
vt 0.56823226223191958 0.79414986047665703
vt 0.56833990212891183 0.78806079098919213
vt 0.57063112462228649 0.78271169595684909
vt 0.57343290517311274 0.77953695800149025
vt 0.57048384061715063 0.77616754893609452
vt 0.56651067734137306 0.77373388214126271
vt 0.56209139009979014 0.77038700297716445
vt 0.55705799782850374 0.76807029914575442
vt 0.55033724215900959 0.7682565734891843
vt 0.54239537130134241 0.77021027902840689
vt 0.53419678266466564 0.77137943366403972
vt 0.52554245004824962 0.77225875507919262
vt 0.5159040124229799 0.77287001260632893
vt 0.5044023766110769 0.76632019629992554
vt 0.49015516113313273 0.76235632532392306
vt 0.47748865615722302 0.75629365235579837
vt 0.4653399804727486 0.74802013401487211
vt 0.45410477150541567 0.73924527939636464
vt 0.44434677473531214 0.73084717399736954
vt 0.43515092447890402 0.72194158225514182
vt 0.42445300547139136 0.71489385019243967
vt 0.41331512228977318 0.70673372175911897
vt 0.40453995130437259 0.69755565671922071
vt 0.39509784935438369 0.68904464646913521
vt 0.38364748028447138 0.68069424973060266
vt 0.37231835828162357 0.67208469418720962
vt 0.36254329330261353 0.66246887411476096
vt 0.3510789570637764 0.65470871909387374
vt 0.34033550276694291 0.64546618875232675
vt 0.33001844082196602 0.63599464633469216
vt 0.32186327826724592 0.62551744398799469
vt 0.31300056146241995 0.61686974026659969
vt 0.30432206861388716 0.61388849114034649
vt 0.29765830447044406 0.60779468224701472
vt 0.2901640613274924 0.59991454828238089
vt 0.28407811644165926 0.59708448955990978
vt 0.27991276663735293 0.59646162033147421
vt 0.27465559775512932 0.5923802946469422
vt 0.27157148374545387 0.59017683861775538
vt 0.26827102851536166 0.58807378147389422
vt 0.26126844236801444 0.58691010991498427
vt 0.25176879198446983 0.58796236230774857
vt 0.2545742176130657 0.58442016727359491
vt 0.25994600037743837 0.58424507124578129
vt 0.26585752616909658 0.58387601304232783
vt 0.26990334477830369 0.58571345196588609
vt 0.27342376019190917 0.58772441107190754
vt 0.27647086317567865 0.5903115552466025
vt 0.28211208004113525 0.59479025228788418
vt 0.28732264683961772 0.59475206733129371
vt 0.29048514570690193 0.59230339834340362
vt 0.28692420782680428 0.58723821046393798
vt 0.28222334259606285 0.58138014004142158
vt 0.27677861285869648 0.57946923158416141
vt 0.27141194975958899 0.5771955715523327
vt 0.26252579906318241 0.57289046838039348
vt 0.25911297174364395 0.56561425210370919
vt 0.26274850835828933 0.56070447819649238
vt 0.26543893931162327 0.55672704947159291
vt 0.27065611998488087 0.55994793583992297
vt 0.2758833155704678 0.56380896887291776
vt 0.2805250666420373 0.56813939886078735
vt 0.28425165651125145 0.57146419257062286
vt 0.28716335767073836 0.57382248982080264
vt 0.29340435239164692 0.57820957607487278
vt 0.29581158813896491 0.5801309264348532
vt 0.29545211571384317 0.57712349720055622
vt 0.29329576504418337 0.56944657916942565
vt 0.29260527270071018 0.56637280589249606
vt 0.28791800128473388 0.56382131422521697
vt 0.28493229637672207 0.55816785441038919
vt 0.28090189513787445 0.55073506398347494
vt 0.2850453054151173 0.54709321149261192
vt 0.28956649060347828 0.54892087466699768
vt 0.29409315184266976 0.55324367558538035
vt 0.29682404349341474 0.5576393895852485
vt 0.29897089161742668 0.56150516907295001
vt 0.30044825825335369 0.56482127753111888
vt 0.30210163654543454 0.56904692703020676
vt 0.30561721506189432 0.57829155328492376
vt 0.3094377248795156 0.58220230905551984
vt 0.31298163616750163 0.58025475829787809
vt 0.31605648931598945 0.57847945501092335
vt 0.31368847819134443 0.57529697344315667
vt 0.30970039790072684 0.56767803321694466
vt 0.3073286191724463 0.56197638922048976
vt 0.30675774733019651 0.55799818042630089
vt 0.30620379233385259 0.5549453569112669
vt 0.30580368944489877 0.55247886099644017
vt 0.30488634312298712 0.54895889021787736
vt 0.3049587050833264 0.54771320093732323
vt 0.30570595130242595 0.54686459317476988
vt 0.30686122376259028 0.54691613081056678
vt 0.30772326740801353 0.54791658593336279
vt 0.3078057832727415 0.54950222174710794
vt 0.30900475857031234 0.55096811874830842
vt 0.30983361201115078 0.55323118769499358
vt 0.310888457429642 0.55645261378646393
vt 0.31178295283733592 0.56127184298229216
vt 0.31220027990265836 0.56596589913264062
vt 0.31561804425687373 0.5731860859367488
vt 0.31806242835164916 0.57646749237738593
vt 0.3221547874221547 0.58069510397677759
vt 0.32709027160884768 0.58486382968114969
vt 0.33013773384429995 0.58945254757547927
vt 0.33540673772307583 0.59782225162419189
vt 0.3470625724918181 0.60045354715396027
vt 0.36054081671112254 0.602238601843058
vt 0.37299727072770827 0.60971673348117239
vt 0.38487957052087962 0.61812669498695105
vt 0.39918044856073803 0.62219850138650801
vt 0.41012717534870374 0.63152498262567769
vt 0.42158255584155219 0.64043127069565409
vt 0.43293097309421086 0.64952683698661973
vt 0.44358001021805493 0.65750758259069975
vt 0.45340015625948443 0.66553141097791768
vt 0.45941249681586221 0.67328253483714628
vt 0.46530340080147553 0.68073143081531173
vt 0.47222198105515872 0.68687702392915917
vt 0.47914339525339278 0.69237755475621521
vt 0.48694993406380299 0.69788635961567802
vt 0.48482799251853026 0.68987509346300935
vt 0.48533555563248337 0.68400320786576241
vt 0.48570845522737949 0.67860734937040967
vt 0.48567061763631875 0.67289892307029442
vt 0.48566043116769553 0.66723421181569464
vt 0.48649103379556208 0.66121461735301079
vt 0.48736035893796947 0.65548322307061047
vt 0.48713414865391064 0.64879817686343366
vt 0.48634982106331653 0.64241821580309888
vt 0.48478628392107409 0.6359257392478207
vt 0.48194258688697084 0.63009307897362443
vt 0.47793390939365032 0.62452679377799336
vt 0.47221958049551077 0.6196125699381988
vt 0.45897643813225397 0.61939989378328553
vt 0.44486342377833216 0.61699026982717919
vt 0.43245612614964068 0.6130812486336048
vt 0.42241434864282712 0.60943149198080193
vt 0.41770705356245602 0.60336709461437221
vt 0.41193865401879309 0.59742885929415135
vt 0.40509179533540779 0.59233087125210704
vt 0.39727790966187931 0.58861301923909848
vt 0.38610433874649497 0.58604192961449786
vt 0.37493399953736317 0.58515063084900776
vt 0.36135319190968224 0.58485742760301773
vt 0.34798528916087434 0.58474553180983546
vt 0.33231616676050424 0.5839997122206515
vt 0.31730814695225928 0.58259982695747081
vt 0.30203718628481924 0.57954119278614902
vt 0.28724709099822321 0.57555607280748677
vt 0.27281893486753128 0.57099377347360825
vt 0.25894365588762686 0.56593660588939054
vt 0.24573519226600585 0.56044551503444118
vt 0.23300967286010746 0.55520405354227309
vt 0.21817659979173276 0.55142220388407681
vt 0.20393868017476369 0.54676510705374293
vt 0.18993138519091587 0.535941524820716
vt 0.17754877246164791 0.52291340996230595
vt 0.16799710374915663 0.51038716066844791
vt 0.15843820271625209 0.49653942026812037
vt 0.14925151094772177 0.48403326212295461
vt 0.14028853185163961 0.4707588396571345
vt 0.13186711297251186 0.45701525348870292
vt 0.12400347718536704 0.44334174520336062
vt 0.11590676666198198 0.42935302347927073
vt 0.10735196221268871 0.41629835149199912
vt 0.09569201252487626 0.40295317809688147
vt 0.081207878778276746 0.39290643810925785
vt 0.064921709076603606 0.38850776689965794
vt 0.046121822618647244 0.38554247070924635
vt 0.033181740848915932 0.38849967923599926
vt 0.024294969878606239 0.3907175515106257
vt 0.01047727470915736 0.38310991556840784
vt 0.0074339609097030714 0.36762975050914004
vt 0 0.35874378073553376
vt 0.003023551086695169 0.35391974648538821
vt 0.0040392637409975701 0.34120097234742608
vt 0.011663591420086531 0.34001070283332935
vt 0.022580337809693547 0.33433764562934537
vt 0.039926081659537226 0.33143975232931022
vt 0.061386421007712744 0.33504829710948703
vt 0.084117953042502538 0.32906081741944587
vt 0.10656645495752347 0.33110256823562384
vt 0.11301885980674246 0.33505815349305906
vt 0.11836279389321397 0.34091830238978277
vt 0.12601823796302866 0.35139250812900275
vt 0.12517814883009373 0.36296095566432701
vt 0.13451075862416717 0.37364839934820382
vt 0.14683283699923277 0.38254894966765413
vt 0.16018528328793147 0.39157622203454628
vt 0.17381827891423152 0.40096213160274569
vt 0.18685986762739959 0.41069793965327983
vt 0.19936387607759937 0.42169443006142965
vt 0.20979946344009451 0.43340493030620508
vt 0.21864160209129005 0.44623484973134292
vt 0.22515911336579172 0.45850698365479275
vt 0.22991492579314529 0.47025873635716442
vt 0.23186082023627977 0.47696836712862672
vt 0.23412322531746518 0.4804396281385655
vt 0.23869757422740251 0.48143396891350665
vt 0.24640747564932006 0.48133062620953632
vt 0.25966983336764882 0.48049607991950322
vt 0.27360798397078656 0.47961630879295081
vt 0.28840372614005827 0.47891276125081189
vt 0.30346807291577543 0.47858362626188572
vt 0.32037521687497433 0.47855334388082482
vt 0.33767645604095492 0.4789749927929991
vt 0.36876773048203998 0.47340123741367818
vt 0.40162217672213685 0.47271559494883164
vt 0.43806852371097421 0.47554382842533538
vt 0.44159400559810574 0.46568431678308841
vt 0.45188071518924383 0.46610037914446406
vt 0.4458452977096734 0.44013203348996383
vt 0.44199093597627892 0.41296738097113678
vt 0.43325496240200301 0.39017610181026768
vt 0.42887121345964774 0.37360782986901847
vt 0.42558592871641004 0.3564160534481155
vt 0.42373521637993583 0.34098651671022878
vt 0.42270803391415329 0.32536058027851367
vt 0.42240858037789508 0.30993458900761983
vt 0.42235171877827049 0.29467341080558584
vt 0.42168383561532324 0.28472775530773498
vt 0.42022722383427363 0.27808707469774829
vt 0.41718147869640687 0.27348440910174326
vt 0.41151572302854655 0.26743642892779518
vt 0.40170293669271356 0.25725920744094688
vt 0.39237920010304544 0.24537903334338251
vt 0.38379369381273148 0.23052147895020522
vt 0.37757851683761118 0.21459684449741967
vt 0.37358790026415178 0.19723374961994752
vt 0.37154254868710773 0.18046057011048899
vt 0.37048557654629016 0.16407798502872098
vt 0.36901288746680166 0.14923012645703057
vt 0.36479190011538787 0.13643978612046842
vt 0.35242556662637248 0.12563176664755785
vt 0.34454372431615199 0.1282420280298123
vt 0.32538520748295724 0.10616532964814648
vt 0.32482741019115935 0.07420408709141138
vt 0.32860603178497549 0.048619352184025251
vt 0.3346308359483488 0.023406323736349009
vt 0.34991314046300048 0.0056809385260464034
vt 0.37250836327883924 0.0059178328410872593
vt 0.39323693174841917 0
vt 0.40954600006897379 0.016568167275369375
vt 0.42242306740455987 0.036595991026102469
vt 0.43267948109601262 0.052032003082206797
vt 0.4423978901254268 0.065607828236507265
vt 0.45078562049605631 0.076731521767396213
vt 0.4549008895222707 0.07497813184922017
vt 0.46134165374039654 0.087581697644256551
vt 0.46950856430201227 0.098658134218672464
vt 0.47977007972742675 0.10866431663445325
vt 0.49160432877050481 0.11873964544103742
vt 0.50389197699689492 0.12892684110841357
vt 0.51592155122551642 0.14063160594503718
vt 0.52586446319779701 0.15318672228428942
vt 0.53436753209261134 0.16709819034332482
vt 0.54038311301356445 0.18089121387494009
vt 0.54518731880849947 0.19590926689457852
vt 0.54707280246594414 0.2070642984456558
vt 0.55040268732943498 0.21587301236687489
vt 0.5588631410805156 0.22290178913485112
vt 0.57020853009183758 0.229295804288696
vt 0.58351237883251317 0.24055637592051404
vt 0.59516287893827435 0.25279206854930414
vt 0.60516387345915101 0.26591047455075723
vt 0.61342146347001392 0.2789981910360585
vt 0.62149581866355907 0.29256998663097367
vt 0.62956265976263426 0.30299200896685224
vt 0.64343545164064653 0.30945964720444069
vt 0.65714269831352612 0.31496939835761789
vt 0.66355779263251291 0.28807485639494951
vt 0.66805517899214562 0.29530699983043085
vt 0.67273941865278974 0.28640356987282367
vt 0.68424585450928033 0.30799456939709069
vt 0.70079188511865687 0.30458956569110424
vt 0.7203817131500122 0.29054154935135396
vt 0.73521256237249122 0.28446337850869913
vt 0.75080682390179987 0.2780157945821678
vt 0.7655791306476909 0.27262013592097706
vt 0.78068388400737443 0.26807038191655463
vt 0.79532801110305806 0.26480721717788269
vt 0.80931716401936626 0.26277125742429985
vt 0.81727483662296529 0.26271168942016249
vt 0.82170552609331637 0.26160598066221935
vt 0.82363956656603921 0.25800758515863959
vt 0.82341315508762436 0.25065543192598344
vt 0.82342424640817236 0.23800844758669118
vt 0.82442002060590791 0.22474660089005419
vt 0.82763048785797177 0.21037234392064566
vt 0.83260393311556857 0.19632867406655033
vt 0.83956625847692656 0.18192635308553962
vt 0.8473432555214897 0.16829987665200322
vt 0.85528700235248833 0.15443605463983234
vt 0.86273841087685721 0.14066612335555051
vt 0.8692716071508837 0.1266832480808873
vt 0.87552763891094099 0.11224971120221609
vt 0.8797080837279122 0.10261148170853815
vt 0.87579867456100857 0.093209500922421806
vt 0.87570108559223458 0.088154878498454742
vt 0.87504342938082769 0.083838591093712805
vt 0.88915158940784456 0.080013604274555408
vt 0.9091935665409776 0.073623688407077073
vt 0.9285428423661175 0.069639351257945598
vt 0.94369567669538501 0.062325292270534426
vt 0.95470756471211871 0.058919992777911365
vt 0.96165439655763096 0.060749360133117075
vt 0.97248855717617089 0.066482080435597293
vt 0.97015687891297819 0.071442453963704633
vt 0.97240067133058161 0.080592149188662851
vt 0.96376250728446688 0.083966553600158797
vt 0.95752893963266139 0.091674111741604503
vt 0.95758497916667262 0.097228298822955431
vt 0.9528479399032489 0.10440731264480282
vt 0.9371508214053601 0.11093019856195244
vt 0.92446857237182456 0.12022645438391202
vt 0.92014011051769951 0.13804849099707481
vt 0.91692753933414961 0.15598141436600746
vt 0.91480650889939485 0.17110469266413064
vt 0.91315551146437135 0.18657275076024293
vt 0.91197702399497049 0.20155230302615093
vt 0.91053107040181369 0.21671692566237347
vt 0.90829563581824757 0.23172696786650102
vt 0.90555976180340181 0.24654959959833714
vt 0.90201103581281095 0.26352446508945337
vt 0.89719670168060839 0.28027406240007996
vt 0.88938235101101448 0.29925998302893336
vt 0.87875556600202298 0.31694179592879707
vt 0.86642146155230748 0.33029863081817623
vt 0.85292929245805471 0.34217168061139708
vt 0.84083484272250519 0.35197403371537045
vt 0.8288114990438683 0.36199653053221437
vt 0.81694193644672297 0.37253811544582977
vt 0.80471057786071187 0.38287930487913813
vt 0.7920192490618102 0.39241874707309066
vt 0.77887209432769666 0.40093482592570767
vt 0.76619521489194087 0.40825472937446844
vt 0.75337586983057925 0.41413358902495034
vt 0.74261515247343357 0.41741375964231553
vt 0.73204267932166434 0.41913775089324196
vt 0.7238837511803633 0.4192349507505897
vt 0.71643878121187365 0.41790567603452156
vt 0.71175690106937695 0.41590687241808671
vt 0.70780148631129791 0.41317562201429692
vt 0.70420884399204331 0.40993222650344679
vt 0.70068190526235685 0.40893062799170299
vt 0.70545519198196038 0.40643671767840689
vt 0.7125579771266235 0.40357272560909724
vt 0.72213319119883967 0.40165848085638201
vt 0.73333420238309854 0.40067869394354921
vt 0.74060151112792105 0.40526191085432567
vt 0.74748747368431412 0.40943036595357873
vt 0.75425928234460238 0.41309874599471996
vt 0.76134152874592964 0.41638740991427331
vt 0.76827373187199643 0.41932945948809869
vt 0.77560363322844106 0.42240773014892813
vt 0.78180460674174812 0.42547787533475012
vt 0.78822689725340667 0.42871201513490903
vt 0.7943810255206315 0.43142985058825167
vt 0.80036688440257298 0.43433403313349539
vt 0.80551224823534284 0.43755806103079053
vt 0.81062441673662977 0.4411085637022884
vt 0.81870814122865276 0.44259769622647938
vt 0.81753945828650765 0.43284889935305809
vt 0.81794776257878399 0.42376802633755301
vt 0.8191432644553851 0.4145850158852043
vt 0.82241193165369331 0.40569523004160618
vt 0.82552134043727732 0.39640726497191919
vt 0.82663412008721537 0.38417477475668022
vt 0.82696669977198978 0.37203191232188854
vt 0.82783019183851314 0.35914359882269248
vt 0.82915766577965266 0.34607653504595942
vt 0.83230248209453639 0.3328780485354747
vt 0.83053606378285427 0.31833219806145646
vt 0.83453013506923757 0.30431488670287288
vt 0.83851771054844293 0.29045769017256157
vt 0.83849456059078475 0.27709843624058883
vt 0.83845135191867382 0.26493981046288773
vt 0.83083514984549744 0.25736791068934795
vt 0.82963089951023417 0.25225770749794318
vt 0.82656165894877409 0.24832018174590298
vt 0.82401391404164237 0.24535565482606106
vt 0.82194639553207294 0.24452273958767981
vt 0.81663008456360076 0.24801454600130124
vt 0.81330434602596535 0.24863235459474312
vt 0.80936258381890536 0.24972042907579362
vt 0.80613180499251114 0.2508173492423757
vt 0.80345246435266127 0.25146454081596115
vt 0.80101459025799893 0.25109501519965022
vt 0.79928628187227624 0.24990940445985513
vt 0.79775604412330892 0.24814331976689982
vt 0.7971341035664623 0.24616531569889832
vt 0.79747330026016439 0.24466975128433635
vt 0.79836809662777519 0.24357268144121172
vt 0.80131566327760273 0.24037837734310916
vt 0.80380709758430913 0.23957073523835992
vt 0.80644138751695316 0.23862571340223782
vt 0.80938443010896588 0.23718365032310731
vt 0.8109735796119879 0.23313071599008592
vt 0.81360923421019793 0.22642457375540051
vt 0.81485805518983223 0.22296396416065625
vt 0.81772251887502412 0.22504070504168078
vt 0.82026870192059487 0.22783044340786607
vt 0.8237158997484596 0.22872856219343804
vt 0.82262983465573436 0.22095919790832083
vt 0.82187868731434488 0.21710410339429428
vt 0.82144547289136072 0.21389839069441133
vt 0.82197657213582898 0.2098467599766364
vt 0.82293229800170142 0.20494294841990213
vt 0.82375933189467965 0.19957568231279485
vt 0.82522090879854271 0.19806148755712569
vt 0.82826491105230915 0.19818950091728982
vt 0.83097903847083254 0.20536018073225296
vt 0.83054323768077043 0.21166905190679358
vt 0.83446755715050036 0.21448790270829449
vt 0.83475292041335336 0.21734476141815987
vt 0.8353171941463855 0.22351526245807771
vt 0.8365190511088928 0.22412457754277609
vt 0.83765726657218031 0.22275028983341291
vt 0.83254502133128971 0.22087495739648044
vt 0.82950373398078114 0.21999504360670616
vt 0.82545752471644451 0.21817898830614907
vt 0.82033660728221913 0.21550360029763452
vt 0.81533097745727501 0.21317540017041064
vt 0.81246922628549212 0.20899503929129276
vt 0.81936051058347747 0.21175927843555123
vt 0.82855789346565389 0.21176414518012654
vt 0.83334147175455997 0.21096190978725729
vt 0.83726369866985928 0.2087907788278662
vt 0.84234463459421705 0.21152822156281265
vt 0.84463096362340739 0.20754219381622002
vt 0.84361303096690909 0.20435354338274889
vt 0.84628452194724646 0.20074418129817656
vt 0.85263028027080845 0.19965775772088329
vt 0.85634705159642754 0.19886233105282877
vt 0.86044882193864058 0.19816379868308556
vt 0.86496921994574749 0.19768559146602532
vt 0.87057940608901485 0.1946716731359743
vt 0.87760198847644733 0.19434890302842733
vt 0.8808650670082625 0.19990325082642474
vt 0.87557484760617987 0.20355749443756713
vt 0.86943144963537267 0.20422914659002889
vt 0.86507726598327961 0.20688375646552079
vt 0.86287746070311122 0.21303514659216946
vt 0.85989201710732244 0.21470524265593782
vt 0.85522978598884503 0.21715483221743326
vt 0.85738842104164559 0.2179593505635633
vt 0.85928359349007177 0.22085049568165652
vt 0.86398395877110945 0.21972841600744247
vt 0.86472375952602731 0.22178015979254712
vt 0.86448991298519873 0.22385118592082706
vt 0.86487429451087694 0.22599538613754097
vt 0.86685301215028754 0.22440320854886225
vt 0.86939503257091066 0.21993710809412725
vt 0.87237898755392429 0.2162681262763464
vt 0.87593920347312348 0.21529926373781297
vt 0.88076450329031497 0.21583011544684227
vt 0.88369684255292491 0.21995600891428105
vt 0.88577917601528355 0.22425828734929817
vt 0.88492171151521737 0.22823219155680574
vt 0.88337369049118886 0.23127905073566021
vt 0.88227519564630041 0.23485188703894042
vt 0.87872694436023058 0.23750891536265797
vt 0.87483667991465663 0.23898424705154458
vt 0.8734400944033418 0.24040474664539724
vt 0.87416874425738711 0.2418592798357424
vt 0.87670779857663961 0.24241511241463001
vt 0.8808727092618206 0.2365714203727797
vt 0.88474919575046607 0.23314961247872149
vt 0.88407836122900829 0.22874840361551405
vt 0.88695322516217645 0.22300072276790589
vt 0.88868183534899436 0.21975650500630636
vt 0.88588048271555941 0.21343513311300152
vt 0.88492948409691419 0.20846730926679408
vt 0.8867359592091536 0.20361797045675278
vt 0.8901598943166712 0.20113092223534568
vt 0.89152903648210025 0.21057657580063471
vt 0.89155690790555864 0.21756386197038341
vt 0.8905689433046351 0.22129583190868957
vt 0.88912379192353086 0.22479266662417932
vt 0.88668949019119481 0.23097529614811782
vt 0.8872687264700736 0.23515439920683967
vt 0.88668785929428739 0.24198294872889103
vt 0.88068703080014543 0.25136351125809936
vt 0.87657017546681382 0.26022739283725566
vt 0.87498161632076576 0.27046745157001462
vt 0.8737909952640559 0.28353692728518881
vt 0.87290267470398952 0.29681086384487604
vt 0.87494094696640012 0.31061548154108837
vt 0.87643224930989139 0.32487774933140462
vt 0.8772595852277566 0.33855847510917925
vt 0.87461364820918663 0.35116575564476332
vt 0.87294176485771702 0.3638244257056647
vt 0.87258539915630884 0.37616787302962468
vt 0.87338570434444418 0.3874129252146169
vt 0.87453993213517256 0.3993871898749719
vt 0.87849333667833296 0.41227283944402088
vt 0.88292199209509936 0.42381757354090743
vt 0.88464368327266651 0.43605210756408114
vt 0.88640959065166103 0.4484962361494011
vt 0.88766041231257753 0.4619624589147302
vt 0.88877098394324894 0.47490045684617754
vt 0.89094282532529112 0.48647680837940827
vt 0.89192758500144975 0.4991018020562672
vt 0.88365618112806077 0.50762162066089367
vt 0.8789175367606441 0.51442567218265822
vt 0.87315309492778159 0.51905660881761417
vt 0.86701478223432349 0.52281798050554185
vt 0.86119251516945661 0.5265691690426888
vt 0.85633175282437191 0.52966007462742892
vt 0.8578931783731728 0.53404724703983386
vt 0.86187179637171307 0.53737900658905502
vt 0.86687664414447785 0.5380804644471906
vt 0.87232174977599553 0.53695559127586012
vt 0.87605137772243225 0.53703680198104708
vt 0.88200248936129444 0.53476874671395846
vt 0.88650944761815764 0.53052564654461343
vt 0.89315183498128048 0.52862628446722437
vt 0.89654398072995745 0.52612435173358207
vt 0.89772910477083245 0.52589423608911645
vt 0.89790861371836828 0.52286269772977079
vt 0.89965845463976146 0.5220707917945876
vt 0.90448045606874583 0.52031428151132608
vt 0.90554057041660163 0.52072974098628844
vt 0.90747503642231497 0.51940125951618843
vt 0.9122448186743447 0.51516718733809486
vt 0.91487468856618581 0.51118541123859151
vt 0.91734658578292283 0.50980512361986463
vt 0.91942647075931172 0.50951031655478018
vt 0.9210193772490235 0.51068138536373275
vt 0.92293275295429411 0.51095955950480998
vt 0.92410105476124793 0.51166528873541728
vt 0.9249182669131597 0.51271380478605866
vt 0.92514596502798874 0.51526674501248704
vt 0.92676576061195959 0.51469689533049756
vt 0.93013178109933359 0.51409170036797747
vt 0.93785899275679041 0.5142580215475413
vt 0.94951354963309331 0.51211951758047347
vt 0.95984317642962513 0.51153763005145414
vt 0.97364143220256161 0.51336900712271005
vt 0.98498757519081448 0.51670972069361509
vt 0.99274431678885378 0.51968202813520425
vt 1 0.5232869257696684
vt 0.99430292978982993 0.53507333991126005
vt 0.98943592828617188 0.54508011712792259
vt 0.984773683816205 0.55320463118012797
vt 0.97870567350091009 0.56024004665318672
vt 0.97432319934516587 0.56665085481937794
vt 0.96822144413706157 0.57031453064806248
vt 0.95988027364017547 0.5730949524502873
vt 0.95488982815944801 0.57512349181156408
vt 0.95093517240328307 0.57704359576453612
vt 0.94949712963757815 0.57860605978781166
vt 0.94830770990767377 0.5788735239129601
vt 0.94530485492548966 0.57983957653737905
vt 0.94336180492515953 0.57995254303646671
vt 0.94146006736081145 0.58066554205350596
vt 0.94014040536775556 0.58124437447112764
vt 0.93769083409106224 0.58240417004328615
vt 0.93546516136178981 0.58361102562043521
vt 0.93349900769704564 0.58713342531822199
vt 0.93076716464521647 0.58970831989669548
vt 0.92924370312793358 0.59264812612016204
vt 0.92771506044683771 0.59431752305109542
vt 0.92641255271165823 0.59525707779368708
vt 0.92487726857968255 0.59628776766778435
vt 0.92374440472913355 0.5962767333978628
vt 0.9231472231643999 0.59758587382865114
vt 0.92197201160101838 0.59747265274077599
vt 0.86410917947661248 0.23574075532593283
vt 0.90348985853123787 0.62786374648969123
vt 0.67649001864770375 0.67163474038817461
vt 0.89906193903377585 0.58815352511657359
vt 0.89469389499397034 0.59231468826559242
vt 0.89169900184312256 0.59465874902078919
vt 0.89372951905434117 0.59323167064527693
vt 0.90056192446521222 0.58503938898579666
vt 0.90312068164239934 0.57984070207036553
vt 0.88325488708356481 0.22156415791212747
vt 0.88210533248740697 0.22590810893521934
vt 0.74934386418175747 0.60514740077751639
vt 0.76504228302376276 0.60334754710303073
vt 0.83512812853430729 0.48145929614514898
vt 0.56255746340289681 0.30329864462770301
vt 0.54528378427326796 0.31089303347069747
vt 0.52973842359213774 0.31676870459139694
vt 0.51448159385061065 0.32083559156373059
vt 0.49743676371047096 0.32366301879907672
vt 0.47865222300089783 0.32601096864149842
vt 0.45958636110533241 0.32902007032020225
vt 0.44142304455849507 0.33364746427774522
vt 0.58012052746633269 0.29488451535526794
vt 0.59413834524864628 0.28230387529871775
vt 0.54650357823243489 0.27714603510047531
vt 0.5316024016601234 0.28548828870418713
vt 0.51791582491345767 0.29124095055839411
vt 0.50397558232757822 0.29480753663205739
vt 0.48843992279869153 0.29618672078069203
vt 0.47129445447339213 0.29704686164712929
vt 0.45427033810889705 0.29943549320753166
vt 0.43836597052146625 0.30375212853543254
vt 0.56225513216466805 0.26741126376493002
vt 0.5753907732424095 0.25568606623976381
vt 0.52805530072874085 0.25080033937980517
vt 0.51691881307523724 0.25951737862054547
vt 0.50610140687818117 0.2656940310985505
vt 0.49432761001642161 0.26880589651760756
vt 0.48088466399810448 0.26905421256525547
vt 0.466346985024992 0.26884977792453907
vt 0.45180803244609374 0.27225038750600578
vt 0.43637759796402326 0.27897208738190138
vt 0.53994216020161068 0.24140859948337864
vt 0.55074171897177482 0.23337716634185712
vt 0.51288004297493972 0.22594972041642314
vt 0.50298450431532193 0.2325321973132683
vt 0.49346715466205859 0.23919546998994759
vt 0.48370313256632891 0.24373160308162081
vt 0.47239899694323428 0.24621881964761891
vt 0.45954887037667425 0.24912178586254638
vt 0.44567558762335185 0.25581887749768817
vt 0.4305435670065681 0.26536984535621611
vt 0.52351479283663582 0.22002830360418846
vt 0.53493626464734356 0.21349530701960279
vt 0.50232982149810701 0.20064381894213879
vt 0.49060842932830179 0.20579913612706011
vt 0.47962372857282076 0.21248221619660024
vt 0.46927455695159442 0.2192078030422642
vt 0.45763042499259626 0.2248675159428534
vt 0.44399715037924631 0.23096751225280834
vt 0.42908082115876567 0.23822917042738456
vt 0.41435275403853261 0.24693950065453088
vt 0.5140531623481418 0.19586437647145608
vt 0.52674696786388209 0.18898053410357094
vt 0.48994858862363727 0.17598057957497426
vt 0.47808163206443255 0.18170368784338486
vt 0.46616772207340762 0.18802790824592919
vt 0.4547737244627742 0.1943614518157892
vt 0.44230913595119176 0.20072701408927907
vt 0.42854165560816049 0.20745290469739386
vt 0.41418060764777154 0.21449614760838734
vt 0.39909557784638905 0.22228754650288537
vt 0.50124772027478526 0.17005943937814011
vt 0.51296987264017946 0.16266925883395925
vt 0.47310910477476548 0.15175515732041697
vt 0.46257923417286767 0.15717157772007476
vt 0.45173299085786489 0.16289169906410339
vt 0.4410432876440234 0.16858358804051865
vt 0.42946047467563686 0.17454011819803814
vt 0.41671132992763432 0.18098163961067493
vt 0.40334878994830475 0.18733525409865687
vt 0.38886538292872075 0.19312126128321599
vt 0.48301596029728272 0.14608194096261742
vt 0.49319212103858945 0.1388720689896675
vt 0.45365115718724108 0.12628445133154587
vt 0.43428216012185189 0.094988207529126997
vt 0.4446773964190654 0.13060057467868355
vt 0.42541020520856476 0.096796005735416052
vt 0.43556674908891585 0.13529706732136004
vt 0.41751510528404534 0.10095892339057695
vt 0.4265581780560132 0.14035881748170176
vt 0.41050426377206789 0.10767668837904347
vt 0.41672530693974341 0.14591578099362684
vt 0.40229037932989953 0.11527813520464542
vt 0.40612382977093009 0.15165911712975347
vt 0.39333457190634469 0.1217675340731002
vt 0.39499215321568709 0.1571123428009242
vt 0.38410359892265489 0.12725567914693608
vt 0.38296937214026677 0.16162455258240774
vt 0.37425517703270855 0.13209472890519586
vt 0.46210865334832468 0.12197872799425509
vt 0.44313922748961898 0.093812107491655194
vt 0.47082116948635672 0.11644003864586881
vt 0.45222461308560424 0.091525947938505797
vt 0.57908903122612532 0.3302837847639119
vt 0.55919599718314983 0.33715100765908612
vt 0.54158178455898076 0.34332142038284047
vt 0.52452497532095488 0.34805575612640577
vt 0.50592334355599622 0.35174514881515712
vt 0.48587074017509047 0.35486523515603396
vt 0.46563027528387407 0.35848910302232651
vt 0.44650684128498674 0.36447286062993539
vt 0.59861957817552769 0.32328361363567193
vt 0.61168368377023152 0.3101907953675706
vt 0.70892357970973763 0.6864491984964618
vt 0.70906841426046985 0.70152728381677676
vt 0.70877134869464509 0.71273975695550207
vt 0.70832740497492708 0.7213827045592639
vt 0.75208216318604681 0.63453558050225534
vt 0.74716050835206815 0.6299582218762203
vt 0.73915864279360377 0.62681899706900546
vt 0.72704705381384593 0.62688752310443907
vt 0.70772592304492299 0.66627922718475441
vt 0.70917790025410354 0.63926144010152619
vt 0.68878064296535058 0.68593349737848353
vt 0.68921686173440522 0.70269483538698263
vt 0.68968053284352782 0.71555824717932648
vt 0.69128985396232112 0.72583163577548626
vt 0.76991660214461144 0.63365850931578116
vt 0.76661709015956447 0.62382088676917291
vt 0.75937103118271354 0.61462233410584632
vt 0.68698828259261047 0.66159839780772556
vt 0.73555801756933348 0.65486132025009869
vt 0.74137434528916435 0.65115232333996831
vt 0.74666645793113262 0.64873840525969384
vt 0.72731961630984732 0.72483582732064433
vt 0.72811091989922072 0.71595192132144081
vt 0.72828066962113369 0.70440130110385035
vt 0.72784107395324127 0.69034207377163415
vt 0.73006951680457066 0.6624677697714153
vt 0.72866467814609115 0.67582217277771783
vt 0.75996950303721222 0.66734229430594749
vt 0.76283526713923888 0.66072242013026494
vt 0.75232715850795362 0.73365226106304993
vt 0.75228346938800517 0.72683445234809252
vt 0.75159304159666585 0.71846377238693127
vt 0.75114948572938611 0.70786997628293236
vt 0.75208824827321419 0.69596816208984713
vt 0.75611981670490669 0.67517201299389362
vt 0.75391166348741623 0.68485006215663202
vt 0.78170927403449419 0.66918879596694181
vt 0.78169634516847708 0.66102264701794733
vt 0.77859672696141669 0.74418160116273169
vt 0.77861827911425185 0.73790801514018078
vt 0.77867092600386167 0.73104101660416676
vt 0.77878941999612905 0.72269945843892813
vt 0.77927059321326586 0.71215651587087225
vt 0.77956796244255944 0.70025565428742043
vt 0.78029371122228319 0.67875220923698842
vt 0.77952008985329702 0.68908650293071527
vt 0.80700753461196706 0.66574998611253666
vt 0.80744477106602808 0.65720699422498874
vt 0.80750841465825596 0.74889992394088767
vt 0.80724549286679226 0.74213184737596405
vt 0.80701656445512993 0.73421034379220307
vt 0.80721710458546769 0.72440946040047571
vt 0.80756518764362617 0.71272231659273511
vt 0.80708062048765783 0.70037625110878243
vt 0.80639884459045141 0.67642083002648157
vt 0.80638111381291389 0.68831963222978521
vt 0.8364862382800895 0.66762581130184206
vt 0.83766403502641762 0.74892876242044459
vt 0.83620471284878528 0.7425735382983728
vt 0.83520050658525324 0.73626158667188435
vt 0.8341988555275851 0.72912856353078404
vt 0.83345981212974418 0.72049088308960274
vt 0.83310019136264535 0.71032339200315464
vt 0.83319301814922919 0.69962286554347519
vt 0.83488944029024881 0.67760791884196725
vt 0.83373203770083104 0.68870197803201638
vt 0.86381492778687374 0.74145461400572032
vt 0.86362991069140471 0.73563797091313365
vt 0.86326830189540416 0.729935186379993
vt 0.86260876910397499 0.72414666928632643
vt 0.86177711077863461 0.71780924366414567
vt 0.86143089182887589 0.71085320411428943
vt 0.86210671100651215 0.70377848623282768
vt 0.86328433070256472 0.68681758447608554
vt 0.86308177945393616 0.69592586401678735
vt 0.60405917444589052 0.76560539329374577
vt 0.61807182559609208 0.76397748666310061
vt 0.83012967210232036 0.59380051075973972
vt 0.83908483337159379 0.58418386578533177
vt 0.8477224150000342 0.57420339747416915
vt 0.68776030296731994 0.58001128299256377
vt 0.69818318030576165 0.56110642814057288
vt 0.70777978683541276 0.54454811197049269
vt 0.71698095236787118 0.5294875688204802
vt 0.72598077565768937 0.51719491278387519
vt 0.59624026298853194 0.47060600151858584
vt 0.61207310209115273 0.46255169651424072
vt 0.62892067081673408 0.45400935070740028
vt 0.64325505343211153 0.44615416009214326
vt 0.65505481742706895 0.43974245801768974
vt 0.57780539068771686 0.45319044283665288
vt 0.59625280127841307 0.44694655761127966
vt 0.61653065235728444 0.4367051516453056
vt 0.63449761764365675 0.42643079942947437
vt 0.64892922850465307 0.41914608064613867
vt 0.53093396293993123 0.47598855565062603
vt 0.52465676362370273 0.49359128254537332
vt 0.51560241944778118 0.50868563016764345
vt 0.50390230481516673 0.52073915054282438
vt 0.56489961455864157 0.46105381142980029
vt 0.55640994017731482 0.47506272635807922
vt 0.54896350830148566 0.49176353013281132
vt 0.54059097304495562 0.50737104011624412
vt 0.53031671967496574 0.52177773013793671
vt 0.51775956179883742 0.53449617523101711
vt 0.583801344016882 0.4800752678955173
vt 0.57376980133197442 0.49317588005609003
vt 0.56440249505579043 0.50753843877139404
vt 0.55480216618731049 0.52129996356155628
vt 0.54367412879114341 0.53490185157266579
vt 0.53039902291698404 0.54782307028752841
vt 0.58027975119095043 0.52593347001757473
vt 0.56967566618467258 0.53780538194496308
vt 0.55735512877438476 0.55007684146866764
vt 0.54280865161225267 0.5622986708571911
vt 0.59592824698013391 0.54704561080901448
vt 0.58419099943252206 0.55725223055167161
vt 0.5705471622121151 0.56799584986144602
vt 0.55474800011120085 0.57881990917460846
vt 0.62224728915163152 0.58992128691679657
vt 0.61007380888298524 0.56888877566424478
vt 0.60740863556773195 0.59873878722791107
vt 0.59694285032420913 0.57822135380757589
vt 0.59127680299361784 0.60749357920961222
vt 0.58204783830424667 0.58765324975763922
vt 0.57385946935220944 0.61604414561095466
vt 0.56552832595205893 0.59732403744843399
vt 0.63289905317369033 0.60897681639638856
vt 0.61569857942912931 0.61713324096567246
vt 0.5978624852036224 0.6251747764059763
vt 0.57958485959075079 0.63305999210696329
vt 0.67531680179293208 0.59908192830216689
vt 0.65899779490668353 0.61411243979788521
vt 0.64039272724000929 0.62431691835996039
vt 0.62104000943408555 0.63158793810950131
vt 0.60180291958785204 0.63909400741550337
vt 0.58294339448164445 0.64661504790976831
vt 0.53711838360134978 0.45844127656782213
vt 0.54688665508383294 0.4453584547069161
vt 0.56269259657440696 0.43927385864122231
vt 0.58411682512416263 0.43504167185452203
vt 0.60740524378345762 0.42362096138332056
vt 0.62914627519697797 0.4080943411793081
vt 0.64773739516563333 0.39776533371011841
vt 0.55007389257322836 0.42232655735594377
vt 0.57261577938216479 0.41850533406473178
vt 0.59804683404393721 0.41021886729657453
vt 0.62502861265805176 0.39355583049296133
vt 0.64972319548488111 0.37815221405594523
vt 0.53098782848421744 0.42798368731634312
vt 0.51622558123987605 0.43854494697119539
vt 0.50725278688720654 0.45465976770540761
vt 0.5024905042958947 0.47387126564527227
vt 0.4956264433196475 0.49059247726515437
vt 0.48426162467242989 0.50172741415761213
vt 0.48469049230370542 0.42462440364692294
vt 0.47219950586241938 0.39023064430584403
vt 0.47520104389755186 0.44121872240851923
vt 0.45556970473256442 0.40015961581632886
vt 0.64427502186268637 0.33204526687429159
vt 0.46699967917843227 0.45790825606794833
vt 0.62232736217131768 0.55867698492259943
vt 0.63436343269797268 0.54674092675210972
vt 0.6461789121100856 0.53358899714218988
vt 0.65721482051315161 0.52079142215193164
vt 0.66777357451764841 0.50897191065102731
vt 0.67805736744915435 0.49803277494737158
vt 0.6884040538536772 0.48773381149109013
vt 0.60740007482195524 0.5369101300714213
vt 0.59115185056440656 0.51434114031427602
vt 0.61946433300237924 0.52571196843289769
vt 0.60300771270413811 0.502924341315649
vt 0.63181247474791646 0.51405227847687618
vt 0.61587661639539715 0.49262451849965017
vt 0.64399719747801676 0.50289387195058266
vt 0.6298166287613014 0.4830489231900652
vt 0.65566568609229681 0.49252629733310244
vt 0.64335386723007137 0.473969492927521
vt 0.66629896201620742 0.48322560936267456
vt 0.65498420752753617 0.46601054069579179
vt 0.67663783533324251 0.47470304993568041
vt 0.66544276312824857 0.4590312907429116
vt 0.50072753793384217 0.413083792107244
vt 0.49236312888119455 0.38428406468019027
vt 0.52042558340647194 0.4060406962213266
vt 0.51332508549606082 0.3799197472787727
vt 0.54105330802004958 0.40080671140581409
vt 0.53346083545138578 0.37541486058649942
vt 0.56255692812963687 0.39603364411045583
vt 0.55270228164371549 0.37038996143976416
vt 0.58623019166805901 0.39003013879377807
vt 0.57320476801386544 0.36455767642486431
vt 0.62845323252841889 0.34891358446279147
vt 0.61568706696557929 0.37956321813251181
vt 0.59824778178608551 0.35759587327467329
vt 0.65058686477313177 0.36212363043929563
vt 0.64869380836731427 0.59823257414942721
vt 0.63597634449884399 0.57954771591813037
vt 0.66218110721173928 0.58422012182817562
vt 0.64854384044609747 0.56685215930915256
vt 0.67365364770314862 0.56763257143793056
vt 0.66013981651330311 0.55223380441859915
vt 0.68436570824294807 0.55070448417099505
vt 0.67098351757805674 0.53741903336595054
vt 0.69446275824284698 0.53488744791273179
vt 0.68134310554221811 0.52348614815702055
vt 0.70409102816227487 0.52019345663881655
vt 0.69151132387614822 0.51067406359843148
vt 0.7137266789031097 0.50853979857717113
vt 0.70151087436503501 0.49937212227152178
vt 0.78615027723222808 0.6241671088677675
vt 0.77768063554325095 0.6137559609999359
vt 0.79571319708700361 0.61898557486150629
vt 0.78166809601851706 0.60915755673575955
vt 0.79535242875525003 0.60685532088863103
vt 0.77849369704198612 0.59921314279407523
vt 0.79455413282536758 0.59443314563301453
vt 0.77971302451113356 0.5879883459026688
vt 0.79575089767426666 0.58170551840430673
vt 0.78357744397754725 0.57646862599712545
vt 0.79834994711130824 0.56884480280484306
vt 0.78898581759571362 0.56483891497952421
vt 0.80463512239049328 0.55755402123183495
vt 0.79617062380599946 0.55395525058676554
vt 0.64251616518906951 0.63770375608778518
vt 0.62293236014385256 0.64365652581352162
vt 0.60344771547511933 0.65013712892628306
vt 0.58450984215585122 0.65745686942698112
vt 0.64396709817514597 0.65099479755971779
vt 0.62377817086835297 0.65602678923455982
vt 0.60465061567750955 0.66211807365183728
vt 0.58601518072357761 0.66921440527663345
vt 0.64411807501613549 0.66527478954812469
vt 0.6244618057059198 0.67045689259210284
vt 0.60610175877743089 0.67625621123262691
vt 0.58797673416869434 0.68275983247028993
vt 0.6722788397478342 0.69178118628593355
vt 0.65897502777603345 0.68880858066245798
vt 0.64238735663248392 0.68369646104577397
vt 0.62459507683859772 0.68660613690263461
vt 0.60747139978744114 0.69183953671400644
vt 0.58999090726708858 0.69800009460576129
vt 0.67222236307984196 0.7088651376381877
vt 0.65730161155286959 0.7075585736182749
vt 0.64144635366615399 0.70274314682735894
vt 0.6253343336308983 0.70316447883169508
vt 0.60914010137577823 0.70792407097811749
vt 0.59214419520686379 0.71368198679475847
vt 0.67260422662936137 0.72252575857762613
vt 0.65694641488648797 0.72416133871849364
vt 0.64208348265132031 0.7222649784364662
vt 0.62747766535568883 0.72164687963576601
vt 0.61192993839976262 0.7237837416641234
vt 0.59513195533882735 0.72860490645111753
vt 0.66363185180750062 0.63004373945331815
vt 0.68566789575257292 0.61561739681983185
vt 0.7010037840966592 0.59190551536786162
vt 0.71171896100966392 0.57116830658129525
vt 0.72119583426323386 0.55389090153113907
vt 0.7303382457019677 0.53894942479795283
vt 0.73951917462046757 0.52678920637400017
vt 0.75927655793416016 0.59469258099966249
vt 0.76363662901393337 0.58385242201490473
vt 0.76958803212853344 0.57209640356938429
vt 0.77706220530140691 0.560537229181717
vt 0.784726564824616 0.54943053640411688
vt 0.66359905748870729 0.66558488113174386
vt 0.66694987995958721 0.64602270597582168
vt 0.69790794018542002 0.63763536987821812
vt 0.73686358248604711 0.59912573633280275
vt 0.71650974044474391 0.60077215532108541
vt 0.74479622056220074 0.58242945257913059
vt 0.72712641501676312 0.57931540314986185
vt 0.75281040639066799 0.5679282945253018
vt 0.73615416701056957 0.56234949418492119
vt 0.76159558794554205 0.55512089042115298
vt 0.74549925177544207 0.54814738146133979
vt 0.77011796891188955 0.5436701610789475
vt 0.75444653220794378 0.53619451351705127
vt 0.6439346782525639 0.74069780533851315
vt 0.81074160906449055 0.61341981565114434
vt 0.79178954549548464 0.63538149336400807
vt 0.67471268857226452 0.73540608695401044
vt 0.65847966094622223 0.74040648959333766
vt 0.80747903046593184 0.62766847419533789
vt 0.60090466755900263 0.75376943248572537
vt 0.59887646147220241 0.74256683355613728
vt 0.6167061435422635 0.75287895609734556
vt 0.61611082576506326 0.74053600003124154
vt 0.63016500281439325 0.73981275595220841
vt 0.8080929773633635 0.6002491963131994
vt 0.8186753615047504 0.58880441284542751
vt 0.8068915558062475 0.5866477262804658
vt 0.82860524879977504 0.56679113671922499
vt 0.82328437549200506 0.57706069888675249
vt 0.80838148082593908 0.57292020379335606
vt 0.81354694268994454 0.56131544017037227
vt 0.78780130938329918 0.33635848992978185
vt 0.80034723437461097 0.35251713442844562
vt 0.81147972885778907 0.36645900042003227
vt 0.27491366886079793 0.56288157252831139
vt 0.27786431920662952 0.54535990433232273
vt 0.28020852350418024 0.5263711288564733
vt 0.28294058877853712 0.50699480505129224
vt 0.28636732672665949 0.48819406566433188
vt 0.76557958325512099 0.28258174557331589
vt 0.77476047802622039 0.31973223715788013
vt 0.76697094419692646 0.30206044276608929
vt 0.81497959100583461 0.32158726048968839
vt 0.82575065817779969 0.33571141849670533
vt 0.83578911865814132 0.34702090514973644
vt 0.24728791729889785 0.55333516699371077
vt 0.24874042530371879 0.53814604280569067
vt 0.25028250843906807 0.52140673217150368
vt 0.2536372807113505 0.5046618569016651
vt 0.25781304197873073 0.48869343304228152
vt 0.79444528971679318 0.27354842337346741
vt 0.80353501124764282 0.30604553015713298
vt 0.79566093291677087 0.29016789126650422
vt 0.84398452764334431 0.30400773249078317
vt 0.85294390355520888 0.31599121823277232
vt 0.86172453986386055 0.32582427642696671
vt 0.21893313698374892 0.5452284622983955
vt 0.21990360529207459 0.53143150555095697
vt 0.22151944862188519 0.51671480707859363
vt 0.22730972649903003 0.50279294229709048
vt 0.23562091497455759 0.48867199026321428
vt 0.81938423668972593 0.26964857996819502
vt 0.83414027674640145 0.29155630249107678
vt 0.82525778280894069 0.28121561218067037
vt 0.86384248617428772 0.28143130602670213
vt 0.8741022693904843 0.28895587029170405
vt 0.88415225300381139 0.29643344579939429
vt 0.19296564592676596 0.53108798663637014
vt 0.19808723036851988 0.5197209107477776
vt 0.20393826673581997 0.50705403249754843
vt 0.21361431259979557 0.49469684893518429
vt 0.22571608845789634 0.4824598115687212
vt 0.8296377671266475 0.26012788377951385
vt 0.85295639615096386 0.27471383081493722
vt 0.84148929170038811 0.26731982582584357
vt 0.87128808672323066 0.25384512395503922
vt 0.88376440130131628 0.25713429161034274
vt 0.89605516945294639 0.26148364253532114
vt 0.17274464769425021 0.50643865289706802
vt 0.18193940502731273 0.49691379327959401
vt 0.19192068468626269 0.48531653437182209
vt 0.2035966277604831 0.47305148511875988
vt 0.21726996804258936 0.46236018698729031
vt 0.83095203733088752 0.23937576301035809
vt 0.85903956426218131 0.25054806589625533
vt 0.84557335124727939 0.24505489571638042
vt 0.87607441083423343 0.22581719837333908
vt 0.88879228578009595 0.22823511541225408
vt 0.90190591956415778 0.23063572274055766
vt 0.15442133666584101 0.480044525174601
vt 0.16518678330163258 0.47097444447885028
vt 0.17681426392914337 0.46055589038131722
vt 0.18911144384254097 0.4496984947702774
vt 0.20258430263562033 0.43879466043536719
vt 0.83573569811411641 0.21313557617299889
vt 0.86387206833109798 0.22273320628846366
vt 0.85079964539273334 0.21847040780848423
vt 0.88274637480260021 0.19704452399791236
vt 0.89419136514410702 0.19909320673163894
vt 0.90611972193409929 0.2008715218126175
vt 0.13701393250058416 0.45377948604325524
vt 0.14766105946172514 0.44625270866915662
vt 0.15889832228950496 0.4373964206140234
vt 0.17017241180465131 0.42774122768140332
vt 0.18142118005350122 0.41676382444264487
vt 0.84657210996685861 0.18536353011866688
vt 0.87184061715858396 0.19454991425271609
vt 0.86005250583711035 0.19081076542858061
vt 0.89085634456643481 0.16656328459798256
vt 0.90089880106023956 0.13146590303554698
vt 0.90034276069172758 0.16837245888796004
vt 0.90927080865766063 0.13247900426687617
vt 0.91006658977434507 0.17023739201300328
vt 0.91680410502391596 0.13578204977075767
vt 0.12031190868401932 0.42679808947896147
vt 0.099967223503616365 0.40082398155605992
vt 0.12935666710702193 0.4208895409505064
vt 0.10878585191316832 0.39581406350399895
vt 0.13860374674380599 0.41392418965505628
vt 0.11688931883730612 0.3900466187959214
vt 0.14767885415642218 0.40604808777844464
vt 0.12422854982108331 0.38389016067858794
vt 0.15628303854981249 0.39676342744707793
vt 0.13131753331166637 0.37708057250682275
vt 0.86091360619874757 0.15729589829776086
vt 0.87402947953149135 0.12828679579614471
vt 0.88176111632026921 0.16458950615757242
vt 0.89256353777845421 0.1314289905440556
vt 0.87195807750023691 0.16168505588256593
vt 0.88359847974637895 0.13059301426163689
vt 0.76045415566301322 0.34921192076848412
vt 0.77525416840256456 0.36718326864072909
vt 0.78685759349027573 0.38427377229666121
vt 0.3042757051853362 0.57020268644904792
vt 0.31039543685826998 0.52967652114658959
vt 0.3131511509974505 0.50862074536873458
vt 0.31751171165707393 0.48830790487755726
vt 0.73568488539081189 0.29464538452833838
vt 0.74482476940080089 0.33269003853089157
vt 0.73666016814396984 0.31531197149326184
vt 0.46188644594070283 0.69989476356564873
vt 0.45449773674965077 0.71253774655052349
vt 0.44895383417898621 0.72275887176072495
vt 0.87655867801121323 0.43796926136865783
vt 0.8679863645038689 0.43894083805399936
vt 0.85834163470588365 0.43765270304305592
vt 0.84753393148581657 0.43384652269487683
vt 0.83410755605805609 0.42798530192505907
vt 0.47779347609990092 0.71240537548569915
vt 0.47264953727861481 0.72614005210751276
vt 0.46905868892215563 0.73818258205350185
vt 0.87759136596016141 0.4640925767085175
vt 0.86664156791896763 0.46443451877921632
vt 0.855035569629923 0.46184701749196488
vt 0.84987430600385405 0.41142853522669559
vt 0.85959068658681292 0.41281285120822164
vt 0.86768405396753456 0.41307275509158137
vt 0.8749374410845272 0.41257932002811265
vt 0.42695237365117555 0.7117407505286224
vt 0.43292437612654394 0.7053287085764417
vt 0.44010360605932891 0.69634097306004317
vt 0.44924581671387226 0.68533817682308618
vt 0.83734603853718026 0.40859628695677092
vt 0.85107458755243914 0.38699823804513683
vt 0.85969929433848313 0.38790419118098296
vt 0.86668109625139667 0.38779217701666935
vt 0.41012748060295706 0.6924349303640569
vt 0.41710162741846168 0.68628735898652193
vt 0.42502415952825773 0.6780561436584045
vt 0.43381980149619859 0.66787139442487753
vt 0.83996841695252744 0.38589501594733733
vt 0.85086432072319895 0.3621098005004364
vt 0.85932779314446783 0.36267777350505598
vt 0.86631639772715208 0.36317212589728176
vt 0.38900789719371937 0.67497701166598567
vt 0.39589669132740418 0.6680732628687317
vt 0.40364357700178954 0.65924159591156506
vt 0.41230524163271393 0.64971729683887058
vt 0.84015667954607987 0.36105170139345888
vt 0.85505305007419619 0.33602783025098693
vt 0.86366013821271292 0.33673996781357213
vt 0.87061238990645307 0.33747201970839835
vt 0.36831615016805386 0.65696065365212164
vt 0.37510268232118732 0.64978102489818834
vt 0.38293174821294562 0.64093881799901631
vt 0.39130105597661963 0.63167489362790208
vt 0.84430440571431276 0.33489689933427425
vt 0.86048651170960266 0.30925172172815529
vt 0.86835179804458007 0.31018327132004536
vt 0.34537302397493347 0.64131403576627455
vt 0.35086252869836693 0.63652896564041739
vt 0.35713555114654483 0.63044313716558176
vt 0.36378443697908086 0.62279258863275189
vt 0.37008918845339067 0.61421379144760591
vt 0.85063510440917789 0.30780877673293727
vt 0.83982671039137669 0.30565317035074846
vt 0.86407412009464124 0.28143235266126354
vt 0.87069758377043416 0.28302746229720305
vt 0.32406308802639711 0.62363611650605955
vt 0.32834027866033771 0.61966320235298489
vt 0.33273422128977481 0.61581455126078144
vt 0.33761526689699989 0.61162683152228725
vt 0.3429544186205517 0.60666308811618075
vt 0.85557387271970031 0.27950649295019642
vt 0.84650528380041534 0.27830814931267689
vt 0.59013833676671168 0.7687343670000587
vt 0.57669869594656076 0.7729960876115114
vt 0.8652990016885922 0.54383870693426473
vt 0.86069335511051281 0.55451969709151583
vt 0.85457122660773344 0.56429827421816281
vt 0.77839624500699589 0.45531725384877703
vt 0.76679726269225568 0.4702485829309645
vt 0.75561767744580521 0.48391226083476391
vt 0.74401906445757726 0.49622477000833509
vt 0.73394599221515855 0.5072749390885527
vt 0.69922346089172849 0.41782490619864171
vt 0.68797201382413031 0.42408713056247199
vt 0.67652210991166328 0.42934022805992467
vt 0.66579683744766704 0.43430297449187216
vt 0.41910705054559638 0.59601522051096067
vt 0.70010369284535945 0.40476218145137971
vt 0.68728024145725664 0.406905635326266
vt 0.6740092274985009 0.40992300641500062
vt 0.6614151192596901 0.41398207676112631
vt 0.44168230758012467 0.55310068045759264
vt 0.46021482112532341 0.5474178411699141
vt 0.47676155760929761 0.54015784983252724
vt 0.49097725764969469 0.5309662014391604
vt 0.42577807218982078 0.58433697772529425
vt 0.43921826544176923 0.57630696015578931
vt 0.4558879499793021 0.56947234018044846
vt 0.47230544544917685 0.56258332241650755
vt 0.48837502192177007 0.55475061428923078
vt 0.50369282980263541 0.54533011807464815
vt 0.44145861331748032 0.60148277189716615
vt 0.45391107283747661 0.59204786302319612
vt 0.46854042175499033 0.5838810029879391
vt 0.48343454888516846 0.57632584424302935
vt 0.49915188077833611 0.56831002392637442
vt 0.51527349343643136 0.5589659754762315
vt 0.48185201702951064 0.59839445312264639
vt 0.4954188933332408 0.59086245059705034
vt 0.51051897162746962 0.58280507752782373
vt 0.52678516503577077 0.57331350295884942
vt 0.49475213800031359 0.61282266361771431
vt 0.50742072713001218 0.60608417946651938
vt 0.52201532002809803 0.59841857581171076
vt 0.53816623783145678 0.58916162921649351
vt 0.50952259486410711 0.64405930702662506
vt 0.50425028655325355 0.62813169926078716
vt 0.52400302116592656 0.63869589385112724
vt 0.51737131243045076 0.62211143464991026
vt 0.53947971125074068 0.63207384281862344
vt 0.53210182317877663 0.6150080969202405
vt 0.55645130953300215 0.62464972264552177
vt 0.54849873943955418 0.60661017959409291
vt 0.51144636539912847 0.65894442316911406
vt 0.52760523976997886 0.65425352647477419
vt 0.5441853413902159 0.64803953254338553
vt 0.56170782523230744 0.64106316737428171
vt 0.78911849466266992 0.43954282666960759
vt 0.49477582337125958 0.67340820555364234
vt 0.51236956288871638 0.67138332577137072
vt 0.5294164166349633 0.66686139845622949
vt 0.54683120787992578 0.66082773727240551
vt 0.56468006647868763 0.65381985534473031
vt 0.42350027037996335 0.55976118858111945
vt 0.41019592953735767 0.5697673378661442
vt 0.40504023640717396 0.58402577648952936
vt 0.71053307738940219 0.40690403135873138
vt 0.69660555808291202 0.39502950500163786
vt 0.67980419145955406 0.39192506323731596
vt 0.66360293917221291 0.39278934270213789
vt 0.38639264562093933 0.57654664751327378
vt 0.72218691230795828 0.40950944433682734
vt 0.7095983875618167 0.39109836667262604
vt 0.68910993069952076 0.37980432261407254
vt 0.67004752182966898 0.37381379037929302
vt 0.39106891885947781 0.55849311421884495
vt 0.40202458555773479 0.54305334129494653
vt 0.41962116337584776 0.53253288606957905
vt 0.44069888188189965 0.52688603145747792
vt 0.45918596612670365 0.52075734611906555
vt 0.47227439357854401 0.51135997065374728
vt 0.38599672430854276 0.51453952655769397
vt 0.34712811266244858 0.50871969713768406
vt 0.40486577756896397 0.50260541063725439
vt 0.35657742716548824 0.48982153556738844
vt 0.69602262034204465 0.3272085260856174
vt 0.42440383938150972 0.49303303488925715
vt 0.49143003323713624 0.63345197536580389
vt 0.75054133778608934 0.4200417510913616
vt 0.74187980242584661 0.43378366562073595
vt 0.73177280577691961 0.44663522740756267
vt 0.72103524953232967 0.45810531223042478
vt 0.71011210440916106 0.46826458094297174
vt 0.69921076010451932 0.47787158442337357
vt 0.48321565107274284 0.62015244005670978
vt 0.46932203458660965 0.60742388023146388
vt 0.73699229641068098 0.41215388728691188
vt 0.7293423175214736 0.4262914593858777
vt 0.71751442384398734 0.41682331589852911
vt 0.71959814955352941 0.43933067829894634
vt 0.70818432468987458 0.4301014166232619
vt 0.70860177930080614 0.44998291688389996
vt 0.69676942465585667 0.43946961744286495
vt 0.69783913545948295 0.45859340219396388
vt 0.68595568802758422 0.44644487106312414
vt 0.68726952001127717 0.46647101055692841
vt 0.67571729867264929 0.45260852289344
vt 0.37356962612677769 0.53257033638491458
vt 0.34188255935973588 0.53035135984777493
vt 0.36673689212097915 0.55329152886591837
vt 0.33823225814924573 0.55242513414531735
vt 0.36259987406861893 0.57424627840090914
vt 0.73975546662934299 0.40724064876238275
vt 0.76206730058370808 0.398599103216563
vt 0.72763547305738918 0.3874293034664511
vt 0.75016433279837924 0.3794949683882291
vt 0.7079172661855585 0.34449235299450354
vt 0.70474489733171586 0.37014532313012066
vt 0.73120446319263832 0.36045838730238056
vt 0.67809391062441238 0.35703398683393156
vt 0.49500065754716521 0.66148555035531853
vt 0.49482314182039167 0.64778377175926993
vt 0.77758844576004904 0.43322865773728236
vt 0.76458358438008911 0.4266820194759452
vt 0.7670669013657565 0.44800804115784099
vt 0.75516560724726522 0.44085500923749582
vt 0.75563042653983348 0.46227068788600889
vt 0.74424714410452064 0.45439506413816022
vt 0.74392561668491719 0.47549604170373788
vt 0.73300155450702886 0.46689505567080919
vt 0.73228566655965144 0.48789514074545415
vt 0.72183047420959179 0.478493726209405
vt 0.72211754157504993 0.49868440774555128
vt 0.71134054280085235 0.48913642668806079
vt 0.86666046267929508 0.48621569745377469
vt 0.85324870583041001 0.48174266790758236
vt 0.86410685350249516 0.49807963170511949
vt 0.85034126661620157 0.49012574485042115
vt 0.85394292915777736 0.5053757565455691
vt 0.84026509450949993 0.49688920166278178
vt 0.84329121666003592 0.51438597237903549
vt 0.82998285950384398 0.50833593997766735
vt 0.83210480319729396 0.5252275460756991
vt 0.82059296097098067 0.52044554604960702
vt 0.8208776139194971 0.53624426561271277
vt 0.81175113624521 0.53222008141170263
vt 0.81210667263460823 0.54703769649961131
vt 0.80335082796922319 0.54313229309249278
vt 0.51352079903748793 0.68224638985768149
vt 0.53069447884973986 0.67752261382016088
vt 0.54827094941550969 0.67145726251220772
vt 0.56621159715098179 0.66441432745469087
vt 0.51415346066339296 0.69375938950231197
vt 0.53214398209728964 0.68860394238610789
vt 0.54986508379479426 0.6825441323035244
vt 0.56781659036430365 0.67590494928695988
vt 0.51684762346042212 0.70688730376501463
vt 0.5349434825741054 0.70141495122805009
vt 0.55244564764438497 0.69552730166078991
vt 0.57017417234729595 0.68951081858776053
vt 0.49242664575802564 0.7225390822881318
vt 0.50572102608724634 0.72501727242408287
vt 0.52136273723264359 0.72037423676006629
vt 0.53834798439486753 0.71514580317311927
vt 0.55532632430941764 0.71003342504039946
vt 0.57269122962105412 0.70437689790792035
vt 0.49132638522786864 0.7372383217901749
vt 0.50878426250680986 0.73973013838950807
vt 0.52566648097633528 0.73573315386365723
vt 0.541510324738398 0.73027812612538945
vt 0.55802571891009045 0.72538209899854267
vt 0.57516512247385776 0.71979038542873353
vt 0.4910241238204992 0.7501903440314095
vt 0.51167381589696792 0.75387725434439723
vt 0.52892129189955683 0.75113429341793192
vt 0.54440645464928727 0.74588027414725255
vt 0.56070413986973189 0.74042580525064927
vt 0.57790509890530206 0.73449911226455522
vt 0.49514787447470271 0.68439930776410118
vt 0.80031505683734061 0.44666263574253157
vt 0.7903364871403018 0.4638557406005393
vt 0.77883848851727799 0.4790324944536386
vt 0.76773792615028968 0.4927733040197439
vt 0.75700023209239631 0.50524043864383705
vt 0.74743259516401772 0.51642973566237249
vt 0.82644398971609057 0.49072874199330463
vt 0.81744096942696032 0.50255918788470022
vt 0.8085854945054145 0.51504901743511855
vt 0.80035944236026912 0.52722001562304288
vt 0.79259981906946642 0.53859046998074278
vt 0.49964168507659573 0.70978387683086186
vt 0.49448945426511437 0.6966486167021505
vt 0.81333847833434758 0.48270370494128473
vt 0.8015789132620611 0.4733561583794747
vt 0.80368188580977806 0.49585536035723898
vt 0.79079501827888576 0.48801265455171855
vt 0.79458511873768511 0.50883584450322528
vt 0.78065334041914514 0.50154041109857728
vt 0.78610623002177382 0.52124693973599023
vt 0.77112087194010603 0.51404555127103335
vt 0.77828217202788996 0.53276220263260043
vt 0.76274911934687772 0.52555192709543475
vt 0.53202621741608913 0.76499112955485482
vt 0.86758245687195679 0.51471634023301693
vt 0.87920990606871452 0.48811991118404169
vt 0.51432617589948448 0.76691097617377901
vt 0.87727240362292802 0.5051324089220367
vt 0.58463851641940467 0.75827086305376212
vt 0.58116291631967365 0.74781938482444932
vt 0.56865572008995646 0.76506556542393989
vt 0.56336018416714084 0.75552244355150144
vt 0.54781191752594083 0.76118873576401291
vt 0.85610292474968652 0.52160741491308649
vt 0.8526864702729835 0.53857203660903807
vt 0.84354939216979363 0.53040489804688029
vt 0.83522753968706431 0.5577868046983393
vt 0.84369234875393473 0.54862699897573919
vt 0.83038085957936902 0.54064870967675971
vt 0.82089491692125416 0.55113676386011401
vt 0.55339148808742644 0.30731208967326151
vt 0.53704997309882341 0.31428949415993923
vt 0.5222957023867919 0.31894344140484465
vt 0.50642308950111503 0.32241655378722028
vt 0.48835200203875129 0.32476555589375017
vt 0.46905134223630096 0.32746496398982949
vt 0.45030787477586959 0.33107232757014043
vt 0.4326481057185726 0.33676944308820894
vt 0.57150941626461504 0.29909731030660119
vt 0.59980785435084594 0.27411601519614259
vt 0.58803505304965542 0.28952813484168177
vt 0.55491604812383211 0.29046024227122896
vt 0.53858957004355967 0.28184135187058451
vt 0.5386758238805418 0.29845407457696371
vt 0.52441237865477786 0.28873665232896278
vt 0.52395508147124203 0.30402616783334691
vt 0.5111793125795796 0.29329497506258656
vt 0.5094208824967642 0.3075574469476437
vt 0.49651781805128298 0.29581845803145512
vt 0.49303876666060825 0.30973987474516584
vt 0.48036520842671765 0.29634232316310155
vt 0.47491382475596022 0.3115472188544029
vt 0.46255097745475576 0.29812076431826279
vt 0.45676328048443482 0.31437630450477833
vt 0.44620085711686064 0.30135522391561265
vt 0.43967582629283702 0.3186104540436272
vt 0.43046895625778769 0.30646371861735505
vt 0.55420067569857867 0.27224927251615216
vt 0.57182701147903614 0.28134125093474832
vt 0.58005513938320397 0.2485446946233027
vt 0.56984862208895981 0.26206666145792151
vt 0.58565298540463118 0.26892742582192575
vt 0.53814373725474485 0.26406499101385561
vt 0.52233978143035142 0.25546221698973187
vt 0.52484074623010235 0.27308506054017606
vt 0.51143035545989335 0.26298287075380056
vt 0.51212010597116842 0.27904407184804542
vt 0.500342003279445 0.26782798068636632
vt 0.49855475029516044 0.28245355994422444
vt 0.48812788414388086 0.26913803073491821
vt 0.48375347088465276 0.28273171197944419
vt 0.47356758407218202 0.26877067699994939
vt 0.46760491937556736 0.28205224468954776
vt 0.45916101273501059 0.26971339750599205
vt 0.45192310812380448 0.28365910746216672
vt 0.444310620832988 0.27545508499999571
vt 0.4371538382645721 0.28848323467591658
vt 0.4286723232509545 0.28230304103192527
vt 0.53369595147177595 0.24600508809176383
vt 0.55196844968311465 0.253507488576935
vt 0.55488684379754094 0.22892350860108504
vt 0.54610873652873482 0.23718893917889591
vt 0.56350043418795226 0.24279394530580761
vt 0.51854063548812035 0.23824922965264919
vt 0.50785312206385158 0.22908561167535613
vt 0.50943242677812695 0.24677846118378735
vt 0.49810123127888706 0.23604646936048729
vt 0.50035653881329045 0.25344473858589728
vt 0.48867448391279789 0.24195647852748356
vt 0.49020900803405026 0.25630716731322822
vt 0.47869480075421939 0.24505632140071046
vt 0.47811057224241055 0.25634082768814292
vt 0.46600046572902587 0.24733161263341047
vt 0.46484262706074736 0.25654284127336852
vt 0.45292814805438769 0.25156222420680491
vt 0.45122495975069599 0.26220257876900344
vt 0.43820350495515548 0.26056915431353656
vt 0.43504878031833072 0.2717481824955984
vt 0.42312985320901059 0.26993571262013594
vt 0.51796032772884493 0.22301700269767313
vt 0.52852864027744428 0.2299515936312394
vt 0.5409667412080098 0.20976769987551344
vt 0.52908841530389006 0.21700174789342591
vt 0.53903969353163772 0.22298815929063001
vt 0.50732131508601308 0.21294166984373394
vt 0.49657565585681357 0.20301821756685567
vt 0.49608236698310731 0.21765665707741536
vt 0.48489143474153318 0.2089419247277732
vt 0.48600311593816931 0.22441686056597759
vt 0.47454077476597029 0.21607819821253899
vt 0.47662420717201032 0.23101350721745947
vt 0.46397569171659181 0.22201646786611243
vt 0.46582925764432159 0.23619758757517154
vt 0.45126324998395539 0.22756579281885431
vt 0.45296371617603254 0.24204960054243024
vt 0.43671777568119369 0.23436498196754446
vt 0.43832383817994852 0.2496433516745046
vt 0.42151111841795641 0.24238109562517512
vt 0.42364059145105748 0.25812574141219008
vt 0.40747947252697048 0.2521773515204116
vt 0.5080749843051855 0.19840721460043528
vt 0.51910998767370031 0.20922871737493431
vt 0.53363874506088604 0.18450155319845188
vt 0.51973933067611022 0.19314776968680156
vt 0.53199573861275551 0.20316911924742997
vt 0.49694062473717893 0.18804147215731998
vt 0.48419878119523307 0.17871454190122441
vt 0.48472787938748274 0.19339752359327453
vt 0.47204035862794919 0.18477354909669907
vt 0.47271605721912285 0.19985736897397688
vt 0.46052672164365055 0.19124244881053173
vt 0.46146132761936048 0.20662843601637915
vt 0.44903511524965967 0.19737503247013916
vt 0.4492014880295328 0.21314776889721429
vt 0.43559618401891975 0.20399101573647543
vt 0.43550877305559321 0.21983086930905454
vt 0.42156692512250316 0.2108660192387502
vt 0.4211739910640086 0.22701921343165679
vt 0.40681377425074911 0.21826328926007996
vt 0.40636883268617152 0.23539090101550644
vt 0.39128284409578268 0.22647789894146647
vt 0.49558124303064743 0.17318292955447784
vt 0.50877360117711401 0.18268952868519231
vt 0.5190484985470819 0.15832771046288077
vt 0.5067127212741942 0.16674008491121511
vt 0.52097172682189974 0.17582432018490055
vt 0.48222521877677388 0.16415994521489519
vt 0.46804698256647875 0.15436267767429321
vt 0.47083756580336256 0.16986098165193325
vt 0.45712479875567896 0.16000859780917631
vt 0.45922586250346881 0.17580241044729777
vt 0.4464655327644137 0.16575386846525661
vt 0.44792664970427121 0.18170689327715883
vt 0.43566883655489524 0.17137700162362113
vt 0.43575214817272651 0.1879280332941051
vt 0.42319234574072662 0.17773208305491087
vt 0.42237391295517357 0.19471886409928729
vt 0.41026379758247133 0.1841661425420868
vt 0.40840560430384842 0.20161316111451244
vt 0.39643566020219406 0.19028518773594208
vt 0.39336088937913338 0.20849792313968241
vt 0.38111496889389351 0.19553650078309287
vt 0.47810650716143677 0.14906178283917082
vt 0.49290202173540709 0.15818804363074199
vt 0.49837504888823986 0.13449026488869162
vt 0.48771824250602003 0.14293007470826674
vt 0.50396831589826607 0.15067327781067236
vt 0.46363089468441487 0.13945671395600517
vt 0.42845855662826843 0.075595304738795596
vt 0.44418376151832101 0.11265332188359442
vt 0.44934004527638172 0.12836041740924883
vt 0.4539337582158649 0.14440439823922774
vt 0.42976553102353393 0.095437545331082924
vt 0.41927763333756513 0.074588370920557034
vt 0.43559031420842514 0.11624990958581073
vt 0.44005639136633107 0.13290198344991871
vt 0.44393986359045173 0.14967677975114127
vt 0.42101793790730813 0.098155687186295817
vt 0.41072738572656847 0.078697274175967058
vt 0.42710313226297375 0.12034207148608836
vt 0.43121219549929307 0.13774816328220624
vt 0.43408399905045486 0.15500900891464192
vt 0.41417870597239037 0.10386668082173604
vt 0.4034158997954243 0.088244552033388574
vt 0.41882974984241422 0.12512098773706301
vt 0.42194918046351304 0.1430169489775302
vt 0.42328594685712073 0.16076864867608187
vt 0.40667663062439707 0.11162987980563947
vt 0.3953253307432944 0.099057402317961743
vt 0.40972842889310063 0.13070489072422309
vt 0.41142963941737121 0.14880643461470178
vt 0.4115024541329057 0.16684273620819529
vt 0.3977943677029176 0.11885781573723485
vt 0.38631472171505599 0.1076473687218137
vt 0.4001714732581696 0.13633287115587267
vt 0.40075963531263226 0.1544182517248851
vt 0.39912505405181925 0.17267006349375544
vt 0.38883318227180214 0.12464008505736006
vt 0.3764912046014936 0.11487507236707159
vt 0.39026941822024552 0.14162187805129592
vt 0.38923034069574303 0.15951642992205337
vt 0.3856442581059133 0.17760884358484083
vt 0.37931111536654044 0.12967056853346071
vt 0.36428585651347245 0.12067850345613608
vt 0.37975712643787335 0.14618156964262305
vt 0.37665580004922372 0.16322662412677061
vt 0.36961593104812163 0.13427852271472684
vt 0.45791997696129122 0.1242405747058154
vt 0.47269680678510417 0.1343969736126166
vt 0.43709607337813389 0.077688071959530217
vt 0.43878760425251268 0.094398044078774238
vt 0.45228841052084839 0.10913224429067542
vt 0.47518988815221047 0.11300640024774587
vt 0.46615067913276331 0.11955892909012746
vt 0.48199780787945878 0.12787259586027061
vt 0.45684462448911461 0.089847153869956148
vt 0.4461720573632314 0.077617249956689907
vt 0.44747448191594863 0.09302790429576363
vt 0.46067619704138402 0.10471968796445046
vt 0.57042209041938507 0.3164333990123418
vt 0.56847151991975409 0.3337505539981947
vt 0.55212877748185618 0.32372562333483723
vt 0.54986408353709459 0.34051443554257793
vt 0.5355843484633166 0.32991560395432928
vt 0.53317110876703877 0.34587295433305426
vt 0.51945151996858918 0.33438657149417406
vt 0.51568230334711695 0.34994875772013384
vt 0.50163814445136912 0.33759798556662646
vt 0.49603439172346764 0.35337740460028944
vt 0.48226282071325388 0.34023899492120502
vt 0.475652183322258 0.3565551312791746
vt 0.46261528291174192 0.34331991260518568
vt 0.45571982645886311 0.36110372558954107
vt 0.44371015647758666 0.34844214857854644
vt 0.4374851863513306 0.36857978341501518
vt 0.58844811872182612 0.30854843721423814
vt 0.58942000345997358 0.32668016296147878
vt 0.61638774651744488 0.30097916467171915
vt 0.60199835255279299 0.29568527184301735
vt 0.60649975611174156 0.318143962114804
vt 0.70933891699139739 0.69500211847860716
vt 0.70894055178390625 0.70793188626076864
vt 0.70860764677475474 0.71750415298007264
vt 0.74994298505203882 0.63217098498644708
vt 0.74366551942818349 0.6282974802286071
vt 0.73401919791425796 0.62625476560722793
vt 0.70842248119152529 0.67727785337944513
vt 0.71912851796014443 0.62937957347955142
vt 0.70729941059370005 0.65303811008101575
vt 0.69923540173085463 0.68478722124238223
vt 0.68921128260684084 0.6951088913209531
vt 0.6993293877974166 0.70072411213392871
vt 0.68947940315592871 0.7098858631577748
vt 0.69927354449652124 0.71261924724973591
vt 0.69038406025729326 0.72094280219593643
vt 0.7000539661672246 0.72188810443612295
vt 0.75985020002785664 0.63285873113354396
vt 0.76903280896042114 0.62884050080153109
vt 0.7557432232799649 0.62550668836313916
vt 0.7635036411080125 0.61934273642832793
vt 0.7479441617450121 0.61894087620775429
vt 0.75461901776087037 0.61031018561968031
vt 0.73571687495781335 0.61376378909819351
vt 0.69794770341916745 0.66241641514890715
vt 0.68814089302572623 0.67578679492559401
vt 0.72718269201749275 0.64126216407991998
vt 0.73874206694498612 0.65261816133850648
vt 0.73576566042184288 0.63846739274467801
vt 0.74420652657974617 0.64981300266339614
vt 0.74269127888573783 0.63884438240685082
vt 0.74917084577744875 0.64751931573679633
vt 0.74878040430706649 0.64024032887819404
vt 0.72654140795479849 0.72881681639142681
vt 0.71706420404777271 0.72299164837941465
vt 0.72796579652065752 0.72091037623891552
vt 0.71838186351464739 0.71453543539140829
vt 0.7281721122234428 0.71101177430396867
vt 0.71892326067708534 0.70341396474451789
vt 0.7278219562003807 0.69790702976876506
vt 0.71867260044001069 0.68895368600251738
vt 0.73296585359393429 0.65786416917384516
vt 0.71828552836169246 0.65204169336127582
vt 0.72829413490947703 0.68311432873759859
vt 0.72885821037705123 0.66847900047773012
vt 0.71779006148290292 0.67145492999094447
vt 0.7476657159077621 0.66249599492815969
vt 0.76157007252334097 0.66364573375605107
vt 0.7522511186244889 0.65780115640261583
vt 0.76429827762576852 0.65767474545834448
vt 0.7563362829876572 0.65363838641057848
vt 0.75193043783229474 0.73667475962104301
vt 0.73904043466929403 0.73422373106538008
vt 0.75199827633946237 0.73053075474298301
vt 0.7393348409639845 0.72658101517987028
vt 0.75193638367172966 0.72316466895431519
vt 0.73868503321049461 0.71734012562367111
vt 0.75125779947351312 0.71378545011334038
vt 0.73730797658501546 0.70537031572655551
vt 0.75137439086907365 0.70217877800494555
vt 0.73750016379410033 0.69183560149554024
vt 0.75804982836631685 0.67071582981410871
vt 0.74319767241174184 0.66941230399734697
vt 0.75279585713373187 0.69004325651645304
vt 0.75494924139694242 0.67970099560429065
vt 0.73937834022080984 0.67932597287057328
vt 0.77167528601537283 0.67000278659160606
vt 0.78201261451795623 0.66466575667510408
vt 0.77267028840881491 0.66207858765842909
vt 0.76622856471529355 0.73969039496780309
vt 0.77861450916060626 0.74104357604584592
vt 0.76556847413264528 0.73345299867534131
vt 0.77863303978981369 0.73487734101548075
vt 0.76516992686489427 0.72704234205339346
vt 0.77874484461509885 0.72731115972471527
vt 0.76418570738269864 0.71927802647788575
vt 0.77885207425821501 0.71804210575291527
vt 0.76388186610355413 0.7096865426150506
vt 0.77954294482842357 0.70640639034691433
vt 0.76508948621999284 0.69891902896929115
vt 0.78107295570487445 0.67358643209452773
vt 0.76863342299184001 0.67905315050889148
vt 0.77949196661420306 0.69434302693922267
vt 0.77971071016639126 0.68375386592772047
vt 0.76641570776872348 0.68855096512699854
vt 0.79214854211185148 0.6673105409340151
vt 0.80729997546670706 0.66094786424830054
vt 0.79236477999888832 0.65891033714828773
vt 0.79152829985624462 0.74850675800290567
vt 0.80741636680321038 0.74563730120960636
vt 0.79239716284894601 0.74207959570728865
vt 0.8071250897748945 0.73862834624578455
vt 0.79323138065175691 0.73448900464386546
vt 0.80699170107344831 0.72982983652709965
vt 0.79460045677688129 0.72507456366851009
vt 0.80747551434880238 0.71906090864406602
vt 0.79570340653038829 0.71348210271411294
vt 0.80742502530978599 0.70654810010428404
vt 0.79485670576290413 0.70096411326241415
vt 0.80665496589436736 0.67057806716905388
vt 0.79192870792643211 0.67751728253950638
vt 0.80663745295877498 0.69426468341084924
vt 0.80628067335482612 0.68223571496787905
vt 0.79300066606654618 0.68896859164990965
vt 0.82167058049936648 0.66550767689815682
vt 0.83680675602659038 0.74560884157475782
vt 0.82224406523752169 0.74665663656371484
vt 0.83568814578614958 0.73950745996781453
vt 0.82125426186091532 0.74006517542051331
vt 0.83471642495561749 0.73302911236912127
vt 0.82035977607604593 0.73239317496270162
vt 0.83378151770020081 0.72522291106072334
vt 0.81992357030322072 0.72281818713931489
vt 0.83322441611811737 0.71574446474258024
vt 0.81983436133998011 0.71153312204073604
vt 0.83312330628954478 0.70491969056308834
vt 0.81978621332415436 0.6996094877528487
vt 0.83569498441221191 0.67211582826732053
vt 0.82054330522387497 0.67599122068349349
vt 0.83339962610656926 0.69420141798945045
vt 0.83424443229854273 0.68304415911615357
vt 0.81990417561040518 0.68772732140175341
vt 0.86394422207767907 0.74422344847706801
vt 0.87669713781791214 0.74283769547498413
vt 0.85092677875582357 0.74430776738200866
vt 0.86372783533221831 0.7384559635090544
vt 0.87773848248771358 0.73646703946234837
vt 0.84985179249719878 0.73830513541099085
vt 0.86350964157088805 0.73276302698853846
vt 0.87797859409244838 0.7301193161113616
vt 0.84906265245019708 0.7323767872035396
vt 0.86298801022030869 0.7271612546480023
vt 0.84814375441813439 0.72596855301669494
vt 0.8621086213186957 0.72115254174037313
vt 0.87708840994097226 0.71839686866515884
vt 0.84727817491452517 0.71854264546696012
vt 0.86137609334325016 0.71440956621149287
vt 0.84668416009183389 0.7098061645645527
vt 0.86153196578789937 0.70733901995262838
vt 0.87775737363742579 0.70805603116490734
vt 0.84671226780115083 0.70054146023378383
vt 0.86325408281050198 0.68179496183694321
vt 0.84893795603108235 0.68103316447611928
vt 0.8774161659512153 0.69153857648427908
vt 0.86271164012967039 0.70016684200389434
vt 0.8786150551219567 0.70106386229369433
vt 0.8635213770174176 0.69158507569070826
vt 0.84749278952908758 0.69099920911086621
vt 0.6080812794442918 0.77218609961990681
vt 0.61098580537681757 0.76454076331704679
vt 0.62103953322681915 0.76975010089433649
vt 0.83482768223161397 0.59784864488475564
vt 0.83425235538376241 0.58878613346480824
vt 0.84580540253401737 0.58907863502639446
vt 0.84367540506118655 0.57871091298977462
vt 0.85687166168749007 0.57658511661050427
vt 0.69289404469512883 0.57038356852427774
vt 0.70331701286289727 0.55245535247742672
vt 0.71246193421857196 0.53674668629368916
vt 0.7218220200709331 0.52218200116984159
vt 0.60337998712439789 0.46683852632082218
vt 0.62070091443069086 0.45828276254155559
vt 0.63686362701163135 0.44965838439942069
vt 0.64947017613983782 0.44269807549188145
vt 0.58541940983933372 0.46036953056173469
vt 0.58590167197224841 0.45087622008015216
vt 0.60246270494705001 0.45314355740204443
vt 0.60643195457557175 0.44248392168529471
vt 0.6216443557736937 0.44436702358380947
vt 0.62647745696287505 0.43093484303146923
vt 0.63815591567468111 0.43587659278796104
vt 0.6423666830068423 0.42234536737670536
vt 0.65124065887456684 0.42926238895508745
vt 0.52808052531520711 0.48501602078984618
vt 0.52050675986429518 0.50164586308955605
vt 0.50995039793940677 0.51517162422778207
vt 0.57034886170557753 0.4561726408403875
vt 0.56065411273909238 0.46682722878079386
vt 0.55274234903829611 0.48339773095976662
vt 0.54124067501877637 0.48464148413962432
vt 0.54494763335804208 0.49979021321836919
vt 0.53366060435683238 0.50113544665926069
vt 0.53576222162474807 0.51462571711882477
vt 0.52378218979416924 0.51583480271868165
vt 0.52432150913840936 0.52850540022523695
vt 0.51156225949573297 0.52826355116789059
vt 0.57347504766153146 0.46937565551688065
vt 0.58946730829180261 0.47487157850956047
vt 0.57878903800444825 0.48595005734136604
vt 0.56483459400264924 0.48339124052073357
vt 0.5690308754188369 0.5004999205361258
vt 0.55658123570909324 0.49922193075832022
vt 0.55967972749816575 0.51446662856478953
vt 0.54750702540326379 0.51393696769017061
vt 0.54960182703531613 0.52794556713878737
vt 0.53688477814362656 0.52804016587451164
vt 0.53733438155067637 0.54148461322559471
vt 0.52391154706264453 0.54086725501823885
vt 0.57224213252714695 0.51639304001568875
vt 0.57501854123850971 0.53171686995568324
vt 0.56201707032738146 0.52909953259461584
vt 0.56412827845881952 0.54374663113270194
vt 0.55034119670900128 0.54206632968319535
vt 0.5503624536305044 0.55610430631483243
vt 0.53672250447698822 0.55496491711730955
vt 0.58833147611868086 0.53617036493814774
vt 0.59027324326287922 0.55192025171713988
vt 0.5771506375838058 0.54708619563975391
vt 0.57801365113848013 0.56240523325567315
vt 0.56410624983926871 0.55860330828911609
vt 0.56295116608060536 0.57333796076478993
vt 0.54862555453751172 0.56991957199063048
vt 0.60333167505169161 0.55841334265566489
vt 0.61663142802407533 0.57958006335360635
vt 0.61508389625604432 0.59452188152977714
vt 0.60378087485966081 0.5734990212147385
vt 0.59087707616710661 0.56796246551808383
vt 0.60264531147970901 0.58868189420222972
vt 0.59968281142646185 0.60293807411986944
vt 0.58996602503812401 0.58273357062428432
vt 0.57658907248767066 0.57791890950048785
vt 0.58708537788436232 0.59768197693682357
vt 0.58268188531562426 0.61168561317473991
vt 0.57403367692265816 0.59245679356276393
vt 0.56049741663473163 0.58819402917291463
vt 0.57010363719777912 0.60679084511610182
vt 0.62783623450277914 0.60045724271183132
vt 0.62445968587675793 0.61333333061413742
vt 0.61191162862434245 0.60890058403910929
vt 0.60696000596381416 0.620996252851164
vt 0.59497506536929512 0.61720876170838723
vt 0.58871376630913996 0.62905108907899099
vt 0.57712675692167548 0.62535936077986509
vt 0.68187680118477634 0.59000655926580725
vt 0.66770295787133593 0.60771511601572592
vt 0.64973404742048335 0.61963026507476471
vt 0.6376917418626693 0.61768151811459526
vt 0.63075895801635462 0.62821168625760226
vt 0.61924549282040553 0.62593281409534285
vt 0.61145938352056362 0.63516405537874754
vt 0.60036908062656658 0.63322504921884892
vt 0.59224531698490401 0.64280182441420952
vt 0.58170732297664351 0.64087538734739269
vt 0.53384499520950557 0.46673473227582546
vt 0.54774657191108855 0.46720637700156986
vt 0.54156217062689427 0.45057459973555564
vt 0.55606458379830159 0.45311313935697628
vt 0.55370206535907873 0.44131768519117287
vt 0.57011358284853619 0.44614103904468483
vt 0.57246937482425819 0.43797830515970071
vt 0.59001060913685555 0.44085775652467335
vt 0.59562384979564165 0.43087219946454469
vt 0.61155691416817459 0.42920984833748238
vt 0.61896529276462331 0.41524745532104385
vt 0.63143206859823975 0.41676486833469822
vt 0.63944383225733492 0.40179678472945174
vt 0.6477493789766513 0.40863978482514507
vt 0.55623088042211322 0.43196726672656316
vt 0.56092484459364245 0.42058095512214411
vt 0.57869442243344371 0.42863166459996732
vt 0.58454369235719994 0.41562723838922511
vt 0.60338316640512191 0.41818186813371461
vt 0.61159020583872692 0.40237371027734986
vt 0.62723434814771972 0.39982140776742509
vt 0.63900629382772045 0.38404964187051832
vt 0.64867252742398196 0.38688970562906499
vt 0.53977253450782192 0.42457081784251438
vt 0.53846282703805703 0.43761629070853492
vt 0.52313500430877591 0.43238573936692615
vt 0.52680632401412408 0.44993569086786561
vt 0.51074934277240258 0.44561729650619492
vt 0.5207269168108859 0.46752282102088782
vt 0.50471506884086947 0.46406599336304916
vt 0.51595354828064999 0.48614741926828914
vt 0.49961059421508214 0.48333887934502773
vt 0.50772011035793307 0.50169663129341202
vt 0.49050227522785 0.49716541415720517
vt 0.49640553674245025 0.51342821375902736
vt 0.49494179322161763 0.44119821418897948
vt 0.46879484362678198 0.37334177400562468
vt 0.47663954141860942 0.40635666621581201
vt 0.47901661827968312 0.43228021058110822
vt 0.48997970319868117 0.46097405749190246
vt 0.46302151885233106 0.39457531877471164
vt 0.44989044886428181 0.38008307542043779
vt 0.46274201872722809 0.41894102188467869
vt 0.62307677268273332 0.32292037991326161
vt 0.47139874544992516 0.45033742273608107
vt 0.48431186905892903 0.4790337868953613
vt 0.44858300872105328 0.40640438384960315
vt 0.64257863287063255 0.31887875689517431
vt 0.45237193065963544 0.43402509214676749
vt 0.46101725309790625 0.46438408853823648
vt 0.66505636167156124 0.32374139906031746
vt 0.47212032879928245 0.4897928954676895
vt 0.61623910359340661 0.56404381607487275
vt 0.62820071039410363 0.55303475241653999
vt 0.64034887138412189 0.54017700441230798
vt 0.65189341119511013 0.52689984996974948
vt 0.66253072372741473 0.51472652271059027
vt 0.67298786568715985 0.50332801904108437
vt 0.68311926310876236 0.49287522935598499
vt 0.60153249762981975 0.54220299216246226
vt 0.61498026792271776 0.54829181245213665
vt 0.58247295820794087 0.50350999908954841
vt 0.585495798665704 0.52032351876520189
vt 0.59982955974746366 0.52572443746429909
vt 0.61317056873503717 0.53157563323753798
vt 0.62678554985117785 0.53656871895499725
vt 0.59689641375932645 0.50856009022987025
vt 0.61214997077875466 0.5148685704293483
vt 0.59369223786489811 0.49138601111577612
vt 0.62567102303734023 0.51986392969613593
vt 0.63864289686809528 0.52387866026284047
vt 0.60925096687061064 0.49763701565605778
vt 0.62494709179142438 0.50424584742868173
vt 0.60656124046980386 0.48138896246435076
vt 0.63791203793868334 0.5083445990165627
vt 0.64996520310992301 0.51172506998260092
vt 0.62264702937240357 0.48783800137633176
vt 0.63803337778072933 0.49399343639416549
vt 0.62130673635490052 0.47237118531986888
vt 0.6500368822102861 0.49753423607824759
vt 0.66090092910473319 0.50052723583569025
vt 0.63696134198663157 0.47831521731998428
vt 0.65050090222414192 0.48433887939460474
vt 0.63608301991414418 0.46351774663629186
vt 0.66121339703233639 0.48759121837089536
vt 0.67136577523871965 0.49037513319507492
vt 0.64967490262366423 0.4696904244173129
vt 0.6614113555218224 0.47577506148723386
vt 0.64879555998639826 0.45586327672778237
vt 0.6713951635841231 0.47898524517515256
vt 0.68180397515857394 0.48095618103069299
vt 0.66028771227874539 0.46244420177304169
vt 0.67167953787737833 0.46807840038008558
vt 0.65972435575402111 0.44933657191896026
vt 0.49163995138598166 0.41796938253425825
vt 0.50720353847312571 0.42653579976524653
vt 0.48936339537375273 0.36927760297394352
vt 0.48183652570540375 0.38695472155542954
vt 0.49593924807646778 0.39891730879541321
vt 0.51057792728919715 0.40928713861630733
vt 0.52518614294524169 0.4179769596745132
vt 0.50294609422806069 0.38213418468649835
vt 0.51676222725041265 0.39396062190745057
vt 0.51004670634256322 0.36577417676722329
vt 0.53048862992294477 0.40325721468450287
vt 0.5454500493048654 0.41259220708768773
vt 0.52355288091640395 0.37770176640472036
vt 0.5373784456788856 0.38919085179463614
vt 0.52949709596636452 0.36181507930107087
vt 0.55179349575293068 0.39844612357023901
vt 0.56779246712294262 0.40829786194441653
vt 0.54317707910338076 0.37300753092656069
vt 0.55788945497931652 0.38423862151085769
vt 0.5475330966126386 0.35694666368906036
vt 0.57354900523391761 0.3934763839854139
vt 0.59285725399373312 0.40176747128567919
vt 0.56228299732193632 0.36768892683403659
vt 0.58021799807008634 0.37860866299735402
vt 0.56644469252434915 0.35097462153410586
vt 0.64250582219180274 0.34361854886709375
vt 0.61057119318751141 0.33755905432123195
vt 0.5995826567123248 0.38563463547342991
vt 0.62208912969112384 0.38789480776735502
vt 0.58447418233306125 0.36136195796360882
vt 0.60860113222474188 0.37091604704015385
vt 0.61235051586239508 0.35348243360420878
vt 0.58847789379343274 0.34436503136025748
vt 0.63277877111585312 0.37102498173709431
vt 0.65064576572146982 0.37027527808996979
vt 0.64789564494585861 0.35555085748158499
vt 0.64095707273737568 0.6038503017945589
vt 0.65477474291028159 0.60661809666644417
vt 0.6296202260906677 0.56924947258608005
vt 0.62923903136270032 0.58505640863083619
vt 0.64253565758907027 0.5900741239314311
vt 0.65562429018104107 0.59157384727648854
vt 0.66951424179541985 0.59218047094458148
vt 0.6423568030212643 0.5735836399305182
vt 0.65542942087977307 0.57669599648785408
vt 0.64192843266699806 0.5569349522087278
vt 0.6680941480669107 0.57640552505397158
vt 0.68089699387573399 0.57384440425548411
vt 0.65442177348361308 0.55971408023813329
vt 0.66670833487216696 0.56081161364384668
vt 0.65367461020811179 0.54320937004318337
vt 0.67917889075872517 0.55918668545832684
vt 0.69126871742449125 0.55583973957220612
vt 0.66573441940247946 0.54456717352510431
vt 0.6774956711880824 0.54484059677207886
vt 0.66454117548247882 0.52947656318473224
vt 0.68961970397752104 0.54250695862263798
vt 0.7009789293061004 0.53970391148901031
vt 0.676294936412692 0.53023077321175738
vt 0.68776004885998299 0.52959188023550041
vt 0.67494620999944033 0.51676685810134881
vt 0.6995806195907599 0.52743635789602838
vt 0.71030339738989678 0.52472462936498621
vt 0.68645707061796735 0.51693500906833079
vt 0.6980547633170423 0.51576168262068189
vt 0.68509898054599028 0.50495853384061407
vt 0.70953901888765836 0.51355274061804901
vt 0.71962355268642697 0.51268486793762036
vt 0.69668462661037744 0.50469353939201533
vt 0.70791128450090102 0.50436186676405481
vt 0.69528739622610236 0.4940264272787851
vt 0.77818164727991701 0.62342610794620856
vt 0.77148561209975808 0.61361809163038317
vt 0.78220096559715946 0.61899973398672836
vt 0.79302130486665012 0.62311888687438022
vt 0.78256634276228609 0.61272825687477173
vt 0.78813850348543035 0.61401976350535059
vt 0.79620516791878171 0.61335445832590196
vt 0.77959566189334639 0.60505238099459835
vt 0.78640525039529774 0.60279540747288385
vt 0.7945664546475707 0.60051872693247077
vt 0.7786539897989263 0.59365056585895626
vt 0.78645453692194911 0.59063049963294867
vt 0.79536316598696477 0.58855878376087767
vt 0.78153066745613087 0.58239058858504367
vt 0.78950969714806518 0.57876250212123925
vt 0.79644819675308354 0.57500542656913678
vt 0.78619928461033628 0.57061430200031649
vt 0.79396467384544755 0.56680941099888116
vt 0.80135042234929654 0.56288870140936165
vt 0.79237712348811185 0.5592017221198774
vt 0.80062191315010434 0.5557933708123145
vt 0.64223943107796799 0.63116132254337487
vt 0.63275111794264505 0.640840000378184
vt 0.62243848853492922 0.63779949586798068
vt 0.61327542941767288 0.64687133789330054
vt 0.60291475175888998 0.64502261527969817
vt 0.59382370833813347 0.65373447700054077
vt 0.58394055487708807 0.65243310023174839
vt 0.64254233204815314 0.64409176772768284
vt 0.63348364288489345 0.65355892719040909
vt 0.62312326130466311 0.6489858879295255
vt 0.61425663010957943 0.65902309055567443
vt 0.6038737398546733 0.6552498115912212
vt 0.59523805294030141 0.66557977114923317
vt 0.58503691325944474 0.66248698199056044
vt 0.64502668048346357 0.65784937903591401
vt 0.63379729157951892 0.66826648050289639
vt 0.62429714808156511 0.66301496181784558
vt 0.61533056678527331 0.67326261435595725
vt 0.60539727191319692 0.6689593244368478
vt 0.59704938188944623 0.67962718290341295
vt 0.58694369309974903 0.67551120779433116
vt 0.67883589629049179 0.68902074540517499
vt 0.66600286224424243 0.69267834189438726
vt 0.65153738122856786 0.68434343768046979
vt 0.64286424569626277 0.67298245067431339
vt 0.63304225341809495 0.68463121110937897
vt 0.6245047826192679 0.67831759375375045
vt 0.61629921298982726 0.68921683108327514
vt 0.60680927168616527 0.68401251951479081
vt 0.59872734353584123 0.69486401296829858
vt 0.589053984009003 0.6905188588596145
vt 0.67250470709905563 0.70156321556559664
vt 0.6798436515238433 0.70607952263233642
vt 0.66471577711387453 0.71011691547783407
vt 0.65820333687441701 0.70021416332721687
vt 0.64942379021703223 0.70472272146169879
vt 0.64196541796368278 0.69391341279501473
vt 0.63303062618802863 0.70221683433572812
vt 0.6248080564757591 0.69453485543478521
vt 0.61761640447598987 0.70521049121838142
vt 0.60821755911521014 0.69978154562050054
vt 0.60062513960664421 0.71059382048014064
vt 0.59104933082401689 0.70603640382065602
vt 0.67220410211061121 0.71594385007944528
vt 0.68075881477149347 0.71984242549533062
vt 0.66415019675227627 0.72426197619604715
vt 0.65663305492539836 0.71531273399160245
vt 0.64938201278909735 0.72330896796207389
vt 0.64126646376471652 0.71158238433524634
vt 0.63455549545068857 0.7216233024541856
vt 0.62610266659647851 0.71176141462308884
vt 0.62024946364687306 0.72230620986307148
vt 0.61022254343796978 0.71557892334544959
vt 0.60362846085601507 0.72591150604901789
vt 0.59347874182654647 0.72150995693825093
vt 0.66234966217348401 0.6220653417142249
vt 0.65248457876277854 0.63437293841257703
vt 0.67445620931996542 0.62395968567691651
vt 0.6811526777620992 0.60700398960306656
vt 0.69428750024783681 0.60350015187321093
vt 0.6945281982471041 0.58582606056750275
vt 0.70690790155682059 0.58138227981930912
vt 0.7050107745335229 0.56608937739746468
vt 0.7168380408255095 0.56205376281518149
vt 0.71421847413551875 0.54902879964395546
vt 0.72597576515979134 0.54614439077074728
vt 0.72340431596852817 0.53411508554722331
vt 0.73528362205305309 0.53197441539725321
vt 0.73207975096461164 0.52154970798811273
vt 0.77285683205750333 0.6092880201931371
vt 0.77462785903815545 0.60475876966313291
vt 0.75947999635320296 0.59944544077365003
vt 0.77055487500055664 0.59612520723130946
vt 0.76143086820322348 0.58949942682344492
vt 0.77247460070489526 0.5856874349693787
vt 0.76669612246107 0.57814084593923221
vt 0.77782273427128024 0.57451636893232527
vt 0.77308173649523204 0.56616534200266111
vt 0.78394770065694552 0.5629707394021316
vt 0.78071273838305721 0.55479644508455173
vt 0.7913127765743766 0.55200516651959186
vt 0.65983875370629119 0.67670554598685828
vt 0.65452702548802955 0.66451284510835007
vt 0.67299141890846637 0.68126753201160051
vt 0.67238446939297858 0.6679594089010823
vt 0.6642668687861526 0.63740399244457246
vt 0.65468497184857788 0.64858191343515181
vt 0.66932675832088639 0.65505160305082599
vt 0.68089575350102893 0.64366349264171818
vt 0.69042621524686465 0.62520203316469569
vt 0.74737980534935877 0.59640989923931176
vt 0.70973520583234329 0.61468123412632092
vt 0.72610472006006443 0.601482439163742
vt 0.70855111785739122 0.59773511529077894
vt 0.74113655974404602 0.5902282824578633
vt 0.75433818898893268 0.58292378215180274
vt 0.72239729920930262 0.58904005718709118
vt 0.73552857449652442 0.58137301787721152
vt 0.71951951495046063 0.57606956246305363
vt 0.7487529163324943 0.57495014355960872
vt 0.76160318512219993 0.5700630599284674
vt 0.73167322306230054 0.57026679877430808
vt 0.74459063445718476 0.56555004141893694
vt 0.72849014778540488 0.55851147550123681
vt 0.75740269558516782 0.56130847542584705
vt 0.76970610198844347 0.55796299048429432
vt 0.74080298112410647 0.55478614196698839
vt 0.75359267587748469 0.5519330770904487
vt 0.73766504911270458 0.54379181199936599
vt 0.76581860500044707 0.54910954641487275
vt 0.77774392782156465 0.54669751063593786
vt 0.75032548625675777 0.54172746070068767
vt 0.76252168323582836 0.54032459945039246
vt 0.74669775886713552 0.53164798335449626
vt 0.64342118409967397 0.73272067452084377
vt 0.80412837699098849 0.61093002270417118
vt 0.78949057653003563 0.62968794530090411
vt 0.78135072602849165 0.63475606302919996
vt 0.67335001822197604 0.72927417468694311
vt 0.68321913060248907 0.73123648888452319
vt 0.65120732881989662 0.74110194916756644
vt 0.66556747424903728 0.73858856277791918
vt 0.65780736136327544 0.73303039223397293
vt 0.81059940175696443 0.62059588763887086
vt 0.80242854991797363 0.62342593054267648
vt 0.80205423468078285 0.6329279280019342
vt 0.60133911242572946 0.75802123283053202
vt 0.59692272791129375 0.73569942689204437
vt 0.60062407057746303 0.74974213220026054
vt 0.60881113880872029 0.75299300737312325
vt 0.61660472603786287 0.7578237139363484
vt 0.61378125649353565 0.73198490845158337
vt 0.60744294882291894 0.74066341609997766
vt 0.61789925109905053 0.7482999420573162
vt 0.62912210034936678 0.73113795862864006
vt 0.62402813480883879 0.74104108616748376
vt 0.63646239874299637 0.74007601602324502
vt 0.80219948597263713 0.59820152538228066
vt 0.80934524580082701 0.6062576682091172
vt 0.82497529751711562 0.59079813098535539
vt 0.8078689953397985 0.59376113360214389
vt 0.81186001267959407 0.58840963742252061
vt 0.80153773645491599 0.58444338263011286
vt 0.83818036417026609 0.5704330679264521
vt 0.82095092454588892 0.58251809707164304
vt 0.83196523732973249 0.5802527033338104
vt 0.82585717201509279 0.5714166097228297
vt 0.8068305589934387 0.57918984077853441
vt 0.81396886200935803 0.57451296721329637
vt 0.80309340970318366 0.57099025912029233
vt 0.81071709953774129 0.56663621881449711
vt 0.81869382277847258 0.56328773619993389
vt 0.8090653104723543 0.55946605999660837
vt 0.79461178868607785 0.34488672684792543
vt 0.80622511906694994 0.36015015163776815
vt 0.27660586533843046 0.55453384893682123
vt 0.27893187499933919 0.53620468487347894
vt 0.28159167857038581 0.5166241047720026
vt 0.28454495542026981 0.49741684283946125
vt 0.78117415486072461 0.32789813312020732
vt 0.76575062514302339 0.29239299998995044
vt 0.76955226431232993 0.31118872661504304
vt 0.80087795525572258 0.32937472258560757
vt 0.82068512883537315 0.32930012105304918
vt 0.81258946700215484 0.34455212866488361
vt 0.83104433705707648 0.34186012591868853
vt 0.8234062602084723 0.35686949605396201
vt 0.2608126299902383 0.55836646046099436
vt 0.24827242837846777 0.54599283095072615
vt 0.26314619555176344 0.5419983815442041
vt 0.24914079727839905 0.53027316118871282
vt 0.26522338102076071 0.52403001290706652
vt 0.25193743078451386 0.512848082260567
vt 0.26834973902793674 0.50582696106326286
vt 0.25569890850155214 0.49665665292833361
vt 0.27182716850359229 0.48832712659878941
vt 0.78003014151816596 0.2776008369416525
vt 0.78857821066073064 0.31307458950228217
vt 0.80945422702255276 0.3138356834128459
vt 0.79424499513275204 0.28198721453365444
vt 0.7809031307570401 0.29591446487180739
vt 0.79839096937093024 0.29805480331806478
vt 0.82871557584470212 0.31312269010700827
vt 0.8485846742327644 0.31027620115449511
vt 0.83850193621550007 0.32660381648693854
vt 0.85743530895230402 0.32122930703677005
vt 0.84805570162408606 0.33728056064047618
vt 0.23396320619645603 0.54842485193063917
vt 0.21946261205799955 0.53885510281756155
vt 0.23444555617870083 0.53398886560649983
vt 0.22041393107720247 0.52398060054250284
vt 0.23503146353986756 0.51822645318163041
vt 0.22352798981677466 0.50968508423396197
vt 0.23848710153004671 0.50311647530907477
vt 0.23151127037589983 0.49591701441941916
vt 0.24403983745542865 0.48890595477470605
vt 0.80873308637608476 0.27059308173373398
vt 0.81857162405287309 0.29830922887314226
vt 0.83940353670609713 0.29774883754475029
vt 0.82216076890475454 0.2761300199595253
vt 0.8107976355380474 0.28468480409911379
vt 0.82897277941743064 0.28591007287907377
vt 0.85706907238927532 0.29375715642989009
vt 0.86902399521419749 0.28493129545137041
vt 0.86524333452210811 0.30445471054631806
vt 0.87920065586586726 0.29294223816067155
vt 0.87371587071635437 0.3136647128747358
vt 0.20526769889913488 0.54097266475189909
vt 0.19544478092845052 0.52608490680352227
vt 0.20687617301920375 0.52786385351148668
vt 0.20060510856796693 0.5132582632051752
vt 0.20943043694858116 0.51402570660288849
vt 0.20781038639178165 0.50090079546048183
vt 0.21798462005755967 0.50127184059275764
vt 0.21969638042934456 0.48856545266965246
vt 0.22980325756170172 0.48737981649247331
vt 0.82690500961801383 0.26596962611919633
vt 0.84780143633389715 0.28361338428121324
vt 0.85859510746876488 0.27808633613129696
vt 0.83561659124284227 0.26321818897436167
vt 0.83784759594545999 0.27500975805559857
vt 0.84735765069872104 0.27123223108912375
vt 0.86854535731415694 0.2674578449254934
vt 0.87737435586211976 0.25534620843438605
vt 0.88056473966580961 0.27140269207363704
vt 0.89008951232683886 0.25913028079684103
vt 0.89181807549012637 0.27725532586462825
vt 0.18194548448832612 0.51913275298264761
vt 0.17722179176015529 0.50223223444424125
vt 0.19018832282440964 0.50974424140897234
vt 0.18645038034088388 0.49144291762784742
vt 0.19932312862470078 0.49836364064347877
vt 0.19746633464301006 0.47923713447738725
vt 0.2103442665191968 0.48576426521970756
vt 0.21016724194155559 0.46724126089674056
vt 0.22254183009943759 0.4742553936834048
vt 0.82997565615977031 0.25173687927509247
vt 0.85637854049433193 0.26429735810198907
vt 0.86528448711378392 0.25234145918114498
vt 0.83818748547798538 0.24158114795698046
vt 0.84320643618831803 0.25831629479713997
vt 0.85302269292268784 0.24841234749975866
vt 0.87321982313580959 0.23970656963754552
vt 0.88222829523548607 0.22699900324722733
vt 0.88613937284539768 0.24226725345200181
vt 0.895404495682109 0.22939760976042664
vt 0.89923404702179843 0.24518464009186777
vt 0.16349112774081931 0.4925450218359555
vt 0.15947279950860463 0.4759448350787705
vt 0.17394415140240715 0.48330352857581971
vt 0.1708360789336647 0.46586299704943551
vt 0.18497271941102378 0.4725129976752297
vt 0.18274186659481456 0.45522305015876513
vt 0.19700370797220307 0.46129076373731193
vt 0.19560111133039287 0.44427712115101786
vt 0.21084426300147655 0.45072797472055748
vt 0.83253536361886593 0.22695591630507247
vt 0.86078286589991815 0.23662456342533858
vt 0.87005609708623188 0.22444472120067993
vt 0.84377493783950563 0.21594742366195158
vt 0.84753922855507857 0.23219229380451614
vt 0.85781647975089559 0.22085885718160939
vt 0.87914725144435091 0.21193500460418327
vt 0.88825255494976929 0.19806937261411847
vt 0.89142739183449216 0.21412704084646175
vt 0.90013599600224847 0.20004796370089006
vt 0.90422374746894307 0.21601494633408644
vt 0.1455285392615894 0.4670702374684349
vt 0.14204004765880945 0.45040529350323794
vt 0.15649687517619576 0.45862354368244801
vt 0.15322610084711513 0.44195674204947771
vt 0.16827562040289795 0.44902844312728973
vt 0.16444919559670595 0.43276479461637463
vt 0.18034506053880575 0.43877439114936251
vt 0.17572444399570583 0.42253855426551667
vt 0.19296247245186526 0.42766187254857513
vt 0.84029423681916127 0.19956313463648265
vt 0.86743748763643524 0.20909650994823609
vt 0.87732217010211577 0.19593344218470363
vt 0.85372374750823732 0.18845226407630136
vt 0.85477715275680244 0.20504523883267531
vt 0.86645683106821314 0.19294670985197074
vt 0.88655613538529465 0.18220624947159564
vt 0.90620677100377056 0.11197259195466129
vt 0.89531210594820099 0.15088604014610005
vt 0.89541290408157759 0.16744906483901228
vt 0.89697041223912244 0.18410984514694759
vt 0.91475420438845245 0.11192561750521979
vt 0.90513107938417547 0.131467848172058
vt 0.90405718356064568 0.1527530047490083
vt 0.90525220432198616 0.16931652614476106
vt 0.90781857164737478 0.18586735567181192
vt 0.92178299526545959 0.1166644104704696
vt 0.91341391587770437 0.13347494265928045
vt 0.91275471363471894 0.15488009025548435
vt 0.12882885252051249 0.44051615055232896
vt 0.086064141053911691 0.3905607638975932
vt 0.11132280764484996 0.41374649672383884
vt 0.12463809624845 0.42409999802721327
vt 0.13876800579447893 0.43386514767795636
vt 0.096357495412735819 0.38492974469101821
vt 0.10440831540007689 0.39860791659296946
vt 0.11952105081817531 0.40810183575333198
vt 0.13399451347570468 0.41748352426379098
vt 0.14915116059089351 0.42592348315461948
vt 0.10556607948941919 0.37851685810880897
vt 0.11318328673679803 0.39301833472096614
vt 0.1277267979825028 0.40185953880965902
vt 0.14306231370009645 0.41021347840602024
vt 0.15938484690421612 0.41705251790122655
vt 0.1137245254038264 0.37197309759586367
vt 0.1206487563998373 0.38708930505143357
vt 0.13575007660970223 0.39499116931833905
vt 0.15198439316285506 0.40167974459977018
vt 0.16922955083509666 0.4067282926323556
vt 0.12148657840825026 0.3654277548431244
vt 0.1277039088506044 0.38061624168087838
vt 0.14339014618833551 0.38700116337419382
vt 0.85360889509375926 0.17157130717678151
vt 0.87994296554368345 0.11339105419871703
vt 0.86781481951233796 0.14293480431998948
vt 0.87660425046668178 0.17999403713667289
vt 0.88630806136829376 0.16562472840184123
vt 0.89666742505395258 0.13143261658325192
vt 0.89787258729030173 0.11404969006137922
vt 0.8869362121051344 0.14900538630890184
vt 0.86673234561975365 0.15977457460104511
vt 0.8658903075666724 0.1766789603521654
vt 0.8772660993200132 0.16334658482118472
vt 0.88897388647898778 0.11472386717000002
vt 0.87883650156409787 0.12973559847709898
vt 0.87786531677829993 0.14655867604355932
vt 0.88836926162972385 0.13131120809463798
vt 0.77451306013410892 0.34288617121214454
vt 0.78795312510895243 0.36001452574391885
vt 0.76859252709928561 0.35846368092770442
vt 0.79933407690615721 0.37568026565095169
vt 0.78153897712011344 0.37621568689364887
vt 0.28945057528426987 0.56681172140799319
vt 0.29264456969463121 0.54819452549538494
vt 0.29502637804612275 0.52823096517660095
vt 0.29743451526105974 0.50803794331053231
vt 0.31170979813920741 0.51905674032680504
vt 0.30111372326594005 0.48824497653128618
vt 0.31502420233060491 0.498184645261116
vt 0.75138114284427981 0.28820855551047542
vt 0.75228670404794007 0.34032378072526337
vt 0.7607389598515697 0.32621340558242273
vt 0.75307088115921283 0.30847967054345793
vt 0.73582089589644573 0.30495081411815095
vt 0.73894651989128313 0.3245417780301173
vt 0.45755156707941741 0.70671981273742979
vt 0.4512428996840081 0.71808749318219911
vt 0.44652291229792979 0.72730881081932242
vt 0.88063639741405575 0.43712796258188152
vt 0.87245046530935422 0.43855427486847642
vt 0.86350990174623254 0.43860999206249335
vt 0.8534055679152931 0.43619210019188687
vt 0.46652879904369671 0.69328304954907127
vt 0.84168624646161894 0.43119080668606219
vt 0.82633964471529187 0.42551325530963463
vt 0.46954230798196689 0.70602388557688156
vt 0.47485995382836371 0.71988567985629892
vt 0.46303427859427637 0.71913653297584257
vt 0.47069047213687748 0.73288984422847192
vt 0.45834561992781758 0.73032177042972457
vt 0.46726359973159304 0.74341651242768036
vt 0.88283703164975469 0.46300032586425804
vt 0.87748387738141587 0.45050053854233763
vt 0.87233170022321116 0.46443126819816188
vt 0.86790491470275533 0.45086482352999652
vt 0.86110379928821146 0.46340451434530899
vt 0.85757899375182212 0.44922078177668018
vt 0.84932813744784563 0.45919976997448436
vt 0.84662220695654833 0.44376908914434376
vt 0.48101873503748893 0.70502405599452822
vt 0.84796909339713344 0.42320873581578744
vt 0.8553637637295417 0.4124213573991255
vt 0.85856331515306816 0.42577216464496304
vt 0.8640069305526159 0.41326291970814849
vt 0.86752228762819206 0.42657196644177836
vt 0.87140014585153447 0.41298967969326011
vt 0.87535454072554719 0.42579702137084985
vt 0.42974883283069515 0.70907882920885557
vt 0.44011662673546587 0.71432302482064935
vt 0.43590327624103065 0.70139187673234726
vt 0.44635798876944038 0.70476571590904002
vt 0.44422655398129446 0.69130744071678196
vt 0.45464448171066552 0.69305403704562196
vt 0.83477346360884952 0.41925920846232401
vt 0.8445127332600384 0.41027652449470292
vt 0.45414980474045774 0.67928336480036222
vt 0.83031579157732749 0.40717752026319681
vt 0.85134725046933157 0.39888223301047532
vt 0.85596083244707077 0.38774758963369871
vt 0.86034495684483181 0.3999848148714536
vt 0.86340767318113365 0.38774584172447341
vt 0.86768084567957415 0.40006536817543653
vt 0.87001712205211512 0.3879636685057864
vt 0.4070852322215458 0.69534688266731737
vt 0.41910283454614256 0.70197060251123677
vt 0.41325920315422682 0.6897218565264801
vt 0.42568710864868448 0.69587989069234779
vt 0.4207317854067617 0.68261341786260077
vt 0.43408692137564392 0.68774170502583409
vt 0.42901589572052207 0.67316798888943208
vt 0.44370137388702396 0.67717203493512423
vt 0.83977050109995544 0.39792782278893329
vt 0.84632300395200943 0.3866372436924369
vt 0.43873769545267266 0.66264217215778076
vt 0.83378618459828158 0.3851622091912163
vt 0.85041803189987708 0.37491251091332994
vt 0.85560306093478056 0.36243159627883309
vt 0.85892894305007361 0.37567085674183059
vt 0.86303825329901085 0.36291727978874072
vt 0.86593405665896328 0.37600988213642733
vt 0.86955606371525651 0.36345472213347157
vt 0.38591459551689533 0.6781683570917586
vt 0.40061241960598526 0.68360522314048078
vt 0.39210455362910068 0.67188253273593812
vt 0.40790808690001507 0.67727940601794101
vt 0.39954352922294578 0.66416361510670274
vt 0.41543105928372887 0.66891535113064771
vt 0.40763910683153726 0.65450177668622656
vt 0.42343540920302797 0.65907831246070236
vt 0.8395978533342926 0.37380669447851689
vt 0.84609734492517041 0.36169845271775131
vt 0.41710908618289683 0.64503069965666859
vt 0.83430661079888568 0.36022619717196069
vt 0.85218769161011065 0.34942542053248837
vt 0.85991520079462891 0.33639317337619917
vt 0.86086926801980124 0.34988849542327305
vt 0.86739917218405005 0.33706689093127806
vt 0.86793618807629846 0.35035357756441049
vt 0.87383645838875545 0.3379166485424831
vt 0.36508920447382598 0.66005068540487066
vt 0.37759118899328786 0.66616188873457483
vt 0.37146707082915642 0.65379897723549274
vt 0.38397743857991207 0.6587378001211559
vt 0.37864945800343358 0.64575898393605879
vt 0.39177034448590592 0.6496443697345341
vt 0.3871018410043196 0.6362754612628243
vt 0.40102817334846463 0.64045306900086263
vt 0.84132020027888388 0.34834180235101181
vt 0.85020095840287646 0.33561135980487961
vt 0.39543597826512611 0.62698998657453575
vt 0.83843765249533253 0.3340252999448351
vt 0.85818718484598577 0.32287066863218339
vt 0.86492180032970123 0.30981067589300221
vt 0.86643820859019627 0.32369448719109412
vt 0.87182346758391516 0.31046717191965845
vt 0.8732240511811542 0.32446835838541277
vt 0.34279303199956335 0.64342165921961691
vt 0.35374088320687735 0.65244739621699366
vt 0.34790746490896807 0.63913309374891014
vt 0.35965372644660498 0.64725264405400251
vt 0.35380425495127082 0.63383627285658373
vt 0.36653870932436117 0.64051823652527462
vt 0.36033165988844196 0.62696631804307612
vt 0.3740264710188127 0.63209192079986565
vt 0.36702862309752438 0.61854707912991913
vt 0.38140183644965597 0.62287415476592145
vt 0.84777610301578166 0.32163865651652457
vt 0.85603409283733856 0.30864954200990857
vt 0.83627892436559459 0.31962038070477466
vt 0.84533537730546615 0.30684954990028246
vt 0.86578956929598616 0.26743373541616672
vt 0.86234707958526202 0.29549251497870255
vt 0.8720743978664045 0.26967718018802966
vt 0.86778082412373425 0.28243657028577185
vt 0.869642871632054 0.29653866263161965
vt 0.31476261164608682 0.61466945134694861
vt 0.33237223713642461 0.63412027855694864
vt 0.31839499823099204 0.61037409434898127
vt 0.32624679957374869 0.62162959457238853
vt 0.33705301198777604 0.63012842436964356
vt 0.32222299492765327 0.60643680078306117
vt 0.33041795026469145 0.61776178789534364
vt 0.34201846356834614 0.62582012041289414
vt 0.32694876407975032 0.60271327210812475
vt 0.33504065022565849 0.61382670957287711
vt 0.34742831007474412 0.6206215065119709
vt 0.33262118541301927 0.59929011080948325
vt 0.34024636322141488 0.6092880282262092
vt 0.35313967834496124 0.6140083955571245
vt 0.8416271767072645 0.26490854857502943
vt 0.34542945483551413 0.60383357219568046
vt 0.35830204448393549 0.60633120805664131
vt 0.8532440498933489 0.29384626291408089
vt 0.86033203470568209 0.28035534344603569
vt 0.85760971235790995 0.26515536356186797
vt 0.84884362536918656 0.26464342991583856
vt 0.84218918264365716 0.27788581086383951
vt 0.84335163721032591 0.29171630642623303
vt 0.85087038288006822 0.27865864409854824
vt 0.59423540401838593 0.77523464433793476
vt 0.59717585528176198 0.7666411035562225
vt 0.58331437662895236 0.77072296464851564
vt 0.58003523760287756 0.77925855691625723
vt 0.87195029669526025 0.54255229936784566
vt 0.86996501969812656 0.55323299042647689
vt 0.86345537803750061 0.54969421256063211
vt 0.86472062989670728 0.56374283107317624
vt 0.85806189513043241 0.55956402008737494
vt 0.85129409952659807 0.56912290987223635
vt 0.77283039409276733 0.46282740816877216
vt 0.76117806578743374 0.4775204653285145
vt 0.74989298924902326 0.4904079388047603
vt 0.7381458052083103 0.50248681216407498
vt 0.72993087416592328 0.51218583847092147
vt 0.70404017253578777 0.41358989324141054
vt 0.69378082511940975 0.42123868619596183
vt 0.68183675054362636 0.42697314058330799
vt 0.67099217708579784 0.43182260092683733
vt 0.66048844954318175 0.43695289005306731
vt 0.42515944569624081 0.60276982186473427
vt 0.69639524881131531 0.4108855750323569
vt 0.68610620088275853 0.41501253344648076
vt 0.69370397501538705 0.40588905556276861
vt 0.67418846611054628 0.41937890648604564
vt 0.68027692993803335 0.40833869174574078
vt 0.66276820219446386 0.42403739816591796
vt 0.66735515854636684 0.41190195928779455
vt 0.65528319497357168 0.41639369682404398
vt 0.45118018519149528 0.55035769325644313
vt 0.46893347557162818 0.54404412591149798
vt 0.48428274912615571 0.53573044729626262
vt 0.4974880158031415 0.5259157679888079
vt 0.42136471791347363 0.58935002314887863
vt 0.43122615327878261 0.58033699679505746
vt 0.44971334523916068 0.56240557901313348
vt 0.44748420990807058 0.57286510441701644
vt 0.466993078158152 0.55592999881147342
vt 0.46424325930457133 0.56609352163209214
vt 0.48322052411226812 0.54822712742311086
vt 0.480270999501833 0.55885565166436046
vt 0.49802927645628969 0.53883670908802228
vt 0.49632447452422546 0.55028473135901002
vt 0.51081554801033258 0.54003761918813065
vt 0.43303141017745661 0.59190670136403978
vt 0.4366107299879598 0.60680781624202162
vt 0.44621808244754441 0.58388455550975604
vt 0.44695049826203392 0.59674991272688716
vt 0.46202660657743738 0.57655252510297417
vt 0.46125188414329787 0.58780293313979148
vt 0.4776775157974017 0.56929454816204639
vt 0.47595492443374621 0.58005430217352161
vt 0.49361825229782369 0.56137425980652089
vt 0.49101324153209225 0.57254581143323946
vt 0.50932234782538066 0.55189294548058998
vt 0.50722186867096708 0.56386650486301604
vt 0.52306696199350677 0.55367372711243268
vt 0.47511456614474235 0.59109423985039766
vt 0.48929826807458066 0.58337656362506529
vt 0.48838856338495734 0.59455249545340183
vt 0.50469168399218067 0.5752894588006835
vt 0.50253569902266937 0.58720568780176796
vt 0.52113903788673943 0.56613744892912476
vt 0.51840723711412084 0.57824533240594322
vt 0.5349971081242697 0.5680897748774012
vt 0.4885077776200496 0.60570345531272696
vt 0.50151002838961456 0.59847495223266423
vt 0.5006966654040198 0.60947391244821292
vt 0.51627720349921957 0.5904615038977461
vt 0.51419812206080995 0.6026399193099975
vt 0.53230636909038098 0.58071061645960576
vt 0.52981203935523258 0.59401002601528929
vt 0.546487443803508 0.58411543066893157
vt 0.50021841026557801 0.62044195436256444
vt 0.50736900587713918 0.63621393154895645
vt 0.51666733383219221 0.64154803161120144
vt 0.51290678966527725 0.6141127230943948
vt 0.5105720500021026 0.62527688829101047
vt 0.52115012143735395 0.63052642222839062
vt 0.53140077695611565 0.63563395381919363
vt 0.52740478061980112 0.6066784151082476
vt 0.52428150718000466 0.61885049829524064
vt 0.53621910686939467 0.62365697479628657
vt 0.54775182576164438 0.62845731035262486
vt 0.56510838795134599 0.6203836744695268
vt 0.54366530971285143 0.5979385813150957
vt 0.5400539521471146 0.61100421852348974
vt 0.55284850351627635 0.61563513363250044
vt 0.5569895714243509 0.60202622839206932
vt 0.51096311930663196 0.65215390725268496
vt 0.52620964617881372 0.64704514300284788
vt 0.5195586237656622 0.65693410559515697
vt 0.54224208633526749 0.64077235457800674
vt 0.53569178304759191 0.65145250142204425
vt 0.55946886403828877 0.6336163604390237
vt 0.55281355359066975 0.64460102531739161
vt 0.57058793742323777 0.63709787909564064
vt 0.78411061713338837 0.44741705883389765
vt 0.51184177983430645 0.6661734284502423
vt 0.50375179637158207 0.67276895328604147
vt 0.52868179648343727 0.66157293975995246
vt 0.52095027590699794 0.66947169499979575
vt 0.54582922785759636 0.65543099162932306
vt 0.53800150396893298 0.66410454609379255
vt 0.56351866499687309 0.64824010948332556
vt 0.55576660767278252 0.65754178790342499
vt 0.5738053110272493 0.65047506871542304
vt 0.43211125167246994 0.56872475822159385
vt 0.43211844675383587 0.55611929536571181
vt 0.41824845100903657 0.57697820909717057
vt 0.41544889355547249 0.56448973667687674
vt 0.41234633334855103 0.58961740737175361
vt 0.40631641582232858 0.5761419974873383
vt 0.70597268148031644 0.40537876639298021
vt 0.69144572056390863 0.39942858036606366
vt 0.70495306822346626 0.3997038566927209
vt 0.67608795379331965 0.4001679673433941
vt 0.6878282350609457 0.39305453618737535
vt 0.66167996238536297 0.40346505520551873
vt 0.67116067122322021 0.39177882005841264
vt 0.65580705941207174 0.39476896458260452
vt 0.3970738137482559 0.57974906505776969
vt 0.71510982102494824 0.40847760377924519
vt 0.70204536608359491 0.39291568520157905
vt 0.71767591418493515 0.40007167107393288
vt 0.68451985085452116 0.38479954995538279
vt 0.69944890013306915 0.38445396965229972
vt 0.66683406530309808 0.38219498065867125
vt 0.67869033808281531 0.37561839824063287
vt 0.66038281881727234 0.37423601596493955
vt 0.38784820962201233 0.56709461012206486
vt 0.40176505488642328 0.5634991852342045
vt 0.39547596135847635 0.55053532134195082
vt 0.41456098221636284 0.55132573574838062
vt 0.40972481467563698 0.5368785064466135
vt 0.43326530837550503 0.54415831843090567
vt 0.43000029671852502 0.52942945191550794
vt 0.45315656135589505 0.53926923993756415
vt 0.45115821154295865 0.52416217559186262
vt 0.47018790073276689 0.53242428351443993
vt 0.46670702221422855 0.51653230663345351
vt 0.48394653977948354 0.5233594312627734
vt 0.47757601069353162 0.50587030011211587
vt 0.40468505022243911 0.52241380086042688
vt 0.3288225952640379 0.50890552630615582
vt 0.36513941573306463 0.50976469793400703
vt 0.39466381187992261 0.50764380288401001
vt 0.42688813525081543 0.51569986195850159
vt 0.33410549935817196 0.4885271255786745
vt 0.35117686620059579 0.49856023760838009
vt 0.37860527165513042 0.49324901614381084
vt 0.71989219631364232 0.3216726818938212
vt 0.41551575050949568 0.49784614805150351
vt 0.44717680405562826 0.50990222769504978
vt 0.72069058197228841 0.30036743667251292
vt 0.36265924445563957 0.48141724673590308
vt 0.395176337738877 0.48017014464299496
vt 0.69940116532798624 0.31398217325507566
vt 0.67558574794201043 0.32077934829206789
vt 0.43240930429975327 0.4871307051021897
vt 0.45990210078227717 0.49949589941968364
vt 0.49796611132079399 0.63083451225280784
vt 0.74641541213104801 0.42696203251250497
vt 0.73685189293466813 0.44054611513758735
vt 0.7264274358222923 0.45253150555084093
vt 0.7155364152696182 0.46335684701745977
vt 0.70473245472858015 0.47304524787174235
vt 0.6937842448706435 0.48276797355943091
vt 0.48813980424725789 0.62663944765677926
vt 0.48900194977154632 0.61626840254905479
vt 0.47560309169177933 0.60250882157892516
vt 0.46161938320077728 0.5999616319592902
vt 0.47702086859377651 0.61428520026280853
vt 0.7436618725968589 0.41620245605653428
vt 0.73040575122066831 0.40773624368268407
vt 0.46373696886668458 0.6129660246051668
vt 0.44993003444544316 0.61091476668415867
vt 0.735265420560133 0.42991882476149018
vt 0.73337275558088888 0.41921646799389667
vt 0.72384180173464319 0.42243515928423375
vt 0.72024121586141576 0.40909337239089605
vt 0.71151551423460491 0.41144043999958596
vt 0.72526353931556675 0.44265865282332378
vt 0.72472573836065346 0.43307124673143871
vt 0.7142557534517836 0.43571681888382469
vt 0.71355885980526956 0.42397118428851793
vt 0.7030901436576823 0.42412756536119894
vt 0.71436738425755331 0.45363891762859426
vt 0.71408268661181584 0.44501869896375335
vt 0.70307880408267709 0.44592843942778476
vt 0.70234776846476543 0.43528346081009001
vt 0.69145742628779527 0.43205122608991409
vt 0.70350994351584295 0.46305537892015175
vt 0.70301310494228753 0.45457813292246668
vt 0.69236662299389795 0.45372542719975217
vt 0.6909960522833527 0.44329252374124939
vt 0.68039294040809961 0.43810391618311756
vt 0.69269547785144259 0.47185034744305976
vt 0.6926477116432912 0.46250227048902587
vt 0.68192633070065334 0.4705268812361656
vt 0.68204924831451408 0.46074245862116847
vt 0.68082801856166864 0.44954554205232011
vt 0.67005253802498366 0.44359776307482585
vt 0.67056938409411193 0.45574905381244063
vt 0.3885686750605129 0.53649669139787537
vt 0.3786510532984354 0.52267361051076999
vt 0.34414986778366763 0.51914625440480455
vt 0.32563413657012696 0.53061375403732391
vt 0.35778735398195011 0.53067740849113931
vt 0.3799020332771279 0.55520350387877182
vt 0.3697478816446606 0.54302317229172636
vt 0.35343869110078657 0.55254979666961845
vt 0.34016903481441763 0.54145749552925282
vt 0.37566051220894975 0.57495247913741787
vt 0.36433100219752201 0.56360655453309316
vt 0.34967780590055098 0.5740440435494012
vt 0.33631471134374158 0.56333032566739039
vt 0.72975468768430762 0.40905751587602074
vt 0.74987511849920307 0.40406391676960202
vt 0.77415019195013302 0.39194217340827764
vt 0.7171421581424744 0.38971848849617469
vt 0.73504283088414324 0.39750818588741071
vt 0.73771358092764949 0.38442046378251643
vt 0.75700654767092013 0.38937275308415659
vt 0.76236695567516 0.37375874815539395
vt 0.72783272454315884 0.33897652135386142
vt 0.6969199666405882 0.33784833298848982
vt 0.69437129937072095 0.37559036166085963
vt 0.71793748183812245 0.37844670286423709
vt 0.71558504668968903 0.36598291932371246
vt 0.74212146291056069 0.37028733725552837
vt 0.74587741470649049 0.3552107065102017
vt 0.71954308744565632 0.35167681919501587
vt 0.67313697897779112 0.36611792587748604
vt 0.6909368776966569 0.36293886916484169
vt 0.68529806954234651 0.34943224349474034
vt 0.66645464586858749 0.3514950007723624
vt 0.49448647379583899 0.66766128678022063
vt 0.50331576496748687 0.66052548687313484
vt 0.50231026191047168 0.64619739826981659
vt 0.49357872207223547 0.6407175098799085
vt 0.49533208833423853 0.6550428621545078
vt 0.78332289520116083 0.43664116725072305
vt 0.77150464194396029 0.42988788250042448
vt 0.75771839850282241 0.42356409926443739
vt 0.77251092084915463 0.45182356211075514
vt 0.77278150708850635 0.44058418060743931
vt 0.76154192859576286 0.44434991252060435
vt 0.76015298952191779 0.43381488190258033
vt 0.74875433637651134 0.43751674363840753
vt 0.76115100536524383 0.46644283515184448
vt 0.76133939356524016 0.45522294394492402
vt 0.75010274391555887 0.45821991869312695
vt 0.74966566790012956 0.44789006986052798
vt 0.73834783598944931 0.45065606398507602
vt 0.74957533726153946 0.47963678012139566
vt 0.74977444907752477 0.46924473616238321
vt 0.73837307800920138 0.47122646643264449
vt 0.73860771998996477 0.46088886461457329
vt 0.72749344853858311 0.46261839433474589
vt 0.7377501924688894 0.49182252799303389
vt 0.7379789105249015 0.48182359127615954
vt 0.72694562802255547 0.48351915696610664
vt 0.72737832922516332 0.47281796389923908
vt 0.7165374580324716 0.47352292380682143
vt 0.72771176320878861 0.50290879262431487
vt 0.72658620853973666 0.494031608358736
vt 0.71800806345159363 0.50366002266242338
vt 0.71693441012582637 0.494447502296949
vt 0.71635297170348966 0.4840799584220995
vt 0.7057189410333945 0.4837470092353372
vt 0.70637973881496363 0.49419394275848216
vt 0.86529505726126588 0.47738147235146011
vt 0.8531501377003653 0.47465655849883637
vt 0.86035474034178239 0.48419220136463276
vt 0.86717769761096997 0.49372990840125824
vt 0.85681242443539207 0.49331825564037024
vt 0.85345818962596343 0.4878489386199435
vt 0.85928467825390731 0.50143832494413521
vt 0.84654548040911726 0.50053848033212434
vt 0.84583568672850085 0.49188892760509717
vt 0.84845354293996711 0.50949787263421031
vt 0.83602458404571067 0.51121833804436223
vt 0.83496428000001843 0.50235375418605621
vt 0.83828854723267432 0.51956447921629512
vt 0.82602158843685336 0.52290500144142726
vt 0.8255149868425512 0.51446040729160813
vt 0.82582610448861293 0.53077067701250147
vt 0.81646354590596648 0.53434944432487042
vt 0.81597601197401548 0.52640890106647997
vt 0.81615792473480964 0.54186688488251056
vt 0.80838759499714197 0.55232955889271718
vt 0.8081254216282352 0.5452345183896069
vt 0.80747698143378854 0.53786673502202453
vt 0.79957273757249381 0.5484856266175917
vt 0.5130213184134752 0.67700023627361117
vt 0.53019544257698825 0.67256108325059238
vt 0.52210318954089396 0.68001990144455249
vt 0.54767936553966334 0.66629518598509352
vt 0.53929152271602998 0.67455171592779806
vt 0.56564545348774875 0.65948660285517158
vt 0.55723532012347599 0.66795791162058571
vt 0.57535275071689562 0.66122192015177028
vt 0.51397035708273553 0.68752694122780311
vt 0.53122317174390976 0.68248139665936269
vt 0.52341892689829139 0.69137385672373797
vt 0.54878670543943109 0.67622685275484695
vt 0.5409270581730099 0.68581071634526536
vt 0.56685436410476853 0.66975922272125854
vt 0.55882129029025529 0.67926379986046592
vt 0.57683811335481672 0.67245027937217983
vt 0.51476573288864291 0.70031669153438914
vt 0.53329637036186983 0.69466146951109586
vt 0.52615572129513621 0.7040432036161105
vt 0.55107585579882112 0.68882528614717808
vt 0.54360966514732056 0.69846617542265521
vt 0.56894197495480603 0.68245689349358174
vt 0.56126162087346398 0.69258372960177272
vt 0.57906871356473577 0.68628917284100355
vt 0.48612726254205796 0.71780858322273688
vt 0.49871119807322212 0.72540753332622798
vt 0.51929346024072986 0.71332908217421021
vt 0.51279707596626134 0.72308543722803942
vt 0.53660264266159674 0.70780181945928067
vt 0.5301012879082585 0.71785994794903374
vt 0.55392549621771792 0.70270070790868722
vt 0.54668753081282728 0.71295610938192489
vt 0.57142096382466623 0.69664691063966977
vt 0.56401230625036569 0.70750915130296621
vt 0.5813565917162955 0.70142628657834449
vt 0.49155454014896255 0.73038226205129342
vt 0.4825501543950525 0.732443089775351
vt 0.50711353223055455 0.73288242020407768
vt 0.50035780918762562 0.74024928702664361
vt 0.52353780579292786 0.72804391433718274
vt 0.51753106424386386 0.73780799458204638
vt 0.54004103034485584 0.72270820167280525
vt 0.53365398472896075 0.73272177198363964
vt 0.55670323084298301 0.71755930393346001
vt 0.54942328177822009 0.72798523453490316
vt 0.57397109909482946 0.71225609065790318
vt 0.56658228757315643 0.72272104687191085
vt 0.58368823311418305 0.71699091420680028
vt 0.49110501881038887 0.74403211521366697
vt 0.48002835240414893 0.74505526763083152
vt 0.51050940290290436 0.74708616198574385
vt 0.50242868268885332 0.75336758500479351
vt 0.52746354984264632 0.74316752273057285
vt 0.52104922900485318 0.75303774658671152
vt 0.54290972719277752 0.73787801086169169
vt 0.53672759936266901 0.74865103063365346
vt 0.55929355762569744 0.73274715958880199
vt 0.55221839172981946 0.74350962044453839
vt 0.57649756952817433 0.72751053866571236
vt 0.56904948075088468 0.73720341304551817
vt 0.58658774685544768 0.73167357172042291
vt 0.50489915167251531 0.68390111650524787
vt 0.49510083041022102 0.67887166701889246
vt 0.79511843896060719 0.44280784990635597
vt 0.79559669195013427 0.4556803159357829
vt 0.78439064005401349 0.45910474037384558
vt 0.78464922023740757 0.47152002770777579
vt 0.77297914199762374 0.47443273915565176
vt 0.77310128899179065 0.48628731070608172
vt 0.76139259103914236 0.48797619970714978
vt 0.76219984271104335 0.499227295531114
vt 0.75023088129764048 0.50038490970978
vt 0.75152471804157461 0.5113879428610969
vt 0.74046381863384958 0.511628903749625
vt 0.74375088676496948 0.52172309902310665
vt 0.84660677347586755 0.4780255332151781
vt 0.8433698453633478 0.4861912158677158
vt 0.84393260402059489 0.47209992868156958
vt 0.83387900911269286 0.49374222009723134
vt 0.83126056683094929 0.48533068921326095
vt 0.82435147541743337 0.5056915508669737
vt 0.82206147077502945 0.49642667954645231
vt 0.81557958341346493 0.51815528762476293
vt 0.81324262968982308 0.50886527587357067
vt 0.80707291038691664 0.53013667086404503
vt 0.80462714878633101 0.52138742414193828
vt 0.7990136996272994 0.54127800632209611
vt 0.79642610087245425 0.53306034241766309
vt 0.78871472241296103 0.54403879698877533
vt 0.50407355847114821 0.71753535580009076
vt 0.50763438711113518 0.70918492868402172
vt 0.49274825685659274 0.714651383398613
vt 0.4918866545313626 0.70768112512304759
vt 0.50502608525126413 0.69594404901039664
vt 0.49504168675539656 0.69001314646695688
vt 0.49397321517743692 0.70338474816879293
vt 0.80573799227446152 0.45092038937211737
vt 0.81977031823519442 0.48733389120061094
vt 0.81781729496493583 0.47588643016873367
vt 0.8070985631201808 0.47771889853841254
vt 0.80618388826096743 0.46532416409758637
vt 0.79587412970256333 0.46868431679717742
vt 0.81052123378918794 0.49939518796140914
vt 0.8082589877253642 0.4893236883584568
vt 0.7970880614718765 0.49207725783856149
vt 0.79603433874307894 0.48096262226259612
vt 0.78522233928890528 0.48402854023974695
vt 0.80190890725496922 0.51211703128916164
vt 0.79911671808297191 0.50241547166912848
vt 0.78768004745818165 0.50550642072063257
vt 0.78569672505369803 0.49509146024255318
vt 0.7742195993763753 0.4974720317737672
vt 0.79397357488501297 0.52451953235458015
vt 0.79041047295701106 0.51529622425453359
vt 0.77896573019369486 0.51805092442841416
vt 0.77562225007135666 0.50797046213383334
vt 0.76383583698160862 0.50979495823690935
vt 0.78576538966508169 0.53580386262638025
vt 0.78212957201180944 0.52720338440288728
vt 0.77432454568689357 0.53825811484441233
vt 0.77074628331147743 0.52950606048986049
vt 0.76654910337196591 0.52012690200230793
vt 0.75502901431515279 0.52121259031548095
vt 0.75880722243791454 0.53093323708979845
vt 0.53023786437969123 0.75852201876267233
vt 0.86168608968479177 0.51054715329720879
vt 0.87763824516830558 0.47731894007180681
vt 0.87301137616867897 0.48750219822602731
vt 0.49085949889789016 0.75655430297641735
vt 0.88532232169338931 0.4878662990418815
vt 0.52373674733207931 0.7662733322562042
vt 0.51297386083580698 0.76091770920636559
vt 0.87097628876273769 0.50221586571996413
vt 0.87284879902861245 0.51074548987988422
vt 0.87960653735835537 0.49841197330778342
vt 0.58621035790973042 0.76156236698217306
vt 0.59283601987354295 0.75588741691201755
vt 0.57951879177943344 0.74137362591894251
vt 0.58326811717614646 0.75470097740869146
vt 0.59020671065553432 0.74537452229123746
vt 0.57211326410661201 0.76808066378150874
vt 0.57649331288521433 0.76097005440038201
vt 0.57211790845510757 0.75101215187411385
vt 0.56214513644922137 0.74759907737625964
vt 0.56484475466846007 0.76219434979150935
vt 0.55545905446271637 0.75992379987152003
vt 0.54585118246391018 0.75372132536603931
vt 0.54008396341573628 0.76326316073568079
vt 0.86182589056835879 0.51808974291621279
vt 0.85041858371356538 0.51787928436864505
vt 0.85886557068637115 0.54271556877918337
vt 0.84865052585287293 0.53324855955906858
vt 0.85091816812630561 0.52620467903928425
vt 0.83784027143691409 0.52764490945583298
vt 0.83164535068755618 0.56223837101110596
vt 0.84493364674274929 0.56179959338203223
vt 0.85219827073256471 0.55279758004825985
vt 0.84818475887010569 0.54391143375380713
vt 0.83893481247555102 0.55344353706651883
vt 0.83578870012311246 0.54368949988644999
vt 0.83612331175486365 0.53557542502966737
vt 0.82524673555461914 0.53819829234810168
vt 0.82584558030439326 0.55349675409590715
vt 0.8251920367671941 0.54634574688251869
vt 0.81607409538442155 0.54885365973122346
vt 0.81725117678990411 0.5562925327278132
vt 0.90023278802410311 0.58597119482298254
vt 0.89820026401976916 0.58488847164820923
vt 0.89571308736465904 0.58622578538609638
vt 0.89705243943020052 0.58694756485514954
vt 0.89453026156084414 0.58875581972407853
vt 0.89558204556153731 0.5893856744506083
vt 0.89403669924969587 0.59167030784342678
vt 0.893742061062893 0.59138227243752151
vt 0.8930415162113774 0.59328782329461083
vt 0.89435372390051526 0.591990443681506
vt 0.89664926479348983 0.5902754657561019
vt 0.89705112342484861 0.59054610264968599
vt 0.89816347126470941 0.58771346527558521
vt 0.89855837767127167 0.58790437296090681
vt 0.89917654095847654 0.58559701557620247
vt 0.89955724574331997 0.5857603660909374
vt 0.89466383673909411 0.59373236542094188
vt 0.89672495032119315 0.59296164948755636
vt 0.89906187067858978 0.59168852051435739
vt 0.89763080953467478 0.59095494834072759
vt 0.89972434226960696 0.58904409591908646
vt 0.90124751354671406 0.5869955091230078
vt 0.90140873700434776 0.59025397745204322
vt 0.90280424117739189 0.58838372544552819
vt 0.89553481431682569 0.59240190848287755
vt 0.67351505757523689 0.79052822716308935
vt 0.84117636493462689 0.63724749899937327
vt 0.84369304497618158 0.63552635410835789
vt 0.67622832150010392 0.79300986832283382
vt 0.84194036669905414 0.64053544989956746
vt 0.84433300370094877 0.63829206187321796
vt 0.84563925859049061 0.63707786976531322
vt 0.67919642285260551 0.7952925750567108
vt 0.8442234539502006 0.64401883479459132
vt 0.84572984390729999 0.64069483038006836
vt 0.84699449980969921 0.64212804370524612
vt 0.846052721836279 0.64501490905823211
vt 0.84650761676669661 0.64674482741333406
vt 0.85081853184416423 0.64826367651709582
vt 0.84987367354715038 0.64628688675770252
vt 0.84919719532431903 0.64500101028984591
vt 0.85387503018228639 0.64659322513732997
vt 0.85312855575705238 0.64573500833115915
vt 0.85221645901024679 0.64467985490691293
vt 0.8509123232762813 0.64382451870501567
vt 0.84877917518292822 0.64269642232989033
vt 0.85010896177796058 0.64249790920564276
vt 0.85532282746518939 0.64475492478483287
vt 0.85461400800490372 0.64398478921912949
vt 0.85535175352545767 0.63734952195152517
vt 0.85716710319857359 0.63759609160776543
vt 0.85488889610034791 0.62547594949679552
vt 0.84575859819903809 0.62140872427845506
vt 0.84658015922015706 0.6226483331931415
vt 0.84471262021633364 0.62468136849567113
vt 0.66639435407121728 0.78202412317442715
vt 0.84297859799490549 0.62647036676483603
vt 0.66731195726333692 0.78548602258124289
vt 0.67078373977433603 0.78752997736621633
vt 0.84166618002243265 0.62897591974712952
vt 0.84085190346371042 0.63209014888677839
vt 0.85557363048406199 0.6280639252833955
vt 0.85710584941682499 0.64292994938589476
vt 0.85801611638975384 0.64157168072802107
vt 0.85613041211693697 0.64152828439368503
vt 0.85686750510933374 0.64024992435320749
vt 0.8554657670830268 0.63921216455328689
vt 0.85220746908975231 0.64249097193795757
vt 0.85344258305854304 0.64309404938626302
vt 0.85464047543289856 0.64052709213388193
vt 0.85455099081714514 0.63864803568427153
vt 0.85433864880267829 0.62420464841635459
vt 0.85217903375440851 0.62049921221949111
vt 0.84846379805185645 0.61963540315583976
vt 0.84875952461572868 0.62120827772724696
vt 0.85183851487519691 0.62196855915331206
vt 0.85319625272493038 0.6247956481154654
vt 0.85582762474818219 0.64541652374257275
vt 0.85461530929956397 0.64714856168742463
vt 0.67960354368343556 0.79855872226736535
vt 0.67795851510605465 0.79682281617355755
vt 0.67468681318903834 0.79433005939851375
vt 0.85392959131786916 0.63651527616214931
vt 0.84948034737233946 0.62574875662260121
vt 0.84777468341206152 0.62689906308455612
vt 0.84861145456128817 0.62781818571213133
vt 0.84549865601412988 0.6287369950962145
vt 0.84386544228172822 0.63160213968770484
vt 0.8443915941397272 0.63044673243794036
vt 0.84574459351092157 0.63145318456900124
vt 0.85368142730211682 0.62617559659453403
vt 0.85433213788975249 0.62866929021228879
vt 0.84942644727806838 0.6403775479734396
vt 0.85276771550056585 0.64066805849283215
vt 0.85197607781146134 0.63843606686086418
vt 0.66909676996970557 0.7888405584974808
vt 0.67224298798764082 0.7916313773504895
vt 0.85035393483229815 0.62100216024230293
vt 0.85185761961708539 0.62517697368568659
vt 0.85000030010936467 0.63604177556925334
vt 0.84627393676006557 0.63583485354430214
vt 0.84671700258820393 0.63899263059179967
vt 0.85048751514688359 0.62669718393827478
vt 0.85211046386706923 0.62651652144634573
vt 0.84675473977408844 0.63011224852402548
vt 0.85062305933251381 0.6293640957555563
vt 0.85497877811997391 0.63184995169260694
vt 0.84751779715438258 0.61897904457264974
vt 0.85044212986827417 0.61901777845219186
vt 0.85692843469346991 0.62771848229449301
vt 0.85567270983243093 0.62419558907180994
vt 0.67383092116658827 0.80094611185109055
vt 0.89595471131212623 0.623232588626352
vt 0.89887745931922725 0.62132862620901741
vt 0.89672470070074006 0.62230538923669343
vt 0.89332645977682579 0.62433358658270799
vt 0.89286715149996343 0.62500589143866681
vt 0.89632599297384408 0.62552501573116204
vt 0.89480162427743393 0.62567414261032117
vt 0.88858463733212956 0.62880441106873453
vt 0.64870153373891049 0.86138869061704126
vt 0.64322368593971846 0.84929337516324444
vt 0.8907696541213963 0.6776429302786694
vt 0.65937798718611962 0.85337806491215751
vt 0.65194593823152369 0.84386942390000097
vt 0.64518681661261834 0.83046468215629143
vt 0.63600297648667847 0.83345407193255527
vt 0.6680907251476782 0.84187081214628834
vt 0.67239380052268294 0.83127564802450249
vt 0.89038936519953804 0.64847406355858206
vt 0.88327183628411787 0.66878205482951336
vt 0.87791526911598627 0.66039486469608144
vt 0.8854710903146753 0.64696256692992271
vt 0.88427614098359142 0.65191736247690024
vt 0.88939220209051395 0.65370195850716128
vt 0.89361541349352092 0.64338226227868334
vt 0.89769431340701755 0.64369405068880337
vt 0.90262833339791348 0.64301672516363872
vt 0.91324676091381018 0.64110681844782624
vt 0.9074540888999687 0.64255238917464941
vt 0.95759530095358136 0.57171460820940634
vt 0.89386411882056016 0.64882723122012864
vt 0.89746436300530141 0.64879840795595445
vt 0.90214985297275385 0.64834955271631345
vt 0.90707286606438586 0.64800315654971563
vt 0.96463421197040811 0.56777360565245094
vt 0.89286114675967654 0.65394794874597251
vt 0.89613585570075316 0.65401639934815081
vt 0.90159513602039165 0.65286811617978535
vt 0.90615270311652052 0.65318133116633748
vt 0.97127531097165343 0.56313924075551258
vt 0.88787778847871812 0.65834452451729963
vt 0.89112879364454667 0.65861435999406126
vt 0.89414050268549172 0.6586884101782442
vt 0.90009494904799037 0.65922384446646176
vt 0.90396685237232788 0.65983587895517815
vt 0.88659433020786971 0.64163669316766436
vt 0.89049921892903949 0.64327055894762919
vt 0.86749375259286765 0.63629854905148042
vt 0.8748814762190783 0.6318962960751312
vt 0.88065184951805542 0.64443137500296399
vt 0.87691545767524892 0.63683870662124775
vt 0.88259992460707004 0.64006333492507073
vt 0.85044924469087513 0.6062115161259618
vt 0.85112719658217162 0.60088033897087001
vt 0.89451780037254314 0.60380710577668639
vt 0.88646472490917072 0.59874627345243647
vt 0.88346528386855017 0.59973161602977887
vt 0.88215512731391299 0.59701329909702017
vt 0.88534912770448293 0.59689852977399294
vt 0.87020910057487588 0.61375308807341067
vt 0.87892044289567905 0.61106517497653634
vt 0.88821997771257266 0.60855974533664769
vt 0.88428017472816467 0.61067079592734275
vt 0.88035798282730948 0.61443054637463423
vt 0.87091121658341064 0.60163166436205251
vt 0.8694772571754471 0.59865040088163579
vt 0.86584948315786292 0.60133170217193088
vt 0.85762788497286768 0.59348920927902238
vt 0.85832524747936167 0.59958883282014896
vt 0.86360562077973757 0.59860369739289709
vt 0.86647965312575304 0.59523777403298683
vt 0.86072153305673782 0.59589836431478305
vt 0.86265646613435487 0.58122169790740019
vt 0.87636632978708717 0.57651350909262999
vt 0.86689222367178731 0.58036654468219595
vt 0.86605330867345531 0.5772725044943996
vt 0.83943579604726304 0.59745681882438273
vt 0.63393304311527954 0.82724173650884247
vt 0.62942056686025838 0.81581101222484753
vt 0.6250620671326933 0.80583727864218491
vt 0.62137549422114424 0.79728403615581145
vt 0.61730957937921527 0.78938895093466943
vt 0.6151137149453384 0.78422032396633257
vt 0.61219317181422539 0.77780991784323039
vt 0.64286195800473578 0.82388254748848289
vt 0.6385485536317298 0.8134556852190592
vt 0.63443428265359536 0.8036229973168979
vt 0.62633496822433754 0.78610246024304453
vt 0.63030918157467208 0.794096741428574
vt 0.62485970143833602 0.78167457865349876
vt 0.62157272341975844 0.77551302767934183
vt 0.65171637433796814 0.82105170953398088
vt 0.64799394480228945 0.81098950805230585
vt 0.64333763139045297 0.80107788240735722
vt 0.63856793159664749 0.791816848762533
vt 0.63195186897292011 0.778697605197193
vt 0.63462254863766765 0.78412988967128416
vt 0.62794062732115385 0.77339703719380315
vt 0.65081969451425059 0.79889400949787948
vt 0.64482662492559095 0.78938796770768471
vt 0.64515632919983146 0.77664396197199392
vt 0.63955155279193521 0.78082772287435576
vt 0.63594206692065247 0.77454330885363698
vt 0.63142754412543656 0.77031082295393916
vt 0.89994517790216566 0.5939895304523003
vt 0.90275813518607884 0.59286094316712734
vt 0.90457238089683534 0.5935186115148926
vt 0.90536591002049194 0.60283225540497343
vt 0.92734846911232471 0.59341788437359844
vt 0.93065329096856786 0.58687942376214164
vt 0.92987271095262514 0.5853912551182523
vt 0.93278002334259846 0.58559647437902596
vt 0.93215991040826196 0.58375014658452773
vt 0.93429770107111709 0.582387610343298
vt 0.94340042638502453 0.57779114073627391
vt 0.88639646610924172 0.63012509860297727
vt 0.88547259312748638 0.62956410296550258
vt 0.8842916348121499 0.62768179390329626
vt 0.87937940892719568 0.62942237615536811
vt 0.88258884611384913 0.61874973380578335
vt 0.88658957848931319 0.6157072389310343
vt 0.89036468005564628 0.61313536830334414
vt 0.89443011319270294 0.61177179180326824
vt 0.90965646934887412 0.61261044588956903
vt 0.86481119479721813 0.58491190160342765
vt 0.8683650330622843 0.58372432139149
vt 0.87204153501500359 0.5828783568439182
vt 0.87636939101992317 0.58133557844027195
vt 0.88027801167863384 0.57842011902494816
vt 0.87903006686889174 0.58064237905879179
vt 0.86639916373302439 0.58697047203890029
vt 0.87003521262718519 0.58557386725259197
vt 0.87339708602692356 0.58443330807236082
vt 0.87748949729973902 0.58317739659331158
vt 0.88005020533352052 0.58247888609757592
vt 0.88170547369928243 0.58174126665841963
vt 0.8690456555760101 0.59308725201124279
vt 0.86852909828672842 0.58913056660452945
vt 0.8723691507965714 0.58714456545806371
vt 0.87558994521671463 0.58580370056419828
vt 0.87927401052804111 0.58483597532741549
vt 0.88226325250485016 0.58405933986913128
vt 0.88442057332501911 0.58270350629620149
vt 0.87693217662806722 0.59269341435139755
vt 0.87211814476322347 0.59084048762318908
vt 0.87557552628342905 0.58893258523300684
vt 0.87869908333374791 0.58746930272245057
vt 0.89064777199356693 0.58356423644526245
vt 0.88141664865332825 0.59539581301130817
vt 0.88083056896298773 0.59362460416689966
vt 0.87964930036793643 0.59065465160905839
vt 0.88274024241358784 0.58970818034032702
vt 0.88470426686717329 0.58861498653961175
vt 0.88926365495494197 0.58557860803394879
vt 0.88712484242769418 0.58726070359828431
vt 0.88478022374221643 0.5957558045229141
vt 0.8868830377498812 0.58961091388618303
vt 0.88563548277005966 0.59110710602968686
vt 0.88204113656464112 0.58673548246605489
vt 0.88559579378273456 0.58591608688279617
vt 0.88447539860761692 0.58528052225235627
vt 0.88796718708580524 0.58466357133383051
vt 0.88928943275377936 0.58277592998915173
vt 0.88766608785235668 0.58189015310685199
vt 0.88666128802920385 0.58386160256966357
vt 0.90169283258874744 0.61876955208708062
vt 0.8926267307804977 0.62403662030767504
vt 0.89269252297626212 0.62289352130773457
vt 0.89652668339085928 0.62180362476219986
vt 0.89571212987342119 0.62100104728865724
vt 0.89860178994753237 0.62046298883818551
vt 0.90201391992396796 0.61985166564054972
vt 0.88387488967564243 0.62496041935693325
vt 0.88749042624307994 0.62812968698563687
vt 0.88580467374541605 0.62199834159886602
vt 0.88845127156360015 0.6185267492343457
vt 0.89189437247823633 0.61563099465312232
vt 0.89555305813894415 0.61463916149405495
vt 0.9006440114277362 0.6162388506875961
vt 0.89985598325918703 0.61444834163198803
vt 0.91042035206469218 0.6154342689916138
vt 0.90030972853860636 0.63042891939212597
vt 0.89326766577036532 0.63005735763090387
vt 0.8969463970625795 0.63070278321783746
vt 0.8896299122908452 0.62937893066851913
vt 0.89201970014619025 0.62997836244702599
vt 0.88750825736200489 0.62254582969492234
vt 0.89214556157698377 0.62254776107492571
vt 0.8902885447988319 0.62036434256242023
vt 0.89517121839812175 0.62070732065733669
vt 0.89784249259229776 0.61965355352564233
vt 0.89652702162292852 0.61713538214181718
vt 0.89370984206007886 0.61802084128997881
vt 0.89989315127700165 0.62923605935957383
vt 0.89689179411026088 0.6281449360041329
vt 0.89672394732988092 0.62900339991923215
vt 0.89389437447940667 0.62778347522335487
vt 0.89341994308576067 0.62908262473380527
vt 0.89145673139244053 0.62683160973012175
vt 0.89077087918973696 0.62776007724646565
vt 0.88317506701929738 0.57974533081183732
vt 0.88596637667692146 0.58093484195662837
vt 0.86286592243809246 0.6193863823883814
vt 0.65577081983353969 0.80878841345234798
vt 0.65987627940754867 0.81804527714039377
vt 0.66559870386089515 0.82619902751439289
vt 0.65483312732776167 0.82735293395487186
vt 0.66073451635691416 0.83516536586684664
vt 0.91233823270971415 0.63655153394741293
vt 0.90238881233786172 0.63837658832383626
vt 0.9074706463083787 0.63811109381797149
vt 0.90499265635964732 0.59898580462061113
vt 0.90521059402442894 0.60141395581567181
vt 0.92437105490641902 0.59513132974804761
vt 0.92604527081313237 0.59421695259854801
vt 0.92297253725586592 0.59413982294646506
vt 0.95312746643528024 0.57376370370949026
vt 0.94987701985482964 0.57543765287295279
vt 0.89117956360475203 0.66408273876431556
vt 0.8972170081124935 0.67000335168086667
vt 0.89938711603455701 0.66599966222624674
vt 0.92536193904974462 0.59288764015444917
vt 0.89009025672558584 0.59851337625873779
vt 0.89235558778416935 0.60202852656387384
vt 0.89248736178938037 0.60754631858495134
vt 0.86769767826797073 0.57328012608333612
vt 0.87233600764501629 0.57490231415761561
vt 0.92836269688163398 0.58857544277338392
vt 0.928010051739937 0.58671344103109191
vt 0.92656914261521706 0.58770885107504933
vt 0.92661982667598286 0.59264023562068691
vt 0.92769288808380812 0.59238148029655069
vt 0.92283472939868871 0.59070245164909096
vt 0.90453895211659308 0.5912333091879246
vt 0.90623369580852897 0.59193767135011355
vt 0.90552091155244641 0.58967374517689375
vt 0.92677617984642557 0.59143041320052503
vt 0.89835620128934557 0.61098893004184684
vt 0.86740789509702865 0.60439201315136415
vt 0.86189087723666036 0.6140518007347654
vt 0.86907801358712489 0.60824372982038633
vt 0.89905101594084436 0.60003231705797455
vt 0.89671464475800122 0.60118087965137768
vt 0.89469350002094694 0.59796370372153851
vt 0.89159941035454593 0.5985120257374158
vt 0.88906348210042618 0.59667284032491252
vt 0.89048467864903025 0.60480756017620085
vt 0.88855421486616526 0.60246476787088532
vt 0.87220824047817946 0.6056171641380782
vt 0.87345868243122182 0.61050158912110142
vt 0.87747502165403968 0.60752973876766303
vt 0.88690851045186259 0.60588267588017464
vt 0.88533255013681567 0.60320158397551515
vt 0.8814670356640385 0.60526785483027712
vt 0.88282088444713491 0.60790274301292768
vt 0.88879493480684002 0.59255296644075839
vt 0.88929874509983398 0.59099907356896664
vt 0.89114746363004604 0.59218868823961168
vt 0.89176663279287427 0.5903294397446095
vt 0.88900600685489595 0.58825595695672972
vt 0.89026324382383892 0.58942192959721829
vt 0.89099486547960016 0.58649496303585136
vt 0.89187361668473153 0.58738137072818353
vt 0.89243058307412881 0.58413863631766794
vt 0.89328889962018254 0.58496358243027591
vt 0.88475844697422901 0.59268653698098261
vt 0.88482205675680059 0.5946433075350368
vt 0.92119140038374348 0.5919575348224807
vt 0.9221444141198184 0.59310988877843973
vt 0.92475222587552497 0.59227856149573832
vt 0.92385890371221946 0.59134545435511843
vt 0.90829146166807906 0.59196983462508701
vt 0.90668810374420572 0.60925271005505133
vt 0.92676742059206174 0.58954168847537924
vt 0.92535435382277398 0.58864543478252485
vt 0.92434013984607777 0.58938531883717693
vt 0.92533137138426491 0.59033270902509383
vt 0.90699199018955456 0.61193142217330321
vt 0.90336634307128594 0.61078384867997615
vt 0.90752001406640836 0.61517289703962008
vt 0.90422364482915185 0.61448904689287254
vt 0.90489070733712185 0.61700151070165388
vt 0.91089888895019333 0.6180524748850853
vt 0.90398786240826279 0.59637999736067482
vt 0.90308558126824667 0.59467775150620861
vt 0.90283896220199245 0.59689860731834743
vt 0.9004341122440831 0.59896276039397456
vt 0.9200223255082296 0.59216145978847434
vt 0.90454834073894053 0.59751920306796402
vt 0.90562347402177057 0.59652659523699247
vt 0.90524792424616707 0.5977507931292031
vt 0.90837059122051533 0.59421094993095347
vt 0.90720181521784649 0.59575907867506694
vt 0.92263846010755124 0.5973555510371451
vt 0.923248535536356 0.59664958198869367
vt 0.92308489943223926 0.59599434697686127
vt 0.92262354703618021 0.59572855401946201
vt 0.92235349875175421 0.59438204338167788
vt 0.92111746867529909 0.59325035961344486
vt 0.90612531296498466 0.59674337763599861
vt 0.91101465851608088 0.62036456760085279
vt 0.91092361921264131 0.62208408248408276
vt 0.90027346679201692 0.59622417748436629
vt 0.89676768340275015 0.59471142240806041
vt 0.89407916998018178 0.59529031749496575
vt 0.89672210604921432 0.59754221108975991
vt 0.89410874691024289 0.58578466232235638
vt 0.89297317394814446 0.58839077041527543
vt 0.90097128183137121 0.59215705460637535
vt 0.90369101338668945 0.59087843781612515
vt 0.89091467006669756 0.59356922958684988
vt 0.93953516951237059 0.57936140667883584
vt 0.93700450601541241 0.58076746118523581
vt 0.86137201133957497 0.60922945125152284
vt 0.89692304370081977 0.62743501282214731
vt 0.8965835750791078 0.62626882181373256
vt 0.8940098255891733 0.62717696661881106
vt 0.89436599304668729 0.6264066055636226
vt 0.89234519131275547 0.62639813736138328
vt 0.88992313407163504 0.62642605077379521
vt 0.88661510674762645 0.62705904593875428
vt 0.88948221620223145 0.6255805960197699
vt 0.89059663624728524 0.62434243676291146
vt 0.88684807104926966 0.6249348887062921
vt 0.89127681368244227 0.59619922371805734
vt 0.88885798075142008 0.59579067689412901
vt 0.88873424060295081 0.59421019416375498
vt 0.89634788381977326 0.60607643966222735
vt 0.89701350074824104 0.60715447552180923
vt 0.87795828717715885 0.59521481825675193
vt 0.874412183788431 0.59508724841430816
vt 0.87591325942638354 0.60236028468755864
vt 0.87967628330197711 0.60085832638378567
vt 0.87849153483535425 0.59748223305155301
vt 0.8750347603638432 0.59878534379560377
vt 0.89185373215865993 0.62523308913396636
vt 0.89280877213786825 0.6261320977658783
vt 0.89378004995952842 0.6255915166590178
vt 0.90447247966814204 0.62951033951899005
vt 0.88186119323651813 0.63265209570061132
vt 0.88474798181350534 0.63425510262263052
vt 0.88536174368422405 0.63301337545591219
vt 0.94797928663290265 0.57626789728130112
vt 0.91166858711556531 0.63385194668255918
vt 0.90688305176489059 0.63590800616723497
vt 0.9022059655000999 0.63705037052523705
vt 0.89755462738579306 0.63863874199837367
vt 0.89317043791928485 0.63749923990046897
vt 0.89010516645353643 0.63681821485143408
vt 0.88726214650891844 0.63558975537842932
vt 0.88812902096605961 0.63137626397723767
vt 0.89098744119634765 0.63174293895742639
vt 0.89318586221304908 0.63236167590226955
vt 0.90685326506215269 0.59403733851155072
vt 0.90585224760701955 0.59536760918613529
vt 0.90639402561191873 0.60678188524775423
vt 0.90247221834310243 0.60741378804462687
vt 0.90221885941934432 0.60157208385958016
vt 0.90016386395283454 0.60296706658776911
vt 0.9016798778848375 0.60468239734856821
vt 0.90330214288408606 0.60075716670025514
vt 0.90344090700709045 0.59889420534086757
vt 0.90415569890391001 0.6030944486554709
vt 0.90521270057508318 0.60378301022933478
vt 0.92863634450980359 0.59156609640239866
vt 0.90459222376133475 0.59632127031868776
vt 0.90381213011690298 0.59728206309175358
vt 0.94606509064072519 0.57708270625484881
vt 0.90726053732564538 0.62785959946664138
vt 0.90959024648395448 0.62571702382941219
vt 0.91127710067681833 0.62392277104125327
vt 0.91078511910130922 0.62648345157374485
vt 0.90822454624924343 0.61835016553221833
vt 0.90802869967836342 0.61988320796833574
vt 0.65922193654441297 0.79515001036247424
vt 0.65305453385877543 0.78626356818523646
vt 0.6639614940659353 0.80611085578499508
vt 0.6663095125371471 0.81760798452965577
vt 0.67385809664188645 0.8107617730776856
vt 0.67382129421217452 0.81894836634086687
vt 0.84776958927415669 0.61013320251184633
vt 0.85015424815668772 0.61062040443038013
vt 0.86590573181150698 0.63176700085196613
vt 0.87338654068988542 0.62764087790027667
vt 0.8784181240117932 0.62599967030858172
vt 0.87829559261787638 0.62220592721078649
vt 0.87236040228938161 0.62415635832698679
vt 0.87336861471809446 0.65084437236267734
vt 0.86958917812559089 0.64150902535204934
vt 0.86232137137305209 0.64896959886265804
vt 0.87097232787274559 0.58002842644244601
vt 0.87562251572255467 0.57969591809260745
vt 0.87089677530931497 0.57837158745129169
vt 0.86403971748784647 0.62460215768703065
vt 0.86477554083959562 0.62801325376469253
vt 0.85622821677363192 0.61684303646265293
vt 0.86195904584912486 0.5775774699331726
vt 0.86228752752070847 0.57574541110620059
vt 0.86331477903993992 0.5929583091748889
vt 0.86560227883383634 0.59070444361787744
vt 0.86014294346797748 0.59057599220743728
vt 0.86291706187038408 0.58869557827934227
vt 0.85759081034544704 0.58889568576061357
vt 0.86084990339194378 0.58644933663858234
vt 0.85387634105112475 0.586858426266053
vt 0.85761683530781352 0.58334654570646272
vt 0.86404186223629775 0.57203945624561725
vt 0.85662830104545651 0.57996929333719172
vt 0.84432782336737089 0.60435331522781321
vt 0.84798328427377168 0.60431629676996634
vt 0.84686695799012501 0.59897640322838308
vt 0.84327864205611225 0.60063322247022299
vt 0.85529898110097979 0.59200045362286502
vt 0.85258770302191722 0.59046041503307301
vt 0.85196011409891526 0.59691177893181535
vt 0.85572238182328419 0.61171617066199102
vt 0.85602686370043946 0.60662716547587936
vt 0.86088349492266514 0.6053264703840161
vt 0.86084655178912528 0.6016259936740127
vt 0.8570173740370759 0.60277554287173629
vt 0.85558075510169584 0.59797199291863423
vt 0.8535106935183151 0.59730825232103979
vt 0.85437918154376968 0.60195920432271577
vt 0.8526869667746928 0.60128215265453078
vt 0.85335508519608738 0.60642380055003131
vt 0.85168413176713809 0.60644613316128293
vt 0.85333203922725831 0.61158110521943965
vt 0.85165506395953572 0.61121941647313371
vt 0.87482725013667439 0.6147237243034378
vt 0.87130050865651232 0.62016314769082603
vt 0.87612046204746208 0.61824668405019301
vt 0.85437426350273526 0.61736916016384369
vt 0.85161714766360563 0.61541162688305751
vt 0.85114293771842586 0.61680096832588172
vt 0.85989208096567638 0.62926808459252104
vt 0.8593070626740561 0.62666279616051157
vt 0.85764332950832378 0.62219739610484459
vt 0.85303692572723899 0.61832431838396429
vt 0.85522473449507552 0.62116664336115313
vt 0.85830722868936438 0.62996066909677229
vt 0.85797765595768527 0.62725140230856857
vt 0.8567895300700179 0.62412410622024816
vt 0.85784982780709673 0.63235612330311275
vt 0.85814611604671576 0.63500657914088132
vt 0.86074540999841931 0.63515517985052017
vt 0.86026910847936955 0.63130686544707648
vt 0.86126999286674388 0.63916742745370769
vt 0.85913723947957965 0.63990868352588437
vt 0.67585433181634891 0.80246867733529736
vt 0.67425658109986208 0.80617480620199822
vt 0.67012050193950878 0.80393774448190169
vt 0.67148565297409124 0.79822168376254665
vt 0.66782930862199719 0.80008070056377412
vt 0.84921841969251788 0.6165757622288911
vt 0.66181894629937277 0.77880100753574366
vt 0.84899856533433249 0.61488254838011847
vt 0.65864788279220032 0.78074853816360046
vt 0.65994146273338583 0.78432126155894144
vt 0.66326644526939871 0.784664419908359
vt 0.66228834322945573 0.78162269507341342
vt 0.6662704794012797 0.79652442403692525
vt 0.66902550667150418 0.79537500860870902
vt 0.66213552355207739 0.78947937703910154
vt 0.66451724090996622 0.79313827247043045
vt 0.66645202121891367 0.79175381844758586
vt 0.66494501536199213 0.78869545480552905
vt 0.8598614048753831 0.64553479000744995
vt 0.86094498526854835 0.64253574362145827
vt 0.85897783966202279 0.64259430206818591
vt 0.85832133704817992 0.64461647503189934
vt 0.90611845275047442 0.63338740492648182
vt 0.9105102902363762 0.63186064647678575
vt 0.90179773890246095 0.63490550045422178
vt 0.89324382455000395 0.63372616340723342
vt 0.89704966100655947 0.63330744800286398
vt 0.9010411110302361 0.63193960516304204
vt 0.90514960659001753 0.63078522497465206
vt 0.90830388683452468 0.62888077380396346
vt 0.89041671531268718 0.63383619628935128
vt 0.88762432762403942 0.63302669115588073
vt 0.91319994820396455 0.62905555498753907
vt 0.909563825087087 0.63073889135284256
vt 0.9057998419503126 0.63251606036978858
vt 0.90162687297018096 0.63394852327083517
vt 0.9117965882048199 0.62741719704378129
vt 0.8931881868427034 0.63516061739691898
vt 0.89726352590289593 0.63548072645730636
vt 0.8948162208890118 0.58597462773758335
vt 0.89265313091622644 0.59307519855470947
vt 0.89403487967528661 0.58864779756243835
vt 0.89299052270134194 0.59096345918861948
vt 0.89493974755337424 0.5940382577178952
vt 0.89750225654112115 0.59333034439805787
vt 0.90428032374735701 0.58907948040421676
vt 0.89908574763843097 0.58387798458431661
vt 0.89895473144290405 0.58114405000283609
vt 0.90004629940362446 0.58174852156499468
vt 0.90019232182399311 0.57864113007706797
vt 0.90093536742062907 0.57905478536512756
vt 0.90217638573083381 0.57653246043146833
vt 0.90175772703292778 0.57641987976419617
vt 0.90310294576419203 0.57484854058164236
vt 0.90357036456500917 0.57495276991406319
vt 0.90308643178931169 0.57676838003649578
vt 0.90257546452203175 0.5794410440788389
vt 0.90186292970471338 0.5825885828046734
vt 0.89984797803645256 0.58425757768079456
vt 0.90015584641883473 0.58450677972071174
vt 0.90463819879039953 0.57609198196771394
vt 0.90524695853504167 0.57833933157489748
vt 0.90535098540698011 0.58085996386641237
vt 0.90403420783316646 0.58015345492641957
vt 0.90289648064795092 0.58254445857276727
vt 0.90212129293407073 0.5849908638587703
vt 0.90489318115998896 0.58338882680365756
vt 0.9044150592276895 0.58563238880454305
vt 0.90393830498119054 0.57751697547733016
vt 0.56646602111491584 0.8274970067635834
vt 0.56477776678722824 0.82720481769686005
vt 0.56341496103549804 0.82701190684816839
vt 0.56091556547008026 0.82604553622801657
vt 0.56599188308672088 0.83085732122080069
vt 0.56426753397355911 0.8302918435102149
vt 0.56293472547493861 0.83012468649301785
vt 0.5604264140705999 0.82911366771519168
vt 0.55896511121168546 0.82791698230631405
vt 0.56524970287719722 0.83440608906162039
vt 0.56352435951817992 0.83403840447627231
vt 0.56224719698117043 0.83332186004740805
vt 0.55958827515751342 0.83191976316664495
vt 0.56467861990977719 0.83657396153046126
vt 0.5590799480279488 0.83367785438571129
vt 0.56173901727143649 0.83529009488628492
vt 0.56286108532758283 0.83623361221064074
vt 0.56521019718165688 0.83977964424739193
vt 0.56357199661840174 0.83953400110959253
vt 0.5614422900933097 0.83888957952268928
vt 0.56005788183512373 0.8377298221559365
vt 0.55806618776885164 0.83576624609146621
vt 0.92276315041625445 0.51345253382339462
vt 0.92164333648794772 0.51321345275609764
vt 0.9168919197994877 0.51784591549942005
vt 0.91801876494801138 0.5192149892410749
vt 0.90717686359312388 0.52477632709130573
vt 0.56460927199668975 0.81098217266705275
vt 0.56314583140842911 0.81177203417046384
vt 0.56156332197177117 0.81251056235051444
vt 0.56536692797102472 0.81390104045842626
vt 0.56394205706825085 0.81450528055531446
vt 0.56228795192226699 0.81520661440730191
vt 0.56632042045499953 0.81619091278699296
vt 0.56462343220172195 0.81669798972975849
vt 0.56327012912487051 0.81741178985245777
vt 0.56763567402996706 0.81951988483365446
vt 0.56646081853382468 0.82331868409247988
vt 0.56538916593751254 0.81960465534799076
vt 0.56517572366950752 0.82298161954865157
vt 0.56393037322579598 0.81992783724303409
vt 0.5639725902776398 0.82301237920421721
vt 0.90993729510091748 0.52379073124671671
vt 0.92214608593654246 0.51613380213165194
vt 0.92155962982329676 0.51752286010874116
vt 0.920529384801554 0.51585773314293726
vt 0.91968053869830912 0.51739612629840015
vt 0.9182650160385647 0.51670733429957993
vt 0.91878782501447487 0.51159996109709915
vt 0.92001522846843853 0.5127265756275986
vt 0.91869004264759291 0.5151973354828413
vt 0.91728197545542034 0.51635646468994123
vt 0.90588047628921642 0.52503566779420308
vt 0.90180722907564237 0.5253137466464094
vt 0.90247584893600308 0.52419156072707218
vt 0.90596805147389214 0.52375856448164304
vt 0.92353936736078479 0.51394987690996696
vt 0.56633552153507516 0.84005677448239169
vt 0.56645498035994901 0.83691209192073324
vt 0.56703360860421104 0.83463219493761254
vt 0.56785952386072036 0.83124794391341261
vt 0.91543690488534735 0.51733154236974221
vt 0.55851122796831187 0.81634985367866597
vt 0.55732692398727146 0.81725500350885349
vt 0.56006231975325482 0.81896603617805419
vt 0.5611667970496228 0.82191366562935386
vt 0.56083756458238854 0.82079045551331276
vt 0.55927043005989074 0.82192821870788202
vt 0.90698908425805203 0.52347482119370914
vt 0.90921222423169301 0.52257947151690232
vt 0.91756585537949409 0.51352289938707896
vt 0.91546326507208431 0.51452789545587407
vt 0.5685058000093075 0.82315957278310714
vt 0.56810730101606544 0.82742944427925269
vt 0.90102229106078313 0.52342646816043614
vt 0.90498973085429257 0.5225492088716529
vt 0.55831056666163037 0.82679103552373989
vt 0.55811147022140428 0.8302966778305596
vt 0.90638599111178697 0.52201679521771416
vt 0.55847002504599186 0.82004168209033701
vt 0.91221768939767645 0.5210908660893584
vt 0.56412331544482608 0.80869721544089235
vt 0.89942868937216025 0.52471572158629975
vt 0.91025975269771942 0.52511513108739816
vt 0.90689188826120704 0.52611769139706221
vt 0.57220517735562293 0.83611923500934049
vt 0.9351144390441215 0.56267835163716418
vt 0.93525289864194938 0.5650656406088298
vt 0.93360578375130832 0.56764515719329434
vt 0.93276775330105699 0.5678679653313673
vt 0.93080174961074003 0.5652639988307202
vt 0.93001226568338735 0.56231902511470599
vt 0.9290618144189362 0.56016751027810352
vt 0.93394630580815396 0.56812945051473784
vt 0.93453684638839918 0.56019876626309228
vt 0.93619857324341227 0.56228442959392411
vt 0.93633234828122647 0.56486390342508486
vt 0.9351446480232517 0.56760829764333387
vt 0.93263798254959285 0.56898208794037408
vt 0.93012556813147951 0.56624289075452294
vt 0.92905423973048051 0.56276884117350157
vt 0.92860528142526944 0.56292054408119407
vt 0.92806706103852654 0.56066818406822605
vt 0.92738261602273986 0.56090551184233406
vt 0.92929596871839437 0.55697399999257113
vt 0.92850667451623403 0.55637438348734103
vt 0.92935195144246696 0.55606694798057199
vt 0.93222338879093836 0.55834013249387526
vt 0.9308529974441454 0.55717619181320044
vt 0.92959813750915654 0.54999413652490847
vt 0.98129263039629921 0.52873879463439755
vt 0.62911791048307453 0.86806188900548076
vt 0.62619318667744905 0.85547485461500772
vt 0.97071726696757776 0.52488240744229409
vt 0.61608628902025564 0.86853977244515168
vt 0.61577226691020581 0.85626054973946597
vt 0.61281337493308108 0.8415821224150587
vt 0.6220053294209259 0.83842702781602407
vt 0.60184657825355192 0.86474370306167636
vt 0.59193998946119331 0.85912913908109967
vt 0.94612029556970811 0.53972028793491245
vt 0.95908616870211627 0.52265169501642872
vt 0.9490511794962373 0.52273480709437825
vt 0.94219908508420835 0.53660605466821631
vt 0.94583519420358297 0.53269427722202523
vt 0.95007260199604759 0.53594643646046247
vt 0.94427634242295266 0.54525482383763468
vt 0.94691736379471025 0.54837396668458926
vt 0.94921337819836271 0.55277135011241363
vt 0.95401847211600144 0.56251409116078421
vt 0.9514087488447438 0.55713242830555088
vt 0.9546096041288471 0.56499458381823997
vt 0.95522112333577747 0.56745390520445915
vt 0.9485901859468876 0.54235999554238301
vt 0.95022316879272983 0.54541205306056095
vt 0.9528565342810984 0.5493561444152375
vt 0.95545580058145385 0.5535206927529307
vt 0.95882190091057717 0.55867598357613812
vt 0.96061390939372937 0.56253703034523161
vt 0.9520355015494143 0.53868822286917184
vt 0.9538412997208332 0.54134316260415338
vt 0.95597233821376748 0.54645808249461669
vt 0.95868163263971518 0.5499460062538325
vt 0.96260345482678467 0.55402752348116679
vt 0.96552234687355165 0.5575527941715448
vt 0.95259218673021773 0.53221052856749507
vt 0.95519967289030727 0.5346719583902334
vt 0.95677717313809918 0.537113804974646
vt 0.96040197165238861 0.54170280408860949
vt 0.96280340877535509 0.54458460629189109
vt 0.96831958050755984 0.55058253646071975
vt 0.93871221294257268 0.54061013851003847
vt 0.94212850042985419 0.54281273271178831
vt 0.57219627543547724 0.80016913040633353
vt 0.92326368356461008 0.52843287575392839
vt 0.92437769824252292 0.5369733794793029
vt 0.93748376726803118 0.53411568289142097
vt 0.92913101563195311 0.53571908934402135
vt 0.9349295520859503 0.53837239667672221
vt 0.88962446301124676 0.53156980332796211
vt 0.88581497990826796 0.53592659841322932
vt 0.92755535514245535 0.57879062095216693
vt 0.91303536678695496 0.57018531993905741
vt 0.90397960745132733 0.56641640475110122
vt 0.90326245152047524 0.56332304312049042
vt 0.90043672971590261 0.56383001348657036
vt 0.90192050008846791 0.56653397186502641
vt 0.90719169408238121 0.54409125249451562
vt 0.90960591892422982 0.55298598931922938
vt 0.91307080760979564 0.5620817115955723
vt 0.91293746254487596 0.55750532688237897
vt 0.91333765990090932 0.55210118866349234
vt 0.89793276319508286 0.55186639844183649
vt 0.8948944949036719 0.55242314216264699
vt 0.89501877702814103 0.54781115840271011
vt 0.88439266642837566 0.54682403328718598
vt 0.88955400229588677 0.54255537279997801
vt 0.89146097178620409 0.54763404501063739
vt 0.89039461772708139 0.55242377260742426
vt 0.88806608708819423 0.54715553270249706
vt 0.87520196496916225 0.56071015426979542
vt 0.87848481174049864 0.57298206123976092
vt 0.87683978379833405 0.56380038498759899
vt 0.87266291231656468 0.56597309799413509
vt 0.61976316187904334 0.83228642506922201
vt 0.61627633479812638 0.82064454097645978
vt 0.61339213092455913 0.80994187666539785
vt 0.61077815839761906 0.80077659662212231
vt 0.60885070171715938 0.7922904389084473
vt 0.6069542716840256 0.78696391763634677
vt 0.60301922778359951 0.780583518047266
vt 0.61060610600816234 0.83500871809311594
vt 0.60757982624137119 0.8243239657788124
vt 0.6046884812217902 0.81389925611112557
vt 0.59991080574393851 0.79532519142126323
vt 0.60200752197187435 0.80414470952166206
vt 0.59803149917479137 0.79092132981208429
vt 0.59479557210246892 0.78440455982023782
vt 0.60193549343009545 0.838450230583213
vt 0.59873386220249569 0.82841659269558254
vt 0.59625436327827397 0.81767729236763964
vt 0.59418473137501704 0.80712975735705395
vt 0.59106021045421231 0.79262419813541518
vt 0.59251120113737465 0.79860066109812577
vt 0.58830742813907722 0.78563848359545441
vt 0.58897874518521753 0.82027005232206418
vt 0.58787323493980459 0.80934834089269392
vt 0.58008754675436536 0.79986420045030304
vt 0.58681588679144603 0.79951130608320364
vt 0.58017419849310048 0.79179108948067156
vt 0.57812126807569708 0.78493423917261629
vt 0.58573338474187042 0.79226446160551678
vt 0.58376039080693121 0.78546961944346683
vt 0.90721306784281797 0.58024429583398074
vt 0.90823375471502887 0.58325030909317532
vt 0.90992258458680064 0.58448049222993148
vt 0.91816583809796104 0.57980147640206703
vt 0.91965643718668166 0.58186607902557097
vt 0.91936015226182377 0.58109249818776354
vt 0.92675516620361564 0.58140643487621213
vt 0.92814754819093193 0.58272372508362014
vt 0.92918320052984649 0.58002461161694685
vt 0.93017897528079119 0.58135762982763095
vt 0.93279879094924545 0.57998144870175927
vt 0.94231186815989354 0.57502685397701014
vt 0.92958039984736218 0.54736274866466594
vt 0.9281194879539465 0.54709994577598908
vt 0.92627922148504926 0.54720240188938463
vt 0.92489007352921981 0.54213801589308686
vt 0.91838704741023869 0.55127028662576105
vt 0.91778861365094178 0.55644042479716427
vt 0.91787072137434345 0.56116610231941166
vt 0.91883943094947496 0.56543104322541349
vt 0.93175771627357162 0.57849076735238225
vt 0.93004590574872281 0.57722247728567566
vt 0.88065958342269712 0.55882660387489003
vt 0.88116531692081668 0.56234468479026944
vt 0.88208132383574933 0.56571321034849142
vt 0.88337958467174071 0.56965384951710452
vt 0.88224551495811676 0.57507150387826877
vt 0.88394871495040384 0.5724029783662371
vt 0.88356425206808997 0.55831508942604058
vt 0.88408062277387534 0.56200628651910811
vt 0.88475711347908848 0.56513454040696531
vt 0.88563955863662547 0.56928042260325273
vt 0.88622235300863761 0.57189448180506031
vt 0.88631766219168473 0.57380384419567132
vt 0.8902971410778785 0.55579285752528207
vt 0.88644962148015427 0.5584493220096941
vt 0.88671134889975312 0.56246593338778195
vt 0.88710228081444109 0.56594010646219473
vt 0.88838258351443111 0.56948773335707825
vt 0.88922439685597165 0.57244465817228218
vt 0.88914736210959522 0.57503149533320885
vt 0.89380064998138997 0.5625130054626245
vt 0.890019665983942 0.55977931351659105
vt 0.88986997579608496 0.56383019730998984
vt 0.89054817931595565 0.56723807560126271
vt 0.89353194055336582 0.57897451826554303
vt 0.89881089550022686 0.56416530141837773
vt 0.89677211348410468 0.56467350610080402
vt 0.89388541645084407 0.56593234354283306
vt 0.89427083534255103 0.5689926978816261
vt 0.89422492639898565 0.57125181812855153
vt 0.89447854494115853 0.57674257029925602
vt 0.89436956679383406 0.57396292886709999
vt 0.90071673992388035 0.56672033524604171
vt 0.89677911562354651 0.57189745758552923
vt 0.89706469730558169 0.56999567006337626
vt 0.89156827011677153 0.57041706508641743
vt 0.89277405566981238 0.5737005183107361
vt 0.89157653103669665 0.5733051482310545
vt 0.89258977172721277 0.5762345423234676
vt 0.89168721130298445 0.57839308173415171
vt 0.88992906408851735 0.57782487425825757
vt 0.89114764607807939 0.57584820775902201
vt 0.92831109805352663 0.56726564141255209
vt 0.92745260269463403 0.55707872145566295
vt 0.92674489813805472 0.56065931039921912
vt 0.92783859586586148 0.56331549445822882
vt 0.92908442396397783 0.56664527089096539
vt 0.93174319438154873 0.56969933358452185
vt 0.93281017576910619 0.57062320750996298
vt 0.92394915221199247 0.54859602255168349
vt 0.92840836343864053 0.54951240970078274
vt 0.92257232029005531 0.55198016813704953
vt 0.92162623407496025 0.556166975733563
vt 0.92072769442364133 0.56087008707970465
vt 0.92210019226290485 0.56450644318224119
vt 0.92618046323200431 0.56786446994126494
vt 0.92432577785114711 0.56826448746360114
vt 0.93277493189129679 0.57587469707333683
vt 0.93795953188296177 0.55813857226384389
vt 0.93376250223526658 0.55267241177988979
vt 0.93606010373701898 0.55521956337966649
vt 0.93070601734369796 0.55039934255714917
vt 0.93236731110826865 0.55193570062038499
vt 0.92418272517419142 0.55304722358278235
vt 0.92673448966606164 0.55681914373714814
vt 0.92352678591715132 0.5566559800007721
vt 0.92624176730758523 0.56038450290766839
vt 0.92680191607958085 0.56324568054258317
vt 0.92417941686991378 0.56383371270449401
vt 0.9233312795283739 0.56091953209587475
vt 0.93575061922607961 0.56853249773495163
vt 0.93585563143492456 0.55915780406403226
vt 0.9362256540915086 0.55852306485068182
vt 0.93372555767333543 0.55640919108271158
vt 0.93460351934167252 0.55590807475157866
vt 0.9318099605934056 0.55473271895986442
vt 0.93235983295862335 0.55358984500501474
vt 0.92985550742550604 0.55359145616022765
vt 0.93037481770376196 0.55229810034086879
vt 0.88515963628347372 0.57637790000932665
vt 0.88805026588315494 0.57732947855364702
vt 0.90726665441708787 0.53475451061635171
vt 0.59110911789406384 0.83111254379513255
vt 0.59367071961317341 0.84111275023986121
vt 0.59421557522397539 0.8510132816021152
vt 0.60336103160901511 0.84523569617131855
vt 0.60340988630470715 0.85487909506789661
vt 0.95036680069746349 0.56436658003034657
vt 0.94556003298618152 0.55526111363595887
vt 0.94816698880379457 0.5596893313165755
vt 0.91494338297450872 0.58168054248719792
vt 0.9171716826301427 0.58044441791002299
vt 0.9162046301805592 0.58240864356806732
vt 0.91794965107636806 0.58167959535219071
vt 0.91673512647179889 0.58359972554893846
vt 0.91872623954575339 0.58248492532837881
vt 0.91725993734783939 0.58519059778992011
vt 0.95062805442568221 0.56844117138863848
vt 0.95087912745280945 0.57062944402537452
vt 0.94827502059299185 0.57192320982840783
vt 0.97716875446984686 0.53771900540218986
vt 0.97268737344963274 0.54445771994862635
vt 0.95952747711742647 0.53181655259670979
vt 0.96728477905481836 0.53397574358689281
vt 0.96509522541583193 0.53780180851070569
vt 0.91938301208010953 0.58379174628373298
vt 0.90575585021836491 0.56957214305849502
vt 0.90986482543652925 0.56941715766236167
vt 0.91476203297286651 0.56628803396007643
vt 0.87009438563993591 0.56937380725347486
vt 0.87463847002786288 0.57101467668577122
vt 0.92441714308852663 0.58283922209898364
vt 0.92619458517762354 0.58386756003123075
vt 0.92436877843661525 0.58486303479832924
vt 0.92014448102690571 0.58279596894949637
vt 0.9207846369697763 0.58194433443504823
vt 0.92030690679402627 0.5869358905099995
vt 0.90767288780859434 0.58555598868529535
vt 0.90927115798269464 0.58664812035527025
vt 0.90672124328759862 0.58717889081762942
vt 0.92138443030243455 0.58313914592757243
vt 0.9207359218519966 0.56918793807080159
vt 0.8985439902943323 0.54715534544530475
vt 0.9023149524231947 0.53717009224237133
vt 0.90243249547455462 0.54634140253294539
vt 0.91218858595301922 0.57614182891686105
vt 0.91186885884173263 0.5735552111349651
vt 0.90803888944408939 0.57370491912890564
vt 0.90676885070812097 0.57081857325140517
vt 0.90371548181710759 0.56975651290448026
vt 0.91141446561867068 0.56621229579367316
vt 0.90843945215936395 0.56599438956194825
vt 0.90161583908472376 0.55062865564050367
vt 0.90638966856340797 0.5487111388882514
vt 0.9062159345421732 0.55382167051413267
vt 0.91026911312906789 0.56262077738401339
vt 0.90696823302650131 0.56294919294690204
vt 0.9066053993471036 0.55844926833799591
vt 0.90962209581869913 0.55798618360091257
vt 0.90013634884411808 0.57179968374598067
vt 0.89934903839635338 0.57314431015082412
vt 0.90101914112419945 0.57395227247641434
vt 0.89967591029684346 0.57539709066890077
vt 0.89677708275864443 0.57437336837112529
vt 0.89843988016241616 0.5747640748974876
vt 0.89603907574098385 0.57681627888353149
vt 0.89760815352814038 0.57716300397236064
vt 0.89497544465199352 0.57930940837688816
vt 0.89611897503192883 0.57954554860686069
vt 0.89807801934804754 0.56844255198183391
vt 0.89955452065319597 0.56736005032427317
vt 0.91853203348533397 0.58786283739409284
vt 0.91793749361187305 0.58636042108006214
vt 0.91973520831275624 0.58453194072340009
vt 0.91998543602676719 0.5858415331061142
vt 0.91050229919953918 0.58842352243671225
vt 0.92470268049503479 0.57708801354872719
vt 0.92290719553680467 0.58393043576667669
vt 0.92323291784194006 0.58549968761047388
vt 0.92217213131494646 0.5861760672654196
vt 0.92189604958593108 0.58479002138163427
vt 0.92703321296553565 0.57567076572365028
vt 0.92382225792279249 0.57349603432305574
vt 0.92999016445733762 0.57402225881844515
vt 0.92719540510662124 0.57194068703676804
vt 0.92953571698118587 0.57099840017286385
vt 0.93514207596422172 0.57453952337315173
vt 0.91183013140006963 0.58236820813610302
vt 0.90987162310650849 0.58260994793405763
vt 0.91195489606073132 0.58115035104888779
vt 0.91191540329149068 0.57797577755279961
vt 0.91790140704299228 0.58873089463533401
vt 0.91315874279808662 0.5822079722073068
vt 0.91285642562036162 0.58371582129945754
vt 0.91381947688860254 0.58261437437877961
vt 0.91228448515629224 0.5874702533141023
vt 0.91285188678792439 0.58555154468996784
vt 0.91387202326162487 0.58329846928155049
vt 0.91410164090813195 0.58414231591799748
vt 0.91453120213278005 0.58363389755825812
vt 0.91567759736190335 0.58471234037596398
vt 0.91684545027947328 0.58557228476129974
vt 0.91748780131867802 0.58724448360599235
vt 0.91327202049796197 0.58407829377916753
vt 0.91391809647010536 0.58468202262268765
vt 0.93691741752293722 0.57322600031043525
vt 0.93811492513898054 0.5722377475820789
vt 0.94027528885008749 0.57381676438204121
vt 0.93826584581447781 0.57491088601799356
vt 0.90962996461101731 0.57932512778774714
vt 0.90642970283538082 0.57729079107191572
vt 0.90553028664191659 0.57474700255032674
vt 0.9086751378784923 0.57562194547096679
vt 0.89749895969436544 0.57987710069172149
vt 0.89901509891046927 0.57752793881482589
vt 0.90653286327823968 0.58213897301027961
vt 0.9068522472849041 0.58507693823628037
vt 0.90227337143987008 0.57302157401197673
vt 0.93452799041482015 0.57715403865032244
vt 0.93670605186831501 0.57573817946889327
vt 0.93846788896909827 0.57707609359471934
vt 0.93568567257686985 0.57844575215753891
vt 0.93368730090257823 0.56961481131383818
vt 0.89838684471240438 0.53943009154128463
vt 0.93687872230924929 0.56520551683459974
vt 0.93761693118763767 0.56233417192497381
vt 0.93658161666362771 0.5622563280131504
vt 0.93557015478600691 0.55981836989182343
vt 0.9330649266783817 0.55667035971231549
vt 0.93243674415570954 0.55766355128407852
vt 0.93145223676692079 0.55523862721277351
vt 0.93121408812825546 0.55611688190957032
vt 0.93022459938031554 0.55450808743361446
vt 0.92845874593887556 0.55264278194038208
vt 0.92699210903332052 0.54953709360084657
vt 0.92752374330377552 0.55286333342068716
vt 0.92743180187352747 0.55449816873466995
vt 0.92551620798602097 0.5510414554113735
vt 0.90441656415854343 0.5718251415961515
vt 0.90293015257787357 0.5700551181833039
vt 0.9013098650930027 0.57081424405234527
vt 0.91560016653697629 0.57042103328436167
vt 0.91688706269582021 0.57037806306856131
vt 0.89664530230447559 0.56143006625093717
vt 0.89441619581537646 0.55859936848538105
vt 0.90144960222710879 0.55553383155501601
vt 0.90181703436770544 0.55962890817635147
vt 0.89860048295675266 0.56055977382326005
vt 0.89790549593190239 0.55695821706667525
vt 0.92873490371872724 0.55514417969968577
vt 0.9299607844284612 0.55519370349612518
vt 0.93039632740529854 0.55629906955302855
vt 0.93867524575558736 0.56219127424824278
vt 0.94037142598756684 0.56200776188430179
vt 0.92905091064992984 0.54215139149155878
vt 0.93172827349065357 0.54355414594652629
vt 0.93111973289106642 0.54477199082381622
vt 0.9464606032255336 0.57274723573993969
vt 0.94778522237891394 0.57003623929282454
vt 0.94785330715153571 0.56543842737920536
vt 0.94611878864531784 0.5604780597994321
vt 0.94442782804866598 0.55586972632714737
vt 0.94256905850421779 0.55125295372165206
vt 0.93904953486740883 0.54839479255098544
vt 0.93685009239235306 0.54628806641417049
vt 0.93441893045645552 0.54472536808844441
vt 0.93120832292115974 0.54803506695027004
vt 0.93340699945000971 0.55001252983514282
vt 0.93505052923469678 0.55141995194185567
vt 0.91128814444113682 0.5860986423487623
vt 0.9121544492171485 0.58461607390899217
vt 0.92427328410159115 0.58025674164211238
vt 0.92296665918719778 0.57822231131118129
vt 0.92053611598526153 0.57475567855258813
vt 0.91531951717667548 0.57798031805135885
vt 0.91527334017199091 0.57547655100202466
vt 0.91777072015356265 0.57562782620291297
vt 0.91550197178310189 0.57926642807750306
vt 0.91355398805656196 0.58059896157076396
vt 0.91758942203264382 0.57871325045739375
vt 0.91946335915425648 0.5790899195060224
vt 0.92191466291153501 0.58143654010796009
vt 0.92106419549543339 0.58049277630141694
vt 0.91212930652469981 0.58301337516471086
vt 0.91246796155735077 0.58177942721821596
vt 0.94418326329068569 0.57388220693373426
vt 0.94091281181253161 0.5653732821223787
vt 0.94019959615112347 0.56877383937621739
vt 0.93980711877274381 0.57140334728165931
vt 0.94218242971757582 0.57240926058004249
vt 0.94148812539840709 0.56923133600309805
vt 0.93881581131073133 0.56603637762154635
vt 0.93516777422782904 0.57050110943134358
vt 0.93312998383308154 0.572430582155252
vt 0.93456821889551722 0.57113011199223795
vt 0.93762913645750379 0.56620739299710043
vt 0.93815378531327676 0.56222629733541463
vt 0.93887869350751507 0.57068573704605785
vt 0.93630749125773316 0.56898858531556906
vt 0.93784528433460268 0.56698499209664099
vt 0.58016225765244422 0.82294781101285175
vt 0.57949621032579235 0.81190394126238696
vt 0.58309825115609371 0.83412315598647191
vt 0.58823275656549678 0.84458927872345912
vt 0.57803721121565177 0.84403374308532286
vt 0.58295017675490834 0.85002402335954119
vt 0.56857298762088782 0.79996346830717624
vt 0.91882381516583367 0.52983961685867442
vt 0.91977093077130767 0.53841468677818605
vt 0.9212309828670896 0.54356375957976821
vt 0.91826607141488825 0.54573388891933372
vt 0.91652051205434792 0.53970371824462771
vt 0.93863091552390798 0.52442298809508203
vt 0.9286959341914387 0.5269832146716722
vt 0.93039955976149213 0.51664787222004804
vt 0.87872261105826022 0.56694013262424103
vt 0.8810002132167013 0.5705100735978752
vt 0.87686744753927204 0.56820337126390053
vt 0.91190736548818918 0.53268957066596534
vt 0.91532823998848578 0.53115320411523059
vt 0.90146850435578774 0.5308424405390586
vt 0.87039381261495696 0.56337905307615921
vt 0.86887990049556629 0.56477956262547147
vt 0.88705531606821109 0.5515482206097394
vt 0.88665789695401176 0.55486258288212897
vt 0.88328654586575539 0.55112763325948411
vt 0.88310306420064522 0.55471545260376032
vt 0.88017089381412772 0.55127607642555154
vt 0.87999741231928696 0.55519127610125973
vt 0.87506343224695626 0.55270574672589878
vt 0.8740066596515278 0.55717298179342101
vt 0.86633842374891579 0.56834651138676828
vt 0.86874537885838066 0.56052574566591951
vt 0.57248133131598478 0.79320731976540348
vt 0.57230653261585429 0.78914887654740562
vt 0.8817168000832355 0.54655821177704877
vt 0.87860238706524252 0.54681229066528814
vt 0.88362295591489393 0.53949447462697531
vt 0.89691022718555435 0.53328088430442022
vt 0.89332573864050457 0.53632513654454117
vt 0.89525050581293464 0.5412269687335719
vt 0.89266920433057817 0.54333412206294684
vt 0.89122674193540052 0.53939280740173179
vt 0.88673865765136684 0.54133526164002777
vt 0.88503203134688579 0.54024384049778984
vt 0.88892382037087903 0.53773687418011684
vt 0.88722614305611092 0.53684242998797793
vt 0.89169122775383169 0.53399118795567191
vt 0.89017598415508448 0.5328844432949108
vt 0.89514588657256389 0.53146154455849171
vt 0.89405614811070111 0.53001608632888875
vt 0.91020992024344605 0.54741381423342694
vt 0.91285805405908682 0.54118244371192159
vt 0.91397552021150197 0.54635645757898499
vt 0.90095713600131444 0.52899547201696973
vt 0.89787349606320188 0.52807737845175529
vt 0.89897101845846261 0.52692592766759616
vt 0.91338283937955866 0.5264834775441577
vt 0.91062818413229185 0.52770422873538092
vt 0.90632496469895041 0.52890844895148681
vt 0.90082980347084851 0.52738004716945408
vt 0.90413369401921484 0.52753026628205146
vt 0.91288273783045615 0.52483744652041853
vt 0.91063820937574302 0.5261742975943845
vt 0.90719971627094242 0.52713097037704293
vt 0.9143932995578844 0.52303321313374385
vt 0.9165813302843514 0.52162411007226395
vt 0.91831903777225365 0.523689570465391
vt 0.91517509157791299 0.5255578598081394
vt 0.92208630174829254 0.52170187833695303
vt 0.92066903671819955 0.51959539334184512
vt 0.57124056202171558 0.83870999454641182
vt 0.57466424265939531 0.84026287262012678
vt 0.5769423250720801 0.83646309544054132
vt 0.57259107354000494 0.83217585873067768
vt 0.57655344867153557 0.83212847942584578
vt 0.56806622969574061 0.81084494959931863
vt 0.56667275964691677 0.80826596577373444
vt 0.56912833709753585 0.80709416413959989
vt 0.57175001482122023 0.81082552655699569
vt 0.57283767061531554 0.81437200956498923
vt 0.57034926720941348 0.81634548997665812
vt 0.56928072696629106 0.81339901914962109
vt 0.5754315091756248 0.82747267138701741
vt 0.5727829112421573 0.82854155231240278
vt 0.57433187443620137 0.81964089908613458
vt 0.57475528969382672 0.82379146724499352
vt 0.57251170806027007 0.82414074212063571
vt 0.57168923436359764 0.82096684063914405
vt 0.92606371017797762 0.51697024869895725
vt 0.92440368271603957 0.51950437592318344
vt 0.92295773195927056 0.51790419400334586
vt 0.92412036037249945 0.51642692007738034
vt 0.94574722047432824 0.57015485053265236
vt 0.94413087504354631 0.5611875493981866
vt 0.94556920008714473 0.56575305659746988
vt 0.94252306851117917 0.55675216467681277
vt 0.93612932299342222 0.55063238533898484
vt 0.93813347576106754 0.55389189053650389
vt 0.93969323772500912 0.55785313249430013
vt 0.94167518765465152 0.56185156151639559
vt 0.94226098965238025 0.56564084269879245
vt 0.94479682486512606 0.57081265712188622
vt 0.93469354656313397 0.54833715895652702
vt 0.93263016816221944 0.54656374948880992
vt 0.94498187955184798 0.56957770224295012
vt 0.94408235991045186 0.56569317555560195
vt 0.94292801727815645 0.56155969211455548
vt 0.94161021629826014 0.55713980727181334
vt 0.94258175737524974 0.56963283746933635
vt 0.93725945517676312 0.54979533354451704
vt 0.93993984833213595 0.55282815351851011
vt 0.89788358492172371 0.5803617109830006
vt 0.90269191477280042 0.57458334074772899
vt 0.89982169517069532 0.57829366559888085
vt 0.90134768418341116 0.57617517802537721
vt 0.90506527867852338 0.57615345302446619
vt 0.90585484376866277 0.58659838241359985
vt 0.90359526919306088 0.57307936624811784
vt 0.89855633456631256 0.58438041898682447
vt 0.90051553815250807 0.58553912975776812
vt 0.89749327311801275 0.58375745555367076
vt 0.89973105536840892 0.58506512813839517
vt 0.89930647069986835 0.5848279411092584
vt 0.90321007996449254 0.58680302104979787
vt 0.90149090541425803 0.58590261672898758
vt 0.94699400361305708 0.57461806552738537
vt 0.95164494025860591 0.57241787406765798
vt 0.94882948048617111 0.57376776231215076
vt 0.91961714671395478 0.59007296350791549
vt 0.87746081684913824 0.57485873895220341
vt 0.88120595478686481 0.57680037381895899
vt 0.88905209532272667 0.57998974936662095
vt 0.62692520827508602 0.8299883963893564
vt 0.62257290421283218 0.81742703779904069
vt 0.61921174659397027 0.80783921926813806
vt 0.61613179918339922 0.79928733724770151
vt 0.61313043428400082 0.79103370855359079
vt 0.61098725945043109 0.78550418134675259
vt 0.60706053045798891 0.77836563657685109
vt 0.98798658342361845 0.53143406223837908
vt 0.63914400715915765 0.86529920194246934
vt 0.63488797947318865 0.85299768372925566
vt 0.6290483841940806 0.83607602184607843
vt 0.95597200832609996 0.56984125642291394
vt 0.96214296755813589 0.565504504658211
vt 0.96807400604258265 0.56061738525024096
vt 0.97299669868893091 0.55582678609509362
vt 0.9451331624643301 0.57546538973536254
vt 0.94315215001263353 0.57630593920610529
vt 0.93361621475976553 0.58113025510508398
vt 0.9313756524130602 0.58245284212840698
vt 0.92909257291500424 0.5839827696560852
vt 0.92724205107265667 0.5852101965947305
vt 0.92575720016614627 0.58609956602792068
vt 0.98359697764866594 0.54104907337566999
vt 0.97881292473859549 0.54863485963244329
vt 0.89535247678163032 0.58259873809288532
vt 0.94088062678947215 0.5772986441231005
vt 0.89219313128858579 0.58133463015742504
vt 0.89072747442169053 0.58067997898066337
vt 0.88678140865345567 0.57919276388979402
vt 0.88361875878493124 0.57813792829186972
vt 0.87352129552186397 0.57308020973238516
vt 0.86908582449582683 0.57141945719903542
vt 0.92139977887329461 0.58894007150921235
vt 0.90779044904168804 0.58931348516000659
vt 0.90553547610179386 0.58809436147137462
vt 0.89429211093911787 0.58201350287496534
vt 0.9089302899665842 0.59000182516485988
vt 0.92418904401253121 0.58716147649659911
vt 0.92310764093443332 0.5878674140463126
vt 0.9186695013061531 0.59067539036764261
vt 0.93916020043358583 0.57813538041997137
vt 0.9364015134382756 0.57956456397704048
vt 0.86490400780481003 0.57024597709327085
vt 0.89634918192644064 0.58313529064426717
vt 0.90455564249641707 0.5875861667509622
vt 0.30769688668566147 0.55244349377167223
vt 0.30849932716417022 0.55561929175898628
vt 0.30937354575154796 0.55956760312448872
vt 0.30984976837401534 0.56342931660195927
vt 0.80166663435822916 0.24250395954774376
vt 0.80399017049615118 0.24187251512890898
vt 0.80642087348174818 0.2411913654121445
vt 0.8094629016483843 0.24001765795778196
vt 0.88424930047625883 0.22440398899620906
vt 0.87491768640141609 0.19894559809672871
vt 0.26619676932602659 0.56214083459964637
vt 0.28803996062690218 0.54939119254705604
vt 0.30585713947920923 0.55019188427986687
vt 0.30714860678540568 0.55068533769743344
vt 0.30644078522163115 0.548604754351253
vt 0.29359692394799486 0.59715054277780211
vt 0.30066107806980541 0.60498779323001128
vt 0.29676476875368402 0.59475273515681804
vt 0.30395617833933697 0.60215971996585183
vt 0.802592301620356 0.24940318808137768
vt 0.80490236795106251 0.24889039291147214
vt 0.80733033003941101 0.24829795607677721
vt 0.81074323030001372 0.24699595718687109
vt 0.30654258143890784 0.61080499450896408
vt 0.30915784545577146 0.60745890936671898
vt 0.86250371657192648 0.2376029376127376
vt 0.87189065432978519 0.22949786635523498
vt 0.87599416946235531 0.22476561182422664
vt 0.87710825005006321 0.2257287505452347
vt 0.87986120965777403 0.22174179555174373
vt 0.88073326952660247 0.22254893062954734
vt 0.88256305527638634 0.21932582907452239
vt 0.30139447995866298 0.59069061835884562
vt 0.30687578189223746 0.59997559353325081
vt 0.31164263426772559 0.60473475729100934
vt 0.3083843507311867 0.58938205997087478
vt 0.31212902493664829 0.59650884803778215
vt 0.31704423476708093 0.5999664404774826
vt 0.31398803022208843 0.58685605162991561
vt 0.31665914358604419 0.59313164927039885
vt 0.32107776975080377 0.59692578207395508
vt 0.31724625710656357 0.58537603576925268
vt 0.32143804208772958 0.58908466202033682
vt 0.32485783963701631 0.59376592430318775
vt 0.32031363677853669 0.58265498061727883
vt 0.32447414620246806 0.58684235414954333
vt 0.32772503502164574 0.59103899672809834
vt 0.82860204999581544 0.24688478268348948
vt 0.83187740497993068 0.2512097569235836
vt 0.83424879859862189 0.25609961401511688
vt 0.83003958770851827 0.24501541327988052
vt 0.83453897280630474 0.24942462835825627
vt 0.83690917553067667 0.25500423126295235
vt 0.8331256595394313 0.23940356882066419
vt 0.838866648599778 0.2464322858318255
vt 0.8412920062689786 0.25324173361526564
vt 0.84192833603803552 0.23252788640227323
vt 0.84637546746034731 0.24305380703223095
vt 0.84801465032434509 0.25144324116797895
vt 0.8509977626846229 0.22702657153190126
vt 0.85453246528532401 0.24135824042826737
vt 0.85454689671935857 0.2507912356998942
vt 0.85956829765115417 0.24071766201861655
vt 0.80058519642523551 0.24466196768239717
vt 0.80011893760284725 0.24629505233386007
vt 0.80067362482002546 0.24781813700633765
vt 0.80359099491944297 0.24380623103959126
vt 0.80341573629957463 0.24555095253434064
vt 0.80381060494800072 0.24731177274978772
vt 0.80629086853847742 0.24272420440708223
vt 0.80639963214604538 0.24450940470134963
vt 0.8066446823800697 0.24661727424567698
vt 0.80923082437205707 0.24165452032324788
vt 0.80938631466451705 0.24345182357696019
vt 0.80966432675137601 0.24536153958135834
vt 0.82574118573856015 0.20256203920631471
vt 0.82501460259355719 0.20798043305715802
vt 0.82438601486147645 0.21284419570209856
vt 0.82470448571728716 0.21628472555152886
vt 0.28954695949977349 0.55066836253470819
vt 0.29276249529923803 0.5553490905225672
vt 0.29552637792965986 0.56031015452672961
vt 0.29703248560165174 0.5634184872369743
vt 0.29799088701016041 0.56602664933023716
vt 0.28831666237364617 0.55133474557791573
vt 0.28685625679643961 0.5509060769780284
vt 0.29023188043507325 0.55572331887628745
vt 0.28705965490691021 0.55494300496275928
vt 0.29261641493086432 0.55981284664673958
vt 0.28901897423028655 0.55923628534615832
vt 0.29471126207607784 0.56336419115541936
vt 0.29165122580924369 0.56329532779361347
vt 0.2955590730771086 0.56629124046345791
vt 0.81446584707901348 0.24593745429424674
vt 0.26557407181313131 0.56024472524777846
vt 0.8265483971037807 0.21515355466761696
vt 0.83067791774359689 0.21680793414841076
vt 0.26814305563367746 0.56156133579140366
vt 0.26809239430775461 0.56333567388268324
vt 0.27166311505021579 0.56341846597755174
vt 0.27148778556285225 0.56569295535239994
vt 0.27560535184499013 0.56753547846578312
vt 0.27547660328226814 0.57044643991248389
vt 0.27930828191613072 0.5711246095204261
vt 0.27851673190274867 0.57381196925918376
vt 0.28264125533977635 0.57413561612055819
vt 0.28120888639614522 0.57647111061826939
vt 0.87527168735226857 0.19693059675923036
vt 0.26436264133197557 0.58603033115817149
vt 0.87696233886343011 0.19988695851897006
vt 0.86478890496502636 0.20443154654693274
vt 0.86111619061259337 0.20549840047348619
vt 0.87503564929166111 0.20047274842441584
vt 0.87266133024032677 0.19945017452185052
vt 0.87321064516375946 0.19783881641786866
vt 0.87122236449233936 0.20185828464131303
vt 0.86888974563369137 0.19997070104130341
vt 0.86894617319657441 0.19735828411170447
vt 0.86744229517040661 0.20221857863532766
vt 0.86473856923368975 0.20040865880349279
vt 0.86346202445760245 0.20274259609714526
vt 0.86052964336803039 0.20113417950583734
vt 0.85933762185667206 0.20365828301237957
vt 0.85729089148396631 0.20175491405642926
vt 0.81646438709052938 0.22799356776295759
vt 0.87684101111215262 0.19771853804177586
vt 0.87746681627918832 0.1989630996806282
vt 0.88793674926148525 0.20770461355488934
vt 0.88986476652976287 0.21621394127141283
vt 0.86183348853497987 0.20815204234058879
vt 0.26684231317029367 0.56445310057106535
vt 0.26516451028537252 0.56356368346095143
vt 0.26408337304605223 0.5625537842181636
vt 0.26938406154461975 0.56745468186210901
vt 0.26656342749589268 0.5673692220039499
vt 0.26274487103666477 0.56535530614387319
vt 0.27321918217983271 0.57090954683704298
vt 0.26981189726277549 0.57149330698847256
vt 0.26654851413590541 0.57119421953687488
vt 0.27663721090511179 0.57466674304439569
vt 0.27391346550825879 0.5760149417508249
vt 0.27942491038210993 0.57802495517901842
vt 0.83236478815932213 0.21338944085585523
vt 0.28593091655490233 0.54991831638080302
vt 0.2845853540996664 0.54861066877175879
vt 0.28421948532656993 0.55217766676647684
vt 0.82790228920764208 0.20550761989909858
vt 0.82713248687598828 0.21201147668112089
vt 0.83086420863831356 0.21464517380866385
vt 0.82724551747177477 0.21535132924949626
vt 0.86586885993305363 0.25727915591839073
vt 0.87824192125298184 0.22669401524952296
vt 0.87961282387267525 0.22876533848157909
vt 0.88133720770975688 0.22377729671733915
vt 0.29936507677120039 0.56986321345455326
vt 0.30197249722492392 0.57894310216742773
vt 0.30365802201193404 0.58347414505999073
vt 0.86158496978287924 0.22416264933544994
vt 0.86009211081836856 0.22891015214374166
vt 0.86259174380244541 0.22575344124325508
vt 0.86220625284774655 0.2300582305076545
vt 0.8638637640985708 0.22766798701629587
vt 0.86543996328984374 0.23036807255059968
vt 0.86711631044679316 0.22697471925552598
vt 0.86807434095652347 0.22947439988282195
vt 0.86937802716715995 0.22456998413461002
vt 0.87093918935885761 0.2274774834288637
vt 0.8723444935909046 0.22132243678355445
vt 0.87465166659127813 0.22351315596700699
vt 0.87675637820084751 0.21870816017132569
vt 0.87845781599516171 0.22070771544392129
vt 0.87969645744978364 0.21715659486551872
vt 0.88156196112263197 0.21890445808005984
vt 0.87610111140660729 0.25020574909083698
vt 0.87238530205204923 0.25885333352955159
vt 0.8732271301043989 0.24988886397256649
vt 0.87320793410030817 0.24420414471952509
vt 0.87213206334775928 0.24091566688340527
vt 0.8728840713622299 0.23826600048001972
vt 0.87983617135745129 0.23103759705842472
vt 0.88056411119049049 0.23429580238879363
vt 0.88206150011697815 0.22836507618778593
vt 0.87362706333884188 0.21719366977471405
vt 0.88371269664582031 0.22787800780596298
vt 0.87742275540049519 0.21643329533906228
vt 0.29642951658870365 0.5697272748848804
vt 0.29826243600628827 0.57821388964862119
vt 0.82537293846144666 0.22019514585958125
vt 0.82598522745195657 0.22913612993957283
vt 0.83626277865355303 0.21201545354516188
vt 0.84366088775650161 0.21469112751195985
vt 0.2842006285115149 0.5794809763481793
vt 0.29027366222180828 0.58450891820884809
vt 0.29306559392765175 0.58906165556993439
vt 0.28560362073910517 0.57703802628559209
vt 0.29195425766116045 0.58159607625206355
vt 0.29808870356791189 0.58539957002937448
vt 0.85391995950842248 0.20282412099094296
vt 0.84733116314974022 0.20450634897421383
vt 0.85722243264717224 0.20760898231775463
vt 0.85524083710872811 0.20538422359673675
vt 0.8495189617779888 0.21215255138346578
vt 0.84858844871833394 0.20856797598298429
vt 0.84675160752659007 0.21307361663731733
vt 0.88286936960257301 0.23948292777254135
vt 0.8567153620662793 0.22408807010986487
vt 0.85830664821498748 0.21012374064840914
vt 0.85039497989631374 0.21471473041389744
vt 0.8553032630394507 0.21977454845981712
vt 0.81308309475907536 0.2423058190179628
vt 0.81330230734472875 0.24392724556324247
vt 0.82169275419571652 0.23957427587327207
vt 0.82189072684699938 0.24198912222811672
vt 0.82586127787012298 0.24029421649200638
vt 0.82519883109541625 0.24338140718681125
vt 0.83100159818222219 0.21729554994735772
vt 0.82775915473569295 0.21876036893678916
vt 0.83313805966995724 0.22523789183914722
vt 0.82909774390956614 0.22842272483523182
vt 0.83507619219174789 0.21445487717941866
vt 0.83329005411874435 0.21756215215980163
vt 0.84270542555819239 0.21732115044310824
vt 0.83902962916745627 0.22105926554554967
vt 0.84753344669489694 0.21863757475100187
vt 0.83829278894300396 0.22683080724421326
vt 0.81218806666383392 0.23536697421091518
vt 0.81274403744161261 0.23823053742657108
vt 0.81268229285108817 0.2400915934778676
vt 0.81808812546039933 0.23104883567309106
vt 0.81994139612454253 0.23403701558644771
vt 0.82086385890547375 0.23673987294657192
vt 0.822069204846538 0.23253809742674472
vt 0.82694938919138683 0.23450792952483465
vt 0.9338801411846086 0.72236060402495172
vt 0.93071500245690042 0.7230067887168462
vt 0.92692096243082234 0.72331040093512688
vt 0.92336850281122795 0.72363290407571612
vt 0.93487787829716984 0.72398418540406717
vt 0.93227875849153719 0.72488402553285669
vt 0.92913714736455932 0.72542454961066094
vt 0.92519809780627404 0.72578847932222557
vt 0.90401323647844645 0.7837316213680936
vt 0.94269270437831243 0.7666835353059861
vt 0.947048276008155 0.74020521630773695
vt 0.93682327518488162 0.72202709461663206
vt 0.93563287364492331 0.72156100112259491
vt 0.93847464151581284 0.72168737549742845
vt 0.93795816783743058 0.72032465515734667
vt 0.90130835258881781 0.75599145557425085
vt 0.89137981523130705 0.75232293778504788
vt 0.90205477038080362 0.75163149568002263
vt 0.89241552281123426 0.74783535918416999
vt 0.90276556659879881 0.74763031892889342
vt 0.89323991081763265 0.74313972182655919
vt 0.93722857197867304 0.71929624993842944
vt 0.93602527131259128 0.72029759780018177
vt 0.93441310896490337 0.71877031958767601
vt 0.93418520260857585 0.72064266102110885
vt 0.93234352526050457 0.7187172675309822
vt 0.9320373130367553 0.7208657694970636
vt 0.9301223668841303 0.7189519969666941
vt 0.92901699587128561 0.7210488197210384
vt 0.92659704439941482 0.71904491943015048
vt 0.92473395116843715 0.72144812097054989
vt 0.88365161473227083 0.74776972386906682
vt 0.8850392145029915 0.74338006782586852
vt 0.88600493992966756 0.73876292749161343
vt 0.90165711891005917 0.68017786814790193
vt 0.89440281717169345 0.68183202807718746
vt 0.90255142616290762 0.67808626926050453
vt 0.89651424267293722 0.67938702446559784
vt 0.90283895097664801 0.67638878551183335
vt 0.89851162953821651 0.67720864353423915
vt 0.90290706133915843 0.67361537201752908
vt 0.90071226659318215 0.67417491092996285
vt 0.90291116212803357 0.66852954901477202
vt 0.90135142798636758 0.66862150457414948
vt 0.90264946481921371 0.662253546457787
vt 0.90103954691760546 0.66204736135823827
vt 0.90293863720082834 0.65718320352459958
vt 0.90179685061916071 0.65693360529856937
vt 0.90407962578185419 0.65345109478746188
vt 0.90430069734629415 0.74182970766588963
vt 0.8934934614719362 0.73928636003206072
vt 0.88632081303254684 0.7350661196317374
vt 0.90247541378347407 0.73463527343022739
vt 0.89370708224323181 0.73333650367389702
vt 0.88578913746521393 0.72833866188635288
vt 0.90221668971115299 0.728368401023886
vt 0.89459319274853089 0.72833464282785798
vt 0.88583745804767677 0.72434619238210152
vt 0.9016455943404581 0.72470967198805036
vt 0.89397526610964029 0.72256673980666097
vt 0.88693021798300165 0.72068578689041352
vt 0.90250025265063483 0.72076357186922468
vt 0.8948098838754911 0.71926708472879131
vt 0.88835529982739259 0.71807277655629864
vt 0.90342773711225755 0.71816405752310997
vt 0.89717556494402328 0.71617038228732988
vt 0.88933669386818148 0.71586778481010771
vt 0.90364589770920978 0.7155667228812217
vt 0.8976483349345914 0.7137112113448365
vt 0.89146551451453782 0.71248653896398517
vt 0.90474097448017532 0.71320250693482856
vt 0.89850487049256378 0.71050098866485001
vt 0.89187719394354292 0.70977599785483558
vt 0.90803903610059933 0.70700822971384225
vt 0.89979566690987434 0.70502899865155233
vt 0.89234273086396088 0.70509599354221608
vt 0.91243155784625496 0.69638333097452509
vt 0.9009825371200203 0.69672567130381535
vt 0.89225323997970551 0.6981194065628008
vt 0.91482044603020007 0.68617416932031938
vt 0.90045943738336198 0.68867752708593322
vt 0.89106727641347006 0.69164264805458209
vt 0.89991453053784709 0.6838419117503296
vt 0.93831250805030586 0.71811945436854985
vt 0.93624881733855592 0.71422367649386653
vt 0.93640201733570494 0.71587903942792186
vt 0.93585996857554543 0.71724116016971007
vt 0.93292099828334862 0.71335256418390525
vt 0.93317262885386176 0.71508917371634673
vt 0.93300965584152651 0.71687306365827252
vt 0.92974491042168017 0.7131100452877086
vt 0.93005091219400782 0.71491431039897713
vt 0.93025429994313169 0.7170836896142061
vt 0.92650208859201888 0.71335910508952816
vt 0.92689073154636548 0.71517573423895664
vt 0.92715202428617205 0.71705807389983334
vt 0.94635066603528673 0.73887416672865736
vt 0.94536695428532369 0.73986947976044415
vt 0.94139681080782267 0.73724773198626359
vt 0.94020776055347655 0.73941386334832282
vt 0.93643964030897442 0.73662239816717168
vt 0.93470433465913016 0.73886658318752207
vt 0.93235475965100867 0.73638838671096141
vt 0.93134575144006215 0.73880395815401056
vt 0.9290287735205921 0.73609219527010628
vt 0.92866445368919215 0.73879844655929872
vt 0.94584970647219913 0.74124492926417773
vt 0.94734036676964051 0.74217636349816196
vt 0.94111748513368787 0.74185163654272868
vt 0.936328012864591 0.74126073846850271
vt 0.93225433677019331 0.74092667648654631
vt 0.92923191143185468 0.7411683851079065
vt 0.92239882101673087 0.71939689236817805
vt 0.91304930564724796 0.72026800547963876
vt 0.90901549976839169 0.71946319775658618
vt 0.94845571768150028 0.71532040374281158
vt 0.9465658240919741 0.71334119810042629
vt 0.94108593201741386 0.70938547251529316
vt 0.93492908158733945 0.70438877621851159
vt 0.93161513617879843 0.70144694497299465
vt 0.94223856135206729 0.76451695729501057
vt 0.9407770857285418 0.76543372285991307
vt 0.93936625912678928 0.76199499355217437
vt 0.93748922492726172 0.76294185754087451
vt 0.93457528225153286 0.75945472859033769
vt 0.93190679305561774 0.76034306933431162
vt 0.93016470175840049 0.75681392130991698
vt 0.92788499474616137 0.75832011484936301
vt 0.92639505638834885 0.75442942325816098
vt 0.92457765893552912 0.75651521044449677
vt 0.93601252577560057 0.77330170342726356
vt 0.9310683376364467 0.77170011201904587
vt 0.92690139301135233 0.76953936894777086
vt 0.9228493862347551 0.76778356264139624
vt 0.91923244823026951 0.76648881015925641
vt 0.93866653048379245 0.65354927283927655
vt 0.93775210705349366 0.65752913305219218
vt 0.93701751045065096 0.66233755396779781
vt 0.93622061392734834 0.66679251556392349
vt 0.9351231444647955 0.6704392919208555
vt 0.94008747131881498 0.65551784153981263
vt 0.93483345273135754 0.77125827467430907
vt 0.93967490404853604 0.66049328248766581
vt 0.93107250568887623 0.76884276958745379
vt 0.93885824660079065 0.66424270347588854
vt 0.92767209948799889 0.76701878934292278
vt 0.93788737010276857 0.66815587596079629
vt 0.92375546430870059 0.7650546900164118
vt 0.93700728717363213 0.67221081104260161
vt 0.91997945034622952 0.76355990581332689
vt 0.92067866967755696 0.72175266615784683
vt 0.91972500374360644 0.72423460878386048
vt 0.91183555613791911 0.72278986870182671
vt 0.91154816225127788 0.7256846734438569
vt 0.90816704439722351 0.72231705308718752
vt 0.90834277171944211 0.72618171504796858
vt 0.93754191788670915 0.65223954869617273
vt 0.93596930269669254 0.65463680369604205
vt 0.93466278531281222 0.66036544224814342
vt 0.93365482490735341 0.6663461993812565
vt 0.93243192563066335 0.66982957436012047
vt 0.94032688157129563 0.76718891310623483
vt 0.94200377876306252 0.7685649545336628
vt 0.93657117369586607 0.76555334167961031
vt 0.9375193581541349 0.76836567730380745
vt 0.93207499973334806 0.7626654510827513
vt 0.9325251513075079 0.76612135613392862
vt 0.92758558878917574 0.76036841816921819
vt 0.92705687825721761 0.76332323014156334
vt 0.92365647645843729 0.75866829548899317
vt 0.9339892696392208 0.69835333782664466
vt 0.9482330436782449 0.71487398160647175
vt 0.94631578488261547 0.71187479260457731
vt 0.94593468874227371 0.71482207228571815
vt 0.94052794804398632 0.71034998926919601
vt 0.93931919373792849 0.71330441855867599
vt 0.93474787433325379 0.70796120363630677
vt 0.93315287256022694 0.71114162941641179
vt 0.93181689167057924 0.70670913934812629
vt 0.93004152158435693 0.71005426633059576
vt 0.8899384039439624 0.68639437569180228
vt 0.89346160902930605 0.67962196746858095
vt 0.89600335775939743 0.67708130837404201
vt 0.89888106303628668 0.67399417442324405
vt 0.89973009579251162 0.66832734662852022
vt 0.89940020915914731 0.66180779990243055
vt 0.90034617674542239 0.65709017340122666
vt 0.92467917268915534 0.73872798861516864
vt 0.91510026276808998 0.73850781872718219
vt 0.9101311523757647 0.73733474346377514
vt 0.91393029501854606 0.67453151241716358
vt 0.91002457762049893 0.67823414261241244
vt 0.91228209408072569 0.6736370824216259
vt 0.90821387594668435 0.67663565143994342
vt 0.9098380197547653 0.67301039243187277
vt 0.90652123973213705 0.67404744106704717
vt 0.90844863550295052 0.67028269912447458
vt 0.90565103719998308 0.67141744511897095
vt 0.90801760932111653 0.66699934865138233
vt 0.90496918978265595 0.6678774905197834
vt 0.90780699658334829 0.66269808753790183
vt 0.90457620393647431 0.66246481719626926
vt 0.90724854476333827 0.65789313240069036
vt 0.90457847644167666 0.65777349931204732
vt 0.90709640713696627 0.65484515263095477
vt 0.90480715495372932 0.65410300693648804
vt 0.88897254054364494 0.75650297636687136
vt 0.88148262212885486 0.7525471435121337
vt 0.88726119249781543 0.75864425340745933
vt 0.88371533749000064 0.76362879998692357
vt 0.91672555478672357 0.6710939790831838
vt 0.88651254180155314 0.76807536078949057
vt 0.91457272839550541 0.67135133878121589
vt 0.89056914346753169 0.77152993054570496
vt 0.91165421646964784 0.67128914304206699
vt 0.89536553562862642 0.77544594949850276
vt 0.91007979372704095 0.66824107519644227
vt 0.89903972488456307 0.77893902922976965
vt 0.9107074562242069 0.66370073396612261
vt 0.90119059825641212 0.78139506142049875
vt 0.9102995796580855 0.65937225980945857
vt 0.90268325276099692 0.78142875342071438
vt 0.90885647469726605 0.65612513647337134
vt 0.92565867048061379 0.7414186211791477
vt 0.91689301992152894 0.74192277548603347
vt 0.92473274908703829 0.73596199784983818
vt 0.91460929472459307 0.73527776228937791
vt 0.92903401773755034 0.68901180764898384
vt 0.92096411087981389 0.7545773525756887
vt 0.91986404253931542 0.75699000537573891
vt 0.9140917429683536 0.75078759988795929
vt 0.9092814038410284 0.74925779973070461
vt 0.92273359846120007 0.752486195430631
vt 0.9161326249488726 0.74829796891765143
vt 0.91046734731526435 0.74333973460806702
vt 0.91613434299107921 0.76266204342057886
vt 0.90922815532205348 0.76092389228933011
vt 0.90685339309783997 0.75647756465722527
vt 0.93309462457935677 0.67444251255805376
vt 0.93538753384194329 0.67622751572974815
vt 0.92961637643439721 0.68256500612235538
vt 0.93319880383623399 0.68293739463587577
vt 0.92958799651960222 0.68567319654474046
vt 0.90035378508384645 0.76045450980742935
vt 0.90630296342017924 0.76045596677590932
vt 0.91543538986322659 0.67974351081915885
vt 0.92600959162122842 0.67237145511232366
vt 0.93050002898359552 0.67358468515584835
vt 0.92315300843494141 0.67771965530482725
vt 0.92705356622858115 0.68206783663303405
vt 0.92054075530962742 0.67969021266988172
vt 0.92307209022255299 0.71577387147978144
vt 0.92317874971536396 0.71731154942715325
vt 0.91421751584125344 0.71529616812048913
vt 0.91340501576978761 0.71762027161468367
vt 0.91094657335799312 0.71388558201716912
vt 0.90934427534961004 0.71697614274502797
vt 0.92921128117135909 0.70580360337541781
vt 0.92703711060674943 0.70875600719580201
vt 0.92201004977113821 0.70219081710359832
vt 0.91896178417922536 0.70556523130422477
vt 0.9317464709812181 0.69652479684681323
vt 0.92976790927920316 0.69949707161530816
vt 0.92679851167882021 0.69064179270057213
vt 0.92461633406493782 0.6954552034761583
vt 0.92408264312962363 0.68647521576963266
vt 0.91939613937545794 0.69780407471436945
vt 0.92122314662807747 0.72630544372093797
vt 0.923048440190676 0.71363688984736362
vt 0.91350588423403878 0.72812058916570022
vt 0.91563204998488035 0.71280949754307199
vt 0.90912094796921095 0.73088958784480507
vt 0.9136821543043161 0.70814549875840438
vt 0.057306320969825117 0.34736378221095698
vt 0.9090046257925839 0.07645244524715171
vt 0.90897163378680201 0.079209739168231527
vt 0.90934533039315302 0.083266863364604399
vt 0.90912151940584118 0.087905158548884504
vt 0.90691525484808988 0.099125776007415664
vt 0.92769912212375871 0.073663564968512132
vt 0.92640347181993665 0.078582294754044366
vt 0.92431989124337643 0.08511321232158553
vt 0.91603302191698921 0.098564877333345111
vt 0.94511969067543034 0.064884139413696668
vt 0.94525667259278656 0.068771609811209375
vt 0.94402742149266428 0.073951338580852913
vt 0.94019846534820262 0.080527093065884389
vt 0.016846977677978998 0.34035913528265632
vt 0.96210732464024751 0.065813553432110247
vt 0.95575816566835547 0.072911609352073886
vt 0.94744465453011772 0.079838242581358521
vt 0.92867386457054002 0.096213043214452676
vt 0.014305110043943836 0.3483559544947617
vt 0.0088278980825927337 0.35040014557034044
vt 0.96110748445877781 0.077253906152257579
vt 0.9530106843327828 0.082315046270792308
vt 0.93492693291208673 0.097552793249614744
vt 0.017925469608228658 0.35825061682031722
vt 0.014102416305118616 0.36054760599577879
vt 0.0098327110746184859 0.36372474503738406
vt 0.022516457446065761 0.36601883646857286
vt 0.019662151004042023 0.36796338021952274
vt 0.017508095798641005 0.36989390348483087
vt 0.016233508686804985 0.37302123985593882
vt 0.01859283440998526 0.38218759533677976
vt 0.93689877835940882 0.1021828209955758
vt 0.028387570934441244 0.3704465239824683
vt 0.025783552988416492 0.3715170039904423
vt 0.024354313498480534 0.37308807314259068
vt 0.023843326332749406 0.37553710001949825
vt 0.027110737657672097 0.38148007919554638
vt 0.93700203956132599 0.10564416415529872
vt 0.035587503603752089 0.37115867568790428
vt 0.035428842758739844 0.3732977492082265
vt 0.03552616619847581 0.37607631652598394
vt 0.038353086946798676 0.38080502924394122
vt 0.046905907705072671 0.36730808833150458
vt 0.051775596213624417 0.36987814287132054
vt 0.054171244156427309 0.37496526209443742
vt 0.058056549090546146 0.38016870256484414
vt 0.068626459379608068 0.38532202461710224
vt 0.070922128318048769 0.36155910186481316
vt 0.073702111135242179 0.36468002820530998
vt 0.075557682224070624 0.36831394137329648
vt 0.078017911863052375 0.37297053210063241
vt 0.084270497836156519 0.38049825233408457
vt 0.085057238943574226 0.35631523956544275
vt 0.087551724172464415 0.35767720534680186
vt 0.089626828507248443 0.35962807651904849
vt 0.092448380778554051 0.36281502883675004
vt 0.095691212891957561 0.36677399077311928
vt 0.099205439473900189 0.37355111914736233
vt 0.091006466726060553 0.34891017828136878
vt 0.094446869977344847 0.34883552957137332
vt 0.096860838149028849 0.34925048677938619
vt 0.099700085084481763 0.35121379151462712
vt 0.10326850200545264 0.35448683899167643
vt 0.10701109044137348 0.35813008514641936
vt 0.11210048138763146 0.36511367793014399
vt 0.095059746538762549 0.34097108696783479
vt 0.098475481402889309 0.3412232474751638
vt 0.10135896725439403 0.34211533169738706
vt 0.10467292522536546 0.34407063349592626
vt 0.10868308279629468 0.3473381652530011
vt 0.11237996934824052 0.35070152806577454
vt 0.11795618567867258 0.35646396614734038
vt 0.085422193761604162 0.33213690152916853
vt 0.097585840260387816 0.33379802905439332
vt 0.10229950718002984 0.3327007175551992
vt 0.88914942721620238 0.082853464563901774
vt 0.88990344400370869 0.086827569089109102
vt 0.89096892632066815 0.090897557210315283
vt 0.89383821550973497 0.10076993356209042
vt 0.35162734282957847 0.060266724046576473
vt 0.33917376181044351 0.065797211714028539
vt 0.33626782780566256 0.067383775873770396
vt 0.3334134278576244 0.068901123937279013
vt 0.32922784389827703 0.070906708000402136
vt 0.43049672167193948 0.062939597424415586
vt 0.33690247014321639 0.042882065637653746
vt 0.33312773798486456 0.045212250564678334
vt 0.42109511528666382 0.043464424021383133
vt 0.42249679761328895 0.060167459723615403
vt 0.34127410128408076 0.025013855109383889
vt 0.33870414696331042 0.023570934308494228
vt 0.40871882161109047 0.022245293528797724
vt 0.40957329900345907 0.030937701221956
vt 0.34790529410893156 0.019480597849243865
vt 0.34851301999596279 0.013889624768829264
vt 0.39141912171419624 0.0048608018409092499
vt 0.39700992973278276 0.015075049408965962
vt 0.4034326677877616 0.026562307985443907
vt 0.41251963273415387 0.05272236714992086
vt 0.35611312045045368 0.017393829516697473
vt 0.3620203251291334 0.011358816381782854
vt 0.37983658737046722 0.0093854371337370943
vt 0.39092678566853728 0.017313662531974947
vt 0.39800276836899329 0.026395565269451682
vt 0.40664067530795334 0.051189230827223611
vt 0.36457721970266266 0.022448514098435051
vt 0.36808662363073769 0.019340316148638931
vt 0.3733788205665895 0.016764667070701261
vt 0.37804167207880418 0.016944265274637858
vt 0.38799785048781055 0.022568988613758278
vt 0.37079766782403856 0.028091367171553371
vt 0.37299476266621212 0.025910251317517563
vt 0.37532614811967485 0.024613029943819392
vt 0.37836298169642651 0.024426618044666087
vt 0.38564619366568426 0.028104797539823589
vt 0.39157932589081457 0.033587885996764003
vt 0.40282272487348902 0.055044965726078678
vt 0.3742150537687875 0.034212652676808016
vt 0.37534164526751396 0.032010291358601783
vt 0.3768626325895395 0.030967978743497902
vt 0.37905328656465725 0.030875851298555662
vt 0.38375404657497103 0.034447682933002231
vt 0.38940170144345393 0.039257525850211493
vt 0.40096603099988876 0.058525860241429133
vt 0.37456921839546087 0.040951864745761457
vt 0.37647368077062987 0.040909623946726544
vt 0.37890935795702441 0.041108880167067277
vt 0.38332486877525995 0.043373846997849783
vt 0.38929407231647839 0.048389151671365135
vt 0.39819025884569237 0.063839431356334297
vt 0.37172936954524305 0.051039089356382995
vt 0.37539918718831689 0.055145614841709836
vt 0.38120132343087115 0.05691615478735438
vt 0.38762384795638161 0.059751378514307035
vt 0.39576554038584177 0.068783711437308742
vt 0.37044269630812005 0.07192542768848724
vt 0.37449281560909431 0.074557924302445164
vt 0.37868949565869919 0.076420373194801369
vt 0.38396985951145957 0.078985733234685343
vt 0.39208250324304839 0.085790317823494208
vt 0.36748412708983341 0.084101067255186499
vt 0.36914580847133716 0.086525291104775123
vt 0.37116439538238627 0.088831218517381377
vt 0.3741023503033763 0.092067037708657373
vt 0.37743971006336413 0.095995258702697969
vt 0.38301793903428794 0.1006146219268803
vt 0.36156972928857067 0.08924215916750744
vt 0.36183676202024861 0.092340332938249933
vt 0.36215301972297509 0.094620236615740982
vt 0.36345085777784231 0.097509893128709446
vt 0.36534873324024414 0.10144926691734794
vt 0.3670519355518182 0.10589801317219026
vt 0.37058038492818007 0.11223732313185084
vt 0.35527935947253375 0.093048042072431836
vt 0.35556185078944336 0.095384916668845063
vt 0.35594127264307446 0.09774546334970978
vt 0.35666571501135241 0.1007843881652247
vt 0.35780341172874669 0.10467583923471019
vt 0.35807346654171168 0.10868012938807251
vt 0.35819616350802536 0.11494814154409352
vt 0.3479953702706412 0.091628994664497421
vt 0.34799782168351745 0.093874406535826127
vt 0.34772614063337359 0.096619573187339228
vt 0.34649961840218252 0.10255692309776418
vt 0.3463098112339299 0.10697701452171407
vt 0.3445777656651135 0.11559427151755035
vt 0.34352985301811317 0.085202223523578799
vt 0.34112104826051465 0.088106206512797311
vt 0.33864134811510521 0.090725811066453332
vt 0.33541186872268036 0.09391527423284661
vt 0.33234046178010607 0.097242686198668785
vt 0.43286284026810701 0.076916318019769905
vt 0.42399066852622735 0.07430992918691437
vt 0.41450691387568822 0.075112256218041101
vt 0.40700255313849526 0.082466813523535798
vt 0.39951691550480506 0.094070707328853045
vt 0.39084931205131818 0.10402485160663758
vt 0.38166754460522601 0.11128639269110432
vt 0.37066817664648605 0.11805412055648692
vt 0.35821520869608503 0.12320133838620884
vt 0.44144831852901684 0.078173243338389528
vt 0.57984836773826298 0.31247707562946769
vt 0.56073538170388226 0.3201886813181688
vt 0.54336989730645313 0.32713720823170889
vt 0.52764435794056019 0.33236040703575592
vt 0.51102891161346831 0.33608731283635435
vt 0.492155895942051 0.33897030280996576
vt 0.47240021845853397 0.34166073558906068
vt 0.45292611360389762 0.3455439053113355
vt 0.43460924457483407 0.35200254027052347
vt 0.60756087122113822 0.28704850730232995
vt 0.5961929329289134 0.30328248674621999
vt 0.56335148820960368 0.28590778198919259
vt 0.54620736334844922 0.29477967650144155
vt 0.53088667866950934 0.30175657458916966
vt 0.51695476856420586 0.30585962706957154
vt 0.50161107563697593 0.30889539897824037
vt 0.48439181016617233 0.31042488440288118
vt 0.46568281197714684 0.31295648177263791
vt 0.4479735834929327 0.31630099692731284
vt 0.43132084436858736 0.32139994283623557
vt 0.59083507203170704 0.26108910570115035
vt 0.57966289993116304 0.27580534386155908
vt 0.5447793456381731 0.2586688186634219
vt 0.53124623781186564 0.26917082588349933
vt 0.51832734032258276 0.27637517423077251
vt 0.50547168816376375 0.28123149437536282
vt 0.49145393945364818 0.28296916584307902
vt 0.47605740639697441 0.28220568959499881
vt 0.45941914373518206 0.28254922257760723
vt 0.44464211508174473 0.28568154728388467
vt 0.42970232556297866 0.29149843225735311
vt 0.56745384798892362 0.23665702940353464
vt 0.55874563820803391 0.2482977785840226
vt 0.52330585177999656 0.23405874597768861
vt 0.51387468280010729 0.24247214542363618
vt 0.50493751948320542 0.25058839366142061
vt 0.49541490719239972 0.25551950861686074
vt 0.48486882712743185 0.2563869191034569
vt 0.47111060124727333 0.25620744176378396
vt 0.45841993037155876 0.25797458448303867
vt 0.4435785653815334 0.26711897500096099
vt 0.42690051942992308 0.27565695077854513
vt 0.544289576376914 0.21968645026846889
vt 0.53401859422181541 0.22608703473050382
vt 0.5130186982113254 0.21112284304716464
vt 0.50171347716889514 0.21499334477144663
vt 0.49069925611325954 0.22077930756568456
vt 0.4813678528517995 0.22805343687325702
vt 0.47170381464659056 0.23363262604144741
vt 0.45989123361882955 0.23862424623305484
vt 0.44599335880661706 0.2455859019090412
vt 0.4306418371409319 0.25373297598419414
vt 0.41686136167927806 0.2630358856230865
vt 0.53895063730877846 0.19863423528998764
vt 0.52491079054741663 0.20715185056371166
vt 0.50280039130325527 0.18551178884550493
vt 0.49102034493230662 0.19055899361551959
vt 0.47854230906823148 0.19643666573680554
vt 0.46713028136141532 0.20328645755458413
vt 0.45582617153748639 0.2097610625008299
vt 0.44256809505961142 0.21637372259050072
vt 0.42854922266896928 0.2232241840854394
vt 0.41382689462923894 0.23097274170246176
vt 0.39905238309552715 0.24031304722918731
vt 0.52732343365919887 0.17177016220491476
vt 0.51447633709808127 0.17963002828161118
vt 0.48756289921550905 0.16133655381990378
vt 0.47670876476167279 0.16690023820886396
vt 0.46501376819605 0.17282073592808928
vt 0.45360463640174931 0.17876333038086292
vt 0.44229971814952518 0.1846317847156157
vt 0.42919798870400377 0.19124294492716823
vt 0.41561016745611745 0.19810823363044613
vt 0.40116533342578425 0.20502000511155419
vt 0.38535165679874345 0.21179730115037382
vt 0.50969739812399184 0.14614476295863563
vt 0.49803493304346536 0.15488847677920678
vt 0.46818441864094085 0.13702031112486718
vt 0.4589499723165702 0.14179970841887668
vt 0.44889199722997841 0.14702816662486035
vt 0.43908646657008726 0.1523015966298375
vt 0.42903726219896149 0.15775378848528798
vt 0.417479874577592 0.16380740878431352
vt 0.4055493345459133 0.16977062952336411
vt 0.39269027384011862 0.17526196684270151
vt 0.37852970569143735 0.17941625546653886
vt 0.48669073214869607 0.12382705560464173
vt 0.47701340272318693 0.13158507935281416
vt 0.44826910629897376 0.1109133223772464
vt 0.44003306399442466 0.11436201927791707
vt 0.43122651647145605 0.11824008501965377
vt 0.42312272799245071 0.12256589069378498
vt 0.41449653700969741 0.12776585632952134
vt 0.40493351207125333 0.13357925905835949
vt 0.39540543061095107 0.13895733050394327
vt 0.3851522267185592 0.14403456418015456
vt 0.37434650567676658 0.14798207880000441
vt 0.46500768157770617 0.10199852446894071
vt 0.45616999402003888 0.10721840486317299
vt 0.60020447180758119 0.34073123931247296
vt 0.57661853756872194 0.34773094741887944
vt 0.55637950133150926 0.35422212102381634
vt 0.53862455071270854 0.35954806933305589
vt 0.52013527107130419 0.36387044497075144
vt 0.49981845574435801 0.36760321041425575
vt 0.47884909899312805 0.37119821215444987
vt 0.45882775876353982 0.37627407787149347
vt 0.4412907927294682 0.38468514241473001
vt 0.62623771136980844 0.31199661242256121
vt 0.61923001487422447 0.33212523121496956
vt 0.71836798373676591 0.68064261921924141
vt 0.7189153548564865 0.69708327577034257
vt 0.7186670051718782 0.70975657312819462
vt 0.71764272798490858 0.71925414248544883
vt 0.74583663926843824 0.6394516543071268
vt 0.73960370475282844 0.63836918538747078
vt 0.73196330715648905 0.63907170640916999
vt 0.72277897389043433 0.64478574619496398
vt 0.71719846739676751 0.66164291712577827
vt 0.69874255853337786 0.67507235152911227
vt 0.69940409779702073 0.69380316628196137
vt 0.69916230140771696 0.70752368493550089
vt 0.69953193597576924 0.71767883141646938
vt 0.75820999863812621 0.62918189276300307
vt 0.75227769304198722 0.6222801590131245
vt 0.74243848426579118 0.61630315045553608
vt 0.69514225426979537 0.64595144894480394
vt 0.67861801768649554 0.67949421893320083
vt 0.67946680659865355 0.69835997318894305
vt 0.68019502182727887 0.71373875117023233
vt 0.6816210382870399 0.72591923937635827
vt 0.78037014455140574 0.62905122201426289
vt 0.77539478233174275 0.6185961405921061
vt 0.76680037976960191 0.60925318228804692
vt 0.74567648885818105 0.66540037507760308
vt 0.75042171771909005 0.66001876972915596
vt 0.75441387465730703 0.65563273174619885
vt 0.73909247163377056 0.73067092870188077
vt 0.73922088958221599 0.72244467772090326
vt 0.73787700561666525 0.71222017465722298
vt 0.73715762811569108 0.69885706931719538
vt 0.73800639018117054 0.68530697152965692
vt 0.74142799988866948 0.67393523959187929
vt 0.77029891392340288 0.67419532207228627
vt 0.7724644285852702 0.66560346623192124
vt 0.76553002782291701 0.73647557475457204
vt 0.76537199705185488 0.73052306173248882
vt 0.76496053107929818 0.72366908076295167
vt 0.76359738802002064 0.71495632821327848
vt 0.76450943391210757 0.70465519315494662
vt 0.76577835923099702 0.6933386234398099
vt 0.76729111209236533 0.68367994044456792
vt 0.7919101021781102 0.67190215548866328
vt 0.79235365649307887 0.66264700046153324
vt 0.79199382369210158 0.74536157521524893
vt 0.79278430691196478 0.73874782348269141
vt 0.7937274250926899 0.73023855026485052
vt 0.79532900101750914 0.71994705753299892
vt 0.79553593193024885 0.70720220524962707
vt 0.79386004480405459 0.69476126256244319
vt 0.7922689554696527 0.68302131733726257
vt 0.8211110105813092 0.67027211878332116
vt 0.82224169107802758 0.66078590317450081
vt 0.82277852338836477 0.74979375406804205
vt 0.82176807770082438 0.74346459453191738
vt 0.8208111265781487 0.73663082509390243
vt 0.82009368077642342 0.72809782069383933
vt 0.81985557850713575 0.71759175158176747
vt 0.81984264624381753 0.70558008450544496
vt 0.81979376119060909 0.69364368837285151
vt 0.82013991900377026 0.68172610543564194
vt 0.84992173418373529 0.67613092927311103
vt 0.85178073957313893 0.74735541348009571
vt 0.85023924511055948 0.74120660418984052
vt 0.84948497975182247 0.7353435301132224
vt 0.84863669789465723 0.72933872268004973
vt 0.84769911804479414 0.72260126641958333
vt 0.84693604507818354 0.71451081326979893
vt 0.84663339889909905 0.7051714693141099
vt 0.84698717015711777 0.69593335804574563
vt 0.84811766620326834 0.68598068474780405
vt 0.87610869155328919 0.68655100257614499
vt 0.87584128292606889 0.74569726830776328
vt 0.87749182117935798 0.73973162340839993
vt 0.87795728250822447 0.73312243106596764
vt 0.87786730643932076 0.72707551845634588
vt 0.87754492771191817 0.7227458135788406
vt 0.8765788525106516 0.71555536186895408
vt 0.87690927591377421 0.7120113566120142
vt 0.87851110156176471 0.70524826252958284
vt 0.87890783328792144 0.69698218403926127
vt 0.60876506713180889 0.75756589656143791
vt 0.6148835951685544 0.77082559406220685
vt 0.82862066302146498 0.58542253618822571
vt 0.83537510158547867 0.57490999517877461
vt 0.83936456635494738 0.59321633716108457
vt 0.85195122732003936 0.58294810199713532
vt 0.6353838440534797 0.59574566974293264
vt 0.62006527116364074 0.6049511816408204
vt 0.60371258970632447 0.61288328635058731
vt 0.58610851484640991 0.62120672159891011
vt 0.67540350106056168 0.58346382922329421
vt 0.6861789311735037 0.56485558642490263
vt 0.69654010008173595 0.54755235623178378
vt 0.70585338966040045 0.53206482585003856
vt 0.71542817139730641 0.51761989834608535
vt 0.68834989582929706 0.59645857153471982
vt 0.69974440393283133 0.57572916695630416
vt 0.70979780296838457 0.55697616770518732
vt 0.71897298757386829 0.54130611469569068
vt 0.72811563425781234 0.52678661167029017
vt 0.59977250333509236 0.48607289795503161
vt 0.61353834585839573 0.47699307979968047
vt 0.62896778339118165 0.46778377853968489
vt 0.64307968144080585 0.45938067668777083
vt 0.65442285942396283 0.45243448031165256
vt 0.57865312401859037 0.46415903327079217
vt 0.592716749273552 0.45726392926713477
vt 0.61215657689513003 0.44911060237553257
vt 0.63089666609142647 0.43961786199431713
vt 0.64522223247620702 0.4322611384345208
vt 0.63278132094433326 0.53020873753853648
vt 0.64446076891035053 0.51756694511047974
vt 0.65547263346348039 0.50597701745497969
vt 0.66629530778266144 0.49522575211480951
vt 0.67647514743566106 0.48569055009388518
vt 0.56184839786094409 0.44853999048553833
vt 0.57898009707026066 0.44455271991814521
vt 0.60071596284367113 0.43612633387951444
vt 0.62230033470782953 0.42213051117652045
vt 0.64043002728568843 0.41201594162693272
vt 0.52323615790305666 0.45796281108018927
vt 0.51863580557697442 0.47702466488794176
vt 0.51235457422042374 0.49476868495945908
vt 0.50222993021039597 0.50804740436548357
vt 0.55168620268307744 0.45875438973087063
vt 0.54454196649955977 0.47577472742981547
vt 0.53770275141639856 0.49317757622116332
vt 0.52901107671336911 0.50866966407211178
vt 0.51791067495103926 0.52247545415398056
vt 0.56924577859847447 0.47536713648051021
vt 0.56075541732632028 0.4914294385248566
vt 0.55218493754002385 0.50674943270632444
vt 0.54252491390846624 0.52090401176141676
vt 0.5307562352987909 0.53476718860905559
vt 0.58793359262237854 0.49714599440913271
vt 0.57721449170852002 0.51009632835439034
vt 0.56719376350806916 0.52271687525900867
vt 0.55663253741667984 0.53537738277393798
vt 0.5437859312428478 0.5484692397631572
vt 0.59385211992135878 0.5311031516839444
vt 0.58279607169043823 0.54132947613861859
vt 0.57135144268366611 0.55267245805809062
vt 0.55664919771702936 0.56415373706429728
vt 0.62067751097501889 0.54281808705582302
vt 0.6091282310699101 0.55357450572450217
vt 0.59739883882070599 0.56308586394145499
vt 0.58425752415600762 0.57270068503482863
vt 0.56882467572532136 0.58300128547863972
vt 0.62319808908008922 0.57469055025507398
vt 0.60984712016489961 0.58416169335721646
vt 0.5952796631819921 0.5930317970201413
vt 0.57879122243356751 0.60223480973999821
vt 0.66240010946330163 0.59985064878687733
vt 0.64652714325527194 0.61272734341354873
vt 0.62847551217063913 0.62185049665243441
vt 0.60996230377072003 0.62964523083699675
vt 0.59095886804064812 0.63699288383907215
vt 0.67187587776212254 0.61563044659793753
vt 0.65225279989838691 0.6273827480625227
vt 0.63234527080731906 0.63470133431939535
vt 0.61268314052875061 0.64120203217338967
vt 0.59325858046929159 0.64867754773033637
vt 0.53193832104805427 0.44252263110140455
vt 0.54633216446601685 0.43396080899627565
vt 0.56676464743527677 0.43073192488401946
vt 0.59069740229065903 0.42521401520116558
vt 0.61578174082428683 0.40888486669158719
vt 0.63918133197793314 0.39155680411569255
vt 0.5348777551708378 0.41499857539278212
vt 0.55639470083915443 0.41050401715586615
vt 0.57943629365913785 0.4057673398657744
vt 0.60686750162855629 0.39595233611161385
vt 0.63807279787128113 0.37759400805731214
vt 0.5160114984682872 0.42174422330037764
vt 0.49972167780374727 0.43261989586508781
vt 0.49185717954933733 0.45051238805687188
vt 0.48773960371597763 0.47129517892218331
vt 0.47919269507607121 0.48595859960765275
vt 0.48559672147464772 0.40218080850273336
vt 0.46860922602493771 0.4118677800561209
vt 0.45747513290886627 0.42657424604425642
vt 0.6357381789113089 0.56339973301714763
vt 0.64792686115549825 0.5501873087774084
vt 0.65932701478643763 0.53606559133875198
vt 0.66984761080846678 0.52296444863747915
vt 0.68007932109624802 0.510763611233924
vt 0.69017585276433879 0.49938110086714066
vt 0.605764384308346 0.52042439648529648
vt 0.61852567226389021 0.50950415876234301
vt 0.63139990417784753 0.49904231104641616
vt 0.64462047647646181 0.48901014010671351
vt 0.65627000474425079 0.47971316183836954
vt 0.66651121746944897 0.47187679936456067
vt 0.50650147761019126 0.39646296066875641
vt 0.52702477656101909 0.39158141906914123
vt 0.54768727380506055 0.38676398315113075
vt 0.56823780865302242 0.38165151462117092
vt 0.59271167181764894 0.37530823415885517
vt 0.62548443840160051 0.36549924648197663
vt 0.64926874238798293 0.58394426038849245
vt 0.66110806422340807 0.56901068252539533
vt 0.6722850861994778 0.55269792335928059
vt 0.6827853584507787 0.53695705559579765
vt 0.69290241435835209 0.52243081522908263
vt 0.70337238216239695 0.50942598456027388
vt 0.77628458148102231 0.60755099651130617
vt 0.77146238992138727 0.60093180149431247
vt 0.77097434357841765 0.59110203565965513
vt 0.77521265355515845 0.58031000377488617
vt 0.780608277975402 0.5686395809731668
vt 0.78785159816709205 0.55746795824846274
vt 0.79812198081364993 0.62778216428052824
vt 0.80455152839985067 0.6173758294054934
vt 0.80265658721815603 0.60435552817989024
vt 0.8019930112589857 0.59186643529420224
vt 0.80113043600420097 0.57719254103661055
vt 0.80578226931697272 0.56476082016311069
vt 0.78784948086527307 0.61818238204281173
vt 0.78691140032729401 0.60892847281685658
vt 0.78582430623571653 0.59649759188748952
vt 0.78784446700059541 0.58485089968416126
vt 0.7912557767669699 0.57259096517891483
vt 0.79730992060711536 0.56115321403074714
vt 0.65250682943781213 0.64120514320683897
vt 0.63279848196224586 0.64638134291537652
vt 0.61361811961882273 0.65206102419861789
vt 0.59432504217125892 0.65879372925114854
vt 0.65623219692653401 0.65599815878892409
vt 0.63397565926696064 0.66020346849090461
vt 0.61483324690518215 0.66593525980537094
vt 0.59608089524030439 0.6719195435845684
vt 0.66721723921397147 0.68152184015832762
vt 0.65239905791589747 0.67211394731541374
vt 0.63338796618624105 0.67578424097075751
vt 0.61580608867751341 0.68101393203101801
vt 0.59789569592451508 0.68696409072226849
vt 0.66552411128182887 0.70336687601928705
vt 0.65058956380699551 0.69636973675309866
vt 0.63282593148315569 0.69307612606345159
vt 0.61685603754069795 0.69707360964475562
vt 0.59963314989320038 0.70288467315133429
vt 0.66427117096473054 0.71644789324543356
vt 0.64870715018891156 0.71314594919594232
vt 0.63350740181739607 0.71091763546881892
vt 0.61859430045461017 0.71334615495547526
vt 0.60191049618897918 0.71853499812330346
vt 0.66465395424503859 0.73171833749287463
vt 0.65065624218910789 0.73347593417859214
vt 0.63585257590402411 0.73168967228590664
vt 0.62212427371114487 0.73112921379145845
vt 0.60542363595879567 0.73307288198228249
vt 0.67660530393332885 0.63248279408144503
vt 0.70079381578289923 0.6102490732955369
vt 0.71433618523356235 0.58617372834001802
vt 0.72396215124037278 0.566546271849237
vt 0.73321447406173856 0.55079451489859743
vt 0.74264640056996556 0.53712506883671496
vt 0.74632238599979406 0.60297308722401877
vt 0.75112136802526275 0.58952029429936859
vt 0.75787319722962987 0.57647584986213363
vt 0.76585087213367387 0.56390800492661786
vt 0.77399122025638101 0.55227532467615525
vt 0.720122774113229 0.61478756085207054
vt 0.73123089726681822 0.59036321411584214
vt 0.73988302855591248 0.57297428159595176
vt 0.7491063156708937 0.55836134052824471
vt 0.75812262152587606 0.54573112649562339
vt 0.60896833521651028 0.74826603200181407
vt 0.8128015547548797 0.58063963534052387
vt 0.81589814587909915 0.56834628148160227
vt 0.90193086154418745 0.11303296951734663
vt 0.9104468912370105 0.11086310397575409
vt 0.91894921690392195 0.11305215444784786
vt 0.091414913689417593 0.38807818047630571
vt 0.10155032654237604 0.38182312157653908
vt 0.10965274109392269 0.37536337835486683
vt 0.11764315527394296 0.36861279412288811
vt 0.88425658637512972 0.11446453351432657
vt 0.8936415726428687 0.11481643061145866
vt 0.76737185443201505 0.33415418903171201
vt 0.78177972266002349 0.35179817480390613
vt 0.79403383091330482 0.36837738068338588
vt 0.29117384987924766 0.55796427928938885
vt 0.293912943723733 0.53835871255973011
vt 0.29618130291037309 0.51808673894224644
vt 0.29904178926905262 0.49799409750081997
vt 0.75191017790515724 0.29838098686912451
vt 0.75545142162355261 0.31775691157561253
vt 0.7947333159513057 0.32121782860542164
vt 0.8072087372648703 0.33754500795620773
vt 0.81825368617615379 0.3514102540841833
vt 0.26225455057751157 0.55053312495693485
vt 0.26390300906799979 0.53342763945642768
vt 0.26684792218481102 0.51483379344930869
vt 0.27004720312267211 0.4969286151571865
vt 0.77973383374810012 0.28679858768639488
vt 0.78346041068482342 0.304598689539819
vt 0.82396466263977541 0.30566627958693932
vt 0.8337123348351051 0.32051931417867535
vt 0.84345249074656226 0.33220449921280526
vt 0.23444842045243164 0.54151573904486494
vt 0.23435123169864744 0.52647634450202185
vt 0.23648402918574174 0.51030098960641834
vt 0.24109689779082602 0.49618280535716958
vt 0.809009346455 0.27797063694151741
vt 0.81364718311741036 0.2911403287292027
vt 0.85268032657766057 0.28861636896228177
vt 0.86127670511441823 0.29899924353947194
vt 0.86933352428390309 0.30960058507599436
vt 0.20599904978441166 0.53516454040675776
vt 0.20793039505734254 0.5204561597136782
vt 0.21224280564843262 0.50770870284148517
vt 0.22415184425468054 0.49464943870143163
vt 0.83278604740750661 0.27085401930635783
vt 0.84262939378478696 0.27890418524870147
vt 0.86262804130868098 0.26594080643920809
vt 0.87448018935289717 0.26914917362688473
vt 0.88646987704886882 0.27402463093010671
vt 0.18601153815812585 0.51499304529371348
vt 0.19418854519791523 0.50439307090246155
vt 0.20450871629180845 0.4923246637274114
vt 0.21625406281190165 0.47945764703838589
vt 0.83620883212994901 0.25399606504569677
vt 0.85041456958007489 0.26231120067394209
vt 0.8670903719798625 0.23837712422188104
vt 0.8794766953293438 0.24094437999272542
vt 0.89281638508633443 0.2436178043548862
vt 0.16843513217153233 0.48842703892820494
vt 0.17926367208081526 0.47806094556535655
vt 0.19066609308418561 0.46700350379620637
vt 0.20361470080894081 0.45584451756190636
vt 0.84049771404662177 0.22961742853814823
vt 0.85460633445413803 0.23467403601816553
vt 0.87334451034910221 0.2106643527932314
vt 0.885071407937008 0.21301985992036038
vt 0.89781730882732835 0.21509907927085853
vt 0.15067558846461332 0.46323139963449061
vt 0.16229807383289474 0.45396412346687082
vt 0.17414417658218337 0.44409007966028452
vt 0.1864816907263378 0.43345518602394445
vt 0.84797756982053507 0.20256294965598176
vt 0.8616508508089753 0.20736579110487535
vt 0.88162079454672981 0.18119320059872929
vt 0.89154080341093389 0.18314159247328943
vt 0.90240826745084879 0.18500204583680785
vt 0.13354447389446383 0.43752967108094032
vt 0.14396644829260946 0.42999489427174953
vt 0.15421481992881975 0.42173263573286912
vt 0.16430596039375778 0.41221359631302373
vt 0.86010733826166608 0.17447563442303862
vt 0.87174291773532364 0.17859908131721075
vt 0.89112476990753942 0.14998831948839866
vt 0.89955116132741553 0.15174495161972842
vt 0.90850627856123867 0.15379867607426562
vt 0.11525317896762401 0.41110490904750119
vt 0.12368522261648383 0.40499146283620607
vt 0.1316663430918788 0.39864128712911873
vt 0.1396247546397375 0.39122056181192394
vt 0.87305337910188552 0.14498571950056627
vt 0.88275933232086079 0.14798524792163256
vt 0.73633672614517354 0.34642709694607432
vt 0.75508235750849328 0.36472169420082601
vt 0.76892920836300749 0.38326068565707028
vt 0.32713862597240478 0.51950966379474439
vt 0.33102832197554211 0.4982865244548435
vt 0.72012859236685933 0.31050888269938892
vt 0.7212171271028065 0.33120567167089709
vt 0.4595255811984717 0.68676629571529957
vt 0.45000032323235878 0.69959552824775295
vt 0.44294128414281136 0.7103826690028564
vt 0.43759183927499889 0.71885469204137686
vt 0.87902682690375555 0.42496716222718905
vt 0.87159173241619226 0.42632531054120731
vt 0.86341859304151314 0.42649139037343442
vt 0.85387354243771252 0.42506755711622163
vt 0.84223197839702069 0.42154720957561542
vt 0.82731447358153631 0.41679769610936107
vt 0.47369913159077015 0.69917381613391971
vt 0.4657243647451883 0.71304703873097686
vt 0.46034338899523741 0.72533905344202565
vt 0.45615615921828229 0.73522424023819977
vt 0.88207551645733284 0.44933563301545726
vt 0.8728814149840215 0.45073025202337624
vt 0.86305708779042878 0.45033455360165625
vt 0.85240049614345903 0.44707699528784517
vt 0.84103587719510242 0.44036432325903935
vt 0.82602387073335937 0.43421359066679915
vt 0.48853290650866305 0.71076928700760889
vt 0.48410015967124315 0.72562222664616627
vt 0.48118218698182524 0.73940657095447571
vt 0.4790109434008325 0.7510749967702679
vt 0.88350790737089491 0.47626902980456853
vt 0.8715906081317002 0.47744331905597936
vt 0.85943716441349416 0.47664244073966516
vt 0.84777396195405375 0.47159157955680325
vt 0.84646928567020963 0.39859799924195588
vt 0.85642488096875291 0.39949670207882731
vt 0.86421982624401361 0.3997044184473586
vt 0.87108212416389819 0.39968483061967219
vt 0.41591854584369137 0.704512868483952
vt 0.42209017766925022 0.69926988371749854
vt 0.42914386339011623 0.69223066345918538
vt 0.43865004574310118 0.68284810933276607
vt 0.44853660900189529 0.67140216310600798
vt 0.83313183899498566 0.39713984340154168
vt 0.84570897903795295 0.37445138231070774
vt 0.85516929365685812 0.37533941877854538
vt 0.86265334475739419 0.3759092160940945
vt 0.86923466196948773 0.37606972255471938
vt 0.39743626403262239 0.68660378619842344
vt 0.40379132979629856 0.6807121976514372
vt 0.411783678559137 0.67370684083730237
vt 0.41886051983155814 0.66413672611312513
vt 0.42822691467402313 0.65425351969454526
vt 0.8336931540709116 0.37311226313140977
vt 0.8473148333413032 0.34904492100724638
vt 0.85707362099064788 0.34971197382576241
vt 0.86466875764709517 0.35013452844147702
vt 0.8711739421536866 0.35064239230258842
vt 0.37458702073400407 0.66945020405792499
vt 0.38057571580445765 0.66287994141897955
vt 0.38735889650166905 0.65458886293514418
vt 0.39627415493926971 0.64498863068370349
vt 0.40577928472146108 0.63599664136087319
vt 0.83546547376924796 0.34733798353079209
vt 0.85346954976733524 0.3223869232967449
vt 0.86286030948071335 0.32334313018156352
vt 0.87003030532536252 0.32408962294630478
vt 0.3564109625606206 0.65016770977628513
vt 0.36284937112864546 0.64428500566362912
vt 0.37010087347045251 0.63660418947510899
vt 0.37776628165804166 0.62749968459343219
vt 0.84211753749178297 0.32076651747867735
vt 0.85821810551132915 0.29476776327597864
vt 0.866393699685989 0.2961269063615411
vt 0.3346996005061979 0.6320989367408183
vt 0.33939341124881001 0.62810503917652794
vt 0.34453691627332805 0.62350621837509468
vt 0.35019262266206347 0.61765353352134345
vt 0.35585221472114548 0.6102365420264837
vt 0.84832947578614726 0.29286184867451059
vt 0.86219480826456762 0.26597441538924327
vt 0.86930177223843563 0.26884364389966203
vt 0.31662870615874544 0.61240680958366733
vt 0.32020896456030351 0.60832801972861927
vt 0.32427250863487728 0.60452697491818796
vt 0.32976845674106486 0.60101857158977678
vt 0.84483553349309815 0.26501323125786208
vt 0.85287345789177926 0.26414319576326123
vt 0.57895043074668351 0.76425484015859224
vt 0.58715845881260409 0.77738969860613116
vt 0.85575169480906177 0.54821580064692743
vt 0.84840595967886667 0.55740309168096336
vt 0.87137588609770111 0.54860774184560268
vt 0.86805661977473725 0.55796569116835015
vt 0.50321196665260215 0.65384047462226225
vt 0.51854670971718619 0.64973122730528698
vt 0.53397821682739433 0.64423693590724107
vt 0.55067468645887863 0.63726774449816515
vt 0.77849153950033356 0.44424943496312858
vt 0.76669117029147871 0.45909433181476711
vt 0.75526091846838905 0.47341530322107728
vt 0.74361514823293362 0.48591341700517221
vt 0.73198389533400532 0.49818297255307337
vt 0.78987892935967596 0.4510242048409821
vt 0.77859957303291072 0.46664050957516517
vt 0.76713714977851732 0.48166717662678704
vt 0.75593941164892386 0.49458363048068527
vt 0.74447402787421824 0.50661160010866901
vt 0.70842298478893051 0.41867248732631668
vt 0.69722024365688429 0.42849010690415734
vt 0.68553945203053468 0.43539321019733751
vt 0.67515102185478093 0.44087159979108798
vt 0.42831629596371701 0.59663242586429865
vt 0.69173622012851632 0.4129989428914782
vt 0.67978371769288004 0.41726065560375158
vt 0.66822277369950245 0.42173228068086333
vt 0.73966039079994161 0.42308132702883572
vt 0.73039948584090464 0.43658229460940873
vt 0.71985801393803606 0.44837320875368863
vt 0.70880779251197856 0.45858378733307542
vt 0.6981840154064739 0.46738772855910943
vt 0.4139965612844409 0.58237115544906326
vt 0.69912094121972068 0.40033319019883323
vt 0.68344603817934768 0.39933405928688986
vt 0.66836172407310868 0.40165267277354116
vt 0.4231431891448254 0.54719057955409367
vt 0.44344827395793313 0.54180181392521753
vt 0.46249732833437873 0.53618294741894079
vt 0.47748395006256455 0.52799289591189669
vt 0.42377365655497945 0.57277773146199507
vt 0.44074490939538591 0.56552768928730879
vt 0.45856228345309102 0.55928880386230861
vt 0.47518999937728845 0.55225969146203369
vt 0.49099352686620268 0.54373784867620079
vt 0.43858444027363647 0.58801974227677134
vt 0.45413727229761164 0.58017119878047063
vt 0.46992637803273124 0.57294650719473628
vt 0.48544448860026612 0.56553327104168094
vt 0.50165835619255239 0.55691063343543445
vt 0.45536851376260817 0.60513763339864379
vt 0.46838983839552867 0.595256374383349
vt 0.48207059574095784 0.58717482560141865
vt 0.49661265010393824 0.57959444773778623
vt 0.5127132447586793 0.57085437277695228
vt 0.48276549680680281 0.6096906382597983
vt 0.49462439998439894 0.60201640573486215
vt 0.50843685963981555 0.59494357961347033
vt 0.5240308125397134 0.58579909002805952
vt 0.49430251138521575 0.62344127661607152
vt 0.50624683134699533 0.61742183227095693
vt 0.51964573378306622 0.61070590172910333
vt 0.53528294915266184 0.60255562729108691
vt 0.50060966769969639 0.63862814612954555
vt 0.51408761597257124 0.63350411639659299
vt 0.52826458298932899 0.62732544480967667
vt 0.54431395448585773 0.6198057776040754
vt 0.5032655635798915 0.66726419953595495
vt 0.52033161283649154 0.66421197737642856
vt 0.53711203205470415 0.65878134741514094
vt 0.55465617835508274 0.65206410374563906
vt 0.50445379637178045 0.67869013593394822
vt 0.52163916875686156 0.67513337368283588
vt 0.53876802676505908 0.66948142483649564
vt 0.55669117868677886 0.66310714797876602
vt 0.40676519264945254 0.55698784481178187
vt 0.3982703525863866 0.5710279281930446
vt 0.71012779480977273 0.39988743873715621
vt 0.6929179801538986 0.38821802497732816
vt 0.6752095609035017 0.38230561561866333
vt 0.37730185259789956 0.5648248390641607
vt 0.72512486602090842 0.39939132790912291
vt 0.70656269546470762 0.38184339693705077
vt 0.68242784167636328 0.36972484115628307
vt 0.38353512409915336 0.54586056928691862
vt 0.39513297957121496 0.52831506569464615
vt 0.41519693888005627 0.51836976498153398
vt 0.43853270400760014 0.51310054888457313
vt 0.45514110237102484 0.50551478328309074
vt 0.36092365491746686 0.51963917102085833
vt 0.37088249887808444 0.50055440991221167
vt 0.38702966472329142 0.48652187070732855
vt 0.75348404614938924 0.43059707289924681
vt 0.74352890573762387 0.44438756736783025
vt 0.73289416620370085 0.45680731260610385
vt 0.72200290983799476 0.46822373519996974
vt 0.71106826230503239 0.47867509590587559
vt 0.72740894743056772 0.41507695370257952
vt 0.71946111944216029 0.42937555492848972
vt 0.70858911348298448 0.44133872484568909
vt 0.6974474648105693 0.45014995448530076
vt 0.68726332988638328 0.45724354042906579
vt 0.35560521830049985 0.54177754002147727
vt 0.35143979993701385 0.56322865804402633
vt 0.74497614546917001 0.39447763183015472
vt 0.72863711422942545 0.37529192016624596
vt 0.70110153363341177 0.35826208375307167
vt 0.76702366541307887 0.43717094691564079
vt 0.75581819338301448 0.45144485727817324
vt 0.74416590932422788 0.46497094310725429
vt 0.73255001410335852 0.47748627778852637
vt 0.72145569268540499 0.48949569727668124
vt 0.84601934315508764 0.48307599084009228
vt 0.83888755306218588 0.48824434127627764
vt 0.82899923841276801 0.49949417078322411
vt 0.81984169604873092 0.51180472922610387
vt 0.8113214901570277 0.52431112003948621
vt 0.80277413815869592 0.53579273428705709
vt 0.87351663346552466 0.49685236416345424
vt 0.86668878329164412 0.50687071800518413
vt 0.85578469870495943 0.51370344968777315
vt 0.84492554211663107 0.52239359661305251
vt 0.83058079901990389 0.53289955098950181
vt 0.82048501182364286 0.54395443979484959
vt 0.86055982757809701 0.49061204294812011
vt 0.85216876709762523 0.49591426477493616
vt 0.84094429521034708 0.50543567833767733
vt 0.83124919810561715 0.51709493545109619
vt 0.821038285472796 0.528724805899494
vt 0.81181195289597263 0.53982165311219887
vt 0.50525096060464769 0.68918575637488722
vt 0.52269914502991333 0.6852839148615093
vt 0.53985397659567491 0.67961935956425013
vt 0.55785810350491527 0.67322334661804961
vt 0.50516948189147337 0.70273473540203335
vt 0.52438109779599118 0.69741240561967477
vt 0.54216840625479168 0.69195017751599053
vt 0.55997065681397862 0.68569247342402961
vt 0.49761539736670851 0.71772540783695848
vt 0.51048335097784725 0.71577182807978601
vt 0.52800934535989541 0.71027816669103216
vt 0.54516470725653221 0.70543383112801639
vt 0.56265359928094461 0.69996527645532913
vt 0.49920737352530509 0.73342042415211262
vt 0.51512124480630006 0.73060290582982679
vt 0.53198609747632353 0.72528553174296539
vt 0.5480858495762434 0.72027994393455153
vt 0.56529337791381651 0.71480778542807399
vt 0.50139823913128001 0.74684999170457822
vt 0.51973241023187022 0.74553658488097241
vt 0.53523514632746894 0.74054827879873797
vt 0.55070460614390615 0.73536275320987332
vt 0.56780436949449975 0.73005973104428024
vt 0.50358693701029755 0.76019024874341867
vt 0.52219531252730411 0.76016698573300645
vt 0.53821673888567934 0.75627774625102351
vt 0.55368318082327284 0.75086606869415928
vt 0.57052468485775287 0.74426645658298163
vt 0.80083105185555115 0.46050739598269047
vt 0.79070798761887329 0.47669955464811264
vt 0.77948008662041501 0.49105391752746286
vt 0.76895265128126866 0.50387175445749055
vt 0.75892080497213044 0.5159463724530271
vt 0.82430970695023398 0.48148962746210705
vt 0.81521051785323184 0.49321490153568798
vt 0.80625056749986246 0.50572962085388484
vt 0.79788574779755805 0.51850421967518256
vt 0.78962700880216619 0.53024644722783087
vt 0.81161097034370888 0.4700881979512917
vt 0.80196739950535634 0.48529466285689504
vt 0.79211668927489753 0.49888935541948259
vt 0.78295802218342969 0.51190261588669261
vt 0.77456259706785202 0.52398530145626998
vt 0.88594804092663715 0.49928057007785648
vt 0.5743074103302469 0.75731597522736305
vt 0.84134889229778442 0.53868697728408066
vt 0.82995891001506583 0.54886143605188131
vt 0.59374028530839307 0.75945659296693691
vt 0.6015727782257918 0.77377323260509012
vt 0.84117722141231566 0.56595123101732558
vt 0.86107230825256542 0.569292603406239
vt 0.56824436853354776 0.62952440416203359
vt 0.72365437014789247 0.50777192237090352
vt 0.73616198457530257 0.51646907121288632
vt 0.66492510985259379 0.44643161923755814
vt 0.65710401551791542 0.42656128231339829
vt 0.68721317646134461 0.47635221166672831
vt 0.6548332998354307 0.40582709460454214
vt 0.49014138467443358 0.5183640597207323
vt 0.50484077162738805 0.53362083303393548
vt 0.51672320061925936 0.54652595011392835
vt 0.52928444269973507 0.56098033583564555
vt 0.54051616267460778 0.57544731884834466
vt 0.55207678228454649 0.59314276655317077
vt 0.56144004257805724 0.61125575581856995
vt 0.57261541913190461 0.64480217278296847
vt 0.57468202950241909 0.65581747200698548
vt 0.65796560440003105 0.3836506430931082
vt 0.663021915264836 0.3648418918950817
vt 0.46452530746264925 0.49323142998724928
vt 0.70042732627038229 0.48880057677017241
vt 0.67686044848552129 0.46435836306620387
vt 0.67113532359801964 0.33610794414540918
vt 0.71241219289929769 0.4993673101233797
vt 0.79519446555609541 0.54666043308751777
vt 0.81237389584461206 0.55408998007481214
vt 0.80439132118662171 0.55055194938259622
vt 0.57589815561941604 0.66621453922950646
vt 0.57792002500234352 0.67910625458951435
vt 0.58020799063250683 0.69355910740493465
vt 0.58253416865653218 0.70940659395943972
vt 0.58503956738333918 0.72470768806630326
vt 0.5883153882306007 0.73852212904061398
vt 0.75104821279150658 0.52648245156333962
vt 0.78182815251031323 0.54128156868644728
vt 0.76680784274265101 0.53496779020716234
vt 0.59209993882336176 0.75213988589285463
vt 0.82189958065304225 0.55827013028156336
f 3406/3406 3403/3403 3408/3408
f 3409/3409 3406/3406 3408/3408
f 3739/3739 3406/3406 3409/3409
f 3407/3407 3406/3406 3739/3739
f 4010/4010 4011/4011 4023/4023
f 4026/4026 4010/4010 4023/4023
f 4013/4013 4010/4010 4026/4026
f 4009/4009 4010/4010 4005/4005
f 4006/4006 4009/4009 4005/4005
f 4007/4007 4009/4009 4006/4006
f 4016/4016 4007/4007 4006/4006
f 4027/4027 4026/4026 4023/4023
f 4384/4384 4027/4027 4023/4023
f 4025/4025 4384/4384 4023/4023
f 4012/4012 4007/4007 4016/4016
f 10/10 4330/4330 4327/4327
f 4333/4333 10/10 4334/4334
f 1/1 3697/3697 894/894
f 894/894 3697/3697 3695/3695
f 3695/3695 3697/3697 3696/3696
f 1/1 3698/3698 3697/3697
f 71/71 3478/3478 70/70
f 4572/4572 6038/6038 3485/3485
f 3505/3505 275/275 276/276
f 3809/3809 5495/5495 2061/2061
f 3809/3809 2061/2061 6040/6040
f 3485/3485 5491/5491 3492/3492
f 5491/5491 3499/3499 3492/3492
f 3499/3499 275/275 3505/3505
f 3499/3499 5491/5491 2056/2056
f 3499/3499 2056/2056 275/275
f 6040/6040 4608/4608 3808/3808
f 4129/4129 328/328 329/329
f 4109/4109 6038/6038 4572/4572
f 4129/4129 329/329 4131/4131
f 2837/2837 5864/5864 4465/4465
f 2837/2837 4465/4465 4455/4455
f 4116/4116 5860/5860 4109/4109
f 4116/4116 4123/4123 5860/5860
f 4131/4131 5860/5860 4123/4123
f 4131/4131 329/329 2833/2833
f 4131/4131 2833/2833 5860/5860
f 4464/4464 4608/4608 6040/6040
f 3478/3478 69/69 70/70
f 3812/3812 3478/3478 5494/5494
f 4555/4555 3291/3291 3306/3306
f 3291/3291 4555/4555 4553/4553
f 4552/4552 3305/3305 3292/3292
f 3305/3305 4552/4552 4556/4556
f 3298/3298 3890/3890 3892/3892
f 3892/3892 3295/3295 3298/3298
f 3295/3295 3892/3892 3891/3891
f 3891/3891 3293/3293 3295/3295
f 3293/3293 3891/3891 3889/3889
f 3889/3889 4554/4554 3293/3293
f 4554/4554 3889/3889 4609/4609
f 3890/3890 3300/3300 3299/3299
f 3300/3300 3890/3890 3297/3297
f 3297/3297 3301/3301 3300/3300
f 3301/3301 3297/3297 3296/3296
f 3296/3296 3303/3303 3301/3301
f 3303/3303 3296/3296 3294/3294
f 3303/3303 3292/3292 3305/3305
f 3292/3292 3303/3303 3294/3294
f 898/898 3302/3302 3304/3304
f 898/898 3306/3306 3291/3291
f 3306/3306 898/898 3304/3304
f 3292/3292 3293/3293 4554/4554
f 3293/3293 3292/3292 3294/3294
f 3294/3294 3295/3295 3293/3293
f 3295/3295 3294/3294 3296/3296
f 3296/3296 3298/3298 3295/3295
f 3298/3298 3296/3296 3297/3297
f 3299/3299 3300/3300 899/899
f 3301/3301 899/899 3300/3300
f 899/899 3301/3301 3302/3302
f 3303/3303 3302/3302 3301/3301
f 3302/3302 3303/3303 3304/3304
f 3305/3305 3304/3304 3303/3303
f 3304/3304 3305/3305 3306/3306
f 3306/3306 4556/4556 4555/4555
f 4556/4556 3306/3306 3305/3305
f 901/901 3308/3308 3307/3307
f 3308/3308 901/901 3315/3315
f 3893/3893 900/900 3307/3307
f 3307/3307 3894/3894 3893/3893
f 3894/3894 3307/3307 3308/3308
f 3308/3308 3710/3710 3894/3894
f 3710/3710 3308/3308 3309/3309
f 3309/3309 3711/3711 3710/3710
f 3711/3711 3309/3309 3313/3313
f 3314/3314 4610/4610 3895/3895
f 4610/4610 3314/3314 4557/4557
f 900/900 901/901 3307/3307
f 3315/3315 3309/3309 3308/3308
f 3309/3309 3315/3315 3310/3310
f 3310/3310 3313/3313 3309/3309
f 3313/3313 3310/3310 3311/3311
f 3312/3312 4557/4557 3314/3314
f 4557/4557 3312/3312 4558/4558
f 3312/3312 3313/3313 3311/3311
f 3313/3313 3312/3312 3314/3314
f 3314/3314 3711/3711 3313/3313
f 3711/3711 3314/3314 3895/3895
f 3299/3299 900/900 3890/3890
f 3292/3292 4554/4554 4552/4552
f 3297/3297 3890/3890 3298/3298
f 3345/3345 3377/3377 3347/3347
f 3377/3377 3345/3345 3375/3375
f 3344/3344 3375/3375 3345/3345
f 3375/3375 3344/3344 3374/3374
f 3365/3365 3374/3374 3344/3344
f 3374/3374 3365/3365 3389/3389
f 3388/3388 3389/3389 3365/3365
f 3351/3351 59/59 60/60
f 3385/3385 3383/3383 3390/3390
f 3855/3855 3364/3364 3398/3398
f 3364/3364 3855/3855 3399/3399
f 3849/3849 3870/3870 3354/3354
f 3354/3354 3870/3870 3353/3353
f 3368/3368 3353/3353 3870/3870
f 54/54 3369/3369 53/53
f 53/53 3368/3368 3871/3871
f 3368/3368 53/53 3369/3369
f 3870/3870 3871/3871 3368/3368
f 3866/3866 3387/3387 3863/3863
f 3387/3387 3866/3866 3386/3386
f 3863/3863 3372/3372 3853/3853
f 3372/3372 3863/3863 3387/3387
f 3853/3853 3371/3371 3402/3402
f 3371/3371 3853/3853 3372/3372
f 3402/3402 3370/3370 3850/3850
f 3370/3370 3402/3402 3371/3371
f 293/293 3850/3850 292/292
f 3387/3387 3349/3349 3316/3316
f 3349/3349 3387/3387 3386/3386
f 3316/3316 286/286 287/287
f 286/286 3316/3316 3349/3349
f 59/59 3351/3351 3317/3317
f 3317/3317 3378/3378 3318/3318
f 3378/3378 3317/3317 3351/3351
f 3318/3318 3380/3380 3322/3322
f 3380/3380 3318/3318 3378/3378
f 3322/3322 3380/3380 3391/3391
f 3391/3391 3380/3380 3395/3395
f 3372/3372 3316/3316 3319/3319
f 3316/3316 3372/3372 3387/3387
f 3319/3319 287/287 288/288
f 287/287 3319/3319 3316/3316
f 58/58 3317/3317 3320/3320
f 3317/3317 58/58 59/59
f 3320/3320 3318/3318 3321/3321
f 3318/3318 3320/3320 3317/3317
f 3322/3322 3321/3321 3318/3318
f 3371/3371 3319/3319 3323/3323
f 3319/3319 3371/3371 3372/3372
f 3323/3323 288/288 289/289
f 288/288 3323/3323 3319/3319
f 57/57 3320/3320 3324/3324
f 3320/3320 57/57 58/58
f 3325/3325 3320/3320 3321/3321
f 3320/3320 3325/3325 3324/3324
f 3325/3325 3322/3322 3392/3392
f 3322/3322 3325/3325 3321/3321
f 3391/3391 3392/3392 3322/3322
f 3370/3370 3323/3323 290/290
f 3323/3323 3370/3370 3371/3371
f 56/56 57/57 3328/3328
f 289/289 290/290 3323/3323
f 3328/3328 3324/3324 3327/3327
f 3324/3324 3328/3328 57/57
f 3326/3326 3324/3324 3325/3325
f 3324/3324 3326/3326 3327/3327
f 3392/3392 3326/3326 3325/3325
f 292/292 3370/3370 291/291
f 55/55 56/56 3329/3329
f 290/290 291/291 3370/3370
f 3329/3329 3328/3328 3330/3330
f 3328/3328 3329/3329 56/56
f 3331/3331 3326/3326 3336/3336
f 3326/3326 3331/3331 3327/3327
f 3336/3336 3392/3392 3383/3383
f 3392/3392 3336/3336 3326/3326
f 3330/3330 3327/3327 3331/3331
f 3327/3327 3330/3330 3328/3328
f 3390/3390 3383/3383 3392/3392
f 3369/3369 55/55 3332/3332
f 55/55 3369/3369 54/54
f 3332/3332 3329/3329 3333/3333
f 3329/3329 3332/3332 55/55
f 3333/3333 3330/3330 3334/3334
f 3330/3330 3333/3333 3329/3329
f 3334/3334 3331/3331 3335/3335
f 3331/3331 3334/3334 3330/3330
f 3335/3335 3336/3336 3337/3337
f 3336/3336 3335/3335 3331/3331
f 3368/3368 3332/3332 3338/3338
f 3332/3332 3368/3368 3369/3369
f 3338/3338 3333/3333 3339/3339
f 3333/3333 3338/3338 3332/3332
f 3339/3339 3334/3334 3359/3359
f 3334/3334 3339/3339 3333/3333
f 3359/3359 3335/3335 3358/3358
f 3335/3335 3359/3359 3334/3334
f 3358/3358 3337/3337 3383/3383
f 3337/3337 3358/3358 3335/3335
f 3383/3383 3337/3337 3336/3336
f 3353/3353 3368/3368 3338/3338
f 3353/3353 3339/3339 3355/3355
f 3339/3339 3353/3353 3338/3338
f 3355/3355 3359/3359 3360/3360
f 3359/3359 3355/3355 3339/3339
f 3383/3383 3384/3384 3358/3358
f 3390/3390 3391/3391 3395/3395
f 3849/3849 3356/3356 3341/3341
f 3356/3356 3849/3849 3354/3354
f 3341/3341 3357/3357 3340/3340
f 3357/3357 3341/3341 3356/3356
f 3340/3340 3361/3361 3373/3373
f 3361/3361 3340/3340 3357/3357
f 3385/3385 3373/3373 3361/3361
f 3373/3373 3385/3385 3390/3390
f 3341/3341 3845/3845 3849/3849
f 3845/3845 3340/3340 3373/3373
f 3340/3340 3845/3845 3341/3341
f 3395/3395 3396/3396 3390/3390
f 3396/3396 3397/3397 3373/3373
f 3352/3352 3400/3400 3841/3841
f 3352/3352 3397/3397 3382/3382
f 3396/3396 3382/3382 3397/3397
f 3401/3401 3352/3352 3342/3342
f 3352/3352 3401/3401 3400/3400
f 3381/3381 3352/3352 3382/3382
f 3352/3352 3381/3381 3342/3342
f 3401/3401 3342/3342 3362/3362
f 3367/3367 3342/3342 3381/3381
f 3342/3342 3367/3367 3362/3362
f 3363/3363 3399/3399 3839/3839
f 3399/3399 3366/3366 3388/3388
f 3366/3366 3399/3399 3363/3363
f 3389/3389 3388/3388 3366/3366
f 280/280 281/281 3856/3856
f 65/65 66/66 3398/3398
f 3343/3343 3398/3398 3364/3364
f 3398/3398 3343/3343 65/65
f 3344/3344 3364/3364 3365/3365
f 3364/3364 3344/3344 3343/3343
f 3861/3861 281/281 282/282
f 281/281 3861/3861 3856/3856
f 64/64 3343/3343 63/63
f 3343/3343 64/64 65/65
f 63/63 3344/3344 3345/3345
f 3344/3344 63/63 3343/3343
f 3860/3860 282/282 3346/3346
f 282/282 3860/3860 3861/3861
f 3346/3346 283/283 284/284
f 283/283 3346/3346 282/282
f 62/62 3345/3345 3347/3347
f 3345/3345 62/62 63/63
f 3396/3396 3395/3395 3376/3376
f 3867/3867 3346/3346 3348/3348
f 3346/3346 3867/3867 3860/3860
f 3348/3348 284/284 285/285
f 284/284 3348/3348 3346/3346
f 61/61 3347/3347 3350/3350
f 3347/3347 61/61 62/62
f 3350/3350 3377/3377 3379/3379
f 3377/3377 3350/3350 3347/3347
f 3866/3866 3348/3348 3386/3386
f 3348/3348 3866/3866 3867/3867
f 3386/3386 285/285 3349/3349
f 285/285 3386/3386 3348/3348
f 3349/3349 285/285 286/286
f 3350/3350 60/60 61/61
f 60/60 3350/3350 3351/3351
f 3351/3351 3379/3379 3378/3378
f 3379/3379 3351/3351 3350/3350
f 3381/3381 3394/3394 3389/3389
f 3397/3397 3841/3841 3844/3844
f 3841/3841 3397/3397 3352/3352
f 3357/3357 3360/3360 3361/3361
f 3355/3355 3354/3354 3353/3353
f 3354/3354 3355/3355 3356/3356
f 3360/3360 3356/3356 3355/3355
f 3356/3356 3360/3360 3357/3357
f 3359/3359 3384/3384 3360/3360
f 3384/3384 3359/3359 3358/3358
f 3384/3384 3361/3361 3360/3360
f 3361/3361 3384/3384 3385/3385
f 3362/3362 3366/3366 3363/3363
f 3366/3366 3362/3362 3367/3367
f 3363/3363 3401/3401 3362/3362
f 3401/3401 3363/3363 3839/3839
f 3388/3388 3364/3364 3399/3399
f 3364/3364 3388/3388 3365/3365
f 3389/3389 3367/3367 3381/3381
f 3393/3393 3394/3394 3396/3396
f 3396/3396 3381/3381 3382/3382
f 3381/3381 3396/3396 3394/3394
f 3373/3373 3390/3390 3396/3396
f 3397/3397 3845/3845 3373/3373
f 3845/3845 3397/3397 3844/3844
f 3389/3389 3394/3394 3393/3393
f 3393/3393 3374/3374 3389/3389
f 3376/3376 3393/3393 3396/3396
f 3393/3393 3375/3375 3374/3374
f 3375/3375 3393/3393 3376/3376
f 3376/3376 3377/3377 3375/3375
f 3377/3377 3376/3376 3395/3395
f 3395/3395 3379/3379 3377/3377
f 3379/3379 3395/3395 3380/3380
f 3379/3379 3380/3380 3378/3378
f 3385/3385 3384/3384 3383/3383
f 3392/3392 3391/3391 3390/3390
f 66/66 3855/3855 3398/3398
f 3850/3850 3370/3370 292/292
f 3389/3389 3366/3366 3367/3367
f 3839/3839 3399/3399 3855/3855
f 3841/3841 3400/3400 3842/3842
f 3400/3400 3843/3843 3842/3842
f 3843/3843 3400/3400 3401/3401
f 3401/3401 3839/3839 3840/3840
f 3835/3835 3839/3839 3855/3855
f 3851/3851 3402/3402 3850/3850
f 3402/3402 3851/3851 3852/3852
f 3852/3852 3853/3853 3402/3402
f 3776/3776 3865/3865 3862/3862
f 3708/3708 4601/4601 4590/4590
f 4601/4601 3708/3708 3666/3666
f 3864/3864 3776/3776 3777/3777
f 3776/3776 3864/3864 3865/3865
f 3619/3619 4559/4559 4561/4561
f 4559/4559 3619/3619 3744/3744
f 3665/3665 3555/3555 3549/3549
f 3555/3555 3665/3665 3663/3663
f 4601/4601 3549/3549 4592/4592
f 3549/3549 4601/4601 3665/3665
f 888/888 3632/3632 3633/3633
f 3632/3632 888/888 3510/3510
f 3766/3766 888/888 3633/3633
f 3462/3462 3832/3832 3830/3830
f 3832/3832 3462/3462 3465/3465
f 3462/3462 3464/3464 3465/3465
f 3464/3464 3462/3462 3656/3656
f 3656/3656 3463/3463 3464/3464
f 3463/3463 3656/3656 3653/3653
f 3653/3653 3626/3626 3463/3463
f 3626/3626 3653/3653 3648/3648
f 3648/3648 3729/3729 3626/3626
f 3729/3729 3648/3648 3456/3456
f 3721/3721 3410/3410 3575/3575
f 3410/3410 3721/3721 3601/3601
f 3517/3517 3586/3586 3752/3752
f 3586/3586 3517/3517 3410/3410
f 3737/3737 3600/3600 3721/3721
f 3600/3600 3737/3737 3720/3720
f 3593/3593 3567/3567 3592/3592
f 3567/3567 3593/3593 3580/3580
f 3453/3453 3751/3751 3447/3447
f 3751/3751 3453/3453 3742/3742
f 3752/3752 3743/3743 3517/3517
f 3743/3743 3752/3752 3881/3881
f 3551/3551 3731/3731 3545/3545
f 3731/3731 3551/3551 3550/3550
f 3550/3550 3735/3735 3731/3731
f 3735/3735 3550/3550 3459/3459
f 3459/3459 3734/3734 3735/3735
f 3734/3734 3459/3459 3458/3458
f 3458/3458 3655/3655 3734/3734
f 3655/3655 3458/3458 3654/3654
f 3403/3403 3406/3406 3405/3405
f 3404/3404 3570/3570 3572/3572
f 3662/3662 3709/3709 3660/3660
f 3709/3709 3662/3662 3664/3664
f 3708/3708 3664/3664 3666/3666
f 3664/3664 3708/3708 3709/3709
f 34/34 3703/3703 33/33
f 3703/3703 34/34 3772/3772
f 3769/3769 881/881 3516/3516
f 881/881 3769/3769 880/880
f 3568/3568 3405/3405 3406/3406
f 3405/3405 3568/3568 3570/3570
f 3737/3737 3406/3406 3407/3407
f 3406/3406 3737/3737 3568/3568
f 3719/3719 3739/3739 3409/3409
f 3739/3739 3719/3719 3738/3738
f 3717/3717 3409/3409 3408/3408
f 3409/3409 3717/3717 3719/3719
f 3753/3753 3584/3584 3754/3754
f 3584/3584 3753/3753 3587/3587
f 3448/3448 3749/3749 3426/3426
f 3749/3749 3448/3448 3750/3750
f 3769/3769 4559/4559 3744/3744
f 4559/4559 3769/3769 4581/4581
f 4560/4560 3431/3431 3618/3618
f 3431/3431 4560/4560 4577/4577
f 3619/3619 4560/4560 3618/3618
f 4560/4560 3619/3619 4561/4561
f 3662/3662 3558/3558 3661/3661
f 3558/3558 3662/3662 3658/3658
f 3718/3718 3596/3596 3598/3598
f 3596/3596 3718/3718 3716/3716
f 3598/3598 3720/3720 3718/3718
f 3519/3519 3725/3725 3722/3722
f 3725/3725 3519/3519 3574/3574
f 3724/3724 3569/3569 3737/3737
f 3569/3569 3724/3724 3589/3589
f 3879/3879 3740/3740 3770/3770
f 3740/3740 3879/3879 3878/3878
f 3886/3886 3879/3879 3773/3773
f 3519/3519 3575/3575 3518/3518
f 3575/3575 3519/3519 3722/3722
f 3517/3517 3575/3575 3410/3410
f 3575/3575 3517/3517 3518/3518
f 3587/3587 3752/3752 3586/3586
f 3752/3752 3587/3587 3753/3753
f 3876/3876 3584/3584 3585/3585
f 3584/3584 3876/3876 3754/3754
f 3877/3877 3585/3585 3583/3583
f 3585/3585 3877/3877 3876/3876
f 3877/3877 3740/3740 3878/3878
f 3740/3740 3877/3877 3583/3583
f 3817/3817 3819/3819 3715/3715
f 3819/3819 3817/3817 3818/3818
f 3640/3640 3819/3819 3468/3468
f 3819/3819 3640/3640 3715/3715
f 3672/3672 3638/3638 3671/3671
f 3638/3638 3672/3672 3678/3678
f 3634/3634 3678/3678 3672/3672
f 3678/3678 3634/3634 3677/3677
f 3737/3737 3569/3569 3568/3568
f 27/27 3674/3674 3757/3757
f 3674/3674 27/27 28/28
f 3511/3511 886/886 887/887
f 886/886 3511/3511 3513/3513
f 3512/3512 3513/3513 3511/3511
f 3513/3513 3512/3512 3514/3514
f 4585/4585 3514/3514 3512/3512
f 3514/3514 4585/4585 4584/4584
f 3642/3642 3651/3651 3461/3461
f 3651/3651 3642/3642 3650/3650
f 3642/3642 3466/3466 3650/3650
f 3466/3466 3642/3642 3640/3640
f 3659/3659 900/900 3712/3712
f 900/900 3659/3659 3890/3890
f 3467/3467 3538/3538 3732/3732
f 3538/3538 3467/3467 3472/3472
f 3732/3732 3546/3546 3545/3545
f 3546/3546 3732/3732 3538/3538
f 3460/3460 3624/3624 3457/3457
f 3624/3624 3460/3460 3647/3647
f 3420/3420 3424/3424 3423/3423
f 3424/3424 3420/3420 3425/3425
f 3477/3477 3628/3628 3794/3794
f 3628/3628 3477/3477 3627/3627
f 3536/3536 3529/3529 3531/3531
f 3529/3529 3536/3536 3535/3535
f 3756/3756 3691/3691 3767/3767
f 3669/3669 3689/3689 4562/4562
f 3760/3760 3729/3729 3456/3456
f 3729/3729 3760/3760 3761/3761
f 3700/3700 4/4 3689/3689
f 4/4 3700/3700 3/3
f 3693/3693 16/16 17/17
f 3701/3701 3756/3756 3694/3694
f 3756/3756 3701/3701 3691/3691
f 3613/3613 3690/3690 3692/3692
f 3690/3690 3613/3613 3763/3763
f 3614/3614 3763/3763 3613/3613
f 3763/3763 3614/3614 3762/3762
f 4562/4562 3689/3689 4605/4605
f 4603/4603 3631/3631 3676/3676
f 3631/3631 4603/4603 4587/4587
f 4596/4596 3475/3475 3628/3628
f 3475/3475 4596/4596 4563/4563
f 4563/4563 3530/3530 3475/3475
f 3530/3530 4563/4563 4564/4564
f 4564/4564 3602/3602 3530/3530
f 3602/3602 4564/4564 4595/4595
f 4594/4594 3565/3565 3603/3603
f 3565/3565 4594/4594 4565/4565
f 3564/3564 4565/4565 4593/4593
f 4565/4565 3564/3564 3565/3565
f 4598/4598 3677/3677 3634/3634
f 3677/3677 4598/4598 4604/4604
f 4576/4576 3479/3479 3417/3417
f 3479/3479 4576/4576 4566/4566
f 4566/4566 3480/3480 3479/3479
f 3480/3480 4566/4566 4567/4567
f 4567/4567 3481/3481 3480/3480
f 3481/3481 4567/4567 4568/4568
f 4568/4568 3482/3482 3481/3481
f 3482/3482 4568/4568 4569/4569
f 4569/4569 3483/3483 3482/3482
f 3483/3483 4569/4569 4570/4570
f 4570/4570 3484/3484 3483/3483
f 3484/3484 4570/4570 4571/4571
f 4571/4571 3485/3485 3484/3484
f 3485/3485 4571/4571 4572/4572
f 3791/3791 52/52 3868/3868
f 52/52 3791/3791 51/51
f 3791/3791 3869/3869 3790/3790
f 3869/3869 3791/3791 3868/3868
f 4588/4588 869/869 870/870
f 869/869 4588/4588 4573/4573
f 4573/4573 868/868 869/869
f 868/868 4573/4573 867/867
f 301/301 3411/3411 300/300
f 3411/3411 301/301 4574/4574
f 4574/4574 3412/3412 3411/3411
f 3412/3412 4574/4574 4575/4575
f 4575/4575 3417/3417 3412/3412
f 3417/3417 4575/4575 4576/4576
f 44/44 3413/3413 3621/3621
f 3413/3413 44/44 45/45
f 45/45 47/47 3413/3413
f 47/47 45/45 46/46
f 300/300 3414/3414 299/299
f 3414/3414 300/300 3411/3411
f 3411/3411 3415/3415 3414/3414
f 3415/3415 3411/3411 3412/3412
f 3412/3412 3416/3416 3415/3415
f 3416/3416 3412/3412 3417/3417
f 3621/3621 3421/3421 3620/3620
f 3421/3421 3621/3621 3413/3413
f 3413/3413 48/48 3421/3421
f 48/48 3413/3413 47/47
f 299/299 3418/3418 298/298
f 3418/3418 299/299 3414/3414
f 3414/3414 3609/3609 3418/3418
f 3609/3609 3414/3414 3415/3415
f 3415/3415 3608/3608 3609/3609
f 3608/3608 3415/3415 3416/3416
f 3620/3620 3421/3421 3442/3442
f 3607/3607 3493/3493 3606/3606
f 3493/3493 3607/3607 3608/3608
f 3608/3608 3486/3486 3493/3493
f 3486/3486 3608/3608 3416/3416
f 3416/3416 3479/3479 3486/3486
f 3479/3479 3416/3416 3417/3417
f 3421/3421 49/49 3422/3422
f 49/49 3421/3421 48/48
f 298/298 3419/3419 297/297
f 3419/3419 298/298 3418/3418
f 3418/3418 3607/3607 3419/3419
f 3607/3607 3418/3418 3609/3609
f 3422/3422 50/50 3789/3789
f 50/50 3422/3422 49/49
f 297/297 3781/3781 296/296
f 3781/3781 297/297 3419/3419
f 3419/3419 3779/3779 3781/3781
f 3779/3779 3419/3419 3607/3607
f 3423/3423 3453/3453 3447/3447
f 3453/3453 3423/3423 3451/3451
f 3447/3447 3420/3420 3423/3423
f 3420/3420 3447/3447 3448/3448
f 3420/3420 3426/3426 3432/3432
f 3426/3426 3420/3420 3448/3448
f 3437/3437 3420/3420 3432/3432
f 3420/3420 3437/3437 3425/3425
f 3437/3437 3442/3442 3425/3425
f 3442/3442 3437/3437 3443/3443
f 3421/3421 3424/3424 3442/3442
f 3424/3424 3421/3421 3422/3422
f 3422/3422 3451/3451 3424/3424
f 3451/3451 3422/3422 3789/3789
f 3749/3749 3427/3427 3426/3426
f 3427/3427 3749/3749 3748/3748
f 3748/3748 3428/3428 3427/3427
f 3428/3428 3748/3748 3611/3611
f 3611/3611 3430/3430 3428/3428
f 3430/3430 3611/3611 3612/3612
f 3612/3612 3429/3429 3430/3430
f 3429/3429 3612/3612 3610/3610
f 3610/3610 39/39 3429/3429
f 39/39 3610/3610 38/38
f 876/876 3431/3431 875/875
f 3431/3431 876/876 3618/3618
f 3426/3426 3433/3433 3432/3432
f 3433/3433 3426/3426 3427/3427
f 3427/3427 3434/3434 3433/3433
f 3434/3434 3427/3427 3428/3428
f 3428/3428 3435/3435 3434/3434
f 3435/3435 3428/3428 3430/3430
f 3430/3430 40/40 3435/3435
f 40/40 3430/3430 3429/3429
f 875/875 3436/3436 874/874
f 3436/3436 875/875 3431/3431
f 3431/3431 4578/4578 3436/3436
f 4578/4578 3431/3431 4577/4577
f 3432/3432 3438/3438 3437/3437
f 3438/3438 3432/3432 3433/3433
f 3433/3433 3439/3439 3438/3438
f 3439/3439 3433/3433 3434/3434
f 3434/3434 3440/3440 3439/3439
f 3440/3440 3434/3434 3435/3435
f 3435/3435 41/41 3440/3440
f 41/41 3435/3435 40/40
f 874/874 3441/3441 873/873
f 3441/3441 874/874 3436/3436
f 3436/3436 4579/4579 3441/3441
f 4579/4579 3436/3436 4578/4578
f 3437/3437 3444/3444 3443/3443
f 3444/3444 3437/3437 3438/3438
f 3438/3438 3445/3445 3444/3444
f 3445/3445 3438/3438 3439/3439
f 3439/3439 3446/3446 3445/3445
f 3446/3446 3439/3439 3440/3440
f 3440/3440 42/42 3446/3446
f 42/42 3440/3440 41/41
f 872/872 873/873 3441/3441
f 3441/3441 4580/4580 872/872
f 4580/4580 3441/3441 4579/4579
f 3443/3443 3620/3620 3442/3442
f 3620/3620 3443/3443 3444/3444
f 3444/3444 3622/3622 3620/3620
f 3622/3622 3444/3444 3445/3445
f 3622/3622 3445/3445 3446/3446
f 3446/3446 43/43 3622/3622
f 43/43 3446/3446 42/42
f 872/872 4589/4589 871/871
f 4589/4589 872/872 4580/4580
f 3750/3750 3447/3447 3751/3751
f 3447/3447 3750/3750 3448/3448
f 3769/3769 4582/4582 4581/4581
f 4582/4582 3769/3769 3516/3516
f 3516/3516 4591/4591 4582/4582
f 4606/4606 4591/4591 3713/3713
f 3714/3714 4583/4583 4607/4607
f 4583/4583 3714/3714 3515/3515
f 3515/3515 4584/4584 4583/4583
f 4584/4584 3515/3515 3514/3514
f 3512/3512 4586/4586 4585/4585
f 4586/4586 3512/3512 3630/3630
f 3630/3630 4587/4587 4586/4586
f 4587/4587 3630/3630 3631/3631
f 871/871 4588/4588 870/870
f 4588/4588 871/871 4589/4589
f 3641/3641 3838/3838 3797/3797
f 3838/3838 3641/3641 3604/3604
f 3837/3837 3604/3604 3795/3795
f 3604/3604 3837/3837 3838/3838
f 3784/3784 3848/3848 3846/3846
f 3848/3848 3784/3784 3449/3449
f 3449/3449 3869/3869 3848/3848
f 3869/3869 3449/3449 3790/3790
f 3816/3816 3812/3812 5494/5494
f 3812/3812 3816/3816 3455/3455
f 3478/3478 3812/3812 3813/3813
f 3782/3782 3810/3810 3811/3811
f 3810/3810 3782/3782 68/68
f 278/278 279/279 3858/3858
f 67/67 68/68 3782/3782
f 69/69 3478/3478 3813/3813
f 277/277 278/278 3502/3502
f 68/68 69/69 3810/3810
f 278/278 3777/3777 3502/3502
f 3777/3777 278/278 3858/3858
f 3789/3789 3452/3452 3451/3451
f 3452/3452 3789/3789 3790/3790
f 3790/3790 3450/3450 3452/3452
f 3450/3450 3790/3790 3449/3449
f 3449/3449 3785/3785 3450/3450
f 3785/3785 3449/3449 3784/3784
f 3796/3796 3831/3831 3788/3788
f 3831/3831 3796/3796 3795/3795
f 3795/3795 3461/3461 3831/3831
f 3461/3461 3795/3795 3604/3604
f 3830/3830 3461/3461 3651/3651
f 3461/3461 3830/3830 3831/3831
f 3832/3832 3788/3788 3831/3831
f 3788/3788 3832/3832 3787/3787
f 3786/3786 3450/3450 3785/3785
f 3450/3450 3786/3786 3520/3520
f 3520/3520 3452/3452 3450/3450
f 3452/3452 3520/3520 3741/3741
f 3742/3742 3452/3452 3741/3741
f 3452/3452 3742/3742 3453/3453
f 3820/3820 3821/3821 3470/3470
f 3797/3797 3715/3715 3641/3641
f 3715/3715 3797/3797 3817/3817
f 3824/3824 3470/3470 3821/3821
f 3470/3470 3824/3824 3822/3822
f 3817/3817 3833/3833 3828/3828
f 3833/3833 3817/3817 3797/3797
f 3783/3783 3827/3827 3829/3829
f 3827/3827 3783/3783 3454/3454
f 3454/3454 3825/3825 3827/3827
f 3825/3825 3454/3454 3455/3455
f 3455/3455 3823/3823 3825/3825
f 3823/3823 3455/3455 3816/3816
f 3811/3811 3783/3783 3782/3782
f 3783/3783 3811/3811 3454/3454
f 3455/3455 3811/3811 3812/3812
f 3811/3811 3455/3455 3454/3454
f 3762/3762 3643/3643 3688/3688
f 3643/3643 3762/3762 3759/3759
f 3674/3674 3525/3525 3679/3679
f 3525/3525 3674/3674 28/28
f 28/28 29/29 3525/3525
f 885/885 886/886 3513/3513
f 3511/3511 3766/3766 3629/3629
f 3766/3766 3511/3511 887/887
f 3625/3625 3760/3760 3456/3456
f 3760/3760 3625/3625 3644/3644
f 3639/3639 3626/3626 3730/3730
f 3626/3626 3639/3639 3524/3524
f 3456/3456 3649/3649 3625/3625
f 3649/3649 3456/3456 3648/3648
f 3523/3523 3626/3626 3524/3524
f 3626/3626 3523/3523 3463/3463
f 3457/3457 3625/3625 3649/3649
f 3625/3625 3457/3457 3624/3624
f 3460/3460 3727/3727 3647/3647
f 3727/3727 3460/3460 3557/3557
f 3457/3457 3654/3654 3458/3458
f 3654/3654 3457/3457 3649/3649
f 3458/3458 3460/3460 3457/3457
f 3460/3460 3458/3458 3459/3459
f 3557/3557 3459/3459 3550/3550
f 3459/3459 3557/3557 3460/3460
f 3468/3468 3466/3466 3640/3640
f 3466/3466 3468/3468 3467/3467
f 3733/3733 3466/3466 3736/3736
f 3466/3466 3733/3733 3650/3650
f 3641/3641 3461/3461 3604/3604
f 3461/3461 3641/3641 3642/3642
f 3651/3651 3462/3462 3830/3830
f 3462/3462 3651/3651 3652/3652
f 3652/3652 3656/3656 3462/3462
f 3656/3656 3652/3652 3655/3655
f 3464/3464 3523/3523 3522/3522
f 3523/3523 3464/3464 3463/3463
f 3522/3522 3465/3465 3464/3464
f 3465/3465 3522/3522 3521/3521
f 3521/3521 3832/3832 3465/3465
f 3832/3832 3521/3521 3787/3787
f 3467/3467 3736/3736 3466/3466
f 3736/3736 3467/3467 3732/3732
f 3467/3467 3471/3471 3472/3472
f 3471/3471 3467/3467 3468/3468
f 3819/3819 3471/3471 3468/3468
f 3471/3471 3819/3819 3820/3820
f 3538/3538 3800/3800 3801/3801
f 3800/3800 3538/3538 3472/3472
f 3470/3470 3469/3469 3473/3473
f 3469/3469 3470/3470 3822/3822
f 3814/3814 3822/3822 3823/3823
f 3822/3822 3814/3814 3469/3469
f 3816/3816 5494/5494 3815/3815
f 3473/3473 3802/3802 3800/3800
f 3802/3802 3473/3473 3469/3469
f 3469/3469 3804/3804 3802/3802
f 3804/3804 3469/3469 3814/3814
f 3814/3814 3806/3806 3804/3804
f 3806/3806 3814/3814 3815/3815
f 3815/3815 5495/5495 3806/3806
f 2059/2059 3815/3815 5494/5494
f 5495/5495 3815/3815 2059/2059
f 3470/3470 3471/3471 3820/3820
f 3471/3471 3470/3470 3473/3473
f 3473/3473 3472/3472 3471/3471
f 3472/3472 3473/3473 3800/3800
f 3531/3531 3475/3475 3530/3530
f 3475/3475 3531/3531 3793/3793
f 3805/3805 3474/3474 3526/3526
f 3474/3474 3805/3805 3807/3807
f 3474/3474 3527/3527 3526/3526
f 3527/3527 3474/3474 3476/3476
f 3476/3476 3528/3528 3527/3527
f 3528/3528 3476/3476 3792/3792
f 3528/3528 3793/3793 3529/3529
f 3793/3793 3528/3528 3792/3792
f 3476/3476 3798/3798 3477/3477
f 3798/3798 3476/3476 3474/3474
f 3474/3474 3809/3809 3798/3798
f 3809/3809 3474/3474 3807/3807
f 3628/3628 3793/3793 3794/3794
f 3793/3793 3628/3628 3475/3475
f 3792/3792 3477/3477 3794/3794
f 3477/3477 3792/3792 3476/3476
f 3477/3477 3808/3808 3627/3627
f 3808/3808 3477/3477 3799/3799
f 3627/3627 4608/4608 4597/4597
f 4608/4608 3627/3627 3808/3808
f 3479/3479 3487/3487 3486/3486
f 3487/3487 3479/3479 3480/3480
f 3480/3480 3488/3488 3487/3487
f 3488/3488 3480/3480 3481/3481
f 3481/3481 3490/3490 3488/3488
f 3490/3490 3481/3481 3482/3482
f 3482/3482 3489/3489 3490/3490
f 3489/3489 3482/3482 3483/3483
f 3483/3483 3491/3491 3489/3489
f 3491/3491 3483/3483 3484/3484
f 3484/3484 3492/3492 3491/3491
f 3492/3492 3484/3484 3485/3485
f 2054/2054 3485/3485 6038/6038
f 5491/5491 3485/3485 2054/2054
f 3486/3486 3494/3494 3493/3493
f 3494/3494 3486/3486 3487/3487
f 3487/3487 3495/3495 3494/3494
f 3495/3495 3487/3487 3488/3488
f 3488/3488 3496/3496 3495/3495
f 3496/3496 3488/3488 3490/3490
f 3490/3490 3498/3498 3496/3496
f 3498/3498 3490/3490 3489/3489
f 3491/3491 3499/3499 3497/3497
f 3499/3499 3491/3491 3492/3492
f 3505/3505 3497/3497 3499/3499
f 3497/3497 3505/3505 3504/3504
f 3493/3493 3605/3605 3606/3606
f 3605/3605 3493/3493 3494/3494
f 3494/3494 3500/3500 3605/3605
f 3500/3500 3494/3494 3495/3495
f 3495/3495 3501/3501 3500/3500
f 3501/3501 3495/3495 3496/3496
f 3496/3496 3503/3503 3501/3501
f 3503/3503 3496/3496 3498/3498
f 3498/3498 3504/3504 3503/3503
f 3504/3504 3498/3498 3497/3497
f 3605/3605 3776/3776 3778/3778
f 3776/3776 3605/3605 3500/3500
f 3500/3500 3777/3777 3776/3776
f 3777/3777 3500/3500 3501/3501
f 3501/3501 3502/3502 3777/3777
f 3502/3502 3501/3501 3503/3503
f 3503/3503 277/277 3502/3502
f 277/277 3503/3503 3504/3504
f 3504/3504 276/276 277/277
f 276/276 3504/3504 3505/3505
f 3659/3659 3892/3892 3890/3890
f 3892/3892 3659/3659 3660/3660
f 3660/3660 3709/3709 3892/3892
f 4609/4609 3708/3708 4590/4590
f 900/900 3706/3706 3726/3726
f 900/900 3705/3705 3706/3706
f 3705/3705 900/900 3893/3893
f 3893/3893 3506/3506 3705/3705
f 3506/3506 3893/3893 3894/3894
f 3894/3894 3507/3507 3506/3506
f 3507/3507 3894/3894 3710/3710
f 3710/3710 3635/3635 3507/3507
f 3635/3635 3710/3710 3711/3711
f 3645/3645 3726/3726 3707/3707
f 3705/3705 3686/3686 3704/3704
f 3686/3686 3705/3705 3506/3506
f 3506/3506 3508/3508 3686/3686
f 3508/3508 3506/3506 3507/3507
f 3507/3507 3636/3636 3508/3508
f 3636/3636 3507/3507 3635/3635
f 4599/4599 3637/3637 4600/4600
f 3645/3645 3688/3688 3643/3643
f 3688/3688 3645/3645 3707/3707
f 3686/3686 3755/3755 3756/3756
f 3755/3755 3686/3686 3508/3508
f 3508/3508 3673/3673 3755/3755
f 3673/3673 3508/3508 3636/3636
f 4599/4599 4602/4602 3673/3673
f 3692/3692 23/23 3613/3613
f 23/23 3692/3692 22/22
f 892/892 3615/3615 891/891
f 892/892 3617/3617 3615/3615
f 3617/3617 892/892 3699/3699
f 3699/3699 3670/3670 3617/3617
f 3670/3670 3699/3699 3700/3700
f 3762/3762 3509/3509 3764/3764
f 3509/3509 3762/3762 3614/3614
f 3614/3614 25/25 3509/3509
f 25/25 3614/3614 24/24
f 890/890 3510/3510 889/889
f 3510/3510 890/890 3616/3616
f 3623/3623 3510/3510 3616/3616
f 3510/3510 3623/3623 3632/3632
f 3509/3509 26/26 3765/3765
f 26/26 3509/3509 25/25
f 3687/3687 3707/3707 3704/3704
f 3707/3707 3687/3687 3688/3688
f 3768/3768 3685/3685 3767/3767
f 3685/3685 3768/3768 3687/3687
f 3673/3673 3693/3693 3755/3755
f 16/16 3693/3693 3673/3673
f 5/5 3689/3689 4/4
f 3675/3675 3676/3676 3631/3631
f 3630/3630 3511/3511 3629/3629
f 3511/3511 3630/3630 3512/3512
f 3514/3514 885/885 3513/3513
f 885/885 3514/3514 3515/3515
f 3515/3515 884/884 885/885
f 884/884 3515/3515 3714/3714
f 3713/3713 882/882 883/883
f 882/882 3713/3713 4591/4591
f 4591/4591 881/881 882/882
f 881/881 4591/4591 3516/3516
f 3876/3876 3875/3875 3754/3754
f 3743/3743 3518/3518 3517/3517
f 3518/3518 3743/3743 3741/3741
f 3741/3741 3519/3519 3518/3518
f 3519/3519 3741/3741 3520/3520
f 3520/3520 3574/3574 3519/3519
f 3574/3574 3520/3520 3786/3786
f 3787/3787 3576/3576 3574/3574
f 3576/3576 3787/3787 3521/3521
f 3521/3521 3577/3577 3576/3576
f 3577/3577 3521/3521 3522/3522
f 3522/3522 3578/3578 3577/3577
f 3578/3578 3522/3522 3523/3523
f 3523/3523 3579/3579 3578/3578
f 3579/3579 3523/3523 3524/3524
f 3524/3524 3581/3581 3579/3579
f 3581/3581 3524/3524 3639/3639
f 3639/3639 3682/3682 3581/3581
f 3682/3682 3639/3639 3680/3680
f 3681/3681 3525/3525 3582/3582
f 3525/3525 3681/3681 3679/3679
f 3525/3525 30/30 3582/3582
f 30/30 3525/3525 29/29
f 3582/3582 31/31 3684/3684
f 31/31 3582/3582 30/30
f 3803/3803 3526/3526 3532/3532
f 3526/3526 3803/3803 3805/3805
f 3526/3526 3533/3533 3532/3532
f 3533/3533 3526/3526 3527/3527
f 3527/3527 3534/3534 3533/3533
f 3534/3534 3527/3527 3528/3528
f 3528/3528 3535/3535 3534/3534
f 3535/3535 3528/3528 3529/3529
f 3531/3531 3602/3602 3537/3537
f 3602/3602 3531/3531 3530/3530
f 3801/3801 3532/3532 3539/3539
f 3532/3532 3801/3801 3803/3803
f 3532/3532 3540/3540 3539/3539
f 3540/3540 3532/3532 3533/3533
f 3533/3533 3541/3541 3540/3540
f 3541/3541 3533/3533 3534/3534
f 3534/3534 3542/3542 3541/3541
f 3542/3542 3534/3534 3535/3535
f 3535/3535 3543/3543 3542/3542
f 3543/3543 3535/3535 3536/3536
f 3536/3536 3544/3544 3543/3543
f 3544/3544 3536/3536 3537/3537
f 3537/3537 3603/3603 3544/3544
f 3603/3603 3537/3537 3602/3602
f 3538/3538 3539/3539 3546/3546
f 3539/3539 3538/3538 3801/3801
f 3539/3539 3547/3547 3546/3546
f 3547/3547 3539/3539 3540/3540
f 3540/3540 3548/3548 3547/3547
f 3548/3548 3540/3540 3541/3541
f 3541/3541 3560/3560 3548/3548
f 3560/3560 3541/3541 3542/3542
f 3542/3542 3562/3562 3560/3560
f 3562/3562 3542/3542 3543/3543
f 3543/3543 3566/3566 3562/3562
f 3566/3566 3543/3543 3544/3544
f 3544/3544 3565/3565 3566/3566
f 3565/3565 3544/3544 3603/3603
f 3546/3546 3552/3552 3545/3545
f 3552/3552 3546/3546 3547/3547
f 3547/3547 3553/3553 3552/3552
f 3553/3553 3547/3547 3548/3548
f 3548/3548 3554/3554 3553/3553
f 3554/3554 3548/3548 3560/3560
f 3560/3560 3556/3556 3554/3554
f 3556/3556 3560/3560 3561/3561
f 3561/3561 3555/3555 3556/3556
f 3555/3555 3561/3561 3563/3563
f 3563/3563 3549/3549 3555/3555
f 3549/3549 3563/3563 3564/3564
f 3564/3564 4592/4592 3549/3549
f 4592/4592 3564/3564 4593/4593
f 3550/3550 3668/3668 3557/3557
f 3668/3668 3550/3550 3551/3551
f 3551/3551 3667/3667 3668/3668
f 3667/3667 3551/3551 3552/3552
f 3552/3552 3559/3559 3667/3667
f 3559/3559 3552/3552 3553/3553
f 3554/3554 3559/3559 3553/3553
f 3559/3559 3554/3554 3558/3558
f 3554/3554 3661/3661 3558/3558
f 3661/3661 3554/3554 3556/3556
f 3556/3556 3663/3663 3661/3661
f 3663/3663 3556/3556 3555/3555
f 3727/3727 3557/3557 3668/3668
f 3667/3667 3657/3657 3728/3728
f 3657/3657 3667/3667 3559/3559
f 3559/3559 3658/3658 3657/3657
f 3658/3658 3559/3559 3558/3558
f 3562/3562 3563/3563 3561/3561
f 3563/3563 3562/3562 3566/3566
f 3566/3566 3564/3564 3563/3563
f 3564/3564 3566/3566 3565/3565
f 3589/3589 3571/3571 3569/3569
f 3571/3571 3589/3589 3591/3591
f 3591/3591 3572/3572 3571/3571
f 3572/3572 3591/3591 3592/3592
f 3592/3592 3573/3573 3572/3572
f 3573/3573 3592/3592 3567/3567
f 3569/3569 3570/3570 3568/3568
f 3570/3570 3569/3569 3571/3571
f 3571/3571 3572/3572 3570/3570
f 3588/3588 3574/3574 3576/3576
f 3574/3574 3588/3588 3725/3725
f 3722/3722 3721/3721 3575/3575
f 3721/3721 3722/3722 3723/3723
f 3576/3576 3590/3590 3588/3588
f 3590/3590 3576/3576 3577/3577
f 3577/3577 3594/3594 3590/3590
f 3594/3594 3577/3577 3578/3578
f 3578/3578 3593/3593 3594/3594
f 3593/3593 3578/3578 3579/3579
f 3579/3579 3580/3580 3593/3593
f 3580/3580 3579/3579 3581/3581
f 3581/3581 3683/3683 3580/3580
f 3683/3683 3581/3581 3682/3682
f 3582/3582 3774/3774 3681/3681
f 3774/3774 3582/3582 3684/3684
f 3740/3740 3595/3595 896/896
f 3595/3595 3740/3740 3583/3583
f 3583/3583 3597/3597 3595/3595
f 3597/3597 3583/3583 3585/3585
f 3585/3585 3599/3599 3597/3597
f 3599/3599 3585/3585 3584/3584
f 3601/3601 3587/3587 3586/3586
f 3587/3587 3601/3601 3599/3599
f 3724/3724 3590/3590 3589/3589
f 3590/3590 3724/3724 3588/3588
f 3590/3590 3591/3591 3589/3589
f 3591/3591 3590/3590 3594/3594
f 3594/3594 3592/3592 3591/3591
f 3592/3592 3594/3594 3593/3593
f 3596/3596 3595/3595 3597/3597
f 3597/3597 3598/3598 3596/3596
f 3598/3598 3597/3597 3599/3599
f 3599/3599 3600/3600 3598/3598
f 3600/3600 3599/3599 3601/3601
f 3603/3603 4595/4595 4594/4594
f 4595/4595 3603/3603 3602/3602
f 3612/3612 3745/3745 3610/3610
f 3745/3745 3612/3612 3746/3746
f 3779/3779 3605/3605 3778/3778
f 3605/3605 3779/3779 3606/3606
f 37/37 3610/3610 3745/3745
f 3610/3610 37/37 38/38
f 3746/3746 3611/3611 3747/3747
f 3611/3611 3746/3746 3612/3612
f 24/24 3613/3613 23/23
f 3613/3613 24/24 3614/3614
f 3616/3616 891/891 3615/3615
f 891/891 3616/3616 890/890
f 3623/3623 3615/3615 3617/3617
f 3615/3615 3623/3623 3616/3616
f 3671/3671 3617/3617 3670/3670
f 3617/3617 3671/3671 3623/3623
f 3619/3619 876/876 877/877
f 876/876 3619/3619 3618/3618
f 43/43 3621/3621 3622/3622
f 3621/3621 43/43 44/44
f 3632/3632 3671/3671 3638/3638
f 3671/3671 3632/3632 3623/3623
f 3762/3762 3764/3764 3759/3759
f 3625/3625 3646/3646 3644/3644
f 3646/3646 3625/3625 3624/3624
f 3628/3628 4597/4597 4596/4596
f 4597/4597 3628/3628 3627/3627
f 3675/3675 3630/3630 3629/3629
f 3630/3630 3675/3675 3631/3631
f 3632/3632 3638/3638 3633/3633
f 4562/4562 3634/3634 3669/3669
f 3634/3634 4562/4562 4598/4598
f 3895/3895 3635/3635 3711/3711
f 3635/3635 3895/3895 3637/3637
f 3637/3637 3636/3636 3635/3635
f 3636/3636 3637/3637 4599/4599
f 3673/3673 3636/3636 4599/4599
f 3638/3638 3678/3678 3675/3675
f 3730/3730 3680/3680 3639/3639
f 3680/3680 3730/3730 3758/3758
f 3642/3642 3715/3715 3640/3640
f 3715/3715 3642/3642 3641/3641
f 3760/3760 3643/3643 3759/3759
f 3643/3643 3760/3760 3644/3644
f 3644/3644 3645/3645 3643/3643
f 3645/3645 3644/3644 3646/3646
f 3646/3646 3726/3726 3645/3645
f 3726/3726 3646/3646 3647/3647
f 3654/3654 3648/3648 3653/3653
f 3648/3648 3654/3654 3649/3649
f 3652/3652 3650/3650 3733/3733
f 3650/3650 3652/3652 3651/3651
f 3733/3733 3655/3655 3652/3652
f 3655/3655 3733/3733 3734/3734
f 3656/3656 3654/3654 3653/3653
f 3654/3654 3656/3656 3655/3655
f 3728/3728 3712/3712 900/900
f 3712/3712 3728/3728 3657/3657
f 3659/3659 3657/3657 3658/3658
f 3657/3657 3659/3659 3712/3712
f 3660/3660 3658/3658 3662/3662
f 3658/3658 3660/3660 3659/3659
f 3664/3664 3661/3661 3663/3663
f 3661/3661 3664/3664 3662/3662
f 3666/3666 3663/3663 3665/3665
f 3663/3663 3666/3666 3664/3664
f 3665/3665 4601/4601 3666/3666
f 3668/3668 3728/3728 3727/3727
f 3728/3728 3668/3668 3667/3667
f 3670/3670 3689/3689 3669/3669
f 3689/3689 3670/3670 3700/3700
f 3672/3672 3670/3670 3669/3669
f 3670/3670 3672/3672 3671/3671
f 3763/3763 3768/3768 3690/3690
f 15/15 3673/3673 4602/4602
f 3673/3673 15/15 16/16
f 3756/3756 3755/3755 3693/3693
f 3693/3693 3694/3694 3756/3756
f 3679/3679 3758/3758 3674/3674
f 3758/3758 3679/3679 3680/3680
f 4604/4604 3676/3676 3677/3677
f 3676/3676 4604/4604 4603/4603
f 3678/3678 3676/3676 3675/3675
f 3676/3676 3678/3678 3677/3677
f 3682/3682 3679/3679 3681/3681
f 3679/3679 3682/3682 3680/3680
f 3683/3683 3681/3681 3774/3774
f 3681/3681 3683/3683 3682/3682
f 3702/3702 3774/3774 3684/3684
f 3774/3774 3702/3702 3775/3775
f 3684/3684 32/32 3702/3702
f 32/32 3684/3684 31/31
f 3690/3690 3767/3767 3691/3691
f 3767/3767 3690/3690 3768/3768
f 3756/3756 3767/3767 3685/3685
f 3686/3686 3685/3685 3704/3704
f 3685/3685 3686/3686 3756/3756
f 3768/3768 3688/3688 3687/3687
f 3688/3688 3768/3768 3763/3763
f 4605/4605 3689/3689 5/5
f 3692/3692 3701/3701 21/21
f 21/21 22/22 3692/3692
f 892/892 893/893 3696/3696
f 892/892 3696/3696 3697/3697
f 3697/3697 3699/3699 892/892
f 3693/3693 17/17 18/18
f 18/18 3694/3694 3693/3693
f 3694/3694 18/18 19/19
f 19/19 3701/3701 3694/3694
f 20/20 21/21 3701/3701
f 893/893 894/894 3695/3695
f 3695/3695 3696/3696 893/893
f 3698/3698 3699/3699 3697/3697
f 3701/3701 19/19 20/20
f 32/32 3703/3703 3702/3702
f 3703/3703 32/32 33/33
f 3707/3707 3705/3705 3704/3704
f 3705/3705 3707/3707 3706/3706
f 4609/4609 3889/3889 3708/3708
f 3891/3891 3708/3708 3889/3889
f 3708/3708 3891/3891 3709/3709
f 3892/3892 3709/3709 3891/3891
f 4607/4607 3713/3713 3714/3714
f 3713/3713 4607/4607 4606/4606
f 3714/3714 883/883 884/884
f 883/883 3714/3714 3713/3713
f 3718/3718 3717/3717 3716/3716
f 3717/3717 3718/3718 3719/3719
f 3737/3737 3738/3738 3720/3720
f 3725/3725 3723/3723 3722/3722
f 3723/3723 3725/3725 3724/3724
f 900/900 3726/3726 3727/3727
f 3728/3728 900/900 3727/3727
f 3761/3761 3730/3730 3729/3729
f 3730/3730 3761/3761 3758/3758
f 3732/3732 3735/3735 3736/3736
f 3735/3735 3732/3732 3731/3731
f 3736/3736 3734/3734 3733/3733
f 3734/3734 3736/3736 3735/3735
f 3751/3751 3743/3743 3881/3881
f 3743/3743 3751/3751 3742/3742
f 3744/3744 879/879 3769/3769
f 879/879 3744/3744 878/878
f 3745/3745 36/36 37/37
f 36/36 3745/3745 3873/3873
f 3746/3746 3873/3873 3745/3745
f 3873/3873 3746/3746 3872/3872
f 3747/3747 3872/3872 3746/3746
f 3872/3872 3747/3747 3874/3874
f 3748/3748 3874/3874 3747/3747
f 3874/3874 3748/3748 3888/3888
f 3749/3749 3888/3888 3748/3748
f 3888/3888 3749/3749 3887/3887
f 3750/3750 3887/3887 3749/3749
f 3887/3887 3750/3750 3880/3880
f 3751/3751 3880/3880 3750/3750
f 3880/3880 3751/3751 3881/3881
f 3753/3753 3881/3881 3752/3752
f 3881/3881 3753/3753 3880/3880
f 3754/3754 3880/3880 3753/3753
f 3880/3880 3754/3754 3875/3875
f 3757/3757 26/26 27/27
f 26/26 3757/3757 3765/3765
f 3758/3758 3765/3765 3757/3757
f 3765/3765 3758/3758 3761/3761
f 3760/3760 3764/3764 3761/3761
f 3764/3764 3760/3760 3759/3759
f 34/34 35/35 3886/3886
f 879/879 880/880 3769/3769
f 3771/3771 3879/3879 3770/3770
f 3879/3879 3771/3771 3773/3773
f 34/34 3886/3886 3773/3773
f 3780/3780 294/294 295/295
f 294/294 3780/3780 3851/3851
f 3778/3778 3854/3854 3852/3852
f 3854/3854 3776/3776 3862/3862
f 3776/3776 3854/3854 3778/3778
f 3778/3778 3851/3851 3780/3780
f 3851/3851 3778/3778 3852/3852
f 3859/3859 3864/3864 3777/3777
f 3779/3779 3780/3780 3781/3781
f 3780/3780 3779/3779 3778/3778
f 295/295 3781/3781 3780/3780
f 3781/3781 295/295 296/296
f 3783/3783 3834/3834 3857/3857
f 3834/3834 3783/3783 3829/3829
f 3783/3783 67/67 3782/3782
f 67/67 3783/3783 3857/3857
f 3847/3847 3784/3784 3846/3846
f 3784/3784 3847/3847 3796/3796
f 3796/3796 3785/3785 3784/3784
f 3785/3785 3796/3796 3788/3788
f 3788/3788 3786/3786 3785/3785
f 3786/3786 3788/3788 3787/3787
f 3791/3791 3789/3789 50/50
f 3789/3789 3791/3791 3790/3790
f 3796/3796 3837/3837 3795/3795
f 3837/3837 3796/3796 3836/3836
f 3799/3799 3809/3809 6040/6040
f 3809/3809 3799/3799 3798/3798
f 6040/6040 3808/3808 3799/3799
f 3803/3803 3800/3800 3802/3802
f 3800/3800 3803/3803 3801/3801
f 3805/3805 3802/3802 3804/3804
f 3802/3802 3805/3805 3803/3803
f 3807/3807 3804/3804 3806/3806
f 3804/3804 3807/3807 3805/3805
f 3809/3809 3806/3806 5495/5495
f 3806/3806 3809/3809 3807/3807
f 3813/3813 3811/3811 3810/3810
f 3811/3811 3813/3813 3812/3812
f 3816/3816 3814/3814 3823/3823
f 3814/3814 3816/3816 3815/3815
f 3818/3818 3828/3828 3826/3826
f 3828/3828 3818/3818 3817/3817
f 3821/3821 3826/3826 3824/3824
f 3826/3826 3821/3821 3818/3818
f 3821/3821 3819/3819 3818/3818
f 3819/3819 3821/3821 3820/3820
f 3825/3825 3822/3822 3824/3824
f 3822/3822 3825/3825 3823/3823
f 3827/3827 3824/3824 3826/3826
f 3824/3824 3827/3827 3825/3825
f 3829/3829 3826/3826 3828/3828
f 3826/3826 3829/3829 3827/3827
f 3834/3834 3828/3828 3833/3833
f 3828/3828 3834/3834 3829/3829
f 3849/3849 3846/3846 3848/3848
f 3846/3846 3849/3849 3845/3845
f 3858/3858 3856/3856 3861/3861
f 3856/3856 3858/3858 279/279
f 3857/3857 3835/3835 3855/3855
f 3835/3835 3857/3857 3834/3834
f 3839/3839 3834/3834 3833/3833
f 3834/3834 3839/3839 3835/3835
f 3841/3841 3847/3847 3844/3844
f 3847/3847 3841/3841 3836/3836
f 3842/3842 3836/3836 3841/3841
f 3836/3836 3842/3842 3837/3837
f 3843/3843 3837/3837 3842/3842
f 3837/3837 3843/3843 3838/3838
f 3847/3847 3845/3845 3844/3844
f 3845/3845 3847/3847 3846/3846
f 3860/3860 3864/3864 3859/3859
f 3864/3864 3860/3860 3867/3867
f 3870/3870 3848/3848 3869/3869
f 3848/3848 3870/3870 3849/3849
f 53/53 3868/3868 52/52
f 3868/3868 53/53 3871/3871
f 3850/3850 294/294 3851/3851
f 294/294 3850/3850 293/293
f 3853/3853 3852/3852 3854/3854
f 3854/3854 3863/3863 3853/3853
f 3863/3863 3854/3854 3862/3862
f 279/279 280/280 3856/3856
f 66/66 67/67 3857/3857
f 3861/3861 3859/3859 3858/3858
f 3859/3859 3861/3861 3860/3860
f 3866/3866 3862/3862 3865/3865
f 3862/3862 3866/3866 3863/3863
f 3867/3867 3865/3865 3864/3864
f 3865/3865 3867/3867 3866/3866
f 3871/3871 3869/3869 3868/3868
f 3869/3869 3871/3871 3870/3870
f 3873/3873 3882/3882 36/36
f 3882/3882 3873/3873 3883/3883
f 3885/3885 3872/3872 3874/3874
f 3872/3872 3885/3885 3884/3884
f 3873/3873 3884/3884 3883/3883
f 3884/3884 3873/3873 3872/3872
f 3874/3874 3888/3888 3885/3885
f 3887/3887 3880/3880 3875/3875
f 3876/3876 3887/3887 3875/3875
f 3887/3887 3876/3876 3888/3888
f 3877/3877 3888/3888 3876/3876
f 3888/3888 3877/3877 3885/3885
f 3878/3878 3885/3885 3877/3877
f 3885/3885 3878/3878 3884/3884
f 3879/3879 3884/3884 3878/3878
f 3884/3884 3879/3879 3883/3883
f 3886/3886 3883/3883 3879/3879
f 3882/3882 3886/3886 35/35
f 3883/3883 3886/3886 3882/3882
f 3619/3619 877/877 878/878
f 878/878 3744/3744 3619/3619
f 1/1 2/2 3700/3700
f 1/1 3700/3700 3699/3699
f 3838/3838 3843/3843 3840/3840
f 3833/3833 3838/3838 3840/3840
f 3833/3833 3840/3840 3839/3839
f 3401/3401 3840/3840 3843/3843
f 3700/3700 2/2 3/3
f 3698/3698 1/1 3699/3699
f 3498/3498 3489/3489 3491/3491
f 3726/3726 3706/3706 3707/3707
f 3766/3766 3633/3633 3638/3638
f 3725/3725 3588/3588 3724/3724
f 3601/3601 3586/3586 3410/3410
f 3599/3599 3584/3584 3587/3587
f 3598/3598 3600/3600 3720/3720
f 40/40 3429/3429 39/39
f 3719/3719 3718/3718 3720/3720
f 3551/3551 3545/3545 3552/3552
f 3737/3737 3407/3407 3739/3739
f 3796/3796 3847/3847 3836/3836
f 3629/3629 3638/3638 3675/3675
f 3737/3737 3723/3723 3724/3724
f 3773/3773 3772/3772 34/34
f 3531/3531 3537/3537 3536/3536
f 3758/3758 3757/3757 3674/3674
f 3574/3574 3786/3786 3787/3787
f 3451/3451 3423/3423 3424/3424
f 3424/3424 3425/3425 3442/3442
f 3810/3810 69/69 3813/3813
f 3858/3858 3859/3859 3777/3777
f 3453/3453 3451/3451 3452/3452
f 3647/3647 3646/3646 3624/3624
f 3799/3799 3477/3477 3798/3798
f 2057/2057 5494/5494 3478/3478
f 71/71 2057/2057 3478/3478
f 3491/3491 3497/3497 3498/3498
f 4610/4610 3637/3637 3895/3895
f 3704/3704 3685/3685 3687/3687
f 3509/3509 3765/3765 3764/3764
f 888/888 889/889 3510/3510
f 3629/3629 3766/3766 3638/3638
f 3763/3763 3762/3762 3688/3688
f 3529/3529 3793/3793 3531/3531
f 3731/3731 3732/3732 3545/3545
f 3560/3560 3562/3562 3561/3561
f 3600/3600 3601/3601 3721/3721
f 3779/3779 3607/3607 3606/3606
f 3607/3607 3609/3609 3608/3608
f 3748/3748 3747/3747 3611/3611
f 3669/3669 3634/3634 3672/3672
f 3620/3620 3622/3622 3621/3621
f 3730/3730 3626/3626 3729/3729
f 4610/4610 4600/4600 3637/3637
f 3727/3727 3726/3726 3647/3647
f 3701/3701 3692/3692 3690/3690
f 3690/3690 3691/3691 3701/3701
f 3738/3738 3719/3719 3720/3720
f 3723/3723 3737/3737 3721/3721
f 3737/3737 3739/3739 3738/3738
f 3741/3741 3743/3743 3742/3742
f 888/888 3766/3766 887/887
f 3761/3761 3764/3764 3765/3765
f 3791/3791 50/50 51/51
f 3792/3792 3794/3794 3793/3793
f 3838/3838 3833/3833 3797/3797
f 3830/3830 3832/3832 3831/3831
f 66/66 3857/3857 3855/3855
f 36/36 3882/3882 35/35
f 4129/4129 4128/4128 328/328
f 5863/5863 840/840 841/841
f 3909/3909 902/902 4555/4555
f 4553/4553 4555/4555 902/902
f 3896/3896 3908/3908 4552/4552
f 4556/4556 4552/4552 3908/3908
f 3903/3903 3902/3902 4546/4546
f 4548/4548 4546/4546 3902/3902
f 3902/3902 3899/3899 4548/4548
f 4547/4547 4548/4548 3899/3899
f 3899/3899 3897/3897 4547/4547
f 4545/4545 4547/4547 3897/3897
f 3897/3897 4554/4554 4545/4545
f 4609/4609 4545/4545 4554/4554
f 4546/4546 4551/4551 3903/3903
f 3901/3901 3903/3903 3905/3905
f 3905/3905 3906/3906 3901/3901
f 3900/3900 3901/3901 3906/3906
f 3906/3906 3907/3907 3900/3900
f 3898/3898 3900/3900 3907/3907
f 3908/3908 3896/3896 3907/3907
f 3898/3898 3907/3907 3896/3896
f 4554/4554 3897/3897 3896/3896
f 3898/3898 3896/3896 3897/3897
f 3897/3897 3899/3899 3898/3898
f 3900/3900 3898/3898 3899/3899
f 3899/3899 3902/3902 3900/3900
f 3901/3901 3900/3900 3902/3902
f 3903/3903 4551/4551 3904/3904
f 3903/3903 3904/3904 3905/3905
f 3909/3909 3908/3908 3907/3907
f 4555/4555 4556/4556 3909/3909
f 3908/3908 3909/3909 4556/4556
f 3913/3913 3914/3914 903/903
f 3910/3910 4551/4551 4549/4549
f 4549/4549 3911/3911 3910/3910
f 3912/3912 3911/3911 4348/4348
f 4348/4348 4349/4349 3912/3912
f 3916/3916 3912/3912 4349/4349
f 4550/4550 4610/4610 3917/3917
f 4557/4557 3917/3917 4610/4610
f 3911/3911 3912/3912 3918/3918
f 3913/3913 3918/3918 3912/3912
f 3912/3912 3916/3916 3913/3913
f 3914/3914 3913/3913 3916/3916
f 3917/3917 4557/4557 3915/3915
f 4558/4558 3915/3915 4557/4557
f 3914/3914 3916/3916 3915/3915
f 3917/3917 3915/3915 3916/3916
f 3916/3916 4349/4349 3917/3917
f 4550/4550 3917/3917 4349/4349
f 4552/4552 4554/4554 3896/3896
f 3902/3902 3903/3903 3901/3901
f 3954/3954 3983/3983 3951/3951
f 3981/3981 3951/3951 3983/3983
f 3951/3951 3981/3981 3948/3948
f 320/320 3948/3948 3981/3981
f 3948/3948 320/320 321/321
f 3994/3994 847/847 848/848
f 847/847 3994/3994 3993/3993
f 3958/3958 3920/3920 3960/3960
f 851/851 852/852 3990/3990
f 4000/4000 322/322 323/323
f 4001/4001 845/845 846/846
f 3963/3963 4524/4524 4503/4503
f 3962/3962 4524/4524 3963/3963
f 4524/4524 3962/3962 3975/3975
f 309/309 310/310 3976/3976
f 4525/4525 3975/3975 859/859
f 858/858 859/859 3975/3975
f 3975/3975 4525/4525 4524/4524
f 4517/4517 3992/3992 4520/4520
f 3991/3991 4520/4520 3992/3992
f 4507/4507 3979/3979 4517/4517
f 3992/3992 4517/4517 3979/3979
f 4004/4004 3978/3978 4507/4507
f 3979/3979 4507/4507 3978/3978
f 4504/4504 3977/3977 4004/4004
f 3978/3978 4004/4004 3977/3977
f 3976/3976 4504/4504 309/309
f 3919/3919 3956/3956 3992/3992
f 3991/3991 3992/3992 3956/3956
f 3920/3920 3958/3958 3919/3919
f 3956/3956 3919/3919 3958/3958
f 3921/3921 3960/3960 3920/3920
f 3922/3922 3984/3984 3921/3921
f 3960/3960 3921/3921 3984/3984
f 3927/3927 3986/3986 3922/3922
f 3984/3984 3922/3922 3986/3986
f 3995/3995 3986/3986 3927/3927
f 3998/3998 3986/3986 3995/3995
f 3923/3923 3919/3919 3979/3979
f 3992/3992 3979/3979 3919/3919
f 3924/3924 3920/3920 3923/3923
f 3919/3919 3923/3923 3920/3920
f 3925/3925 3921/3921 3924/3924
f 3920/3920 3924/3924 3921/3921
f 3926/3926 3922/3922 3925/3925
f 3921/3921 3925/3925 3922/3922
f 3922/3922 3926/3926 3927/3927
f 3928/3928 3923/3923 3978/3978
f 3979/3979 3978/3978 3923/3923
f 3929/3929 3924/3924 3928/3928
f 3923/3923 3928/3928 3924/3924
f 3930/3930 3925/3925 3929/3929
f 3924/3924 3929/3929 3925/3925
f 3926/3926 3925/3925 3931/3931
f 3930/3930 3931/3931 3925/3925
f 3996/3996 3927/3927 3931/3931
f 3926/3926 3931/3931 3927/3927
f 3927/3927 3996/3996 3995/3995
f 3932/3932 3928/3928 3977/3977
f 3978/3978 3977/3977 3928/3928
f 3935/3935 3929/3929 3932/3932
f 3928/3928 3932/3932 3929/3929
f 3934/3934 3930/3930 3935/3935
f 3929/3929 3935/3935 3930/3930
f 3931/3931 3930/3930 3933/3933
f 3934/3934 3933/3933 3930/3930
f 3931/3931 3933/3933 3996/3996
f 3936/3936 3977/3977 3976/3976
f 3937/3937 3932/3932 3936/3936
f 3977/3977 3936/3936 3932/3932
f 3938/3938 3935/3935 3937/3937
f 3932/3932 3937/3937 3935/3935
f 3940/3940 3933/3933 3939/3939
f 3934/3934 3939/3939 3933/3933
f 316/316 3996/3996 3940/3940
f 3933/3933 3940/3940 3996/3996
f 3939/3939 3934/3934 3938/3938
f 3935/3935 3938/3938 3934/3934
f 3996/3996 316/316 317/317
f 311/311 3936/3936 310/310
f 3976/3976 310/310 3936/3936
f 312/312 3937/3937 311/311
f 3936/3936 311/311 3937/3937
f 313/313 3938/3938 312/312
f 3937/3937 312/312 3938/3938
f 314/314 3939/3939 313/313
f 3938/3938 313/313 3939/3939
f 315/315 3940/3940 314/314
f 3939/3939 314/314 3940/3940
f 3941/3941 857/857 3975/3975
f 858/858 3975/3975 857/857
f 3942/3942 856/856 3941/3941
f 857/857 3941/3941 856/856
f 3968/3968 855/855 3942/3942
f 856/856 3942/3942 855/855
f 3967/3967 854/854 3968/3968
f 855/855 3968/3968 854/854
f 852/852 853/853 3967/3967
f 854/854 3967/3967 853/853
f 3940/3940 315/315 316/316
f 3941/3941 3975/3975 3962/3962
f 3964/3964 3942/3942 3962/3962
f 3941/3941 3962/3962 3942/3942
f 3969/3969 3968/3968 3964/3964
f 3942/3942 3964/3964 3968/3968
f 3967/3967 3989/3989 852/852
f 3998/3998 3995/3995 317/317
f 3944/3944 3965/3965 4503/4503
f 3963/3963 4503/4503 3965/3965
f 3943/3943 3966/3966 3944/3944
f 3965/3965 3944/3944 3966/3966
f 3980/3980 3970/3970 3943/3943
f 3966/3966 3943/3943 3970/3970
f 3970/3970 3980/3980 3990/3990
f 851/851 3990/3990 3980/3980
f 4503/4503 4499/4499 3944/3944
f 3980/3980 3943/3943 4499/4499
f 3944/3944 4499/4499 3943/3943
f 317/317 318/318 3998/3998
f 3980/3980 3999/3999 850/850
f 4495/4495 4002/4002 3961/3961
f 3988/3988 3999/3999 3961/3961
f 3999/3999 3988/3988 850/850
f 3945/3945 3961/3961 4003/4003
f 4002/4002 4003/4003 3961/3961
f 3988/3988 3961/3961 3987/3987
f 3945/3945 3987/3987 3961/3961
f 3971/3971 3945/3945 4003/4003
f 3987/3987 3945/3945 3974/3974
f 3971/3971 3974/3974 3945/3945
f 4493/4493 4001/4001 3972/3972
f 3993/3993 3973/3973 4001/4001
f 3972/3972 4001/4001 3973/3973
f 3973/3973 3993/3993 3994/3994
f 4509/4509 3946/3946 4510/4510
f 4000/4000 4510/4510 3946/3946
f 322/322 4000/4000 3947/3947
f 3946/3946 3947/3947 4000/4000
f 321/321 322/322 3948/3948
f 3947/3947 3948/3948 322/322
f 3949/3949 3946/3946 4515/4515
f 4509/4509 4515/4515 3946/3946
f 3950/3950 3947/3947 3949/3949
f 3946/3946 3949/3949 3947/3947
f 3951/3951 3948/3948 3950/3950
f 3947/3947 3950/3950 3948/3948
f 3952/3952 3949/3949 4514/4514
f 4515/4515 4514/4514 3949/3949
f 3953/3953 3950/3950 3952/3952
f 3949/3949 3952/3952 3950/3950
f 3954/3954 3951/3951 3953/3953
f 3950/3950 3953/3953 3951/3951
f 3982/3982 3998/3998 318/318
f 3955/3955 3952/3952 4521/4521
f 4514/4514 4521/4521 3952/3952
f 3957/3957 3953/3953 3955/3955
f 3952/3952 3955/3955 3953/3953
f 3959/3959 3954/3954 3957/3957
f 3953/3953 3957/3957 3954/3954
f 3985/3985 3983/3983 3959/3959
f 3954/3954 3959/3959 3983/3983
f 3991/3991 3955/3955 4520/4520
f 4521/4521 4520/4520 3955/3955
f 3956/3956 3957/3957 3991/3991
f 3955/3955 3991/3991 3957/3957
f 3958/3958 3957/3957 3956/3956
f 3957/3957 3958/3958 3959/3959
f 3960/3960 3959/3959 3958/3958
f 3984/3984 3985/3985 3960/3960
f 3959/3959 3960/3960 3985/3985
f 3994/3994 3997/3997 3987/3987
f 4498/4498 4495/4495 3999/3999
f 3961/3961 3999/3999 4495/4495
f 3970/3970 3969/3969 3966/3966
f 3962/3962 3963/3963 3964/3964
f 3965/3965 3964/3964 3963/3963
f 3964/3964 3965/3965 3969/3969
f 3966/3966 3969/3969 3965/3965
f 3969/3969 3989/3989 3968/3968
f 3967/3967 3968/3968 3989/3989
f 3969/3969 3970/3970 3989/3989
f 3990/3990 3989/3989 3970/3970
f 3972/3972 3973/3973 3971/3971
f 3974/3974 3971/3971 3973/3973
f 3971/3971 4003/4003 3972/3972
f 4493/4493 3972/3972 4003/4003
f 4001/4001 846/846 3993/3993
f 847/847 3993/3993 846/846
f 3987/3987 3974/3974 3994/3994
f 850/850 3997/3997 849/849
f 3988/3988 3987/3987 850/850
f 3997/3997 850/850 3987/3987
f 850/850 851/851 3980/3980
f 3980/3980 4499/4499 3999/3999
f 4498/4498 3999/3999 4499/4499
f 849/849 3997/3997 3994/3994
f 3994/3994 848/848 849/849
f 318/318 319/319 3982/3982
f 320/320 3981/3981 319/319
f 3982/3982 319/319 3981/3981
f 3981/3981 3983/3983 3982/3982
f 3998/3998 3982/3982 3983/3983
f 3983/3983 3985/3985 3998/3998
f 3986/3986 3998/3998 3985/3985
f 3984/3984 3986/3986 3985/3985
f 852/852 3989/3989 3990/3990
f 317/317 3995/3995 3996/3996
f 4000/4000 323/323 4510/4510
f 3976/3976 3977/3977 4504/4504
f 3974/3974 3973/3973 3994/3994
f 845/845 4001/4001 4493/4493
f 4496/4496 4002/4002 4495/4495
f 4496/4496 4497/4497 4002/4002
f 4003/4003 4002/4002 4497/4497
f 4003/4003 4497/4497 4494/4494
f 845/845 4493/4493 4489/4489
f 4504/4504 4004/4004 4505/4505
f 4506/4506 4505/4505 4004/4004
f 4004/4004 4507/4507 4506/4506
f 4516/4516 4519/4519 4433/4433
f 4590/4590 4601/4601 4346/4346
f 4301/4301 4346/4346 4601/4601
f 4434/4434 4433/4433 4518/4518
f 4519/4519 4518/4518 4433/4433
f 4561/4561 4559/4559 4252/4252
f 4390/4390 4252/4252 4559/4559
f 4177/4177 4183/4183 4300/4300
f 4298/4298 4300/4300 4183/4183
f 4592/4592 4177/4177 4601/4601
f 4300/4300 4601/4601 4177/4177
f 4268/4268 4267/4267 4415/4415
f 4136/4136 4415/4415 4267/4267
f 4268/4268 4415/4415 4414/4414
f 4484/4484 4486/4486 4087/4087
f 4090/4090 4087/4087 4486/4486
f 4090/4090 4089/4089 4087/4087
f 4291/4291 4087/4087 4089/4089
f 4089/4089 4088/4088 4291/4291
f 4288/4288 4291/4291 4088/4088
f 4088/4088 4261/4261 4288/4288
f 4283/4283 4288/4288 4261/4261
f 4261/4261 4374/4374 4283/4283
f 4081/4081 4283/4283 4374/4374
f 4203/4203 4028/4028 4366/4366
f 4231/4231 4366/4366 4028/4028
f 4399/4399 4214/4214 4144/4144
f 4028/4028 4144/4144 4214/4214
f 4366/4366 4230/4230 4382/4382
f 4365/4365 4382/4382 4230/4230
f 4220/4220 4195/4195 4221/4221
f 4208/4208 4221/4221 4195/4195
f 4070/4070 4398/4398 4077/4077
f 4388/4388 4077/4077 4398/4398
f 4144/4144 4389/4389 4399/4399
f 4537/4537 4399/4399 4389/4389
f 4195/4195 4200/4200 4208/4208
f 4318/4318 4208/4208 4200/4200
f 4200/4200 4201/4201 4318/4318
f 4426/4426 4318/4318 4201/4201
f 4201/4201 4355/4355 4426/4426
f 4427/4427 4426/4426 4355/4355
f 4173/4173 4376/4376 4179/4179
f 4178/4178 4179/4179 4376/4376
f 4376/4376 4380/4380 4178/4178
f 4084/4084 4178/4178 4380/4380
f 4380/4380 4379/4379 4084/4084
f 4083/4083 4084/4084 4379/4379
f 4379/4379 4290/4290 4083/4083
f 4289/4289 4083/4083 4290/4290
f 4006/4006 4005/4005 4015/4015
f 4014/4014 4015/4015 4005/4005
f 4015/4015 4016/4016 4006/4006
f 4008/4008 4007/4007 4017/4017
f 4012/4012 4017/4017 4007/4007
f 4009/4009 4008/4008 4018/4018
f 4017/4017 4018/4018 4008/4008
f 4010/4010 4009/4009 4019/4019
f 4018/4018 4019/4019 4009/4009
f 4011/4011 4010/4010 4021/4021
f 4019/4019 4021/4021 4010/4010
f 4021/4021 4023/4023 4011/4011
f 4223/4223 4428/4428 4431/4431
f 4018/4018 4200/4200 4199/4199
f 4199/4199 4198/4198 4018/4018
f 4020/4020 4018/4018 4198/4198
f 4198/4198 4022/4022 4020/4020
f 4295/4295 4347/4347 4297/4297
f 4299/4299 4297/4297 4347/4347
f 4301/4301 4299/4299 4346/4346
f 4347/4347 4346/4346 4299/4299
f 4339/4339 4425/4425 4430/4430
f 4431/4431 4430/4430 4425/4425
f 4425/4425 4355/4355 4431/4431
f 4340/4340 4339/4339 4422/4422
f 4421/4421 4422/4422 4339/4339
f 4143/4143 4340/4340 4418/4418
f 4422/4422 4418/4418 4340/4340
f 4013/4013 4026/4026 4360/4360
f 4362/4362 4360/4360 4026/4026
f 4014/4014 4013/4013 4359/4359
f 4360/4360 4359/4359 4013/4013
f 4015/4015 4014/4014 4357/4357
f 4359/4359 4357/4357 4014/4014
f 4016/4016 4015/4015 4223/4223
f 4357/4357 4223/4223 4015/4015
f 4223/4223 4355/4355 4016/4016
f 4017/4017 4355/4355 4200/4200
f 4200/4200 4018/4018 4017/4017
f 4019/4019 4018/4018 4020/4020
f 4021/4021 4019/4019 4022/4022
f 4020/4020 4022/4022 4019/4019
f 4023/4023 4021/4021 4024/4024
f 4022/4022 4024/4024 4021/4021
f 4025/4025 4023/4023 4382/4382
f 4024/4024 4382/4382 4023/4023
f 4027/4027 4384/4384 4364/4364
f 4383/4383 4364/4364 4384/4384
f 4026/4026 4027/4027 4362/4362
f 4364/4364 4362/4362 4027/4027
f 4401/4401 4212/4212 4400/4400
f 4215/4215 4400/4400 4212/4212
f 4045/4045 4396/4396 4071/4071
f 4397/4397 4071/4071 4396/4396
f 4201/4201 4200/4200 4355/4355
f 4390/4390 4559/4559 4418/4418
f 4581/4581 4418/4418 4559/4559
f 4251/4251 4051/4051 4560/4560
f 4577/4577 4560/4560 4051/4051
f 4251/4251 4560/4560 4252/4252
f 4561/4561 4252/4252 4560/4560
f 4296/4296 4186/4186 4297/4297
f 4293/4293 4297/4297 4186/4186
f 4226/4226 4224/4224 4361/4361
f 4228/4228 4226/4226 4363/4363
f 4361/4361 4363/4363 4226/4226
f 4363/4363 4365/4365 4228/4228
f 4367/4367 4370/4370 4146/4146
f 4202/4202 4146/4146 4370/4370
f 4382/4382 4196/4196 4369/4369
f 4217/4217 4369/4369 4196/4196
f 4419/4419 4386/4386 4534/4534
f 4533/4533 4534/4534 4386/4386
f 4423/4423 4534/4534 4542/4542
f 4145/4145 4203/4203 4146/4146
f 4367/4367 4146/4146 4203/4203
f 4028/4028 4203/4203 4144/4144
f 4145/4145 4144/4144 4203/4203
f 4214/4214 4399/4399 4215/4215
f 4400/4400 4215/4215 4399/4399
f 4213/4213 4212/4212 4531/4531
f 4401/4401 4531/4531 4212/4212
f 4211/4211 4213/4213 4532/4532
f 4531/4531 4532/4532 4213/4213
f 4533/4533 4386/4386 4532/4532
f 4211/4211 4532/4532 4386/4386
f 4356/4356 4473/4473 4471/4471
f 4472/4472 4471/4471 4473/4473
f 4093/4093 4473/4473 4275/4275
f 4356/4356 4275/4275 4473/4473
f 4306/4306 4273/4273 4307/4307
f 4313/4313 4307/4307 4273/4273
f 4307/4307 4313/4313 4269/4269
f 4312/4312 4269/4269 4313/4313
f 4024/4024 4196/4196 4382/4382
f 4405/4405 4309/4309 4404/4404
f 4080/4080 4404/4404 4309/4309
f 4404/4404 4080/4080 4138/4138
f 4140/4140 4138/4138 4080/4080
f 4138/4138 4140/4140 4139/4139
f 4141/4141 4139/4139 4140/4140
f 4139/4139 4141/4141 4585/4585
f 4584/4584 4585/4585 4141/4141
f 4086/4086 4286/4286 4277/4277
f 4285/4285 4277/4277 4286/4286
f 4285/4285 4091/4091 4277/4277
f 4275/4275 4277/4277 4091/4091
f 4350/4350 4551/4551 4294/4294
f 4546/4546 4294/4294 4551/4551
f 4377/4377 4166/4166 4092/4092
f 4097/4097 4092/4092 4166/4166
f 4173/4173 4174/4174 4377/4377
f 4166/4166 4377/4377 4174/4174
f 4082/4082 4259/4259 4085/4085
f 4282/4282 4085/4085 4259/4259
f 4042/4042 4043/4043 4039/4039
f 4044/4044 4039/4039 4043/4043
f 4450/4450 4263/4263 4102/4102
f 4262/4262 4102/4102 4263/4263
f 4159/4159 4157/4157 4164/4164
f 4163/4163 4164/4164 4157/4157
f 4416/4416 4326/4326 4403/4403
f 4562/4562 4324/4324 4304/4304
f 4081/4081 4374/4374 4408/4408
f 4409/4409 4408/4408 4374/4374
f 4324/4324 6/6 4335/4335
f 7/7 4335/4335 6/6
f 13/13 14/14 4328/4328
f 4329/4329 4403/4403 4336/4336
f 4326/4326 4336/4336 4403/4403
f 4327/4327 4325/4325 4243/4243
f 4411/4411 4243/4243 4325/4325
f 4243/4243 4411/4411 4244/4244
f 4410/4410 4244/4244 4411/4411
f 4605/4605 4324/4324 4562/4562
f 4311/4311 4266/4266 4603/4603
f 4587/4587 4603/4603 4266/4266
f 4263/4263 4100/4100 4596/4596
f 4563/4563 4596/4596 4100/4100
f 4100/4100 4158/4158 4563/4563
f 4564/4564 4563/4563 4158/4158
f 4158/4158 4232/4232 4564/4564
f 4595/4595 4564/4564 4232/4232
f 4233/4233 4193/4193 4594/4594
f 4565/4565 4594/4594 4193/4193
f 4593/4593 4565/4565 4192/4192
f 4193/4193 4192/4192 4565/4565
f 4269/4269 4312/4312 4598/4598
f 4604/4604 4598/4598 4312/4312
f 4036/4036 4103/4103 4576/4576
f 4566/4566 4576/4576 4103/4103
f 4103/4103 4104/4104 4566/4566
f 4567/4567 4566/4566 4104/4104
f 4104/4104 4105/4105 4567/4567
f 4568/4568 4567/4567 4105/4105
f 4105/4105 4106/4106 4568/4568
f 4569/4569 4568/4568 4106/4106
f 4106/4106 4107/4107 4569/4569
f 4570/4570 4569/4569 4107/4107
f 4107/4107 4108/4108 4570/4570
f 4571/4571 4570/4570 4108/4108
f 4108/4108 4109/4109 4571/4571
f 4572/4572 4571/4571 4109/4109
f 4522/4522 860/860 4447/4447
f 861/861 4447/4447 860/860
f 4446/4446 4523/4523 4447/4447
f 4522/4522 4447/4447 4523/4523
f 4253/4253 4029/4029 4588/4588
f 4573/4573 4588/4588 4029/4029
f 4029/4029 866/866 4573/4573
f 867/867 4573/4573 866/866
f 302/302 4030/4030 301/301
f 4574/4574 301/301 4030/4030
f 4030/4030 4031/4031 4574/4574
f 4575/4575 4574/4574 4031/4031
f 4031/4031 4036/4036 4575/4575
f 4576/4576 4575/4575 4036/4036
f 4256/4256 4032/4032 4253/4253
f 4029/4029 4253/4253 4032/4032
f 4032/4032 865/865 4029/4029
f 866/866 4029/4029 865/865
f 303/303 4033/4033 302/302
f 4030/4030 302/302 4033/4033
f 4033/4033 4034/4034 4030/4030
f 4031/4031 4030/4030 4034/4034
f 4034/4034 4035/4035 4031/4031
f 4036/4036 4031/4031 4035/4035
f 4255/4255 4040/4040 4256/4256
f 4032/4032 4256/4256 4040/4040
f 4040/4040 864/864 4032/4032
f 865/865 4032/4032 864/864
f 304/304 4037/4037 303/303
f 4033/4033 303/303 4037/4037
f 4037/4037 4239/4239 4033/4033
f 4034/4034 4033/4033 4239/4239
f 4239/4239 4238/4238 4034/4034
f 4035/4035 4034/4034 4238/4238
f 4064/4064 4040/4040 4255/4255
f 4236/4236 4117/4117 4237/4237
f 4238/4238 4237/4237 4117/4117
f 4117/4117 4110/4110 4238/4238
f 4035/4035 4238/4238 4110/4110
f 4110/4110 4103/4103 4035/4035
f 4036/4036 4035/4035 4103/4103
f 4041/4041 863/863 4040/4040
f 864/864 4040/4040 863/863
f 305/305 4038/4038 304/304
f 4037/4037 304/304 4038/4038
f 4038/4038 4237/4237 4037/4037
f 4239/4239 4037/4037 4237/4237
f 4445/4445 862/862 4041/4041
f 863/863 4041/4041 862/862
f 306/306 4438/4438 305/305
f 4038/4038 305/305 4438/4438
f 4438/4438 4436/4436 4038/4038
f 4237/4237 4038/4038 4436/4436
f 4070/4070 4077/4077 4042/4042
f 4075/4075 4042/4042 4077/4077
f 4042/4042 4039/4039 4070/4070
f 4071/4071 4070/4070 4039/4039
f 4052/4052 4045/4045 4039/4039
f 4071/4071 4039/4039 4045/4045
f 4052/4052 4039/4039 4058/4058
f 4044/4044 4058/4058 4039/4039
f 4044/4044 4064/4064 4058/4058
f 4065/4065 4058/4058 4064/4064
f 4064/4064 4043/4043 4040/4040
f 4041/4041 4040/4040 4043/4043
f 4043/4043 4075/4075 4041/4041
f 4445/4445 4041/4041 4075/4075
f 4045/4045 4046/4046 4396/4396
f 4395/4395 4396/4396 4046/4046
f 4046/4046 4047/4047 4395/4395
f 4241/4241 4395/4395 4047/4047
f 4047/4047 4049/4049 4241/4241
f 4242/4242 4241/4241 4049/4049
f 4049/4049 4048/4048 4242/4242
f 4240/4240 4242/4242 4048/4048
f 4048/4048 4050/4050 4240/4240
f 4250/4250 4240/4240 4050/4050
f 4050/4050 4051/4051 4250/4250
f 4251/4251 4250/4250 4051/4051
f 4052/4052 4053/4053 4045/4045
f 4046/4046 4045/4045 4053/4053
f 4053/4053 4054/4054 4046/4046
f 4047/4047 4046/4046 4054/4054
f 4054/4054 4055/4055 4047/4047
f 4049/4049 4047/4047 4055/4055
f 4055/4055 4056/4056 4049/4049
f 4048/4048 4049/4049 4056/4056
f 4056/4056 4057/4057 4050/4050
f 4051/4051 4050/4050 4057/4057
f 4057/4057 4578/4578 4051/4051
f 4577/4577 4051/4051 4578/4578
f 4058/4058 4059/4059 4052/4052
f 4053/4053 4052/4052 4059/4059
f 4059/4059 4060/4060 4053/4053
f 4054/4054 4053/4053 4060/4060
f 4060/4060 4061/4061 4054/4054
f 4055/4055 4054/4054 4061/4061
f 4061/4061 4062/4062 4055/4055
f 4056/4056 4055/4055 4062/4062
f 4062/4062 4063/4063 4056/4056
f 4057/4057 4056/4056 4063/4063
f 4063/4063 4579/4579 4057/4057
f 4578/4578 4057/4057 4579/4579
f 4065/4065 4066/4066 4058/4058
f 4059/4059 4058/4058 4066/4066
f 4066/4066 4067/4067 4059/4059
f 4060/4060 4059/4059 4067/4067
f 4067/4067 4068/4068 4060/4060
f 4061/4061 4060/4060 4068/4068
f 4068/4068 4069/4069 4061/4061
f 4062/4062 4061/4061 4069/4069
f 4063/4063 4062/4062 4069/4069
f 4069/4069 4580/4580 4063/4063
f 4579/4579 4063/4063 4580/4580
f 4064/4064 4255/4255 4065/4065
f 4066/4066 4065/4065 4255/4255
f 4255/4255 4257/4257 4066/4066
f 4067/4067 4066/4066 4257/4257
f 4068/4068 4067/4067 4257/4257
f 4257/4257 4254/4254 4068/4068
f 4069/4069 4068/4068 4254/4254
f 4254/4254 4589/4589 4069/4069
f 4580/4580 4069/4069 4589/4589
f 4398/4398 4070/4070 4397/4397
f 4071/4071 4397/4397 4070/4070
f 4581/4581 4582/4582 4418/4418
f 4143/4143 4418/4418 4582/4582
f 4582/4582 4591/4591 4143/4143
f 4353/4353 4591/4591 4606/4606
f 4607/4607 4583/4583 4354/4354
f 4142/4142 4354/4354 4583/4583
f 4583/4583 4584/4584 4142/4142
f 4141/4141 4142/4142 4584/4584
f 4585/4585 4586/4586 4139/4139
f 4265/4265 4139/4139 4586/4586
f 4586/4586 4587/4587 4265/4265
f 4266/4266 4265/4265 4587/4587
f 4253/4253 4588/4588 4254/4254
f 4589/4589 4254/4254 4588/4588
f 4453/4453 4492/4492 4276/4276
f 4234/4234 4276/4276 4492/4492
f 4451/4451 4234/4234 4491/4491
f 4492/4492 4491/4491 4234/4234
f 4500/4500 4502/4502 4440/4440
f 4073/4073 4440/4440 4502/4502
f 4502/4502 4523/4523 4073/4073
f 4446/4446 4073/4073 4523/4523
f 5863/5863 841/841 4470/4470
f 4079/4079 4470/4470 841/841
f 4467/4467 327/327 328/328
f 326/326 4466/4466 4439/4439
f 4072/4072 4439/4439 4466/4466
f 4512/4512 4511/4511 4072/4072
f 4439/4439 4072/4072 4511/4511
f 4467/4467 328/328 4128/4128
f 4126/4126 4072/4072 4128/4128
f 4466/4466 4128/4128 4072/4072
f 4126/4126 4434/4434 4072/4072
f 4512/4512 4072/4072 4434/4434
f 4075/4075 4076/4076 4445/4445
f 4446/4446 4445/4445 4076/4076
f 4076/4076 4074/4074 4446/4446
f 4073/4073 4446/4446 4074/4074
f 4074/4074 4441/4441 4073/4073
f 4440/4440 4073/4073 4441/4441
f 4444/4444 4485/4485 4452/4452
f 4451/4451 4452/4452 4485/4485
f 4485/4485 4086/4086 4451/4451
f 4234/4234 4451/4451 4086/4086
f 4286/4286 4086/4086 4484/4484
f 4485/4485 4484/4484 4086/4086
f 4485/4485 4444/4444 4486/4486
f 4443/4443 4486/4486 4444/4444
f 4441/4441 4074/4074 4442/4442
f 4147/4147 4442/4442 4074/4074
f 4074/4074 4076/4076 4147/4147
f 4387/4387 4147/4147 4076/4076
f 4387/4387 4076/4076 4388/4388
f 4077/4077 4388/4388 4076/4076
f 4095/4095 4475/4475 4474/4474
f 4276/4276 4356/4356 4453/4453
f 4471/4471 4453/4453 4356/4356
f 4475/4475 4095/4095 4478/4478
f 4476/4476 4478/4478 4095/4095
f 4482/4482 4487/4487 4471/4471
f 4453/4453 4471/4471 4487/4487
f 4483/4483 4481/4481 843/843
f 4078/4078 843/843 4481/4481
f 4481/4481 4479/4479 4078/4078
f 4079/4079 4078/4078 4479/4479
f 4479/4479 4477/4477 4079/4079
f 4470/4470 4079/4079 4477/4477
f 4439/4439 325/325 326/326
f 4078/4078 842/842 843/843
f 841/841 842/842 4079/4079
f 4078/4078 4079/4079 842/842
f 4323/4323 4278/4278 4410/4410
f 4407/4407 4410/4410 4278/4278
f 4314/4314 4153/4153 4309/4309
f 4080/4080 4309/4309 4153/4153
f 4153/4153 4152/4152 4080/4080
f 4140/4140 4080/4080 4152/4152
f 4264/4264 4414/4414 4138/4138
f 4404/4404 4138/4138 4414/4414
f 4081/4081 4408/4408 4260/4260
f 4279/4279 4260/4260 4408/4408
f 4375/4375 4261/4261 4274/4274
f 4151/4151 4274/4274 4261/4261
f 4260/4260 4284/4284 4081/4081
f 4283/4283 4081/4081 4284/4284
f 4151/4151 4261/4261 4150/4150
f 4088/4088 4150/4150 4261/4261
f 4284/4284 4260/4260 4082/4082
f 4259/4259 4082/4082 4260/4260
f 4282/4282 4372/4372 4085/4085
f 4185/4185 4085/4085 4372/4372
f 4083/4083 4289/4289 4082/4082
f 4284/4284 4082/4082 4289/4289
f 4082/4082 4085/4085 4083/4083
f 4084/4084 4083/4083 4085/4085
f 4178/4178 4084/4084 4185/4185
f 4085/4085 4185/4185 4084/4084
f 4275/4275 4091/4091 4093/4093
f 4092/4092 4093/4093 4091/4091
f 4381/4381 4091/4091 4378/4378
f 4285/4285 4378/4378 4091/4091
f 4234/4234 4086/4086 4276/4276
f 4277/4277 4276/4276 4086/4086
f 4484/4484 4087/4087 4286/4286
f 4287/4287 4286/4286 4087/4087
f 4087/4087 4291/4291 4287/4287
f 4290/4290 4287/4287 4291/4291
f 4149/4149 4150/4150 4089/4089
f 4088/4088 4089/4089 4150/4150
f 4089/4089 4090/4090 4149/4149
f 4148/4148 4149/4149 4090/4090
f 4090/4090 4486/4486 4148/4148
f 4443/4443 4148/4148 4486/4486
f 4091/4091 4381/4381 4092/4092
f 4377/4377 4092/4092 4381/4381
f 4097/4097 4096/4096 4092/4092
f 4093/4093 4092/4092 4096/4096
f 4093/4093 4096/4096 4473/4473
f 4474/4474 4473/4473 4096/4096
f 4457/4457 4456/4456 4166/4166
f 4097/4097 4166/4166 4456/4456
f 4098/4098 4094/4094 4095/4095
f 4476/4476 4095/4095 4094/4094
f 4477/4477 4476/4476 4468/4468
f 4094/4094 4468/4468 4476/4476
f 4469/4469 5863/5863 4470/4470
f 4456/4456 4458/4458 4098/4098
f 4094/4094 4098/4098 4458/4458
f 4458/4458 4460/4460 4094/4094
f 4468/4468 4094/4094 4460/4460
f 4460/4460 4462/4462 4468/4468
f 4469/4469 4468/4468 4462/4462
f 4462/4462 5864/5864 4469/4469
f 2835/2835 4469/4469 5864/5864
f 5863/5863 4469/4469 2835/2835
f 4474/4474 4096/4096 4095/4095
f 4098/4098 4095/4095 4096/4096
f 4096/4096 4097/4097 4098/4098
f 4456/4456 4098/4098 4097/4097
f 4158/4158 4100/4100 4159/4159
f 4449/4449 4159/4159 4100/4100
f 4154/4154 4099/4099 4461/4461
f 4463/4463 4461/4461 4099/4099
f 4154/4154 4155/4155 4099/4099
f 4101/4101 4099/4099 4155/4155
f 4155/4155 4156/4156 4101/4101
f 4448/4448 4101/4101 4156/4156
f 4157/4157 4449/4449 4156/4156
f 4448/4448 4156/4156 4449/4449
f 4102/4102 4454/4454 4101/4101
f 4099/4099 4101/4101 4454/4454
f 4454/4454 4465/4465 4099/4099
f 4463/4463 4099/4099 4465/4465
f 4450/4450 4449/4449 4263/4263
f 4100/4100 4263/4263 4449/4449
f 4450/4450 4102/4102 4448/4448
f 4101/4101 4448/4448 4102/4102
f 4262/4262 4464/4464 4102/4102
f 4455/4455 4102/4102 4464/4464
f 4597/4597 4608/4608 4262/4262
f 4464/4464 4262/4262 4608/4608
f 4110/4110 4111/4111 4103/4103
f 4104/4104 4103/4103 4111/4111
f 4111/4111 4112/4112 4104/4104
f 4105/4105 4104/4104 4112/4112
f 4112/4112 4114/4114 4105/4105
f 4106/4106 4105/4105 4114/4114
f 4114/4114 4113/4113 4106/4106
f 4107/4107 4106/4106 4113/4113
f 4113/4113 4115/4115 4107/4107
f 4108/4108 4107/4107 4115/4115
f 4115/4115 4116/4116 4108/4108
f 4109/4109 4108/4108 4116/4116
f 2830/2830 4109/4109 5860/5860
f 6038/6038 4109/4109 2830/2830
f 4117/4117 4118/4118 4110/4110
f 4111/4111 4110/4110 4118/4118
f 4118/4118 4119/4119 4111/4111
f 4112/4112 4111/4111 4119/4119
f 4119/4119 4120/4120 4112/4112
f 4114/4114 4112/4112 4120/4120
f 4120/4120 4122/4122 4114/4114
f 4113/4113 4114/4114 4122/4122
f 4121/4121 4123/4123 4115/4115
f 4116/4116 4115/4115 4123/4123
f 4123/4123 4121/4121 4131/4131
f 4130/4130 4131/4131 4121/4121
f 4236/4236 4235/4235 4117/4117
f 4118/4118 4117/4117 4235/4235
f 4235/4235 4124/4124 4118/4118
f 4119/4119 4118/4118 4124/4124
f 4124/4124 4125/4125 4119/4119
f 4120/4120 4119/4119 4125/4125
f 4125/4125 4127/4127 4120/4120
f 4122/4122 4120/4120 4127/4127
f 4127/4127 4130/4130 4122/4122
f 4121/4121 4122/4122 4130/4130
f 4435/4435 4433/4433 4235/4235
f 4124/4124 4235/4235 4433/4433
f 4433/4433 4434/4434 4124/4124
f 4125/4125 4124/4124 4434/4434
f 4434/4434 4126/4126 4125/4125
f 4127/4127 4125/4125 4126/4126
f 4126/4126 4128/4128 4127/4127
f 4130/4130 4127/4127 4128/4128
f 4128/4128 4129/4129 4130/4130
f 4131/4131 4130/4130 4129/4129
f 4546/4546 4548/4548 4294/4294
f 4295/4295 4294/4294 4548/4548
f 4548/4548 4347/4347 4295/4295
f 4590/4590 4346/4346 4609/4609
f 4371/4371 4344/4344 4551/4551
f 4344/4344 4343/4343 4551/4551
f 4549/4549 4551/4551 4343/4343
f 4343/4343 4132/4132 4549/4549
f 3911/3911 4549/4549 4132/4132
f 4132/4132 4133/4133 3911/3911
f 4348/4348 3911/3911 4133/4133
f 4133/4133 4270/4270 4348/4348
f 4349/4349 4348/4348 4270/4270
f 4345/4345 4371/4371 4280/4280
f 4342/4342 4321/4321 4343/4343
f 4132/4132 4343/4343 4321/4321
f 4321/4321 4134/4134 4132/4132
f 4133/4133 4132/4132 4134/4134
f 4134/4134 4271/4271 4133/4133
f 4270/4270 4133/4133 4271/4271
f 4600/4600 4272/4272 4599/4599
f 4278/4278 4323/4323 4280/4280
f 4345/4345 4280/4280 4323/4323
f 4403/4403 4402/4402 4321/4321
f 4134/4134 4321/4321 4402/4402
f 4402/4402 4308/4308 4134/4134
f 4271/4271 4134/4134 4308/4308
f 4308/4308 4602/4602 4599/4599
f 4243/4243 4245/4245 4327/4327
f 10/10 4327/4327 4245/4245
f 4245/4245 4247/4247 10/10
f 4247/4247 4249/4249 10/10
f 4334/4334 10/10 4249/4249
f 4249/4249 4305/4305 4334/4334
f 4335/4335 4334/4334 4305/4305
f 4412/4412 4135/4135 4410/4410
f 4244/4244 4410/4410 4135/4135
f 4135/4135 4137/4137 4244/4244
f 4246/4246 4244/4244 4137/4137
f 4137/4137 4136/4136 4246/4246
f 4248/4248 4246/4246 4136/4136
f 4248/4248 4136/4136 4258/4258
f 4267/4267 4258/4258 4136/4136
f 4413/4413 4415/4415 4135/4135
f 4137/4137 4135/4135 4415/4415
f 4342/4342 4345/4345 4322/4322
f 4323/4323 4322/4322 4345/4345
f 4416/4416 4320/4320 4417/4417
f 4322/4322 4417/4417 4320/4320
f 4402/4402 4328/4328 4308/4308
f 4308/4308 4328/4328 14/14
f 6/6 4324/4324 5/5
f 4266/4266 4311/4311 4310/4310
f 4264/4264 4138/4138 4265/4265
f 4139/4139 4265/4265 4138/4138
f 4140/4140 4152/4152 4141/4141
f 4142/4142 4141/4141 4152/4152
f 4152/4152 4351/4351 4142/4142
f 4354/4354 4142/4142 4351/4351
f 4352/4352 4341/4341 4353/4353
f 4591/4591 4353/4353 4341/4341
f 4341/4341 4340/4340 4591/4591
f 4143/4143 4591/4591 4340/4340
f 4401/4401 4530/4530 4531/4531
f 4144/4144 4145/4145 4389/4389
f 4387/4387 4389/4389 4145/4145
f 4145/4145 4146/4146 4387/4387
f 4147/4147 4387/4387 4146/4146
f 4146/4146 4202/4202 4147/4147
f 4442/4442 4147/4147 4202/4202
f 4202/4202 4204/4204 4443/4443
f 4148/4148 4443/4443 4204/4204
f 4204/4204 4205/4205 4148/4148
f 4149/4149 4148/4148 4205/4205
f 4205/4205 4206/4206 4149/4149
f 4150/4150 4149/4149 4206/4206
f 4206/4206 4207/4207 4150/4150
f 4151/4151 4150/4150 4207/4207
f 4207/4207 4209/4209 4151/4151
f 4274/4274 4151/4151 4209/4209
f 4209/4209 4317/4317 4274/4274
f 4315/4315 4274/4274 4317/4317
f 4210/4210 4153/4153 4316/4316
f 4314/4314 4316/4316 4153/4153
f 4210/4210 4351/4351 4153/4153
f 4152/4152 4153/4153 4351/4351
f 4319/4319 4352/4352 4210/4210
f 4351/4351 4210/4210 4352/4352
f 4160/4160 4154/4154 4459/4459
f 4461/4461 4459/4459 4154/4154
f 4160/4160 4161/4161 4154/4154
f 4155/4155 4154/4154 4161/4161
f 4161/4161 4162/4162 4155/4155
f 4156/4156 4155/4155 4162/4162
f 4162/4162 4163/4163 4156/4156
f 4157/4157 4156/4156 4163/4163
f 4165/4165 4232/4232 4159/4159
f 4158/4158 4159/4159 4232/4232
f 4167/4167 4160/4160 4457/4457
f 4459/4459 4457/4457 4160/4160
f 4167/4167 4168/4168 4160/4160
f 4161/4161 4160/4160 4168/4168
f 4168/4168 4169/4169 4161/4161
f 4162/4162 4161/4161 4169/4169
f 4169/4169 4170/4170 4162/4162
f 4163/4163 4162/4162 4170/4170
f 4170/4170 4171/4171 4163/4163
f 4164/4164 4163/4163 4171/4171
f 4171/4171 4172/4172 4164/4164
f 4165/4165 4164/4164 4172/4172
f 4172/4172 4233/4233 4165/4165
f 4232/4232 4165/4165 4233/4233
f 4174/4174 4167/4167 4166/4166
f 4457/4457 4166/4166 4167/4167
f 4174/4174 4175/4175 4167/4167
f 4168/4168 4167/4167 4175/4175
f 4175/4175 4176/4176 4168/4168
f 4169/4169 4168/4168 4176/4176
f 4176/4176 4188/4188 4169/4169
f 4170/4170 4169/4169 4188/4188
f 4188/4188 4190/4190 4170/4170
f 4171/4171 4170/4170 4190/4190
f 4190/4190 4194/4194 4171/4171
f 4172/4172 4171/4171 4194/4194
f 4194/4194 4193/4193 4172/4172
f 4233/4233 4172/4172 4193/4193
f 4173/4173 4180/4180 4174/4174
f 4175/4175 4174/4174 4180/4180
f 4180/4180 4181/4181 4175/4175
f 4176/4176 4175/4175 4181/4181
f 4181/4181 4182/4182 4176/4176
f 4188/4188 4176/4176 4182/4182
f 4182/4182 4184/4184 4188/4188
f 4189/4189 4188/4188 4184/4184
f 4184/4184 4183/4183 4189/4189
f 4191/4191 4189/4189 4183/4183
f 4183/4183 4177/4177 4191/4191
f 4192/4192 4191/4191 4177/4177
f 4177/4177 4592/4592 4192/4192
f 4593/4593 4192/4192 4592/4592
f 4185/4185 4303/4303 4178/4178
f 4179/4179 4178/4178 4303/4303
f 4303/4303 4302/4302 4179/4179
f 4180/4180 4179/4179 4302/4302
f 4302/4302 4187/4187 4180/4180
f 4181/4181 4180/4180 4187/4187
f 4181/4181 4187/4187 4182/4182
f 4186/4186 4182/4182 4187/4187
f 4186/4186 4296/4296 4182/4182
f 4184/4184 4182/4182 4296/4296
f 4296/4296 4298/4298 4184/4184
f 4183/4183 4184/4184 4298/4298
f 4303/4303 4185/4185 4372/4372
f 4373/4373 4292/4292 4302/4302
f 4187/4187 4302/4302 4292/4292
f 4292/4292 4293/4293 4187/4187
f 4186/4186 4187/4187 4293/4293
f 4189/4189 4191/4191 4190/4190
f 4194/4194 4190/4190 4191/4191
f 4191/4191 4192/4192 4194/4194
f 4193/4193 4194/4194 4192/4192
f 4196/4196 4197/4197 4217/4217
f 4219/4219 4217/4217 4197/4197
f 4197/4197 4198/4198 4219/4219
f 4220/4220 4219/4219 4198/4198
f 4198/4198 4199/4199 4220/4220
f 4195/4195 4220/4220 4199/4199
f 4199/4199 4200/4200 4195/4195
f 4024/4024 4022/4022 4196/4196
f 4197/4197 4196/4196 4022/4022
f 4022/4022 4198/4198 4197/4197
f 4204/4204 4202/4202 4216/4216
f 4370/4370 4216/4216 4202/4202
f 4203/4203 4366/4366 4367/4367
f 4368/4368 4367/4367 4366/4366
f 4216/4216 4218/4218 4204/4204
f 4205/4205 4204/4204 4218/4218
f 4218/4218 4222/4222 4205/4205
f 4206/4206 4205/4205 4222/4222
f 4222/4222 4221/4221 4206/4206
f 4207/4207 4206/4206 4221/4221
f 4221/4221 4208/4208 4207/4207
f 4209/4209 4207/4207 4208/4208
f 4208/4208 4318/4318 4209/4209
f 4317/4317 4209/4209 4318/4318
f 4316/4316 4426/4426 4210/4210
f 4319/4319 4210/4210 4426/4426
f 4427/4427 4425/4425 4338/4338
f 4339/4339 4338/4338 4425/4425
f 4420/4420 4430/4430 4424/4424
f 4432/4432 4424/4424 4430/4430
f 4385/4385 4225/4225 4386/4386
f 4211/4211 4386/4386 4225/4225
f 4225/4225 4227/4227 4211/4211
f 4213/4213 4211/4211 4227/4227
f 4227/4227 4229/4229 4213/4213
f 4212/4212 4213/4213 4229/4229
f 4214/4214 4215/4215 4231/4231
f 4229/4229 4231/4231 4215/4215
f 4217/4217 4218/4218 4369/4369
f 4216/4216 4369/4369 4218/4218
f 4217/4217 4219/4219 4218/4218
f 4222/4222 4218/4218 4219/4219
f 4219/4219 4220/4220 4222/4222
f 4221/4221 4222/4222 4220/4220
f 4425/4425 4427/4427 4355/4355
f 4428/4428 4223/4223 4357/4357
f 4424/4424 4428/4428 4385/4385
f 4429/4429 4385/4385 4428/4428
f 4429/4429 4224/4224 4385/4385
f 4225/4225 4385/4385 4224/4224
f 4224/4224 4226/4226 4225/4225
f 4227/4227 4225/4225 4226/4226
f 4226/4226 4228/4228 4227/4227
f 4229/4229 4227/4227 4228/4228
f 4228/4228 4230/4230 4229/4229
f 4231/4231 4229/4229 4230/4230
f 4594/4594 4595/4595 4233/4233
f 4232/4232 4233/4233 4595/4595
f 4240/4240 4392/4392 4242/4242
f 4393/4393 4242/4242 4392/4392
f 4435/4435 4235/4235 4436/4436
f 4236/4236 4436/4436 4235/4235
f 4392/4392 4240/4240 4391/4391
f 4250/4250 4391/4391 4240/4240
f 4394/4394 4241/4241 4393/4393
f 4242/4242 4393/4393 4241/4241
f 4245/4245 4243/4243 4246/4246
f 4244/4244 4246/4246 4243/4243
f 4247/4247 4245/4245 4248/4248
f 4246/4246 4248/4248 4245/4245
f 4249/4249 4247/4247 4258/4258
f 4248/4248 4258/4258 4247/4247
f 4305/4305 4249/4249 4306/4306
f 4258/4258 4306/4306 4249/4249
f 4391/4391 4250/4250 4252/4252
f 4251/4251 4252/4252 4250/4250
f 4257/4257 4256/4256 4254/4254
f 4253/4253 4254/4254 4256/4256
f 4273/4273 4306/4306 4267/4267
f 4258/4258 4267/4267 4306/4306
f 4407/4407 4412/4412 4410/4410
f 4279/4279 4281/4281 4260/4260
f 4259/4259 4260/4260 4281/4281
f 4596/4596 4597/4597 4263/4263
f 4262/4262 4263/4263 4597/4597
f 4264/4264 4265/4265 4310/4310
f 4266/4266 4310/4310 4265/4265
f 4268/4268 4273/4273 4267/4267
f 4304/4304 4269/4269 4562/4562
f 4598/4598 4562/4562 4269/4269
f 4349/4349 4270/4270 4550/4550
f 4272/4272 4550/4550 4270/4270
f 4270/4270 4271/4271 4272/4272
f 4599/4599 4272/4272 4271/4271
f 4599/4599 4271/4271 4308/4308
f 4310/4310 4313/4313 4273/4273
f 4274/4274 4315/4315 4375/4375
f 4406/4406 4375/4375 4315/4315
f 4275/4275 4356/4356 4277/4277
f 4276/4276 4277/4277 4356/4356
f 4407/4407 4278/4278 4408/4408
f 4279/4279 4408/4408 4278/4278
f 4278/4278 4280/4280 4279/4279
f 4281/4281 4279/4279 4280/4280
f 4280/4280 4371/4371 4281/4281
f 4282/4282 4281/4281 4371/4371
f 4288/4288 4283/4283 4289/4289
f 4284/4284 4289/4289 4283/4283
f 4378/4378 4285/4285 4287/4287
f 4286/4286 4287/4287 4285/4285
f 4287/4287 4290/4290 4378/4378
f 4379/4379 4378/4378 4290/4290
f 4288/4288 4289/4289 4291/4291
f 4290/4290 4291/4291 4289/4289
f 4551/4551 4350/4350 4373/4373
f 4292/4292 4373/4373 4350/4350
f 4293/4293 4292/4292 4294/4294
f 4350/4350 4294/4294 4292/4292
f 4297/4297 4293/4293 4295/4295
f 4294/4294 4295/4295 4293/4293
f 4298/4298 4296/4296 4299/4299
f 4297/4297 4299/4299 4296/4296
f 4300/4300 4298/4298 4301/4301
f 4299/4299 4301/4301 4298/4298
f 4301/4301 4601/4601 4300/4300
f 4372/4372 4373/4373 4303/4303
f 4302/4302 4303/4303 4373/4373
f 4304/4304 4324/4324 4305/4305
f 4335/4335 4305/4305 4324/4324
f 4304/4304 4305/4305 4307/4307
f 4306/4306 4307/4307 4305/4305
f 4325/4325 4417/4417 4411/4411
f 4602/4602 4308/4308 15/15
f 14/14 15/15 4308/4308
f 4328/4328 4402/4402 4403/4403
f 4403/4403 4329/4329 4328/4328
f 4309/4309 4406/4406 4314/4314
f 4315/4315 4314/4314 4406/4406
f 4312/4312 4311/4311 4604/4604
f 4603/4603 4604/4604 4311/4311
f 4310/4310 4311/4311 4313/4313
f 4312/4312 4313/4313 4311/4311
f 4316/4316 4314/4314 4317/4317
f 4315/4315 4317/4317 4314/4314
f 4426/4426 4316/4316 4318/4318
f 4317/4317 4318/4318 4316/4316
f 4319/4319 4426/4426 4338/4338
f 4427/4427 4338/4338 4426/4426
f 4338/4338 4341/4341 4319/4319
f 4352/4352 4319/4319 4341/4341
f 4326/4326 4416/4416 4325/4325
f 4417/4417 4325/4325 4416/4416
f 4320/4320 4416/4416 4403/4403
f 4342/4342 4320/4320 4321/4321
f 4403/4403 4321/4321 4320/4320
f 4322/4322 4323/4323 4417/4417
f 4411/4411 4417/4417 4323/4323
f 5/5 4324/4324 4605/4605
f 4330/4330 4336/4336 4327/4327
f 4332/4332 4330/4330 10/10
f 12/12 13/13 4328/4328
f 4328/4328 4329/4329 12/12
f 11/11 12/12 4329/4329
f 4329/4329 4336/4336 11/11
f 4336/4336 4330/4330 4337/4337
f 4331/4331 4337/4337 4330/4330
f 4330/4330 4332/4332 4331/4331
f 10/10 4331/4331 4332/4332
f 4337/4337 11/11 4336/4336
f 4338/4338 4339/4339 4341/4341
f 4340/4340 4341/4341 4339/4339
f 4342/4342 4343/4343 4345/4345
f 4344/4344 4345/4345 4343/4343
f 4346/4346 4545/4545 4609/4609
f 4545/4545 4346/4346 4547/4547
f 4347/4347 4547/4547 4346/4346
f 4547/4547 4347/4347 4548/4548
f 4354/4354 4353/4353 4607/4607
f 4606/4606 4607/4607 4353/4353
f 4351/4351 4352/4352 4354/4354
f 4353/4353 4354/4354 4352/4352
f 4428/4428 4357/4357 4358/4358
f 4359/4359 4358/4358 4357/4357
f 4362/4362 4361/4361 4360/4360
f 4361/4361 4362/4362 4363/4363
f 4364/4364 4363/4363 4362/4362
f 4365/4365 4383/4383 4382/4382
f 4367/4367 4368/4368 4370/4370
f 4369/4369 4370/4370 4368/4368
f 4428/4428 4432/4432 4431/4431
f 4372/4372 4371/4371 4551/4551
f 4372/4372 4551/4551 4373/4373
f 4374/4374 4375/4375 4409/4409
f 4406/4406 4409/4409 4375/4375
f 4381/4381 4380/4380 4377/4377
f 4376/4376 4377/4377 4380/4380
f 4378/4378 4379/4379 4381/4381
f 4380/4380 4381/4381 4379/4379
f 4419/4419 4424/4424 4386/4386
f 4385/4385 4386/4386 4424/4424
f 4537/4537 4389/4389 4398/4398
f 4388/4388 4398/4398 4389/4389
f 4418/4418 4535/4535 4390/4390
f 4526/4526 4390/4390 4535/4535
f 4391/4391 4526/4526 4392/4392
f 4528/4528 4392/4392 4526/4526
f 4392/4392 4528/4528 4393/4393
f 4527/4527 4393/4393 4528/4528
f 4393/4393 4527/4527 4394/4394
f 4529/4529 4394/4394 4527/4527
f 4394/4394 4529/4529 4395/4395
f 4544/4544 4395/4395 4529/4529
f 4395/4395 4544/4544 4396/4396
f 4543/4543 4396/4396 4544/4544
f 4396/4396 4543/4543 4397/4397
f 4536/4536 4397/4397 4543/4543
f 4397/4397 4536/4536 4398/4398
f 4537/4537 4398/4398 4536/4536
f 4399/4399 4537/4537 4400/4400
f 4536/4536 4400/4400 4537/4537
f 4400/4400 4536/4536 4401/4401
f 4530/4530 4401/4401 4536/4536
f 4404/4404 4415/4415 4405/4405
f 4413/4413 4405/4405 4415/4415
f 4405/4405 4413/4413 4406/4406
f 4409/4409 4406/4406 4413/4413
f 4409/4409 4412/4412 4408/4408
f 4407/4407 4408/4408 4412/4412
f 4542/4542 4535/4535 4422/4422
f 4418/4418 4422/4422 4535/4535
f 4419/4419 4534/4534 4420/4420
f 4423/4423 4420/4420 4534/4534
f 4420/4420 4423/4423 4430/4430
f 4421/4421 4430/4430 4423/4423
f 4423/4423 4542/4542 4422/4422
f 4428/4428 4424/4424 4432/4432
f 307/307 308/308 4437/4437
f 4505/4505 4437/4437 308/308
f 4506/4506 4508/4508 4435/4435
f 4516/4516 4433/4433 4508/4508
f 4435/4435 4508/4508 4433/4433
f 4437/4437 4505/4505 4435/4435
f 4506/4506 4435/4435 4505/4505
f 4434/4434 4518/4518 4513/4513
f 4438/4438 4437/4437 4436/4436
f 4435/4435 4436/4436 4437/4437
f 4437/4437 4438/4438 307/307
f 306/306 307/307 4438/4438
f 844/844 4488/4488 843/843
f 4483/4483 843/843 4488/4488
f 4439/4439 4511/4511 325/325
f 324/324 325/325 4511/4511
f 4500/4500 4440/4440 4501/4501
f 4452/4452 4501/4501 4440/4440
f 4440/4440 4441/4441 4452/4452
f 4444/4444 4452/4452 4441/4441
f 4441/4441 4442/4442 4444/4444
f 4443/4443 4444/4444 4442/4442
f 862/862 4445/4445 4447/4447
f 4446/4446 4447/4447 4445/4445
f 4451/4451 4491/4491 4452/4452
f 4490/4490 4452/4452 4491/4491
f 6040/6040 2837/2837 4455/4455
f 4454/4454 4455/4455 4465/4465
f 4455/4455 4464/4464 6040/6040
f 4458/4458 4456/4456 4459/4459
f 4457/4457 4459/4459 4456/4456
f 4460/4460 4458/4458 4461/4461
f 4459/4459 4461/4461 4458/4458
f 4462/4462 4460/4460 4463/4463
f 4461/4461 4463/4463 4460/4460
f 5864/5864 4462/4462 4465/4465
f 4463/4463 4465/4465 4462/4462
f 4466/4466 326/326 4467/4467
f 327/327 4467/4467 326/326
f 4477/4477 4468/4468 4470/4470
f 4469/4469 4470/4470 4468/4468
f 4480/4480 4482/4482 4472/4472
f 4471/4471 4472/4472 4482/4482
f 4478/4478 4480/4480 4475/4475
f 4472/4472 4475/4475 4480/4480
f 4472/4472 4473/4473 4475/4475
f 4474/4474 4475/4475 4473/4473
f 4478/4478 4476/4476 4479/4479
f 4477/4477 4479/4479 4476/4476
f 4480/4480 4478/4478 4481/4481
f 4479/4479 4481/4481 4478/4478
f 4482/4482 4480/4480 4483/4483
f 4481/4481 4483/4483 4480/4480
f 4487/4487 4482/4482 4488/4488
f 4483/4483 4488/4488 4482/4482
f 4502/4502 4500/4500 4503/4503
f 4499/4499 4503/4503 4500/4500
f 4515/4515 4509/4509 4512/4512
f 4511/4511 4512/4512 4509/4509
f 845/845 4489/4489 844/844
f 4488/4488 844/844 4489/4489
f 4487/4487 4488/4488 4493/4493
f 4489/4489 4493/4493 4488/4488
f 4498/4498 4501/4501 4495/4495
f 4490/4490 4495/4495 4501/4501
f 4495/4495 4490/4490 4496/4496
f 4491/4491 4496/4496 4490/4490
f 4496/4496 4491/4491 4497/4497
f 4492/4492 4497/4497 4491/4491
f 4498/4498 4499/4499 4501/4501
f 4500/4500 4501/4501 4499/4499
f 4513/4513 4518/4518 4514/4514
f 4521/4521 4514/4514 4518/4518
f 4523/4523 4502/4502 4524/4524
f 4503/4503 4524/4524 4502/4502
f 860/860 4522/4522 859/859
f 4525/4525 859/859 4522/4522
f 4505/4505 308/308 4504/4504
f 309/309 4504/4504 308/308
f 4508/4508 4506/4506 4507/4507
f 4507/4507 4517/4517 4508/4508
f 4516/4516 4508/4508 4517/4517
f 4509/4509 4510/4510 4511/4511
f 324/324 4511/4511 4510/4510
f 4512/4512 4513/4513 4515/4515
f 4514/4514 4515/4515 4513/4513
f 4519/4519 4516/4516 4520/4520
f 4517/4517 4520/4520 4516/4516
f 4518/4518 4519/4519 4521/4521
f 4520/4520 4521/4521 4519/4519
f 4522/4522 4523/4523 4525/4525
f 4524/4524 4525/4525 4523/4523
f 4526/4526 4538/4538 4528/4528
f 4539/4539 4528/4528 4538/4538
f 4529/4529 4527/4527 4541/4541
f 4540/4540 4541/4541 4527/4527
f 4539/4539 4540/4540 4528/4528
f 4527/4527 4528/4528 4540/4540
f 4541/4541 4544/4544 4529/4529
f 4530/4530 4536/4536 4543/4543
f 4530/4530 4543/4543 4531/4531
f 4544/4544 4531/4531 4543/4543
f 4531/4531 4544/4544 4532/4532
f 4541/4541 4532/4532 4544/4544
f 4532/4532 4541/4541 4533/4533
f 4540/4540 4533/4533 4541/4541
f 4533/4533 4540/4540 4534/4534
f 4539/4539 4534/4534 4540/4540
f 4534/4534 4539/4539 4542/4542
f 4535/4535 4542/4542 4538/4538
f 4538/4538 4542/4542 4539/4539
f 4526/4526 4391/4391 4252/4252
f 4252/4252 4390/4390 4526/4526
f 9/9 10/10 4333/4333
f 4335/4335 8/8 9/9
f 9/9 4333/4333 4334/4334
f 4494/4494 4497/4497 4492/4492
f 4494/4494 4492/4492 4487/4487
f 4493/4493 4494/4494 4487/4487
f 4493/4493 4003/4003 4494/4494
f 4337/4337 10/10 11/11
f 7/7 8/8 4335/4335
f 9/9 4334/4334 4335/4335
f 4331/4331 10/10 4337/4337
f 4008/4008 4009/4009 4007/4007
f 4115/4115 4113/4113 4122/4122
f 4345/4345 4344/4344 4371/4371
f 4273/4273 4268/4268 4414/4414
f 4369/4369 4216/4216 4370/4370
f 4028/4028 4214/4214 4231/4231
f 4215/4215 4212/4212 4229/4229
f 4365/4365 4230/4230 4228/4228
f 4050/4050 4048/4048 4056/4056
f 4365/4365 4363/4363 4364/4364
f 4180/4180 4173/4173 4179/4179
f 4429/4429 4428/4428 4358/4358
f 4355/4355 4223/4223 4431/4431
f 4355/4355 4017/4017 4016/4016
f 4016/4016 4017/4017 4012/4012
f 4421/4421 4339/4339 4430/4430
f 4384/4384 4025/4025 4382/4382
f 4490/4490 4501/4501 4452/4452
f 4310/4310 4273/4273 4264/4264
f 4369/4369 4368/4368 4382/4382
f 4422/4422 4421/4421 4423/4423
f 4164/4164 4165/4165 4159/4159
f 4309/4309 4405/4405 4406/4406
f 4443/4443 4442/4442 4202/4202
f 4043/4043 4042/4042 4075/4075
f 4064/4064 4044/4044 4043/4043
f 4467/4467 4128/4128 4466/4466
f 4434/4434 4513/4513 4512/4512
f 4076/4076 4075/4075 4077/4077
f 4259/4259 4281/4281 4282/4282
f 4454/4454 4102/4102 4455/4455
f 840/840 5863/5863 2834/2834
f 840/840 2834/2834 839/839
f 4122/4122 4121/4121 4115/4115
f 4550/4550 4272/4272 4610/4610
f 4322/4322 4320/4320 4342/4342
f 4412/4412 4413/4413 4135/4135
f 4136/4136 4137/4137 4415/4415
f 4273/4273 4414/4414 4264/4264
f 4323/4323 4410/4410 4411/4411
f 4159/4159 4449/4449 4157/4157
f 4173/4173 4377/4377 4376/4376
f 4189/4189 4190/4190 4188/4188
f 4419/4419 4420/4420 4424/4424
f 4366/4366 4231/4231 4230/4230
f 4236/4236 4237/4237 4436/4436
f 4238/4238 4239/4239 4237/4237
f 4241/4241 4394/4394 4395/4395
f 4307/4307 4269/4269 4304/4304
f 4256/4256 4257/4257 4255/4255
f 4374/4374 4261/4261 4375/4375
f 4272/4272 4600/4600 4610/4610
f 4282/4282 4371/4371 4372/4372
f 4325/4325 4327/4327 4336/4336
f 4336/4336 4326/4326 4325/4325
f 4365/4365 4364/4364 4383/4383
f 4366/4366 4382/4382 4368/4368
f 4383/4383 4384/4384 4382/4382
f 4388/4388 4389/4389 4387/4387
f 4404/4404 4414/4414 4415/4415
f 4413/4413 4412/4412 4409/4409
f 4431/4431 4432/4432 4430/4430
f 861/861 862/862 4447/4447
f 4449/4449 4450/4450 4448/4448
f 4453/4453 4487/4487 4492/4492
f 4485/4485 4486/4486 4484/4484
f 323/323 324/324 4510/4510
f 4535/4535 4538/4538 4526/4526
f 2803/2803 4785/4785 811/811
f 5852/5852 4785/4785 2803/2803
f 4816/4816 4834/4834 4819/4819
f 4670/4670 4834/4834 4816/4816
f 4670/4670 4835/4835 4834/4834
f 4667/4667 4835/4835 4670/4670
f 4667/4667 4843/4843 4835/4835
f 4664/4664 4843/4843 4667/4667
f 4664/4664 4824/4824 4843/4843
f 4661/4661 4824/4824 4664/4664
f 4661/4661 4825/4825 4824/4824
f 4658/4658 4825/4825 4661/4661
f 4658/4658 707/707 4825/4825
f 706/706 707/707 4658/4658
f 428/428 408/408 427/427
f 4655/4655 408/408 428/428
f 4655/4655 407/407 408/408
f 4652/4652 407/407 4655/4655
f 4652/4652 406/406 407/407
f 4649/4649 406/406 4652/4652
f 4649/4649 4767/4767 406/406
f 4646/4646 4767/4767 4649/4649
f 4646/4646 4807/4807 4767/4767
f 4643/4643 4807/4807 4646/4646
f 4643/4643 4804/4804 4807/4807
f 4628/4628 4804/4804 4643/4643
f 4628/4628 376/376 4804/4804
f 4626/4626 376/376 4628/4628
f 4626/4626 375/375 376/376
f 360/360 375/375 4626/4626
f 360/360 361/361 375/375
f 4815/4815 807/807 808/808
f 421/421 4624/4624 420/420
f 4611/4611 4624/4624 421/421
f 4611/4611 4623/4623 4624/4624
f 414/414 4623/4623 4611/4611
f 422/422 4611/4611 421/421
f 4612/4612 4611/4611 422/422
f 4612/4612 414/414 4611/4611
f 413/413 414/414 4612/4612
f 423/423 4612/4612 422/422
f 4613/4613 4612/4612 423/423
f 4613/4613 413/413 4612/4612
f 412/412 413/413 4613/4613
f 424/424 4613/4613 423/423
f 4614/4614 4613/4613 424/424
f 4614/4614 412/412 4613/4613
f 411/411 412/412 4614/4614
f 425/425 4614/4614 424/424
f 410/410 4614/4614 425/425
f 410/410 411/411 4614/4614
f 4836/4836 723/723 724/724
f 414/414 415/415 4623/4623
f 4615/4615 719/719 720/720
f 4615/4615 718/718 719/719
f 4674/4674 718/718 4615/4615
f 721/721 4615/4615 720/720
f 4616/4616 4615/4615 721/721
f 4616/4616 4674/4674 4615/4615
f 4677/4677 4674/4674 4616/4616
f 722/722 4616/4616 721/721
f 4617/4617 4616/4616 722/722
f 4617/4617 4677/4677 4616/4616
f 4680/4680 4677/4677 4617/4617
f 723/723 4617/4617 722/722
f 4618/4618 4617/4617 723/723
f 4618/4618 4680/4680 4617/4617
f 4683/4683 4680/4680 4618/4618
f 4836/4836 4618/4618 723/723
f 4837/4837 4618/4618 4836/4836
f 4837/4837 4683/4683 4618/4618
f 4838/4838 4683/4683 4837/4837
f 4619/4619 785/785 4794/4794
f 784/784 785/785 4619/4619
f 782/782 4795/4795 781/781
f 4782/4782 4795/4795 782/782
f 783/783 4619/4619 904/904
f 783/783 784/784 4619/4619
f 4642/4642 782/782 783/783
f 4642/4642 4782/4782 782/782
f 4783/4783 4782/4782 4642/4642
f 4718/4718 4724/4724 4725/4725
f 4620/4620 4724/4724 4718/4718
f 4620/4620 4723/4723 4724/4724
f 4720/4720 4723/4723 4620/4620
f 4736/4736 4620/4620 4718/4718
f 4736/4736 4720/4720 4620/4620
f 4737/4737 4720/4720 4736/4736
f 4742/4742 4709/4709 4741/4741
f 4621/4621 4709/4709 4742/4742
f 4621/4621 4708/4708 4709/4709
f 4705/4705 4708/4708 4621/4621
f 4743/4743 4621/4621 4742/4742
f 4743/4743 4705/4705 4621/4621
f 383/383 4705/4705 4743/4743
f 4696/4696 4690/4690 4695/4695
f 4622/4622 4690/4690 4696/4696
f 4622/4622 399/399 4690/4690
f 398/398 399/399 4622/4622
f 4754/4754 4622/4622 4696/4696
f 4754/4754 398/398 4622/4622
f 4755/4755 398/398 4754/4754
f 415/415 4624/4624 4623/4623
f 4625/4625 4624/4624 415/415
f 4625/4625 420/420 4624/4624
f 419/419 420/420 4625/4625
f 416/416 4625/4625 415/415
f 417/417 4625/4625 416/416
f 417/417 419/419 4625/4625
f 418/418 419/419 417/417
f 2825/2825 4672/4672 5851/5851
f 5858/5858 4672/4672 2825/2825
f 5858/5858 4669/4669 4672/4672
f 5858/5858 4666/4666 4669/4669
f 2826/2826 4666/4666 5858/5858
f 5857/5857 4666/4666 2826/2826
f 5857/5857 4663/4663 4666/4666
f 2820/2820 4663/4663 5857/5857
f 703/703 4663/4663 2820/2820
f 703/703 4660/4660 4663/4663
f 703/703 704/704 4660/4660
f 431/431 4657/4657 430/430
f 431/431 4654/4654 4657/4657
f 2817/2817 4654/4654 431/431
f 5856/5856 4654/4654 2817/2817
f 5856/5856 4651/4651 4654/4654
f 2814/2814 4651/4651 5856/5856
f 5855/5855 4651/4651 2814/2814
f 5855/5855 4648/4648 4651/4651
f 5855/5855 4645/4645 4648/4648
f 2811/2811 4645/4645 5855/5855
f 5854/5854 4645/4645 2811/2811
f 808/808 4784/4784 4815/4815
f 809/809 4784/4784 808/808
f 809/809 4785/4785 4784/4784
f 810/810 4785/4785 809/809
f 4626/4626 359/359 360/360
f 4627/4627 359/359 4626/4626
f 4627/4627 358/358 359/359
f 4634/4634 358/358 4627/4627
f 4628/4628 4627/4627 4626/4626
f 4629/4629 4627/4627 4628/4628
f 4629/4629 4634/4634 4627/4627
f 4635/4635 4634/4634 4629/4629
f 4643/4643 4629/4629 4628/4628
f 4644/4644 4629/4629 4643/4643
f 4644/4644 4635/4635 4629/4629
f 4645/4645 4635/4635 4644/4644
f 4785/4785 5852/5852 4761/4761
f 2801/2801 5851/5851 4761/4761
f 5852/5852 2801/2801 4761/4761
f 4676/4676 715/715 716/716
f 4630/4630 715/715 4676/4676
f 4630/4630 714/714 715/715
f 713/713 714/714 4630/4630
f 4679/4679 4630/4630 4676/4676
f 4631/4631 4630/4630 4679/4679
f 4631/4631 713/713 4630/4630
f 712/712 713/713 4631/4631
f 4682/4682 4631/4631 4679/4679
f 4632/4632 4631/4631 4682/4682
f 4632/4632 712/712 4631/4631
f 711/711 712/712 4632/4632
f 4685/4685 4632/4632 4682/4682
f 4633/4633 4632/4632 4685/4685
f 4633/4633 711/711 4632/4632
f 710/710 711/711 4633/4633
f 4821/4821 4633/4633 4685/4685
f 4704/4704 4633/4633 4821/4821
f 4704/4704 710/710 4633/4633
f 709/709 710/710 4704/4704
f 810/810 811/811 4785/4785
f 4634/4634 357/357 358/358
f 4635/4635 357/357 4634/4634
f 2806/2806 357/357 4635/4635
f 5853/5853 2806/2806 4635/4635
f 4645/4645 5853/5853 4635/4635
f 2808/2808 5853/5853 4645/4645
f 5854/5854 2808/2808 4645/4645
f 4769/4769 4673/4673 4816/4816
f 4636/4636 4673/4673 4769/4769
f 4771/4771 4636/4636 4769/4769
f 895/895 4636/4636 4771/4771
f 4773/4773 895/895 4771/4771
f 4779/4779 4637/4637 4777/4777
f 4638/4638 4637/4637 4779/4779
f 4781/4781 4638/4638 4779/4779
f 4640/4640 4638/4638 4781/4781
f 4640/4640 4639/4639 4638/4638
f 4641/4641 4639/4639 4640/4640
f 4641/4641 4762/4762 4639/4639
f 4764/4764 4762/4762 4641/4641
f 4783/4783 4640/4640 4781/4781
f 4642/4642 4640/4640 4783/4783
f 4642/4642 4641/4641 4640/4640
f 783/783 4641/4641 4642/4642
f 783/783 4764/4764 4641/4641
f 904/904 4764/4764 783/783
f 4646/4646 4644/4644 4643/4643
f 4647/4647 4644/4644 4646/4646
f 4647/4647 4645/4645 4644/4644
f 4648/4648 4645/4645 4647/4647
f 4649/4649 4647/4647 4646/4646
f 4650/4650 4647/4647 4649/4649
f 4650/4650 4648/4648 4647/4647
f 4651/4651 4648/4648 4650/4650
f 4652/4652 4650/4650 4649/4649
f 4653/4653 4650/4650 4652/4652
f 4653/4653 4651/4651 4650/4650
f 4654/4654 4651/4651 4653/4653
f 4655/4655 4653/4653 4652/4652
f 4656/4656 4653/4653 4655/4655
f 4656/4656 4654/4654 4653/4653
f 4657/4657 4654/4654 4656/4656
f 428/428 4656/4656 4655/4655
f 429/429 4656/4656 428/428
f 429/429 4657/4657 4656/4656
f 430/430 4657/4657 429/429
f 4658/4658 705/705 706/706
f 4659/4659 705/705 4658/4658
f 4659/4659 704/704 705/705
f 4660/4660 704/704 4659/4659
f 4661/4661 4659/4659 4658/4658
f 4662/4662 4659/4659 4661/4661
f 4662/4662 4660/4660 4659/4659
f 4663/4663 4660/4660 4662/4662
f 4664/4664 4662/4662 4661/4661
f 4665/4665 4662/4662 4664/4664
f 4665/4665 4663/4663 4662/4662
f 4666/4666 4663/4663 4665/4665
f 4667/4667 4665/4665 4664/4664
f 4668/4668 4665/4665 4667/4667
f 4668/4668 4666/4666 4665/4665
f 4669/4669 4666/4666 4668/4668
f 4670/4670 4668/4668 4667/4667
f 4671/4671 4668/4668 4670/4670
f 4671/4671 4669/4669 4668/4668
f 4672/4672 4669/4669 4671/4671
f 4816/4816 4671/4671 4670/4670
f 4673/4673 4671/4671 4816/4816
f 4673/4673 4672/4672 4671/4671
f 4674/4674 717/717 718/718
f 4675/4675 717/717 4674/4674
f 4675/4675 716/716 717/717
f 4676/4676 716/716 4675/4675
f 4677/4677 4675/4675 4674/4674
f 4678/4678 4675/4675 4677/4677
f 4678/4678 4676/4676 4675/4675
f 4679/4679 4676/4676 4678/4678
f 4680/4680 4678/4678 4677/4677
f 4681/4681 4678/4678 4680/4680
f 4681/4681 4679/4679 4678/4678
f 4682/4682 4679/4679 4681/4681
f 4683/4683 4681/4681 4680/4680
f 4684/4684 4681/4681 4683/4683
f 4684/4684 4682/4682 4681/4681
f 4685/4685 4682/4682 4684/4684
f 4838/4838 4684/4684 4683/4683
f 4820/4820 4684/4684 4838/4838
f 4820/4820 4685/4685 4684/4684
f 4821/4821 4685/4685 4820/4820
f 397/397 398/398 4755/4755
f 4686/4686 736/736 737/737
f 4686/4686 735/735 736/736
f 734/734 735/735 4686/4686
f 4757/4757 4686/4686 737/737
f 4687/4687 4686/4686 4757/4757
f 4687/4687 734/734 4686/4686
f 733/733 734/734 4687/4687
f 4758/4758 4687/4687 4757/4757
f 4688/4688 4687/4687 4758/4758
f 4688/4688 733/733 4687/4687
f 732/732 733/733 4688/4688
f 4760/4760 4688/4688 4758/4758
f 4689/4689 4688/4688 4760/4760
f 4689/4689 732/732 4688/4688
f 731/731 732/732 4689/4689
f 4827/4827 4689/4689 4760/4760
f 4798/4798 4689/4689 4827/4827
f 4798/4798 731/731 4689/4689
f 730/730 731/731 4798/4798
f 400/400 4690/4690 399/399
f 4691/4691 4690/4690 400/400
f 4691/4691 4695/4695 4690/4690
f 4697/4697 4695/4695 4691/4691
f 401/401 4691/4691 400/400
f 4692/4692 4691/4691 401/401
f 4692/4692 4697/4697 4691/4691
f 4699/4699 4697/4697 4692/4692
f 402/402 4692/4692 401/401
f 4693/4693 4692/4692 402/402
f 4693/4693 4699/4699 4692/4692
f 4701/4701 4699/4699 4693/4693
f 403/403 4693/4693 402/402
f 4694/4694 4693/4693 403/403
f 4694/4694 4701/4701 4693/4693
f 4703/4703 4701/4701 4694/4694
f 404/404 4694/4694 403/403
f 4765/4765 4694/4694 404/404
f 4765/4765 4703/4703 4694/4694
f 4796/4796 4703/4703 4765/4765
f 4697/4697 4696/4696 4695/4695
f 4698/4698 4696/4696 4697/4697
f 4698/4698 4754/4754 4696/4696
f 4756/4756 4754/4754 4698/4698
f 4699/4699 4698/4698 4697/4697
f 4700/4700 4698/4698 4699/4699
f 4700/4700 4756/4756 4698/4698
f 396/396 4756/4756 4700/4700
f 4701/4701 4700/4700 4699/4699
f 4702/4702 4700/4700 4701/4701
f 4702/4702 396/396 4700/4700
f 395/395 396/396 4702/4702
f 4703/4703 4702/4702 4701/4701
f 394/394 4702/4702 4703/4703
f 394/394 395/395 4702/4702
f 4759/4759 739/739 740/740
f 4796/4796 394/394 4703/4703
f 393/393 394/394 4796/4796
f 741/741 4759/4759 740/740
f 4826/4826 4759/4759 741/741
f 4823/4823 4704/4704 4821/4821
f 708/708 4704/4704 4823/4823
f 708/708 709/709 4704/4704
f 409/409 425/425 426/426
f 4825/4825 708/708 4823/4823
f 707/707 708/708 4825/4825
f 427/427 409/409 426/426
f 408/408 409/409 427/427
f 4746/4746 383/383 4743/4743
f 382/382 383/383 4746/4746
f 4749/4749 382/382 4746/4746
f 381/381 382/382 4749/4749
f 380/380 381/381 4749/4749
f 4706/4706 751/751 752/752
f 4753/4753 4706/4706 752/752
f 4707/4707 4706/4706 4753/4753
f 4830/4830 4707/4707 4753/4753
f 4831/4831 4707/4707 4830/4830
f 384/384 4705/4705 383/383
f 385/385 4705/4705 384/384
f 385/385 4708/4708 4705/4705
f 4710/4710 4708/4708 385/385
f 751/751 749/749 750/750
f 748/748 749/749 751/751
f 386/386 4710/4710 385/385
f 4712/4712 4710/4710 386/386
f 4706/4706 748/748 751/751
f 747/747 748/748 4706/4706
f 387/387 4712/4712 386/386
f 4714/4714 4712/4712 387/387
f 4707/4707 747/747 4706/4706
f 746/746 747/747 4707/4707
f 388/388 4714/4714 387/387
f 4716/4716 4714/4714 388/388
f 4831/4831 746/746 4707/4707
f 745/745 746/746 4831/4831
f 389/389 4716/4716 388/388
f 4805/4805 4716/4716 389/389
f 4710/4710 4709/4709 4708/4708
f 4711/4711 4709/4709 4710/4710
f 4711/4711 4741/4741 4709/4709
f 4744/4744 4741/4741 4711/4711
f 4712/4712 4711/4711 4710/4710
f 4713/4713 4711/4711 4712/4712
f 4713/4713 4744/4744 4711/4711
f 4747/4747 4744/4744 4713/4713
f 4714/4714 4713/4713 4712/4712
f 4715/4715 4713/4713 4714/4714
f 4715/4715 4747/4747 4713/4713
f 4750/4750 4747/4747 4715/4715
f 4716/4716 4715/4715 4714/4714
f 4717/4717 4715/4715 4716/4716
f 4717/4717 4750/4750 4715/4715
f 4752/4752 4750/4750 4717/4717
f 4805/4805 4717/4717 4716/4716
f 4802/4802 4717/4717 4805/4805
f 4802/4802 4752/4752 4717/4717
f 378/378 4752/4752 4802/4802
f 4728/4728 4718/4718 4725/4725
f 763/763 4718/4718 4728/4728
f 763/763 764/764 4718/4718
f 4718/4718 764/764 4736/4736
f 762/762 763/763 4728/4728
f 4719/4719 369/369 370/370
f 4719/4719 368/368 369/369
f 366/366 368/368 4719/4719
f 371/371 4719/4719 370/370
f 365/365 4719/4719 371/371
f 365/365 366/366 4719/4719
f 4739/4739 802/802 803/803
f 372/372 365/365 371/371
f 364/364 365/365 372/372
f 804/804 4739/4739 803/803
f 797/797 4739/4739 804/804
f 373/373 364/364 372/372
f 363/363 364/364 373/373
f 805/805 797/797 804/804
f 796/796 797/797 805/805
f 765/765 4720/4720 4737/4737
f 766/766 4720/4720 765/765
f 766/766 4723/4723 4720/4720
f 4726/4726 4723/4723 766/766
f 4738/4738 800/800 801/801
f 799/799 800/800 4738/4738
f 767/767 4726/4726 766/766
f 4729/4729 4726/4726 767/767
f 798/798 799/799 4738/4738
f 4721/4721 767/767 768/768
f 4721/4721 4729/4729 767/767
f 4731/4731 4729/4729 4721/4721
f 4740/4740 4721/4721 768/768
f 4722/4722 4721/4721 4740/4740
f 4722/4722 4731/4731 4721/4721
f 4733/4733 4731/4731 4722/4722
f 4817/4817 4722/4722 4740/4740
f 4810/4810 4722/4722 4817/4817
f 4810/4810 4733/4733 4722/4722
f 4811/4811 4733/4733 4810/4810
f 4726/4726 4724/4724 4723/4723
f 4727/4727 4724/4724 4726/4726
f 4727/4727 4725/4725 4724/4724
f 4728/4728 4725/4725 4727/4727
f 4729/4729 4727/4727 4726/4726
f 4730/4730 4727/4727 4729/4729
f 4730/4730 4728/4728 4727/4727
f 762/762 4728/4728 4730/4730
f 4731/4731 4730/4730 4729/4729
f 4732/4732 4730/4730 4731/4731
f 4732/4732 762/762 4730/4730
f 761/761 762/762 4732/4732
f 4733/4733 4732/4732 4731/4731
f 4734/4734 4732/4732 4733/4733
f 4734/4734 761/761 4732/4732
f 760/760 761/761 4734/4734
f 4811/4811 4734/4734 4733/4733
f 4808/4808 4734/4734 4811/4811
f 4808/4808 760/760 4734/4734
f 759/759 760/760 4808/4808
f 374/374 363/363 373/373
f 362/362 363/363 374/374
f 806/806 796/796 805/805
f 795/795 796/796 806/806
f 361/361 362/362 374/374
f 794/794 806/806 807/807
f 794/794 795/795 806/806
f 4819/4819 771/771 772/772
f 409/409 410/410 425/425
f 4735/4735 724/724 725/725
f 4735/4735 4836/4836 724/724
f 4839/4839 4836/4836 4735/4735
f 726/726 4735/4735 725/725
f 727/727 4735/4735 726/726
f 727/727 4839/4839 4735/4735
f 728/728 4839/4839 727/727
f 764/764 4737/4737 4736/4736
f 765/765 4737/4737 764/764
f 366/366 367/367 368/368
f 4738/4738 801/801 802/802
f 4739/4739 4738/4738 802/802
f 798/798 4738/4738 4739/4739
f 797/797 798/798 4739/4739
f 4740/4740 768/768 769/769
f 770/770 4740/4740 769/769
f 4817/4817 4740/4740 770/770
f 4744/4744 4745/4745 4741/4741
f 4741/4741 4745/4745 4742/4742
f 4745/4745 4743/4743 4742/4742
f 4746/4746 4743/4743 4745/4745
f 4747/4747 4745/4745 4744/4744
f 4748/4748 4745/4745 4747/4747
f 4748/4748 4746/4746 4745/4745
f 4749/4749 4746/4746 4748/4748
f 4750/4750 4748/4748 4747/4747
f 4751/4751 4748/4748 4750/4750
f 4751/4751 4749/4749 4748/4748
f 380/380 4749/4749 4751/4751
f 4752/4752 4751/4751 4750/4750
f 379/379 4751/4751 4752/4752
f 379/379 380/380 4751/4751
f 4753/4753 752/752 753/753
f 378/378 379/379 4752/4752
f 4800/4800 753/753 754/754
f 4800/4800 4753/4753 753/753
f 4830/4830 4753/4753 4800/4800
f 4756/4756 4755/4755 4754/4754
f 397/397 4755/4755 4756/4756
f 396/396 397/397 4756/4756
f 4757/4757 737/737 738/738
f 739/739 4757/4757 738/738
f 4758/4758 4757/4757 739/739
f 4759/4759 4758/4758 739/739
f 4760/4760 4758/4758 4759/4759
f 4826/4826 4760/4760 4759/4759
f 4827/4827 4760/4760 4826/4826
f 4764/4764 4763/4763 4762/4762
f 905/905 4763/4763 4764/4764
f 905/905 4790/4790 4763/4763
f 4792/4792 4790/4790 905/905
f 405/405 4765/4765 404/404
f 4766/4766 4765/4765 405/405
f 4766/4766 4796/4796 4765/4765
f 4797/4797 4796/4796 4766/4766
f 406/406 4766/4766 405/405
f 4767/4767 4766/4766 406/406
f 4767/4767 4797/4797 4766/4766
f 4807/4807 4797/4797 4767/4767
f 792/792 793/793 4815/4815
f 4768/4768 773/773 774/774
f 4768/4768 4816/4816 773/773
f 4769/4769 4816/4816 4768/4768
f 775/775 4768/4768 774/774
f 4770/4770 4768/4768 775/775
f 4770/4770 4769/4769 4768/4768
f 4771/4771 4769/4769 4770/4770
f 776/776 4770/4770 775/775
f 4772/4772 4770/4770 776/776
f 4772/4772 4771/4771 4770/4770
f 4773/4773 4771/4771 4772/4772
f 777/777 4772/4772 776/776
f 4774/4774 4772/4772 777/777
f 4774/4774 4773/4773 4772/4772
f 4775/4775 4773/4773 4774/4774
f 778/778 4774/4774 777/777
f 4776/4776 4774/4774 778/778
f 4776/4776 4775/4775 4774/4774
f 4777/4777 4775/4775 4776/4776
f 779/779 4776/4776 778/778
f 4778/4778 4776/4776 779/779
f 4778/4778 4777/4777 4776/4776
f 4779/4779 4777/4777 4778/4778
f 4793/4793 4778/4778 779/779
f 4780/4780 4778/4778 4793/4793
f 4780/4780 4779/4779 4778/4778
f 4781/4781 4779/4779 4780/4780
f 4795/4795 4780/4780 4793/4793
f 4782/4782 4780/4780 4795/4795
f 4782/4782 4781/4781 4780/4780
f 4783/4783 4781/4781 4782/4782
f 4786/4786 4784/4784 4785/4785
f 4786/4786 4815/4815 4784/4784
f 792/792 4815/4815 4786/4786
f 4787/4787 792/792 4786/4786
f 791/791 792/792 4787/4787
f 4788/4788 791/791 4787/4787
f 790/790 791/791 4788/4788
f 4789/4789 790/790 4788/4788
f 789/789 790/790 4789/4789
f 787/787 788/788 4791/4791
f 4792/4792 4791/4791 4790/4790
f 786/786 4791/4791 4792/4792
f 786/786 787/787 4791/4791
f 4793/4793 779/779 780/780
f 4794/4794 786/786 4792/4792
f 785/785 786/786 4794/4794
f 781/781 4793/4793 780/780
f 4795/4795 4793/4793 781/781
f 4797/4797 393/393 4796/4796
f 392/392 393/393 4797/4797
f 742/742 4826/4826 741/741
f 4828/4828 4826/4826 742/742
f 4807/4807 392/392 4797/4797
f 391/391 392/392 4807/4807
f 743/743 4828/4828 742/742
f 4835/4835 4828/4828 743/743
f 4829/4829 4798/4798 4827/4827
f 4799/4799 4798/4798 4829/4829
f 4799/4799 730/730 4798/4798
f 729/729 730/730 4799/4799
f 4843/4843 4799/4799 4829/4829
f 4842/4842 4799/4799 4843/4843
f 4842/4842 729/729 4799/4799
f 728/728 729/729 4842/4842
f 755/755 4800/4800 754/754
f 4801/4801 4800/4800 755/755
f 4801/4801 4830/4830 4800/4800
f 4832/4832 4830/4830 4801/4801
f 756/756 4801/4801 755/755
f 4814/4814 4801/4801 756/756
f 4814/4814 4832/4832 4801/4801
f 4834/4834 4832/4832 4814/4814
f 4806/4806 4802/4802 4805/4805
f 4803/4803 4802/4802 4806/4806
f 4803/4803 378/378 4802/4802
f 377/377 378/378 4803/4803
f 4807/4807 4803/4803 4806/4806
f 4804/4804 4803/4803 4807/4807
f 4804/4804 377/377 4803/4803
f 376/376 377/377 4804/4804
f 4833/4833 745/745 4831/4831
f 744/744 745/745 4833/4833
f 390/390 4805/4805 389/389
f 4806/4806 4805/4805 390/390
f 4835/4835 744/744 4833/4833
f 743/743 744/744 4835/4835
f 391/391 4806/4806 390/390
f 4807/4807 4806/4806 391/391
f 4813/4813 4808/4808 4811/4811
f 4809/4809 4808/4808 4813/4813
f 4809/4809 759/759 4808/4808
f 758/758 759/759 4809/4809
f 756/756 4809/4809 4813/4813
f 757/757 4809/4809 756/756
f 757/757 758/758 4809/4809
f 361/361 374/374 375/375
f 4818/4818 4810/4810 4817/4817
f 4812/4812 4810/4810 4818/4818
f 4812/4812 4811/4811 4810/4810
f 4813/4813 4811/4811 4812/4812
f 4834/4834 4812/4812 4818/4818
f 4814/4814 4812/4812 4834/4834
f 4814/4814 4813/4813 4812/4812
f 756/756 4813/4813 4814/4814
f 793/793 807/807 4815/4815
f 794/794 807/807 793/793
f 4816/4816 772/772 773/773
f 4819/4819 772/772 4816/4816
f 771/771 4817/4817 770/770
f 4818/4818 4817/4817 771/771
f 4819/4819 4818/4818 771/771
f 4834/4834 4818/4818 4819/4819
f 4841/4841 4820/4820 4838/4838
f 4822/4822 4820/4820 4841/4841
f 4822/4822 4821/4821 4820/4820
f 4823/4823 4821/4821 4822/4822
f 4843/4843 4822/4822 4841/4841
f 4824/4824 4822/4822 4843/4843
f 4824/4824 4823/4823 4822/4822
f 4825/4825 4823/4823 4824/4824
f 4828/4828 4827/4827 4826/4826
f 4829/4829 4827/4827 4828/4828
f 4835/4835 4829/4829 4828/4828
f 4843/4843 4829/4829 4835/4835
f 4832/4832 4831/4831 4830/4830
f 4833/4833 4831/4831 4832/4832
f 4834/4834 4833/4833 4832/4832
f 4835/4835 4833/4833 4834/4834
f 4839/4839 4837/4837 4836/4836
f 4840/4840 4837/4837 4839/4839
f 4840/4840 4838/4838 4837/4837
f 4841/4841 4838/4838 4840/4840
f 728/728 4840/4840 4839/4839
f 4842/4842 4840/4840 728/728
f 4842/4842 4841/4841 4840/4840
f 4843/4843 4841/4841 4842/4842
f 2029/2029 5051/5051 5481/5481
f 5482/5482 5051/5051 2029/2029
f 5094/5094 5109/5109 5089/5089
f 5089/5089 5109/5109 4923/4923
f 5109/5109 5110/5110 4923/4923
f 4923/4923 5110/5110 4920/4920
f 5110/5110 5116/5116 4920/4920
f 4920/4920 5116/5116 4917/4917
f 5116/5116 5099/5099 4917/4917
f 4917/4917 5099/5099 4914/4914
f 5099/5099 5100/5100 4914/4914
f 4914/4914 5100/5100 4911/4911
f 5100/5100 4958/4958 4911/4911
f 4911/4911 4958/4958 4908/4908
f 4958/4958 4998/4998 4908/4908
f 4908/4908 4998/4998 4905/4905
f 4998/4998 4999/4999 4905/4905
f 4905/4905 4999/4999 4902/4902
f 4999/4999 5115/5115 4902/4902
f 4902/4902 5115/5115 4899/4899
f 5115/5115 5033/5033 4899/4899
f 4899/4899 5033/5033 4896/4896
f 5033/5033 5078/5078 4896/4896
f 4896/4896 5078/5078 4893/4893
f 5078/5078 5075/5075 4893/4893
f 4893/4893 5075/5075 4863/4863
f 5075/5075 211/211 4863/4863
f 4863/4863 211/211 4861/4861
f 211/211 5081/5081 4861/4861
f 4861/4861 5081/5081 4859/4859
f 5081/5081 5088/5088 4859/4859
f 4859/4859 5088/5088 5087/5087
f 4866/4866 4856/4856 4868/4868
f 4868/4868 4856/4856 4844/4844
f 4856/4856 4855/4855 4844/4844
f 4844/4844 4855/4855 4848/4848
f 4868/4868 4844/4844 4870/4870
f 4870/4870 4844/4844 4845/4845
f 4844/4844 4848/4848 4845/4845
f 4845/4845 4848/4848 4849/4849
f 4870/4870 4845/4845 4872/4872
f 4872/4872 4845/4845 4846/4846
f 4845/4845 4849/4849 4846/4846
f 4846/4846 4849/4849 4850/4850
f 4872/4872 4846/4846 4874/4874
f 4874/4874 4846/4846 4847/4847
f 4846/4846 4850/4850 4847/4847
f 4847/4847 4850/4850 4851/4851
f 4874/4874 4847/4847 4994/4994
f 4994/4994 4847/4847 4995/4995
f 4847/4847 4851/4851 4995/4995
f 4995/4995 4851/4851 5111/5111
f 4855/4855 4857/4857 4848/4848
f 4848/4848 4857/4857 175/175
f 4857/4857 174/174 175/175
f 171/171 172/172 4928/4928
f 4848/4848 175/175 4849/4849
f 4849/4849 175/175 176/176
f 171/171 4928/4928 170/170
f 170/170 4928/4928 4931/4931
f 4849/4849 176/176 4850/4850
f 4850/4850 176/176 177/177
f 170/170 4931/4931 169/169
f 169/169 4931/4931 4934/4934
f 4850/4850 177/177 4851/4851
f 4851/4851 177/177 178/178
f 169/169 4934/4934 168/168
f 168/168 4934/4934 4937/4937
f 4851/4851 178/178 5111/5111
f 5111/5111 178/178 179/179
f 168/168 4937/4937 167/167
f 167/167 4937/4937 5112/5112
f 5065/5065 236/236 4852/4852
f 4852/4852 236/236 237/237
f 110/110 5066/5066 109/109
f 109/109 5066/5066 5048/5048
f 239/239 4852/4852 238/238
f 4852/4852 237/237 238/238
f 108/108 109/109 4892/4892
f 109/109 5048/5048 4892/4892
f 4892/4892 5048/5048 5049/5049
f 4985/4985 218/218 4974/4974
f 4974/4974 218/218 219/219
f 128/128 4984/4984 127/127
f 127/127 4984/4984 4979/4979
f 4974/4974 219/219 220/220
f 127/127 4979/4979 126/126
f 126/126 4979/4979 5000/5000
f 5005/5005 4965/4965 5006/5006
f 5006/5006 4965/4965 4853/4853
f 4965/4965 4964/4964 4853/4853
f 4853/4853 4964/4964 203/203
f 5006/5006 4853/4853 204/204
f 4853/4853 203/203 204/204
f 142/142 143/143 4959/4959
f 4950/4950 4941/4941 4951/4951
f 4951/4951 4941/4941 4854/4854
f 4941/4941 4940/4940 4854/4854
f 4854/4854 4940/4940 188/188
f 4951/4951 4854/4854 189/189
f 4854/4854 188/188 189/189
f 157/157 158/158 5015/5015
f 4855/4855 4856/4856 4857/4857
f 4857/4857 4856/4856 4858/4858
f 4856/4856 4866/4866 4858/4858
f 4858/4858 4866/4866 4865/4865
f 4857/4857 4858/4858 174/174
f 174/174 4858/4858 173/173
f 4858/4858 4865/4865 173/173
f 173/173 4865/4865 4927/4927
f 5024/5024 4925/4925 5480/5480
f 2049/2049 4925/4925 5489/5489
f 5480/5480 4925/4925 2049/2049
f 4925/4925 4922/4922 5489/5489
f 4922/4922 4919/4919 5489/5489
f 2051/2051 4919/4919 5488/5488
f 5489/5489 4919/4919 2051/2051
f 4919/4919 4916/4916 5488/5488
f 2045/2045 4916/4916 5487/5487
f 5488/5488 4916/4916 2045/2045
f 4916/4916 4913/4913 5487/5487
f 4913/4913 4910/4910 5487/5487
f 4910/4910 4907/4907 5487/5487
f 4907/4907 4904/4904 5487/5487
f 5487/5487 4904/4904 5486/5486
f 4904/4904 4901/4901 5486/5486
f 2040/2040 4901/4901 5485/5485
f 5486/5486 4901/4901 2040/2040
f 4901/4901 4898/4898 5485/5485
f 4898/4898 4895/4895 5485/5485
f 5485/5485 4895/4895 5484/5484
f 5087/5087 5050/5050 4859/4859
f 4859/4859 5050/5050 4860/4860
f 5050/5050 5051/5051 4860/4860
f 4860/4860 5051/5051 4875/4875
f 4859/4859 4860/4860 4861/4861
f 4861/4861 4860/4860 4862/4862
f 4860/4860 4875/4875 4862/4862
f 4862/4862 4875/4875 4876/4876
f 4861/4861 4862/4862 4863/4863
f 4863/4863 4862/4862 4864/4864
f 4862/4862 4876/4876 4864/4864
f 4864/4864 4876/4876 4877/4877
f 4863/4863 4864/4864 4893/4893
f 4893/4893 4864/4864 4894/4894
f 4864/4864 4877/4877 4894/4894
f 4894/4894 4877/4877 4895/4895
f 5024/5024 5480/5480 100/100
f 246/246 5481/5481 5051/5051
f 100/100 5480/5480 99/99
f 246/246 247/247 5481/5481
f 4927/4927 4865/4865 4930/4930
f 4930/4930 4865/4865 4867/4867
f 4865/4865 4866/4866 4867/4867
f 4867/4867 4866/4866 4868/4868
f 4930/4930 4867/4867 4933/4933
f 4933/4933 4867/4867 4869/4869
f 4867/4867 4868/4868 4869/4869
f 4869/4869 4868/4868 4870/4870
f 4933/4933 4869/4869 4936/4936
f 4936/4936 4869/4869 4871/4871
f 4869/4869 4870/4870 4871/4871
f 4871/4871 4870/4870 4872/4872
f 4936/4936 4871/4871 4939/4939
f 4939/4939 4871/4871 4873/4873
f 4871/4871 4872/4872 4873/4873
f 4873/4873 4872/4872 4874/4874
f 4939/4939 4873/4873 5096/5096
f 5096/5096 4873/4873 4956/4956
f 4873/4873 4874/4874 4956/4956
f 4956/4956 4874/4874 4994/4994
f 5051/5051 5482/5482 4875/4875
f 4875/4875 5482/5482 4876/4876
f 4876/4876 5482/5482 4877/4877
f 4877/4877 5482/5482 2032/2032
f 4877/4877 2032/2032 5483/5483
f 4877/4877 5483/5483 4895/4895
f 4895/4895 5483/5483 2035/2035
f 4895/4895 2035/2035 5484/5484
f 5089/5089 4926/4926 5035/5035
f 5035/5035 4926/4926 4878/4878
f 4926/4926 5024/5024 4878/4878
f 4878/4878 5024/5024 4879/4879
f 5035/5035 4878/4878 5037/5037
f 5037/5037 4878/4878 4880/4880
f 4878/4878 4879/4879 4880/4880
f 4880/4880 4879/4879 4881/4881
f 5025/5025 4879/4879 5024/5024
f 4881/4881 4879/4879 5025/5025
f 5037/5037 4880/4880 5039/5039
f 5039/5039 4880/4880 4882/4882
f 4880/4880 4881/4881 4882/4882
f 4882/4882 4881/4881 4883/4883
f 4881/4881 5025/5025 4883/4883
f 4883/4883 5025/5025 5026/5026
f 5039/5039 4882/4882 5041/5041
f 5041/5041 4882/4882 4884/4884
f 4882/4882 4883/4883 4884/4884
f 4884/4884 4883/4883 4885/4885
f 4883/4883 5026/5026 4885/4885
f 4885/4885 5026/5026 5027/5027
f 5041/5041 4884/4884 5043/5043
f 5043/5043 4884/4884 4886/4886
f 4884/4884 4885/4885 4886/4886
f 4886/4886 4885/4885 4887/4887
f 4885/4885 5027/5027 4887/4887
f 4887/4887 5027/5027 5028/5028
f 5043/5043 4886/4886 5045/5045
f 5045/5045 4886/4886 4888/4888
f 4886/4886 4887/4887 4888/4888
f 4888/4888 4887/4887 4889/4889
f 4887/4887 5028/5028 4889/4889
f 4889/4889 5028/5028 5029/5029
f 5045/5045 4888/4888 5047/5047
f 5047/5047 4888/4888 4890/4890
f 4888/4888 4889/4889 4890/4890
f 4890/4890 4889/4889 4891/4891
f 4889/4889 5029/5029 4891/4891
f 4891/4891 5029/5029 5030/5030
f 5047/5047 4890/4890 5049/5049
f 5049/5049 4890/4890 4892/4892
f 4890/4890 4891/4891 4892/4892
f 4892/4892 4891/4891 108/108
f 4891/4891 5030/5030 108/108
f 108/108 5030/5030 107/107
f 4893/4893 4894/4894 4896/4896
f 4896/4896 4894/4894 4897/4897
f 4894/4894 4895/4895 4897/4897
f 4897/4897 4895/4895 4898/4898
f 4896/4896 4897/4897 4899/4899
f 4899/4899 4897/4897 4900/4900
f 4897/4897 4898/4898 4900/4900
f 4900/4900 4898/4898 4901/4901
f 4899/4899 4900/4900 4902/4902
f 4902/4902 4900/4900 4903/4903
f 4900/4900 4901/4901 4903/4903
f 4903/4903 4901/4901 4904/4904
f 4902/4902 4903/4903 4905/4905
f 4905/4905 4903/4903 4906/4906
f 4903/4903 4904/4904 4906/4906
f 4906/4906 4904/4904 4907/4907
f 4905/4905 4906/4906 4908/4908
f 4908/4908 4906/4906 4909/4909
f 4906/4906 4907/4907 4909/4909
f 4909/4909 4907/4907 4910/4910
f 4908/4908 4909/4909 4911/4911
f 4911/4911 4909/4909 4912/4912
f 4909/4909 4910/4910 4912/4912
f 4912/4912 4910/4910 4913/4913
f 4911/4911 4912/4912 4914/4914
f 4914/4914 4912/4912 4915/4915
f 4912/4912 4913/4913 4915/4915
f 4915/4915 4913/4913 4916/4916
f 4914/4914 4915/4915 4917/4917
f 4917/4917 4915/4915 4918/4918
f 4915/4915 4916/4916 4918/4918
f 4918/4918 4916/4916 4919/4919
f 4917/4917 4918/4918 4920/4920
f 4920/4920 4918/4918 4921/4921
f 4918/4918 4919/4919 4921/4921
f 4921/4921 4919/4919 4922/4922
f 4920/4920 4921/4921 4923/4923
f 4923/4923 4921/4921 4924/4924
f 4921/4921 4922/4922 4924/4924
f 4924/4924 4922/4922 4925/4925
f 4923/4923 4924/4924 5089/5089
f 5089/5089 4924/4924 4926/4926
f 4924/4924 4925/4925 4926/4926
f 4926/4926 4925/4925 5024/5024
f 172/172 173/173 4928/4928
f 4928/4928 173/173 4929/4929
f 173/173 4927/4927 4929/4929
f 4929/4929 4927/4927 4930/4930
f 4928/4928 4929/4929 4931/4931
f 4931/4931 4929/4929 4932/4932
f 4929/4929 4930/4930 4932/4932
f 4932/4932 4930/4930 4933/4933
f 4931/4931 4932/4932 4934/4934
f 4934/4934 4932/4932 4935/4935
f 4932/4932 4933/4933 4935/4935
f 4935/4935 4933/4933 4936/4936
f 4934/4934 4935/4935 4937/4937
f 4937/4937 4935/4935 4938/4938
f 4935/4935 4936/4936 4938/4938
f 4938/4938 4936/4936 4939/4939
f 4937/4937 4938/4938 5112/5112
f 5112/5112 4938/4938 5095/5095
f 4938/4938 4939/4939 5095/5095
f 5095/5095 4939/4939 5096/5096
f 5015/5015 158/158 5017/5017
f 5017/5017 158/158 159/159
f 188/188 4940/4940 187/187
f 187/187 4940/4940 4942/4942
f 5017/5017 159/159 5019/5019
f 5019/5019 159/159 160/160
f 187/187 4942/4942 186/186
f 186/186 4942/4942 4944/4944
f 5019/5019 160/160 5021/5021
f 5021/5021 160/160 161/161
f 186/186 4944/4944 185/185
f 185/185 4944/4944 4946/4946
f 5021/5021 161/161 5023/5023
f 5023/5023 161/161 162/162
f 185/185 4946/4946 184/184
f 184/184 4946/4946 4948/4948
f 5023/5023 162/162 5102/5102
f 5102/5102 162/162 163/163
f 184/184 4948/4948 183/183
f 183/183 4948/4948 5069/5069
f 4940/4940 4941/4941 4942/4942
f 4942/4942 4941/4941 4943/4943
f 4941/4941 4950/4950 4943/4943
f 4943/4943 4950/4950 4952/4952
f 4942/4942 4943/4943 4944/4944
f 4944/4944 4943/4943 4945/4945
f 4943/4943 4952/4952 4945/4945
f 4945/4945 4952/4952 4953/4953
f 4944/4944 4945/4945 4946/4946
f 4946/4946 4945/4945 4947/4947
f 4945/4945 4953/4953 4947/4947
f 4947/4947 4953/4953 4954/4954
f 4946/4946 4947/4947 4948/4948
f 4948/4948 4947/4947 4949/4949
f 4947/4947 4954/4954 4949/4949
f 4949/4949 4954/4954 4955/4955
f 4948/4948 4949/4949 5069/5069
f 5069/5069 4949/4949 5031/5031
f 4949/4949 4955/4955 5031/5031
f 5031/5031 4955/4955 5067/5067
f 4950/4950 4951/4951 4952/4952
f 4952/4952 4951/4951 190/190
f 4951/4951 189/189 190/190
f 156/156 157/157 5016/5016
f 4952/4952 190/190 4953/4953
f 4953/4953 190/190 191/191
f 156/156 5016/5016 155/155
f 155/155 5016/5016 5018/5018
f 4953/4953 191/191 4954/4954
f 4954/4954 191/191 192/192
f 155/155 5018/5018 154/154
f 154/154 5018/5018 5020/5020
f 4954/4954 192/192 4955/4955
f 4955/4955 192/192 193/193
f 154/154 5020/5020 153/153
f 153/153 5020/5020 5022/5022
f 4955/4955 193/193 5067/5067
f 5067/5067 193/193 194/194
f 153/153 5022/5022 152/152
f 152/152 5022/5022 5101/5101
f 5096/5096 4956/4956 5098/5098
f 5098/5098 4956/4956 4957/4957
f 4956/4956 4994/4994 4957/4957
f 4957/4957 4994/4994 4996/4996
f 5098/5098 4957/4957 5100/5100
f 5100/5100 4957/4957 4958/4958
f 4957/4957 4996/4996 4958/4958
f 4958/4958 4996/4996 4998/4998
f 142/142 4959/4959 141/141
f 141/141 4959/4959 4960/4960
f 141/141 4960/4960 140/140
f 140/140 4960/4960 4961/4961
f 140/140 4961/4961 139/139
f 139/139 4961/4961 4962/4962
f 139/139 4962/4962 5014/5014
f 5014/5014 4962/4962 4963/4963
f 5014/5014 4963/4963 5105/5105
f 5105/5105 4963/4963 5106/5106
f 4959/4959 143/143 4960/4960
f 4960/4960 143/143 144/144
f 203/203 4964/4964 202/202
f 202/202 4964/4964 4966/4966
f 4960/4960 144/144 4961/4961
f 4961/4961 144/144 145/145
f 202/202 4966/4966 201/201
f 201/201 4966/4966 4968/4968
f 4961/4961 145/145 4962/4962
f 4962/4962 145/145 146/146
f 201/201 4968/4968 200/200
f 200/200 4968/4968 4970/4970
f 4962/4962 146/146 4963/4963
f 4963/4963 146/146 147/147
f 200/200 4970/4970 199/199
f 199/199 4970/4970 4972/4972
f 4963/4963 147/147 5106/5106
f 5106/5106 147/147 148/148
f 199/199 4972/4972 198/198
f 198/198 4972/4972 5076/5076
f 4964/4964 4965/4965 4966/4966
f 4966/4966 4965/4965 4967/4967
f 4965/4965 5005/5005 4967/4967
f 4967/4967 5005/5005 5007/5007
f 4966/4966 4967/4967 4968/4968
f 4968/4968 4967/4967 4969/4969
f 4967/4967 5007/5007 4969/4969
f 4969/4969 5007/5007 5009/5009
f 4968/4968 4969/4969 4970/4970
f 4970/4970 4969/4969 4971/4971
f 4969/4969 5009/5009 4971/4971
f 4971/4971 5009/5009 5011/5011
f 4970/4970 4971/4971 4972/4972
f 4972/4972 4971/4971 4973/4973
f 4971/4971 5011/5011 4973/4973
f 4973/4973 5011/5011 5013/5013
f 4972/4972 4973/4973 5076/5076
f 5076/5076 4973/4973 5072/5072
f 4973/4973 5013/5013 5072/5072
f 5072/5072 5013/5013 5073/5073
f 4985/4985 4974/4974 4987/4987
f 4987/4987 4974/4974 4975/4975
f 221/221 4974/4974 220/220
f 4975/4975 4974/4974 221/221
f 4987/4987 4975/4975 4989/4989
f 4989/4989 4975/4975 4976/4976
f 4975/4975 221/221 4976/4976
f 4976/4976 221/221 222/222
f 4989/4989 4976/4976 4991/4991
f 4991/4991 4976/4976 4977/4977
f 4976/4976 222/222 4977/4977
f 4977/4977 222/222 223/223
f 4991/4991 4977/4977 4993/4993
f 4993/4993 4977/4977 4978/4978
f 4977/4977 223/223 4978/4978
f 4978/4978 223/223 224/224
f 4993/4993 4978/4978 5079/5079
f 5079/5079 4978/4978 225/225
f 4978/4978 224/224 225/225
f 121/121 122/122 5090/5090
f 5000/5000 4979/4979 5001/5001
f 5001/5001 4979/4979 4980/4980
f 4979/4979 4984/4984 4980/4980
f 4980/4980 4984/4984 4986/4986
f 5001/5001 4980/4980 5002/5002
f 5002/5002 4980/4980 4981/4981
f 4980/4980 4986/4986 4981/4981
f 4981/4981 4986/4986 4988/4988
f 5002/5002 4981/4981 5003/5003
f 5003/5003 4981/4981 4982/4982
f 4981/4981 4988/4988 4982/4982
f 4982/4982 4988/4988 4990/4990
f 5003/5003 4982/4982 5004/5004
f 5004/5004 4982/4982 4983/4983
f 4982/4982 4990/4990 4983/4983
f 4983/4983 4990/4990 4992/4992
f 5004/5004 4983/4983 5091/5091
f 5091/5091 4983/4983 5082/5082
f 4983/4983 4992/4992 5082/5082
f 5082/5082 4992/4992 5083/5083
f 4984/4984 128/128 4986/4986
f 4986/4986 128/128 129/129
f 218/218 4985/4985 217/217
f 217/217 4985/4985 4987/4987
f 4986/4986 129/129 4988/4988
f 4988/4988 129/129 130/130
f 217/217 4987/4987 216/216
f 216/216 4987/4987 4989/4989
f 4988/4988 130/130 4990/4990
f 4990/4990 130/130 131/131
f 216/216 4989/4989 215/215
f 215/215 4989/4989 4991/4991
f 4990/4990 131/131 4992/4992
f 4992/4992 131/131 132/132
f 215/215 4991/4991 214/214
f 214/214 4991/4991 4993/4993
f 4992/4992 132/132 5083/5083
f 5083/5083 132/132 133/133
f 214/214 4993/4993 213/213
f 213/213 4993/4993 5079/5079
f 5079/5079 225/225 5080/5080
f 5080/5080 225/225 226/226
f 121/121 5090/5090 120/120
f 120/120 5090/5090 5092/5092
f 5080/5080 226/226 5088/5088
f 5088/5088 226/226 227/227
f 120/120 5092/5092 119/119
f 119/119 5092/5092 5094/5094
f 4994/4994 4995/4995 4996/4996
f 4996/4996 4995/4995 4997/4997
f 4995/4995 5111/5111 4997/4997
f 4997/4997 5111/5111 5113/5113
f 4996/4996 4997/4997 4998/4998
f 4998/4998 4997/4997 4999/4999
f 4997/4997 5113/5113 4999/4999
f 4999/4999 5113/5113 5115/5115
f 126/126 5000/5000 125/125
f 125/125 5000/5000 5001/5001
f 125/125 5001/5001 124/124
f 124/124 5001/5001 5002/5002
f 124/124 5002/5002 123/123
f 123/123 5002/5002 5003/5003
f 123/123 5003/5003 122/122
f 122/122 5003/5003 5004/5004
f 122/122 5004/5004 5090/5090
f 5090/5090 5004/5004 5091/5091
f 5008/5008 5005/5005 5006/5006
f 5007/5007 5005/5005 5008/5008
f 5006/5006 204/204 5008/5008
f 5008/5008 204/204 205/205
f 5007/5007 5008/5008 5009/5009
f 5009/5009 5008/5008 5010/5010
f 5008/5008 205/205 5010/5010
f 5010/5010 205/205 206/206
f 5009/5009 5010/5010 5011/5011
f 5011/5011 5010/5010 5012/5012
f 5010/5010 206/206 5012/5012
f 5012/5012 206/206 207/207
f 5011/5011 5012/5012 5013/5013
f 5013/5013 5012/5012 208/208
f 5012/5012 207/207 208/208
f 138/138 139/139 5014/5014
f 5013/5013 208/208 5073/5073
f 5073/5073 208/208 209/209
f 138/138 5014/5014 137/137
f 137/137 5014/5014 5105/5105
f 157/157 5015/5015 5016/5016
f 5016/5016 5015/5015 5017/5017
f 5016/5016 5017/5017 5018/5018
f 5018/5018 5017/5017 5019/5019
f 5018/5018 5019/5019 5020/5020
f 5020/5020 5019/5019 5021/5021
f 5020/5020 5021/5021 5022/5022
f 5022/5022 5021/5021 5023/5023
f 5022/5022 5023/5023 5101/5101
f 5101/5101 5023/5023 5102/5102
f 5024/5024 100/100 5025/5025
f 5025/5025 100/100 101/101
f 246/246 5051/5051 245/245
f 245/245 5051/5051 5053/5053
f 5025/5025 101/101 5026/5026
f 5026/5026 101/101 102/102
f 245/245 5053/5053 244/244
f 244/244 5053/5053 5055/5055
f 5026/5026 102/102 5027/5027
f 5027/5027 102/102 103/103
f 244/244 5055/5055 243/243
f 243/243 5055/5055 5057/5057
f 5027/5027 103/103 5028/5028
f 5028/5028 103/103 104/104
f 243/243 5057/5057 242/242
f 242/242 5057/5057 5059/5059
f 5028/5028 104/104 5029/5029
f 5029/5029 104/104 105/105
f 242/242 5059/5059 241/241
f 241/241 5059/5059 5061/5061
f 5029/5029 105/105 5030/5030
f 5030/5030 105/105 106/106
f 241/241 5061/5061 240/240
f 240/240 5061/5061 5063/5063
f 5069/5069 5031/5031 5070/5070
f 5070/5070 5031/5031 5032/5032
f 5031/5031 5067/5067 5032/5032
f 5032/5032 5067/5067 5068/5068
f 5070/5070 5032/5032 5115/5115
f 5115/5115 5032/5032 5033/5033
f 5032/5032 5068/5068 5033/5033
f 5033/5033 5068/5068 5078/5078
f 5087/5087 228/228 229/229
f 117/117 118/118 5034/5034
f 118/118 5089/5089 5034/5034
f 5034/5034 5089/5089 5035/5035
f 117/117 5034/5034 5054/5054
f 5054/5054 5034/5034 5036/5036
f 5034/5034 5035/5035 5036/5036
f 5036/5036 5035/5035 5037/5037
f 5054/5054 5036/5036 5056/5056
f 5056/5056 5036/5036 5038/5038
f 5036/5036 5037/5037 5038/5038
f 5038/5038 5037/5037 5039/5039
f 5056/5056 5038/5038 5058/5058
f 5058/5058 5038/5038 5040/5040
f 5038/5038 5039/5039 5040/5040
f 5040/5040 5039/5039 5041/5041
f 5058/5058 5040/5040 5060/5060
f 5060/5060 5040/5040 5042/5042
f 5040/5040 5041/5041 5042/5042
f 5042/5042 5041/5041 5043/5043
f 5060/5060 5042/5042 5062/5062
f 5062/5062 5042/5042 5044/5044
f 5042/5042 5043/5043 5044/5044
f 5044/5044 5043/5043 5045/5045
f 5062/5062 5044/5044 5064/5064
f 5064/5064 5044/5044 5046/5046
f 5044/5044 5045/5045 5046/5046
f 5046/5046 5045/5045 5047/5047
f 5064/5064 5046/5046 5066/5066
f 5066/5066 5046/5046 5048/5048
f 5046/5046 5047/5047 5048/5048
f 5048/5048 5047/5047 5049/5049
f 5051/5051 5050/5050 5052/5052
f 5050/5050 5087/5087 5052/5052
f 5052/5052 5087/5087 229/229
f 5051/5051 5052/5052 5053/5053
f 5053/5053 5052/5052 230/230
f 5052/5052 229/229 230/230
f 116/116 117/117 5054/5054
f 5053/5053 230/230 5055/5055
f 5055/5055 230/230 231/231
f 116/116 5054/5054 115/115
f 115/115 5054/5054 5056/5056
f 5055/5055 231/231 5057/5057
f 5057/5057 231/231 232/232
f 115/115 5056/5056 114/114
f 114/114 5056/5056 5058/5058
f 5057/5057 232/232 5059/5059
f 5059/5059 232/232 233/233
f 114/114 5058/5058 113/113
f 113/113 5058/5058 5060/5060
f 5059/5059 233/233 5061/5061
f 5061/5061 233/233 234/234
f 113/113 5060/5060 112/112
f 112/112 5060/5060 5062/5062
f 5061/5061 234/234 5063/5063
f 5063/5063 234/234 235/235
f 112/112 5062/5062 111/111
f 111/111 5062/5062 5064/5064
f 5063/5063 235/235 5065/5065
f 5065/5065 235/235 236/236
f 111/111 5064/5064 110/110
f 110/110 5064/5064 5066/5066
f 5067/5067 194/194 5068/5068
f 5068/5068 194/194 195/195
f 152/152 5101/5101 151/151
f 151/151 5101/5101 5103/5103
f 5068/5068 195/195 5078/5078
f 5078/5078 195/195 196/196
f 151/151 5103/5103 150/150
f 150/150 5103/5103 5110/5110
f 5102/5102 163/163 5104/5104
f 5104/5104 163/163 164/164
f 183/183 5069/5069 182/182
f 182/182 5069/5069 5070/5070
f 5104/5104 164/164 5116/5116
f 5116/5116 164/164 165/165
f 182/182 5070/5070 181/181
f 181/181 5070/5070 5115/5115
f 5073/5073 209/209 210/210
f 136/136 137/137 5071/5071
f 137/137 5105/5105 5071/5071
f 5071/5071 5105/5105 5107/5107
f 136/136 5071/5071 135/135
f 135/135 5071/5071 5086/5086
f 5071/5071 5107/5107 5086/5086
f 5086/5086 5107/5107 5109/5109
f 5076/5076 5072/5072 5077/5077
f 5077/5077 5072/5072 5074/5074
f 5072/5072 5073/5073 5074/5074
f 5074/5074 5073/5073 210/210
f 5077/5077 5074/5074 5078/5078
f 5078/5078 5074/5074 5075/5075
f 5074/5074 210/210 5075/5075
f 5075/5075 210/210 211/211
f 5106/5106 148/148 5108/5108
f 5108/5108 148/148 149/149
f 198/198 5076/5076 197/197
f 197/197 5076/5076 5077/5077
f 5108/5108 149/149 5110/5110
f 5110/5110 149/149 150/150
f 197/197 5077/5077 196/196
f 196/196 5077/5077 5078/5078
f 5083/5083 133/133 5085/5085
f 5085/5085 133/133 134/134
f 213/213 5079/5079 212/212
f 212/212 5079/5079 5080/5080
f 5085/5085 134/134 135/135
f 211/211 212/212 5081/5081
f 212/212 5080/5080 5081/5081
f 5081/5081 5080/5080 5088/5088
f 5091/5091 5082/5082 5093/5093
f 5093/5093 5082/5082 5084/5084
f 5082/5082 5083/5083 5084/5084
f 5084/5084 5083/5083 5085/5085
f 5093/5093 5084/5084 5109/5109
f 5109/5109 5084/5084 5086/5086
f 5084/5084 5085/5085 5086/5086
f 5086/5086 5085/5085 135/135
f 5087/5087 5088/5088 228/228
f 228/228 5088/5088 227/227
f 118/118 119/119 5089/5089
f 5089/5089 119/119 5094/5094
f 5090/5090 5091/5091 5092/5092
f 5092/5092 5091/5091 5093/5093
f 5092/5092 5093/5093 5094/5094
f 5094/5094 5093/5093 5109/5109
f 5112/5112 5095/5095 5114/5114
f 5114/5114 5095/5095 5097/5097
f 5095/5095 5096/5096 5097/5097
f 5097/5097 5096/5096 5098/5098
f 5114/5114 5097/5097 5116/5116
f 5116/5116 5097/5097 5099/5099
f 5097/5097 5098/5098 5099/5099
f 5099/5099 5098/5098 5100/5100
f 5101/5101 5102/5102 5103/5103
f 5103/5103 5102/5102 5104/5104
f 5103/5103 5104/5104 5110/5110
f 5110/5110 5104/5104 5116/5116
f 5105/5105 5106/5106 5107/5107
f 5107/5107 5106/5106 5108/5108
f 5107/5107 5108/5108 5109/5109
f 5109/5109 5108/5108 5110/5110
f 5111/5111 179/179 5113/5113
f 5113/5113 179/179 180/180
f 167/167 5112/5112 166/166
f 166/166 5112/5112 5114/5114
f 5113/5113 180/180 5115/5115
f 5115/5115 180/180 181/181
f 166/166 5114/5114 165/165
f 165/165 5114/5114 5116/5116
f 5175/5175 5182/5182 5685/5685
f 5175/5175 5685/5685 2640/2640
f 5175/5175 2640/2640 5684/5684
f 5182/5182 5686/5686 2645/2645
f 5182/5182 2645/2645 5685/5685
f 2659/2659 5688/5688 5122/5122
f 5680/5680 2659/2659 5122/5122
f 5126/5126 5680/5680 5122/5122
f 5135/5135 5681/5681 5126/5126
f 5140/5140 5682/5682 5135/5135
f 5149/5149 5682/5682 5140/5140
f 5155/5155 5682/5682 5149/5149
f 640/640 641/641 5155/5155
f 5164/5164 493/493 494/494
f 5169/5169 493/493 5164/5164
f 5175/5175 5683/5683 5169/5169
f 504/504 505/505 5117/5117
f 5131/5131 504/504 5117/5117
f 5136/5136 5131/5131 5117/5117
f 5141/5141 5136/5136 5117/5117
f 5144/5144 5141/5141 5117/5117
f 5150/5150 5144/5144 5117/5117
f 5156/5156 5150/5150 5117/5117
f 5160/5160 5156/5156 5117/5117
f 5165/5165 5160/5160 5117/5117
f 5170/5170 5165/5165 5117/5117
f 5176/5176 5170/5170 5117/5117
f 5183/5183 5176/5176 5117/5117
f 5190/5190 5183/5183 5117/5117
f 506/506 5190/5190 5117/5117
f 505/505 506/506 5117/5117
f 506/506 507/507 5190/5190
f 5118/5118 627/627 628/628
f 5118/5118 5193/5193 627/627
f 5119/5119 5193/5193 5118/5118
f 5119/5119 5194/5194 5193/5193
f 5121/5121 5195/5195 5120/5120
f 5121/5121 5196/5196 5195/5195
f 5122/5122 5196/5196 5121/5121
f 5122/5122 5688/5688 5196/5196
f 629/629 5118/5118 628/628
f 629/629 5119/5119 5118/5118
f 5123/5123 5119/5119 629/629
f 5123/5123 5120/5120 5119/5119
f 5124/5124 5120/5120 5123/5123
f 5124/5124 5121/5121 5120/5120
f 5125/5125 5121/5121 5124/5124
f 5125/5125 5122/5122 5121/5121
f 5126/5126 5122/5122 5125/5125
f 2618/2618 5680/5680 5126/5126
f 5681/5681 2618/2618 5126/5126
f 5127/5127 629/629 630/630
f 5127/5127 5123/5123 629/629
f 5128/5128 5123/5123 5127/5127
f 5128/5128 5124/5124 5123/5123
f 5129/5129 5124/5124 5128/5128
f 5129/5129 5125/5125 5124/5124
f 5130/5130 5125/5125 5129/5129
f 5130/5130 5126/5126 5125/5125
f 5135/5135 5126/5126 5130/5130
f 2622/2622 5681/5681 5135/5135
f 5682/5682 2622/2622 5135/5135
f 503/503 504/504 5131/5131
f 631/631 5127/5127 630/630
f 632/632 5127/5127 631/631
f 632/632 5128/5128 5127/5127
f 5132/5132 5128/5128 632/632
f 5132/5132 5129/5129 5128/5128
f 5133/5133 5129/5129 5132/5132
f 5133/5133 5130/5130 5129/5129
f 5134/5134 5130/5130 5133/5133
f 5134/5134 5135/5135 5130/5130
f 5136/5136 503/503 5131/5131
f 5137/5137 503/503 5136/5136
f 5137/5137 502/502 503/503
f 501/501 502/502 5137/5137
f 633/633 5132/5132 632/632
f 634/634 5132/5132 633/633
f 634/634 5133/5133 5132/5132
f 5138/5138 5133/5133 634/634
f 5138/5138 5134/5134 5133/5133
f 5139/5139 5134/5134 5138/5138
f 5139/5139 5135/5135 5134/5134
f 5140/5140 5135/5135 5139/5139
f 5141/5141 5137/5137 5136/5136
f 5142/5142 5137/5137 5141/5141
f 5142/5142 501/501 5137/5137
f 5143/5143 501/501 5142/5142
f 5143/5143 500/500 501/501
f 499/499 500/500 5143/5143
f 635/635 5138/5138 634/634
f 636/636 5138/5138 635/635
f 636/636 5139/5139 5138/5138
f 637/637 5139/5139 636/636
f 637/637 5140/5140 5139/5139
f 5149/5149 5140/5140 637/637
f 5144/5144 5142/5142 5141/5141
f 5145/5145 5142/5142 5144/5144
f 5145/5145 5143/5143 5142/5142
f 5146/5146 5143/5143 5145/5145
f 5146/5146 499/499 5143/5143
f 5147/5147 499/499 5146/5146
f 5147/5147 498/498 499/499
f 5148/5148 498/498 5147/5147
f 5148/5148 497/497 498/498
f 5150/5150 5145/5145 5144/5144
f 5151/5151 5145/5145 5150/5150
f 5151/5151 5146/5146 5145/5145
f 5152/5152 5146/5146 5151/5151
f 5152/5152 5147/5147 5146/5146
f 5153/5153 5147/5147 5152/5152
f 5153/5153 5148/5148 5147/5147
f 5154/5154 5148/5148 5153/5153
f 5154/5154 497/497 5148/5148
f 496/496 497/497 5154/5154
f 638/638 5149/5149 637/637
f 5155/5155 5149/5149 638/638
f 2627/2627 5682/5682 5155/5155
f 641/641 2627/2627 5155/5155
f 5156/5156 5151/5151 5150/5150
f 5156/5156 5152/5152 5151/5151
f 5157/5157 5152/5152 5156/5156
f 5157/5157 5153/5153 5152/5152
f 5158/5158 5153/5153 5157/5157
f 5158/5158 5154/5154 5153/5153
f 5159/5159 5154/5154 5158/5158
f 5159/5159 496/496 5154/5154
f 495/495 496/496 5159/5159
f 639/639 5155/5155 638/638
f 640/640 5155/5155 639/639
f 5160/5160 5157/5157 5156/5156
f 5160/5160 5158/5158 5157/5157
f 5161/5161 5158/5158 5160/5160
f 5161/5161 5159/5159 5158/5158
f 5162/5162 5159/5159 5161/5161
f 5162/5162 495/495 5159/5159
f 5163/5163 495/495 5162/5162
f 5163/5163 494/494 495/495
f 5164/5164 494/494 5163/5163
f 5165/5165 5161/5161 5160/5160
f 5166/5166 5161/5161 5165/5165
f 5166/5166 5162/5162 5161/5161
f 5167/5167 5162/5162 5166/5166
f 5167/5167 5163/5163 5162/5162
f 5168/5168 5163/5163 5167/5167
f 5168/5168 5164/5164 5163/5163
f 5169/5169 5164/5164 5168/5168
f 2631/2631 493/493 5169/5169
f 5683/5683 2631/2631 5169/5169
f 5171/5171 5165/5165 5170/5170
f 5171/5171 5166/5166 5165/5165
f 5172/5172 5166/5166 5171/5171
f 5172/5172 5167/5167 5166/5166
f 5173/5173 5167/5167 5172/5172
f 5173/5173 5168/5168 5167/5167
f 5174/5174 5168/5168 5173/5173
f 5174/5174 5169/5169 5168/5168
f 5175/5175 5169/5169 5174/5174
f 2635/2635 5683/5683 5175/5175
f 5684/5684 2635/2635 5175/5175
f 5177/5177 5170/5170 5176/5176
f 5177/5177 5171/5171 5170/5170
f 5178/5178 5171/5171 5177/5177
f 5178/5178 5172/5172 5171/5171
f 5179/5179 5172/5172 5178/5178
f 5179/5179 5173/5173 5172/5172
f 5180/5180 5173/5173 5179/5179
f 5180/5180 5174/5174 5173/5173
f 5181/5181 5174/5174 5180/5180
f 5181/5181 5175/5175 5174/5174
f 5182/5182 5175/5175 5181/5181
f 5183/5183 5177/5177 5176/5176
f 5184/5184 5177/5177 5183/5183
f 5184/5184 5178/5178 5177/5177
f 5185/5185 5178/5178 5184/5184
f 5185/5185 5179/5179 5178/5178
f 5186/5186 5179/5179 5185/5185
f 5186/5186 5180/5180 5179/5179
f 5187/5187 5180/5180 5186/5186
f 5187/5187 5181/5181 5180/5180
f 5188/5188 5181/5181 5187/5187
f 5188/5188 5182/5182 5181/5181
f 5189/5189 5182/5182 5188/5188
f 5189/5189 5686/5686 5182/5182
f 2650/2650 5686/5686 5189/5189
f 512/512 2650/2650 5189/5189
f 5190/5190 5184/5184 5183/5183
f 5191/5191 5184/5184 5190/5190
f 5191/5191 5185/5185 5184/5184
f 5192/5192 5185/5185 5191/5191
f 5192/5192 5186/5186 5185/5185
f 508/508 5186/5186 5192/5192
f 508/508 5187/5187 5186/5186
f 509/509 5187/5187 508/508
f 509/509 5188/5188 5187/5187
f 510/510 5188/5188 509/509
f 510/510 5189/5189 5188/5188
f 511/511 5189/5189 510/510
f 511/511 512/512 5189/5189
f 2654/2654 622/622 623/623
f 5687/5687 2654/2654 623/623
f 5190/5190 5192/5192 5191/5191
f 507/507 5192/5192 5190/5190
f 507/507 508/508 5192/5192
f 5193/5193 626/626 627/627
f 5193/5193 625/625 626/626
f 5194/5194 625/625 5193/5193
f 5194/5194 624/624 625/625
f 5195/5195 624/624 5194/5194
f 5195/5195 623/623 624/624
f 5196/5196 623/623 5195/5195
f 5196/5196 5687/5687 623/623
f 2664/2664 5687/5687 5196/5196
f 5688/5688 2664/2664 5196/5196
f 5295/5295 5270/5270 5263/5263
f 1860/1860 5295/5295 5263/5263
f 5294/5294 1860/1860 5263/5263
f 1865/1865 5296/5296 5270/5270
f 5295/5295 1865/1865 5270/5270
f 5202/5202 5298/5298 1876/1876
f 5202/5202 1876/1876 5289/5289
f 5202/5202 5289/5289 5206/5206
f 5206/5206 5290/5290 5216/5216
f 5216/5216 5291/5291 5222/5222
f 5222/5222 5291/5291 5234/5234
f 5234/5234 5291/5291 5241/5241
f 5241/5241 5292/5292 5247/5247
f 5247/5247 5292/5292 5252/5252
f 5252/5252 5292/5292 5257/5257
f 5257/5257 5293/5293 5263/5263
f 5197/5197 5203/5203 5207/5207
f 5197/5197 5207/5207 5211/5211
f 5197/5197 5211/5211 5217/5217
f 5197/5197 5217/5217 5223/5223
f 5197/5197 5223/5223 5228/5228
f 5197/5197 5228/5228 5235/5235
f 5197/5197 5235/5235 5242/5242
f 5197/5197 5242/5242 5248/5248
f 5197/5197 5248/5248 5253/5253
f 5197/5197 5253/5253 5258/5258
f 5197/5197 5258/5258 5264/5264
f 5197/5197 5264/5264 5271/5271
f 5197/5197 5271/5271 5278/5278
f 5197/5197 5278/5278 5284/5284
f 5197/5197 5284/5284 5198/5198
f 5197/5197 5198/5198 5203/5203
f 5284/5284 5285/5285 5198/5198
f 5198/5198 5285/5285 5199/5199
f 5285/5285 5286/5286 5199/5199
f 5199/5199 5286/5286 5200/5200
f 5286/5286 5287/5287 5200/5200
f 5200/5200 5287/5287 5201/5201
f 5287/5287 5288/5288 5201/5201
f 5201/5201 5288/5288 563/563
f 5288/5288 562/562 563/563
f 571/571 572/572 5202/5202
f 572/572 5298/5298 5202/5202
f 5198/5198 5199/5199 5203/5203
f 5199/5199 5200/5200 5203/5203
f 5203/5203 5200/5200 5204/5204
f 5200/5200 5201/5201 5204/5204
f 5204/5204 5201/5201 564/564
f 5201/5201 563/563 564/564
f 570/570 571/571 5205/5205
f 571/571 5202/5202 5205/5205
f 5205/5205 5202/5202 5206/5206
f 5206/5206 5289/5289 1835/1835
f 5206/5206 1835/1835 5290/5290
f 5207/5207 5203/5203 5208/5208
f 5203/5203 5204/5204 5208/5208
f 5208/5208 5204/5204 565/565
f 5204/5204 564/564 565/565
f 569/569 570/570 5209/5209
f 570/570 5205/5205 5209/5209
f 5209/5209 5205/5205 5210/5210
f 5205/5205 5206/5206 5210/5210
f 5210/5210 5206/5206 5216/5216
f 5216/5216 5290/5290 1840/1840
f 5216/5216 1840/1840 5291/5291
f 5211/5211 5207/5207 5212/5212
f 5207/5207 5208/5208 5212/5212
f 5212/5212 5208/5208 566/566
f 5208/5208 565/565 566/566
f 568/568 569/569 5213/5213
f 569/569 5209/5209 5213/5213
f 5213/5213 5209/5209 5214/5214
f 5209/5209 5210/5210 5214/5214
f 5214/5214 5210/5210 5215/5215
f 5210/5210 5216/5216 5215/5215
f 5211/5211 5212/5212 5217/5217
f 5217/5217 5212/5212 5218/5218
f 5212/5212 566/566 5218/5218
f 5218/5218 566/566 567/567
f 568/568 5213/5213 567/567
f 567/567 5213/5213 5219/5219
f 5213/5213 5214/5214 5219/5219
f 5219/5219 5214/5214 5220/5220
f 5214/5214 5215/5215 5220/5220
f 5220/5220 5215/5215 5221/5221
f 5215/5215 5216/5216 5221/5221
f 5221/5221 5216/5216 5222/5222
f 5217/5217 5218/5218 5223/5223
f 5223/5223 5218/5218 5224/5224
f 5218/5218 567/567 5224/5224
f 5224/5224 567/567 5225/5225
f 567/567 5219/5219 5225/5225
f 5225/5225 5219/5219 5226/5226
f 5219/5219 5220/5220 5226/5226
f 5226/5226 5220/5220 5227/5227
f 5220/5220 5221/5221 5227/5227
f 5227/5227 5221/5221 5233/5233
f 5221/5221 5222/5222 5233/5233
f 5233/5233 5222/5222 5234/5234
f 5223/5223 5224/5224 5228/5228
f 5228/5228 5224/5224 5229/5229
f 5224/5224 5225/5225 5229/5229
f 5229/5229 5225/5225 5230/5230
f 5225/5225 5226/5226 5230/5230
f 5230/5230 5226/5226 5231/5231
f 5226/5226 5227/5227 5231/5231
f 5231/5231 5227/5227 5232/5232
f 5227/5227 5233/5233 5232/5232
f 5228/5228 5229/5229 5235/5235
f 5235/5235 5229/5229 5236/5236
f 5229/5229 5230/5230 5236/5236
f 5236/5236 5230/5230 5237/5237
f 5230/5230 5231/5231 5237/5237
f 5237/5237 5231/5231 5238/5238
f 5231/5231 5232/5232 5238/5238
f 5238/5238 5232/5232 5239/5239
f 5232/5232 5233/5233 5239/5239
f 5239/5239 5233/5233 5240/5240
f 5233/5233 5234/5234 5240/5240
f 5240/5240 5234/5234 5241/5241
f 5241/5241 5291/5291 1845/1845
f 5241/5241 1845/1845 5292/5292
f 5235/5235 5236/5236 5242/5242
f 5236/5236 5237/5237 5242/5242
f 5242/5242 5237/5237 5243/5243
f 5237/5237 5238/5238 5243/5243
f 5243/5243 5238/5238 5244/5244
f 5238/5238 5239/5239 5244/5244
f 5244/5244 5239/5239 5245/5245
f 5239/5239 5240/5240 5245/5245
f 5245/5245 5240/5240 5246/5246
f 5240/5240 5241/5241 5246/5246
f 5246/5246 5241/5241 5247/5247
f 5242/5242 5243/5243 5248/5248
f 5243/5243 5244/5244 5248/5248
f 5248/5248 5244/5244 5249/5249
f 5244/5244 5245/5245 5249/5249
f 5249/5249 5245/5245 5250/5250
f 5245/5245 5246/5246 5250/5250
f 5250/5250 5246/5246 5251/5251
f 5246/5246 5247/5247 5251/5251
f 5251/5251 5247/5247 5252/5252
f 5248/5248 5249/5249 5253/5253
f 5253/5253 5249/5249 5254/5254
f 5249/5249 5250/5250 5254/5254
f 5254/5254 5250/5250 5255/5255
f 5250/5250 5251/5251 5255/5255
f 5255/5255 5251/5251 5256/5256
f 5251/5251 5252/5252 5256/5256
f 5256/5256 5252/5252 5257/5257
f 5257/5257 5292/5292 1850/1850
f 5257/5257 1850/1850 5293/5293
f 5258/5258 5253/5253 5259/5259
f 5253/5253 5254/5254 5259/5259
f 5259/5259 5254/5254 5260/5260
f 5254/5254 5255/5255 5260/5260
f 5260/5260 5255/5255 5261/5261
f 5255/5255 5256/5256 5261/5261
f 5261/5261 5256/5256 5262/5262
f 5256/5256 5257/5257 5262/5262
f 5262/5262 5257/5257 5263/5263
f 5263/5263 5293/5293 1855/1855
f 5263/5263 1855/1855 5294/5294
f 5264/5264 5258/5258 5265/5265
f 5258/5258 5259/5259 5265/5265
f 5265/5265 5259/5259 5266/5266
f 5259/5259 5260/5260 5266/5266
f 5266/5266 5260/5260 5267/5267
f 5260/5260 5261/5261 5267/5267
f 5267/5267 5261/5261 5268/5268
f 5261/5261 5262/5262 5268/5268
f 5268/5268 5262/5262 5269/5269
f 5262/5262 5263/5263 5269/5269
f 5269/5269 5263/5263 5270/5270
f 5264/5264 5265/5265 5271/5271
f 5271/5271 5265/5265 5272/5272
f 5265/5265 5266/5266 5272/5272
f 5272/5272 5266/5266 5273/5273
f 5266/5266 5267/5267 5273/5273
f 5273/5273 5267/5267 5274/5274
f 5267/5267 5268/5268 5274/5274
f 5274/5274 5268/5268 5275/5275
f 5268/5268 5269/5269 5275/5275
f 5275/5275 5269/5269 5276/5276
f 5269/5269 5270/5270 5276/5276
f 5276/5276 5270/5270 5277/5277
f 5270/5270 5296/5296 5277/5277
f 5277/5277 5296/5296 1870/1870
f 5277/5277 1870/1870 5297/5297
f 5271/5271 5272/5272 5278/5278
f 5278/5278 5272/5272 5279/5279
f 5272/5272 5273/5273 5279/5279
f 5279/5279 5273/5273 5280/5280
f 5273/5273 5274/5274 5280/5280
f 5275/5275 5276/5276 5281/5281
f 5281/5281 5276/5276 5282/5282
f 5276/5276 5277/5277 5282/5282
f 5282/5282 5277/5277 5283/5283
f 5277/5277 5297/5297 5283/5283
f 5283/5283 5297/5297 560/560
f 5283/5283 560/560 561/561
f 5278/5278 5279/5279 5284/5284
f 5279/5279 5280/5280 5284/5284
f 5284/5284 5280/5280 5285/5285
f 5286/5286 5281/5281 5287/5287
f 5281/5281 5282/5282 5287/5287
f 5287/5287 5282/5282 5288/5288
f 5282/5282 5283/5283 5288/5288
f 5288/5288 5283/5283 562/562
f 5283/5283 561/561 562/562
f 572/572 573/573 1883/1883
f 572/572 1883/1883 5298/5298
f 1708/1708 1697/1697 5311/5311
f 1697/1697 1708/1708 909/909
f 909/909 5300/5300 1697/1697
f 5300/5300 909/909 1886/1886
f 5310/5310 909/909 1708/1708
f 909/909 5310/5310 1705/1705
f 1705/1705 1886/1886 909/909
f 1886/1886 1705/1705 5299/5299
f 1710/1710 1698/1698 5312/5312
f 1698/1698 1710/1710 910/910
f 910/910 5301/5301 1698/1698
f 5301/5301 910/910 1888/1888
f 5311/5311 910/910 1710/1710
f 910/910 5311/5311 1697/1697
f 1697/1697 1888/1888 910/910
f 1888/1888 1697/1697 5300/5300
f 1712/1712 1699/1699 5313/5313
f 1699/1699 1712/1712 911/911
f 911/911 5302/5302 1699/1699
f 5302/5302 911/911 1890/1890
f 5312/5312 911/911 1712/1712
f 911/911 5312/5312 1698/1698
f 1698/1698 1890/1890 911/911
f 1890/1890 1698/1698 5301/5301
f 1714/1714 1700/1700 5314/5314
f 1700/1700 1714/1714 912/912
f 912/912 5303/5303 1700/1700
f 5303/5303 912/912 1892/1892
f 5313/5313 912/912 1714/1714
f 912/912 5313/5313 1699/1699
f 1699/1699 1892/1892 912/912
f 1892/1892 1699/1699 5302/5302
f 1716/1716 1701/1701 5315/5315
f 1701/1701 1716/1716 913/913
f 913/913 5304/5304 1701/1701
f 5304/5304 913/913 1894/1894
f 5314/5314 913/913 1716/1716
f 913/913 5314/5314 1700/1700
f 1700/1700 1894/1894 913/913
f 1894/1894 1700/1700 5303/5303
f 1718/1718 1702/1702 5316/5316
f 1702/1702 1718/1718 914/914
f 914/914 5305/5305 1702/1702
f 5305/5305 914/914 1896/1896
f 5315/5315 914/914 1718/1718
f 914/914 5315/5315 1701/1701
f 1701/1701 1896/1896 914/914
f 1896/1896 1701/1701 5304/5304
f 1720/1720 1703/1703 5317/5317
f 1703/1703 1720/1720 915/915
f 915/915 5306/5306 1703/1703
f 5306/5306 915/915 1898/1898
f 5316/5316 915/915 1720/1720
f 915/915 5316/5316 1702/1702
f 1702/1702 1898/1898 915/915
f 1898/1898 1702/1702 5305/5305
f 1722/1722 1704/1704 5318/5318
f 1704/1704 1722/1722 916/916
f 916/916 5307/5307 1704/1704
f 5307/5307 916/916 1900/1900
f 5317/5317 916/916 1722/1722
f 916/916 5317/5317 1703/1703
f 1703/1703 1900/1900 916/916
f 1900/1900 1703/1703 5306/5306
f 590/590 1706/1706 5319/5319
f 1706/1706 590/590 591/591
f 591/591 5308/5308 1706/1706
f 5308/5308 591/591 592/592
f 5318/5318 543/543 544/544
f 543/543 5318/5318 1704/1704
f 1704/1704 542/542 543/543
f 542/542 1704/1704 5307/5307
f 1902/1902 1707/1707 5309/5309
f 1707/1707 1902/1902 917/917
f 917/917 5320/5320 1707/1707
f 5320/5320 917/917 1725/1725
f 5299/5299 917/917 1902/1902
f 917/917 5299/5299 1705/1705
f 1705/1705 1725/1725 917/917
f 1725/1725 1705/1705 5310/5310
f 1728/1728 1707/1707 5320/5320
f 1707/1707 1728/1728 918/918
f 918/918 5309/5309 1707/1707
f 5309/5309 918/918 1905/1905
f 5319/5319 918/918 1728/1728
f 918/918 5319/5319 1706/1706
f 1706/1706 1905/1905 918/918
f 1905/1905 1706/1706 5308/5308
f 1729/1729 1709/1709 5322/5322
f 1709/1709 1729/1729 919/919
f 919/919 5311/5311 1709/1709
f 5311/5311 919/919 1708/1708
f 5321/5321 919/919 1729/1729
f 919/919 5321/5321 1724/1724
f 1724/1724 1708/1708 919/919
f 1708/1708 1724/1724 5310/5310
f 1731/1731 1711/1711 5323/5323
f 1711/1711 1731/1731 920/920
f 920/920 5312/5312 1711/1711
f 5312/5312 920/920 1710/1710
f 5322/5322 920/920 1731/1731
f 920/920 5322/5322 1709/1709
f 1709/1709 1710/1710 920/920
f 1710/1710 1709/1709 5311/5311
f 1733/1733 1713/1713 5324/5324
f 1713/1713 1733/1733 921/921
f 921/921 5313/5313 1713/1713
f 5313/5313 921/921 1712/1712
f 5323/5323 921/921 1733/1733
f 921/921 5323/5323 1711/1711
f 1711/1711 1712/1712 921/921
f 1712/1712 1711/1711 5312/5312
f 1735/1735 1715/1715 5325/5325
f 1715/1715 1735/1735 922/922
f 922/922 5314/5314 1715/1715
f 5314/5314 922/922 1714/1714
f 5324/5324 922/922 1735/1735
f 922/922 5324/5324 1713/1713
f 1713/1713 1714/1714 922/922
f 1714/1714 1713/1713 5313/5313
f 1737/1737 1717/1717 5326/5326
f 1717/1717 1737/1737 923/923
f 923/923 5315/5315 1717/1717
f 5315/5315 923/923 1716/1716
f 5325/5325 923/923 1737/1737
f 923/923 5325/5325 1715/1715
f 1715/1715 1716/1716 923/923
f 1716/1716 1715/1715 5314/5314
f 1739/1739 1719/1719 5327/5327
f 1719/1719 1739/1739 924/924
f 924/924 5316/5316 1719/1719
f 5316/5316 924/924 1718/1718
f 5326/5326 924/924 1739/1739
f 924/924 5326/5326 1717/1717
f 1717/1717 1718/1718 924/924
f 1718/1718 1717/1717 5315/5315
f 1741/1741 1721/1721 5328/5328
f 1721/1721 1741/1741 925/925
f 925/925 5317/5317 1721/1721
f 5317/5317 925/925 1720/1720
f 5327/5327 925/925 1741/1741
f 925/925 5327/5327 1719/1719
f 1719/1719 1720/1720 925/925
f 1720/1720 1719/1719 5316/5316
f 1743/1743 1723/1723 5329/5329
f 1723/1723 1743/1743 926/926
f 926/926 5318/5318 1723/1723
f 5318/5318 926/926 1722/1722
f 5328/5328 926/926 1743/1743
f 926/926 5328/5328 1721/1721
f 1721/1721 1722/1722 926/926
f 1722/1722 1721/1721 5317/5317
f 588/588 1726/1726 5330/5330
f 1726/1726 588/588 589/589
f 589/589 5319/5319 1726/1726
f 5319/5319 589/589 590/590
f 5329/5329 545/545 546/546
f 545/545 5329/5329 1723/1723
f 1723/1723 544/544 545/545
f 544/544 1723/1723 5318/5318
f 1725/1725 1727/1727 5320/5320
f 1727/1727 1725/1725 927/927
f 927/927 5331/5331 1727/1727
f 5331/5331 927/927 1746/1746
f 5310/5310 927/927 1725/1725
f 927/927 5310/5310 1724/1724
f 1724/1724 1746/1746 927/927
f 1746/1746 1724/1724 5321/5321
f 1749/1749 1727/1727 5331/5331
f 1727/1727 1749/1749 928/928
f 928/928 5320/5320 1727/1727
f 5320/5320 928/928 1728/1728
f 5330/5330 928/928 1749/1749
f 928/928 5330/5330 1726/1726
f 1726/1726 1728/1728 928/928
f 1728/1728 1726/1726 5319/5319
f 1750/1750 1730/1730 5333/5333
f 1730/1730 1750/1750 929/929
f 929/929 5322/5322 1730/1730
f 5322/5322 929/929 1729/1729
f 5332/5332 929/929 1750/1750
f 929/929 5332/5332 1745/1745
f 1745/1745 1729/1729 929/929
f 1729/1729 1745/1745 5321/5321
f 1752/1752 1732/1732 5334/5334
f 1732/1732 1752/1752 930/930
f 930/930 5323/5323 1732/1732
f 5323/5323 930/930 1731/1731
f 5333/5333 930/930 1752/1752
f 930/930 5333/5333 1730/1730
f 1730/1730 1731/1731 930/930
f 1731/1731 1730/1730 5322/5322
f 1754/1754 1734/1734 5335/5335
f 1734/1734 1754/1754 931/931
f 931/931 5324/5324 1734/1734
f 5324/5324 931/931 1733/1733
f 5334/5334 931/931 1754/1754
f 931/931 5334/5334 1732/1732
f 1732/1732 1733/1733 931/931
f 1733/1733 1732/1732 5323/5323
f 1756/1756 1736/1736 5336/5336
f 1736/1736 1756/1756 932/932
f 932/932 5325/5325 1736/1736
f 5325/5325 932/932 1735/1735
f 5335/5335 932/932 1756/1756
f 932/932 5335/5335 1734/1734
f 1734/1734 1735/1735 932/932
f 1735/1735 1734/1734 5324/5324
f 1758/1758 1738/1738 5337/5337
f 1738/1738 1758/1758 933/933
f 933/933 5326/5326 1738/1738
f 5326/5326 933/933 1737/1737
f 5336/5336 933/933 1758/1758
f 933/933 5336/5336 1736/1736
f 1736/1736 1737/1737 933/933
f 1737/1737 1736/1736 5325/5325
f 1760/1760 1740/1740 5338/5338
f 1740/1740 1760/1760 934/934
f 934/934 5327/5327 1740/1740
f 5327/5327 934/934 1739/1739
f 5337/5337 934/934 1760/1760
f 934/934 5337/5337 1738/1738
f 1738/1738 1739/1739 934/934
f 1739/1739 1738/1738 5326/5326
f 1762/1762 1742/1742 5339/5339
f 1742/1742 1762/1762 935/935
f 935/935 5328/5328 1742/1742
f 5328/5328 935/935 1741/1741
f 5338/5338 935/935 1762/1762
f 935/935 5338/5338 1740/1740
f 1740/1740 1741/1741 935/935
f 1741/1741 1740/1740 5327/5327
f 1764/1764 1744/1744 5340/5340
f 1744/1744 1764/1764 936/936
f 936/936 5329/5329 1744/1744
f 5329/5329 936/936 1743/1743
f 5339/5339 936/936 1764/1764
f 936/936 5339/5339 1742/1742
f 1742/1742 1743/1743 936/936
f 1743/1743 1742/1742 5328/5328
f 586/586 1747/1747 5341/5341
f 1747/1747 586/586 587/587
f 587/587 5330/5330 1747/1747
f 5330/5330 587/587 588/588
f 5340/5340 547/547 548/548
f 547/547 5340/5340 1744/1744
f 1744/1744 546/546 547/547
f 546/546 1744/1744 5329/5329
f 1746/1746 1748/1748 5331/5331
f 1748/1748 1746/1746 937/937
f 937/937 5342/5342 1748/1748
f 5342/5342 937/937 1767/1767
f 5321/5321 937/937 1746/1746
f 937/937 5321/5321 1745/1745
f 1745/1745 1767/1767 937/937
f 1767/1767 1745/1745 5332/5332
f 1770/1770 1748/1748 5342/5342
f 1748/1748 1770/1770 938/938
f 938/938 5331/5331 1748/1748
f 5331/5331 938/938 1749/1749
f 5341/5341 938/938 1770/1770
f 938/938 5341/5341 1747/1747
f 1747/1747 1749/1749 938/938
f 1749/1749 1747/1747 5330/5330
f 1771/1771 1751/1751 5344/5344
f 1751/1751 1771/1771 939/939
f 939/939 5333/5333 1751/1751
f 5333/5333 939/939 1750/1750
f 5343/5343 939/939 1771/1771
f 939/939 5343/5343 1766/1766
f 1766/1766 1750/1750 939/939
f 1750/1750 1766/1766 5332/5332
f 1773/1773 1753/1753 5345/5345
f 1753/1753 1773/1773 940/940
f 940/940 5334/5334 1753/1753
f 5334/5334 940/940 1752/1752
f 5344/5344 940/940 1773/1773
f 940/940 5344/5344 1751/1751
f 1751/1751 1752/1752 940/940
f 1752/1752 1751/1751 5333/5333
f 1775/1775 1755/1755 5346/5346
f 1755/1755 1775/1775 941/941
f 941/941 5335/5335 1755/1755
f 5335/5335 941/941 1754/1754
f 5345/5345 941/941 1775/1775
f 941/941 5345/5345 1753/1753
f 1753/1753 1754/1754 941/941
f 1754/1754 1753/1753 5334/5334
f 1777/1777 1757/1757 5347/5347
f 1757/1757 1777/1777 942/942
f 942/942 5336/5336 1757/1757
f 5336/5336 942/942 1756/1756
f 5346/5346 942/942 1777/1777
f 942/942 5346/5346 1755/1755
f 1755/1755 1756/1756 942/942
f 1756/1756 1755/1755 5335/5335
f 1779/1779 1759/1759 5348/5348
f 1759/1759 1779/1779 943/943
f 943/943 5337/5337 1759/1759
f 5337/5337 943/943 1758/1758
f 5347/5347 943/943 1779/1779
f 943/943 5347/5347 1757/1757
f 1757/1757 1758/1758 943/943
f 1758/1758 1757/1757 5336/5336
f 1781/1781 1761/1761 5349/5349
f 1761/1761 1781/1781 944/944
f 944/944 5338/5338 1761/1761
f 5338/5338 944/944 1760/1760
f 5348/5348 944/944 1781/1781
f 944/944 5348/5348 1759/1759
f 1759/1759 1760/1760 944/944
f 1760/1760 1759/1759 5337/5337
f 1783/1783 1763/1763 5350/5350
f 1763/1763 1783/1783 945/945
f 945/945 5339/5339 1763/1763
f 5339/5339 945/945 1762/1762
f 5349/5349 945/945 1783/1783
f 945/945 5349/5349 1761/1761
f 1761/1761 1762/1762 945/945
f 1762/1762 1761/1761 5338/5338
f 1785/1785 1765/1765 5351/5351
f 1765/1765 1785/1785 946/946
f 946/946 5340/5340 1765/1765
f 5340/5340 946/946 1764/1764
f 5350/5350 946/946 1785/1785
f 946/946 5350/5350 1763/1763
f 1763/1763 1764/1764 946/946
f 1764/1764 1763/1763 5339/5339
f 584/584 1768/1768 5352/5352
f 1768/1768 584/584 585/585
f 585/585 5341/5341 1768/1768
f 5341/5341 585/585 586/586
f 5351/5351 549/549 550/550
f 549/549 5351/5351 1765/1765
f 1765/1765 548/548 549/549
f 548/548 1765/1765 5340/5340
f 1767/1767 1769/1769 5342/5342
f 1769/1769 1767/1767 947/947
f 947/947 5353/5353 1769/1769
f 5353/5353 947/947 1788/1788
f 5332/5332 947/947 1767/1767
f 947/947 5332/5332 1766/1766
f 1766/1766 1788/1788 947/947
f 1788/1788 1766/1766 5343/5343
f 1791/1791 1769/1769 5353/5353
f 1769/1769 1791/1791 948/948
f 948/948 5342/5342 1769/1769
f 5342/5342 948/948 1770/1770
f 5352/5352 948/948 1791/1791
f 948/948 5352/5352 1768/1768
f 1768/1768 1770/1770 948/948
f 1770/1770 1768/1768 5341/5341
f 1792/1792 1772/1772 5355/5355
f 1772/1772 1792/1792 949/949
f 949/949 5344/5344 1772/1772
f 5344/5344 949/949 1771/1771
f 5354/5354 949/949 1792/1792
f 949/949 5354/5354 1787/1787
f 1787/1787 1771/1771 949/949
f 1771/1771 1787/1787 5343/5343
f 1794/1794 1774/1774 5356/5356
f 1774/1774 1794/1794 950/950
f 950/950 5345/5345 1774/1774
f 5345/5345 950/950 1773/1773
f 5355/5355 950/950 1794/1794
f 950/950 5355/5355 1772/1772
f 1772/1772 1773/1773 950/950
f 1773/1773 1772/1772 5344/5344
f 1796/1796 1776/1776 5357/5357
f 1776/1776 1796/1796 951/951
f 951/951 5346/5346 1776/1776
f 5346/5346 951/951 1775/1775
f 5356/5356 951/951 1796/1796
f 951/951 5356/5356 1774/1774
f 1774/1774 1775/1775 951/951
f 1775/1775 1774/1774 5345/5345
f 1798/1798 1778/1778 5358/5358
f 1778/1778 1798/1798 952/952
f 952/952 5347/5347 1778/1778
f 5347/5347 952/952 1777/1777
f 5357/5357 952/952 1798/1798
f 952/952 5357/5357 1776/1776
f 1776/1776 1777/1777 952/952
f 1777/1777 1776/1776 5346/5346
f 1800/1800 1780/1780 5359/5359
f 1780/1780 1800/1800 953/953
f 953/953 5348/5348 1780/1780
f 5348/5348 953/953 1779/1779
f 5358/5358 953/953 1800/1800
f 953/953 5358/5358 1778/1778
f 1778/1778 1779/1779 953/953
f 1779/1779 1778/1778 5347/5347
f 1802/1802 1782/1782 5360/5360
f 1782/1782 1802/1802 954/954
f 954/954 5349/5349 1782/1782
f 5349/5349 954/954 1781/1781
f 5359/5359 954/954 1802/1802
f 954/954 5359/5359 1780/1780
f 1780/1780 1781/1781 954/954
f 1781/1781 1780/1780 5348/5348
f 1804/1804 1784/1784 5361/5361
f 1784/1784 1804/1804 955/955
f 955/955 5350/5350 1784/1784
f 5350/5350 955/955 1783/1783
f 5360/5360 955/955 1804/1804
f 955/955 5360/5360 1782/1782
f 1782/1782 1783/1783 955/955
f 1783/1783 1782/1782 5349/5349
f 1806/1806 1786/1786 5362/5362
f 1786/1786 1806/1806 956/956
f 956/956 5351/5351 1786/1786
f 5351/5351 956/956 1785/1785
f 5361/5361 956/956 1806/1806
f 956/956 5361/5361 1784/1784
f 1784/1784 1785/1785 956/956
f 1785/1785 1784/1784 5350/5350
f 582/582 1789/1789 5363/5363
f 1789/1789 582/582 583/583
f 583/583 5352/5352 1789/1789
f 5352/5352 583/583 584/584
f 5362/5362 551/551 552/552
f 551/551 5362/5362 1786/1786
f 1786/1786 550/550 551/551
f 550/550 1786/1786 5351/5351
f 1788/1788 1790/1790 5353/5353
f 1790/1790 1788/1788 957/957
f 957/957 5364/5364 1790/1790
f 5364/5364 957/957 1809/1809
f 5343/5343 957/957 1788/1788
f 957/957 5343/5343 1787/1787
f 1787/1787 1809/1809 957/957
f 1809/1809 1787/1787 5354/5354
f 1812/1812 1790/1790 5364/5364
f 1790/1790 1812/1812 958/958
f 958/958 5353/5353 1790/1790
f 5353/5353 958/958 1791/1791
f 5363/5363 958/958 1812/1812
f 958/958 5363/5363 1789/1789
f 1789/1789 1791/1791 958/958
f 1791/1791 1789/1789 5352/5352
f 1813/1813 1793/1793 5366/5366
f 1793/1793 1813/1813 959/959
f 959/959 5355/5355 1793/1793
f 5355/5355 959/959 1792/1792
f 5365/5365 959/959 1813/1813
f 959/959 5365/5365 1808/1808
f 1808/1808 1792/1792 959/959
f 1792/1792 1808/1808 5354/5354
f 1815/1815 1795/1795 5367/5367
f 1795/1795 1815/1815 960/960
f 960/960 5356/5356 1795/1795
f 5356/5356 960/960 1794/1794
f 5366/5366 960/960 1815/1815
f 960/960 5366/5366 1793/1793
f 1793/1793 1794/1794 960/960
f 1794/1794 1793/1793 5355/5355
f 1817/1817 1797/1797 5368/5368
f 1797/1797 1817/1817 961/961
f 961/961 5357/5357 1797/1797
f 5357/5357 961/961 1796/1796
f 5367/5367 961/961 1817/1817
f 961/961 5367/5367 1795/1795
f 1795/1795 1796/1796 961/961
f 1796/1796 1795/1795 5356/5356
f 1819/1819 1799/1799 5369/5369
f 1799/1799 1819/1819 962/962
f 962/962 5358/5358 1799/1799
f 5358/5358 962/962 1798/1798
f 5368/5368 962/962 1819/1819
f 962/962 5368/5368 1797/1797
f 1797/1797 1798/1798 962/962
f 1798/1798 1797/1797 5357/5357
f 1821/1821 1801/1801 5370/5370
f 1801/1801 1821/1821 963/963
f 963/963 5359/5359 1801/1801
f 5359/5359 963/963 1800/1800
f 5369/5369 963/963 1821/1821
f 963/963 5369/5369 1799/1799
f 1799/1799 1800/1800 963/963
f 1800/1800 1799/1799 5358/5358
f 1823/1823 1803/1803 5371/5371
f 1803/1803 1823/1823 964/964
f 964/964 5360/5360 1803/1803
f 5360/5360 964/964 1802/1802
f 5370/5370 964/964 1823/1823
f 964/964 5370/5370 1801/1801
f 1801/1801 1802/1802 964/964
f 1802/1802 1801/1801 5359/5359
f 1825/1825 1805/1805 5372/5372
f 1805/1805 1825/1825 965/965
f 965/965 5361/5361 1805/1805
f 5361/5361 965/965 1804/1804
f 5371/5371 965/965 1825/1825
f 965/965 5371/5371 1803/1803
f 1803/1803 1804/1804 965/965
f 1804/1804 1803/1803 5360/5360
f 1827/1827 1807/1807 5373/5373
f 1807/1807 1827/1827 966/966
f 966/966 5362/5362 1807/1807
f 5362/5362 966/966 1806/1806
f 5372/5372 966/966 1827/1827
f 966/966 5372/5372 1805/1805
f 1805/1805 1806/1806 966/966
f 1806/1806 1805/1805 5361/5361
f 580/580 1810/1810 5374/5374
f 1810/1810 580/580 581/581
f 581/581 5363/5363 1810/1810
f 5363/5363 581/581 582/582
f 5373/5373 553/553 554/554
f 553/553 5373/5373 1807/1807
f 1807/1807 552/552 553/553
f 552/552 1807/1807 5362/5362
f 1809/1809 1811/1811 5364/5364
f 1811/1811 1809/1809 967/967
f 967/967 5375/5375 1811/1811
f 5375/5375 967/967 1830/1830
f 5354/5354 967/967 1809/1809
f 967/967 5354/5354 1808/1808
f 1808/1808 1830/1830 967/967
f 1830/1830 1808/1808 5365/5365
f 1833/1833 1811/1811 5375/5375
f 1811/1811 1833/1833 968/968
f 968/968 5364/5364 1811/1811
f 5364/5364 968/968 1812/1812
f 5374/5374 968/968 1833/1833
f 968/968 5374/5374 1810/1810
f 1810/1810 1812/1812 968/968
f 1812/1812 1810/1810 5363/5363
f 1834/1834 1814/1814 5377/5377
f 1814/1814 1834/1834 969/969
f 969/969 5366/5366 1814/1814
f 5366/5366 969/969 1813/1813
f 5376/5376 969/969 1834/1834
f 969/969 5376/5376 1829/1829
f 1829/1829 1813/1813 969/969
f 1813/1813 1829/1829 5365/5365
f 1838/1838 1816/1816 5378/5378
f 1816/1816 1838/1838 970/970
f 970/970 5367/5367 1816/1816
f 5367/5367 970/970 1815/1815
f 5377/5377 970/970 1838/1838
f 970/970 5377/5377 1814/1814
f 1814/1814 1815/1815 970/970
f 1815/1815 1814/1814 5366/5366
f 1843/1843 1818/1818 5379/5379
f 1818/1818 1843/1843 971/971
f 971/971 5368/5368 1818/1818
f 5368/5368 971/971 1817/1817
f 5378/5378 971/971 1843/1843
f 971/971 5378/5378 1816/1816
f 1816/1816 1817/1817 971/971
f 1817/1817 1816/1816 5367/5367
f 1848/1848 1820/1820 5380/5380
f 1820/1820 1848/1848 972/972
f 972/972 5369/5369 1820/1820
f 5369/5369 972/972 1819/1819
f 5379/5379 972/972 1848/1848
f 972/972 5379/5379 1818/1818
f 1818/1818 1819/1819 972/972
f 1819/1819 1818/1818 5368/5368
f 1853/1853 1822/1822 5381/5381
f 1822/1822 1853/1853 973/973
f 973/973 5370/5370 1822/1822
f 5370/5370 973/973 1821/1821
f 5380/5380 973/973 1853/1853
f 973/973 5380/5380 1820/1820
f 1820/1820 1821/1821 973/973
f 1821/1821 1820/1820 5369/5369
f 1858/1858 1824/1824 5382/5382
f 1824/1824 1858/1858 974/974
f 974/974 5371/5371 1824/1824
f 5371/5371 974/974 1823/1823
f 5381/5381 974/974 1858/1858
f 974/974 5381/5381 1822/1822
f 1822/1822 1823/1823 974/974
f 1823/1823 1822/1822 5370/5370
f 1863/1863 1826/1826 5383/5383
f 1826/1826 1863/1863 975/975
f 975/975 5372/5372 1826/1826
f 5372/5372 975/975 1825/1825
f 5382/5382 975/975 1863/1863
f 975/975 5382/5382 1824/1824
f 1824/1824 1825/1825 975/975
f 1825/1825 1824/1824 5371/5371
f 1868/1868 1828/1828 5384/5384
f 1828/1828 1868/1868 976/976
f 976/976 5373/5373 1828/1828
f 5373/5373 976/976 1827/1827
f 5383/5383 976/976 1868/1868
f 976/976 5383/5383 1826/1826
f 1826/1826 1827/1827 976/976
f 1827/1827 1826/1826 5372/5372
f 578/578 1831/1831 5385/5385
f 1831/1831 578/578 579/579
f 579/579 5374/5374 1831/1831
f 5374/5374 579/579 580/580
f 5384/5384 555/555 556/556
f 555/555 5384/5384 1828/1828
f 1828/1828 554/554 555/555
f 554/554 1828/1828 5373/5373
f 1830/1830 1832/1832 5375/5375
f 1832/1832 1830/1830 977/977
f 977/977 5386/5386 1832/1832
f 5386/5386 977/977 1875/1875
f 5365/5365 977/977 1830/1830
f 977/977 5365/5365 1829/1829
f 1829/1829 1875/1875 977/977
f 1875/1875 1829/1829 5376/5376
f 1881/1881 1832/1832 5386/5386
f 1832/1832 1881/1881 978/978
f 978/978 5375/5375 1832/1832
f 5375/5375 978/978 1833/1833
f 5385/5385 978/978 1881/1881
f 978/978 5385/5385 1831/1831
f 1831/1831 1833/1833 978/978
f 1833/1833 1831/1831 5374/5374
f 1836/1836 1837/1837 5388/5388
f 1837/1837 1836/1836 979/979
f 979/979 5377/5377 1837/1837
f 5377/5377 979/979 1834/1834
f 5387/5387 979/979 1836/1836
f 979/979 5387/5387 1874/1874
f 1874/1874 1834/1834 979/979
f 1834/1834 1874/1874 5376/5376
f 1835/1835 1839/1839 5290/5290
f 1839/1839 1835/1835 980/980
f 980/980 5388/5388 1839/1839
f 5388/5388 980/980 1836/1836
f 5289/5289 980/980 1835/1835
f 980/980 5289/5289 1877/1877
f 1877/1877 1836/1836 980/980
f 1836/1836 1877/1877 5387/5387
f 1841/1841 1842/1842 5389/5389
f 1842/1842 1841/1841 981/981
f 981/981 5378/5378 1842/1842
f 5378/5378 981/981 1838/1838
f 5388/5388 981/981 1841/1841
f 981/981 5388/5388 1837/1837
f 1837/1837 1838/1838 981/981
f 1838/1838 1837/1837 5377/5377
f 1840/1840 1844/1844 5291/5291
f 1844/1844 1840/1840 982/982
f 982/982 5389/5389 1844/1844
f 5389/5389 982/982 1841/1841
f 5290/5290 982/982 1840/1840
f 982/982 5290/5290 1839/1839
f 1839/1839 1841/1841 982/982
f 1841/1841 1839/1839 5388/5388
f 1846/1846 1847/1847 5390/5390
f 1847/1847 1846/1846 983/983
f 983/983 5379/5379 1847/1847
f 5379/5379 983/983 1843/1843
f 5389/5389 983/983 1846/1846
f 983/983 5389/5389 1842/1842
f 1842/1842 1843/1843 983/983
f 1843/1843 1842/1842 5378/5378
f 1845/1845 1849/1849 5292/5292
f 1849/1849 1845/1845 984/984
f 984/984 5390/5390 1849/1849
f 5390/5390 984/984 1846/1846
f 5291/5291 984/984 1845/1845
f 984/984 5291/5291 1844/1844
f 1844/1844 1846/1846 984/984
f 1846/1846 1844/1844 5389/5389
f 1851/1851 1852/1852 5391/5391
f 1852/1852 1851/1851 985/985
f 985/985 5380/5380 1852/1852
f 5380/5380 985/985 1848/1848
f 5390/5390 985/985 1851/1851
f 985/985 5390/5390 1847/1847
f 1847/1847 1848/1848 985/985
f 1848/1848 1847/1847 5379/5379
f 1850/1850 1854/1854 5293/5293
f 1854/1854 1850/1850 986/986
f 986/986 5391/5391 1854/1854
f 5391/5391 986/986 1851/1851
f 5292/5292 986/986 1850/1850
f 986/986 5292/5292 1849/1849
f 1849/1849 1851/1851 986/986
f 1851/1851 1849/1849 5390/5390
f 1856/1856 1857/1857 5392/5392
f 1857/1857 1856/1856 987/987
f 987/987 5381/5381 1857/1857
f 5381/5381 987/987 1853/1853
f 5391/5391 987/987 1856/1856
f 987/987 5391/5391 1852/1852
f 1852/1852 1853/1853 987/987
f 1853/1853 1852/1852 5380/5380
f 1855/1855 1859/1859 5294/5294
f 1859/1859 1855/1855 988/988
f 988/988 5392/5392 1859/1859
f 5392/5392 988/988 1856/1856
f 5293/5293 988/988 1855/1855
f 988/988 5293/5293 1854/1854
f 1854/1854 1856/1856 988/988
f 1856/1856 1854/1854 5391/5391
f 1861/1861 1862/1862 5393/5393
f 1862/1862 1861/1861 989/989
f 989/989 5382/5382 1862/1862
f 5382/5382 989/989 1858/1858
f 5392/5392 989/989 1861/1861
f 989/989 5392/5392 1857/1857
f 1857/1857 1858/1858 989/989
f 1858/1858 1857/1857 5381/5381
f 1860/1860 1864/1864 5295/5295
f 1864/1864 1860/1860 990/990
f 990/990 5393/5393 1864/1864
f 5393/5393 990/990 1861/1861
f 5294/5294 990/990 1860/1860
f 990/990 5294/5294 1859/1859
f 1859/1859 1861/1861 990/990
f 1861/1861 1859/1859 5392/5392
f 1866/1866 1867/1867 5394/5394
f 1867/1867 1866/1866 991/991
f 991/991 5383/5383 1867/1867
f 5383/5383 991/991 1863/1863
f 5393/5393 991/991 1866/1866
f 991/991 5393/5393 1862/1862
f 1862/1862 1863/1863 991/991
f 1863/1863 1862/1862 5382/5382
f 1865/1865 1869/1869 5296/5296
f 1869/1869 1865/1865 992/992
f 992/992 5394/5394 1869/1869
f 5394/5394 992/992 1866/1866
f 5295/5295 992/992 1865/1865
f 992/992 5295/5295 1864/1864
f 1864/1864 1866/1866 992/992
f 1866/1866 1864/1864 5393/5393
f 1871/1871 1872/1872 5395/5395
f 1872/1872 1871/1871 993/993
f 993/993 5384/5384 1872/1872
f 5384/5384 993/993 1868/1868
f 5394/5394 993/993 1871/1871
f 993/993 5394/5394 1867/1867
f 1867/1867 1868/1868 993/993
f 1868/1868 1867/1867 5383/5383
f 1870/1870 1873/1873 5297/5297
f 1873/1873 1870/1870 994/994
f 994/994 5395/5395 1873/1873
f 5395/5395 994/994 1871/1871
f 5296/5296 994/994 1870/1870
f 994/994 5296/5296 1869/1869
f 1869/1869 1871/1871 994/994
f 1871/1871 1869/1869 5394/5394
f 576/576 1879/1879 5396/5396
f 1879/1879 576/576 577/577
f 577/577 5385/5385 1879/1879
f 5385/5385 577/577 578/578
f 5395/5395 557/557 558/558
f 557/557 5395/5395 1872/1872
f 1872/1872 556/556 557/557
f 556/556 1872/1872 5384/5384
f 574/574 1882/1882 573/573
f 1882/1882 574/574 575/575
f 575/575 5396/5396 1882/1882
f 5396/5396 575/575 576/576
f 5297/5297 559/559 560/560
f 559/559 5297/5297 1873/1873
f 1873/1873 558/558 559/559
f 558/558 1873/1873 5395/5395
f 1875/1875 1880/1880 5386/5386
f 1880/1880 1875/1875 995/995
f 995/995 5397/5397 1880/1880
f 5397/5397 995/995 1878/1878
f 5376/5376 995/995 1875/1875
f 995/995 5376/5376 1874/1874
f 1874/1874 1878/1878 995/995
f 1878/1878 1874/1874 5387/5387
f 1877/1877 1878/1878 5387/5387
f 1878/1878 1877/1877 996/996
f 996/996 5397/5397 1878/1878
f 5397/5397 996/996 1884/1884
f 5289/5289 996/996 1877/1877
f 996/996 5289/5289 1876/1876
f 1876/1876 1884/1884 996/996
f 1884/1884 1876/1876 5298/5298
f 1885/1885 1880/1880 5397/5397
f 1880/1880 1885/1885 997/997
f 997/997 5386/5386 1880/1880
f 5386/5386 997/997 1881/1881
f 5396/5396 997/997 1885/1885
f 997/997 5396/5396 1879/1879
f 1879/1879 1881/1881 997/997
f 1881/1881 1879/1879 5385/5385
f 1883/1883 1884/1884 5298/5298
f 1884/1884 1883/1883 998/998
f 998/998 5397/5397 1884/1884
f 5397/5397 998/998 1885/1885
f 573/573 998/998 1883/1883
f 998/998 573/573 1882/1882
f 1882/1882 1885/1885 998/998
f 1885/1885 1882/1882 5396/5396
f 1886/1886 1887/1887 5300/5300
f 1887/1887 1886/1886 999/999
f 999/999 5399/5399 1887/1887
f 5399/5399 999/999 2275/2275
f 5299/5299 999/999 1886/1886
f 999/999 5299/5299 1903/1903
f 1903/1903 2275/2275 999/999
f 2275/2275 1903/1903 5398/5398
f 1888/1888 1889/1889 5301/5301
f 1889/1889 1888/1888 1000/1000
f 1000/1000 5400/5400 1889/1889
f 5400/5400 1000/1000 2267/2267
f 5300/5300 1000/1000 1888/1888
f 1000/1000 5300/5300 1887/1887
f 1887/1887 2267/2267 1000/1000
f 2267/2267 1887/1887 5399/5399
f 1890/1890 1891/1891 5302/5302
f 1891/1891 1890/1890 1001/1001
f 1001/1001 5401/5401 1891/1891
f 5401/5401 1001/1001 2262/2262
f 5301/5301 1001/1001 1890/1890
f 1001/1001 5301/5301 1889/1889
f 1889/1889 2262/2262 1001/1001
f 2262/2262 1889/1889 5400/5400
f 1892/1892 1893/1893 5303/5303
f 1893/1893 1892/1892 1002/1002
f 1002/1002 5402/5402 1893/1893
f 5402/5402 1002/1002 2257/2257
f 5302/5302 1002/1002 1892/1892
f 1002/1002 5302/5302 1891/1891
f 1891/1891 2257/2257 1002/1002
f 2257/2257 1891/1891 5401/5401
f 1894/1894 1895/1895 5304/5304
f 1895/1895 1894/1894 1003/1003
f 1003/1003 5403/5403 1895/1895
f 5403/5403 1003/1003 2252/2252
f 5303/5303 1003/1003 1894/1894
f 1003/1003 5303/5303 1893/1893
f 1893/1893 2252/2252 1003/1003
f 2252/2252 1893/1893 5402/5402
f 1896/1896 1897/1897 5305/5305
f 1897/1897 1896/1896 1004/1004
f 1004/1004 5404/5404 1897/1897
f 5404/5404 1004/1004 2245/2245
f 5304/5304 1004/1004 1896/1896
f 1004/1004 5304/5304 1895/1895
f 1895/1895 2245/2245 1004/1004
f 2245/2245 1895/1895 5403/5403
f 1898/1898 1899/1899 5306/5306
f 1899/1899 1898/1898 1005/1005
f 1005/1005 5405/5405 1899/1899
f 5405/5405 1005/1005 2185/2185
f 5305/5305 1005/1005 1898/1898
f 1005/1005 5305/5305 1897/1897
f 1897/1897 2185/2185 1005/1005
f 2185/2185 1897/1897 5404/5404
f 1900/1900 1901/1901 5307/5307
f 1901/1901 1900/1900 1006/1006
f 1006/1006 5406/5406 1901/1901
f 5406/5406 1006/1006 2190/2190
f 5306/5306 1006/1006 1900/1900
f 1006/1006 5306/5306 1899/1899
f 1899/1899 2190/2190 1006/1006
f 2190/2190 1899/1899 5405/5405
f 592/592 1904/1904 5308/5308
f 1904/1904 592/592 593/593
f 593/593 5407/5407 1904/1904
f 5407/5407 593/593 594/594
f 5307/5307 541/541 542/542
f 541/541 5307/5307 1901/1901
f 1901/1901 540/540 541/541
f 540/540 1901/1901 5406/5406
f 1903/1903 2269/2269 5398/5398
f 2269/2269 1903/1903 1007/1007
f 1007/1007 5408/5408 2269/2269
f 5408/5408 1007/1007 1906/1906
f 5299/5299 1007/1007 1903/1903
f 1007/1007 5299/5299 1902/1902
f 1902/1902 1906/1906 1007/1007
f 1906/1906 1902/1902 5309/5309
f 1905/1905 1906/1906 5309/5309
f 1906/1906 1905/1905 1008/1008
f 1008/1008 5408/5408 1906/1906
f 5408/5408 1008/1008 2192/2192
f 5308/5308 1008/1008 1905/1905
f 1008/1008 5308/5308 1904/1904
f 1904/1904 2192/2192 1008/1008
f 2192/2192 1904/1904 5407/5407
f 1916/1916 1907/1907 5419/5419
f 1907/1907 1916/1916 1009/1009
f 1009/1009 5410/5410 1907/1907
f 5410/5410 1009/1009 1946/1946
f 5418/5418 1009/1009 1916/1916
f 1009/1009 5418/5418 1913/1913
f 1913/1913 1946/1946 1009/1009
f 1946/1946 1913/1913 5409/5409
f 1918/1918 1908/1908 5420/5420
f 1908/1908 1918/1918 1010/1010
f 1010/1010 5411/5411 1908/1908
f 5411/5411 1010/1010 1944/1944
f 5419/5419 1010/1010 1918/1918
f 1010/1010 5419/5419 1907/1907
f 1907/1907 1944/1944 1010/1010
f 1944/1944 1907/1907 5410/5410
f 1920/1920 1909/1909 5421/5421
f 1909/1909 1920/1920 1011/1011
f 1011/1011 5412/5412 1909/1909
f 5412/5412 1011/1011 1942/1942
f 5420/5420 1011/1011 1920/1920
f 1011/1011 5420/5420 1908/1908
f 1908/1908 1942/1942 1011/1011
f 1942/1942 1908/1908 5411/5411
f 1922/1922 260/260 261/261
f 260/260 1922/1922 1012/1012
f 1012/1012 259/259 260/260
f 259/259 1012/1012 1940/1940
f 5421/5421 1012/1012 1922/1922
f 1012/1012 5421/5421 1909/1909
f 1909/1909 1940/1940 1012/1012
f 1940/1940 1909/1909 5412/5412
f 1923/1923 1910/1910 5422/5422
f 1910/1910 1923/1923 1013/1013
f 1013/1013 5413/5413 1910/1910
f 5413/5413 1013/1013 1938/1938
f 85/85 1013/1013 1923/1923
f 1013/1013 85/85 86/86
f 86/86 1938/1938 1013/1013
f 1938/1938 86/86 87/87
f 1925/1925 1911/1911 5423/5423
f 1911/1911 1925/1925 1014/1014
f 1014/1014 5414/5414 1911/1911
f 5414/5414 1014/1014 1936/1936
f 5422/5422 1014/1014 1925/1925
f 1014/1014 5422/5422 1910/1910
f 1910/1910 1936/1936 1014/1014
f 1936/1936 1910/1910 5413/5413
f 1927/1927 1912/1912 5424/5424
f 1912/1912 1927/1927 1015/1015
f 1015/1015 5415/5415 1912/1912
f 5415/5415 1015/1015 1934/1934
f 5423/5423 1015/1015 1927/1927
f 1015/1015 5423/5423 1911/1911
f 1911/1911 1934/1934 1015/1015
f 1934/1934 1911/1911 5414/5414
f 1914/1914 1929/1929 1016/1016
f 1016/1016 5416/5416 1914/1914
f 5416/5416 1016/1016 1932/1932
f 5424/5424 1016/1016 1929/1929
f 1016/1016 5424/5424 1912/1912
f 1912/1912 1932/1932 1016/1016
f 1932/1932 1912/1912 5415/5415
f 1915/1915 1930/1930 5425/5425
f 1930/1930 1915/1915 1017/1017
f 1017/1017 5418/5418 1930/1930
f 5418/5418 1017/1017 1913/1913
f 5417/5417 1017/1017 1915/1915
f 1017/1017 5417/5417 1951/1951
f 1951/1951 1913/1913 1017/1017
f 1913/1913 1951/1951 5409/5409
f 1018/1018 5417/5417 1915/1915
f 5417/5417 1018/1018 1948/1948
f 1914/1914 1948/1948 1018/1018
f 1948/1948 1914/1914 5416/5416
f 2356/2356 1917/1917 5427/5427
f 1917/1917 2356/2356 1019/1019
f 1019/1019 5419/5419 1917/1917
f 5419/5419 1019/1019 1916/1916
f 5426/5426 1019/1019 2356/2356
f 1019/1019 5426/5426 1931/1931
f 1931/1931 1916/1916 1019/1019
f 1916/1916 1931/1931 5418/5418
f 2367/2367 1919/1919 5428/5428
f 1919/1919 2367/2367 1020/1020
f 1020/1020 5420/5420 1919/1919
f 5420/5420 1020/1020 1918/1918
f 5427/5427 1020/1020 2367/2367
f 1020/1020 5427/5427 1917/1917
f 1917/1917 1918/1918 1020/1020
f 1918/1918 1917/1917 5419/5419
f 2379/2379 1921/1921 5429/5429
f 1921/1921 2379/2379 1021/1021
f 1021/1021 5421/5421 1921/1921
f 5421/5421 1021/1021 1920/1920
f 5428/5428 1021/1021 2379/2379
f 1021/1021 5428/5428 1919/1919
f 1919/1919 1920/1920 1021/1021
f 1920/1920 1919/1919 5420/5420
f 2454/2454 262/262 263/263
f 262/262 2454/2454 1022/1022
f 1022/1022 261/261 262/262
f 261/261 1022/1022 1922/1922
f 5429/5429 1022/1022 2454/2454
f 1022/1022 5429/5429 1921/1921
f 1921/1921 1922/1922 1022/1022
f 1922/1922 1921/1921 5421/5421
f 2452/2452 1924/1924 5430/5430
f 1924/1924 2452/2452 1023/1023
f 1023/1023 5422/5422 1924/1924
f 5422/5422 1023/1023 1923/1923
f 83/83 1023/1023 2452/2452
f 1023/1023 83/83 84/84
f 84/84 1923/1923 1023/1023
f 1923/1923 84/84 85/85
f 2314/2314 1926/1926 5431/5431
f 1926/1926 2314/2314 1024/1024
f 1024/1024 5423/5423 1926/1926
f 5423/5423 1024/1024 1925/1925
f 5430/5430 1024/1024 2314/2314
f 1024/1024 5430/5430 1924/1924
f 1924/1924 1925/1925 1024/1024
f 1925/1925 1924/1924 5422/5422
f 2315/2315 1928/1928 5432/5432
f 1928/1928 2315/2315 1025/1025
f 1025/1025 5424/5424 1928/1928
f 5424/5424 1025/1025 1927/1927
f 5431/5431 1025/1025 2315/2315
f 1025/1025 5431/5431 1926/1926
f 1926/1926 1927/1927 1025/1025
f 1927/1927 1926/1926 5423/5423
f 906/906 5432/5432 1928/1928
f 1928/1928 1929/1929 906/906
f 1929/1929 1928/1928 5424/5424
f 5426/5426 1026/1026 1931/1931
f 1026/1026 5425/5425 1930/1930
f 1930/1930 1931/1931 1026/1026
f 1931/1931 1930/1930 5418/5418
f 1952/1952 1933/1933 5434/5434
f 1933/1933 1952/1952 1027/1027
f 1027/1027 5415/5415 1933/1933
f 5415/5415 1027/1027 1932/1932
f 5433/5433 1027/1027 1952/1952
f 1027/1027 5433/5433 1947/1947
f 1947/1947 1932/1932 1027/1027
f 1932/1932 1947/1947 5416/5416
f 1954/1954 1935/1935 5435/5435
f 1935/1935 1954/1954 1028/1028
f 1028/1028 5414/5414 1935/1935
f 5414/5414 1028/1028 1934/1934
f 5434/5434 1028/1028 1954/1954
f 1028/1028 5434/5434 1933/1933
f 1933/1933 1934/1934 1028/1028
f 1934/1934 1933/1933 5415/5415
f 1956/1956 1937/1937 89/89
f 1937/1937 1956/1956 1029/1029
f 1029/1029 5413/5413 1937/1937
f 5413/5413 1029/1029 1936/1936
f 5435/5435 1029/1029 1956/1956
f 1029/1029 5435/5435 1935/1935
f 1935/1935 1936/1936 1029/1029
f 1936/1936 1935/1935 5414/5414
f 1958/1958 1939/1939 5436/5436
f 1939/1939 1958/1958 258/258
f 258/258 259/259 1939/1939
f 87/87 88/88 1938/1938
f 257/257 258/258 1958/1958
f 88/88 89/89 1937/1937
f 1937/1937 1938/1938 88/88
f 1938/1938 1937/1937 5413/5413
f 1960/1960 1941/1941 5437/5437
f 1941/1941 1960/1960 1030/1030
f 1030/1030 5412/5412 1941/1941
f 5412/5412 1030/1030 1940/1940
f 5436/5436 1030/1030 1960/1960
f 1030/1030 5436/5436 1939/1939
f 1939/1939 1940/1940 1030/1030
f 1940/1940 1939/1939 259/259
f 1962/1962 1943/1943 5438/5438
f 1943/1943 1962/1962 1031/1031
f 1031/1031 5411/5411 1943/1943
f 5411/5411 1031/1031 1942/1942
f 5437/5437 1031/1031 1962/1962
f 1031/1031 5437/5437 1941/1941
f 1941/1941 1942/1942 1031/1031
f 1942/1942 1941/1941 5412/5412
f 1964/1964 1945/1945 5439/5439
f 1945/1945 1964/1964 1032/1032
f 1032/1032 5410/5410 1945/1945
f 5410/5410 1032/1032 1944/1944
f 5438/5438 1032/1032 1964/1964
f 1032/1032 5438/5438 1943/1943
f 1943/1943 1944/1944 1032/1032
f 1944/1944 1943/1943 5411/5411
f 1966/1966 1949/1949 5440/5440
f 1949/1949 1966/1966 1033/1033
f 1033/1033 5409/5409 1949/1949
f 5409/5409 1033/1033 1946/1946
f 5439/5439 1033/1033 1966/1966
f 1033/1033 5439/5439 1945/1945
f 1945/1945 1946/1946 1033/1033
f 1946/1946 1945/1945 5410/5410
f 1948/1948 1950/1950 5417/5417
f 1950/1950 1948/1948 1034/1034
f 1034/1034 5441/5441 1950/1950
f 5441/5441 1034/1034 1968/1968
f 5416/5416 1034/1034 1948/1948
f 1034/1034 5416/5416 1947/1947
f 1947/1947 1968/1968 1034/1034
f 1968/1968 1947/1947 5433/5433
f 1971/1971 1950/1950 5441/5441
f 1950/1950 1971/1971 1035/1035
f 1035/1035 5417/5417 1950/1950
f 5417/5417 1035/1035 1951/1951
f 5440/5440 1035/1035 1971/1971
f 1035/1035 5440/5440 1949/1949
f 1949/1949 1951/1951 1035/1035
f 1951/1951 1949/1949 5409/5409
f 1972/1972 1953/1953 5443/5443
f 1953/1953 1972/1972 1036/1036
f 1036/1036 5434/5434 1953/1953
f 5434/5434 1036/1036 1952/1952
f 5442/5442 1036/1036 1972/1972
f 1036/1036 5442/5442 1967/1967
f 1967/1967 1952/1952 1036/1036
f 1952/1952 1967/1967 5433/5433
f 1974/1974 1955/1955 91/91
f 1955/1955 1974/1974 1037/1037
f 1037/1037 5435/5435 1955/1955
f 5435/5435 1037/1037 1954/1954
f 5443/5443 1037/1037 1974/1974
f 1037/1037 5443/5443 1953/1953
f 1953/1953 1954/1954 1037/1037
f 1954/1954 1953/1953 5434/5434
f 1975/1975 1957/1957 5444/5444
f 1957/1957 1975/1975 256/256
f 256/256 257/257 1957/1957
f 89/89 90/90 1956/1956
f 255/255 256/256 1975/1975
f 90/90 91/91 1955/1955
f 1955/1955 1956/1956 90/90
f 1956/1956 1955/1955 5435/5435
f 1977/1977 1959/1959 5445/5445
f 1959/1959 1977/1977 1038/1038
f 1038/1038 5436/5436 1959/1959
f 5436/5436 1038/1038 1958/1958
f 5444/5444 1038/1038 1977/1977
f 1038/1038 5444/5444 1957/1957
f 1957/1957 1958/1958 1038/1038
f 1958/1958 1957/1957 257/257
f 1979/1979 1961/1961 5446/5446
f 1961/1961 1979/1979 1039/1039
f 1039/1039 5437/5437 1961/1961
f 5437/5437 1039/1039 1960/1960
f 5445/5445 1039/1039 1979/1979
f 1039/1039 5445/5445 1959/1959
f 1959/1959 1960/1960 1039/1039
f 1960/1960 1959/1959 5436/5436
f 1981/1981 1963/1963 5447/5447
f 1963/1963 1981/1981 1040/1040
f 1040/1040 5438/5438 1963/1963
f 5438/5438 1040/1040 1962/1962
f 5446/5446 1040/1040 1981/1981
f 1040/1040 5446/5446 1961/1961
f 1961/1961 1962/1962 1040/1040
f 1962/1962 1961/1961 5437/5437
f 1983/1983 1965/1965 5448/5448
f 1965/1965 1983/1983 1041/1041
f 1041/1041 5439/5439 1965/1965
f 5439/5439 1041/1041 1964/1964
f 5447/5447 1041/1041 1983/1983
f 1041/1041 5447/5447 1963/1963
f 1963/1963 1964/1964 1041/1041
f 1964/1964 1963/1963 5438/5438
f 1985/1985 1969/1969 5449/5449
f 1969/1969 1985/1985 1042/1042
f 1042/1042 5440/5440 1969/1969
f 5440/5440 1042/1042 1966/1966
f 5448/5448 1042/1042 1985/1985
f 1042/1042 5448/5448 1965/1965
f 1965/1965 1966/1966 1042/1042
f 1966/1966 1965/1965 5439/5439
f 1968/1968 1970/1970 5441/5441
f 1970/1970 1968/1968 1043/1043
f 1043/1043 5450/5450 1970/1970
f 5450/5450 1043/1043 1987/1987
f 5433/5433 1043/1043 1968/1968
f 1043/1043 5433/5433 1967/1967
f 1967/1967 1987/1987 1043/1043
f 1987/1987 1967/1967 5442/5442
f 1990/1990 1970/1970 5450/5450
f 1970/1970 1990/1990 1044/1044
f 1044/1044 5441/5441 1970/1970
f 5441/5441 1044/1044 1971/1971
f 5449/5449 1044/1044 1990/1990
f 1044/1044 5449/5449 1969/1969
f 1969/1969 1971/1971 1044/1044
f 1971/1971 1969/1969 5440/5440
f 1991/1991 1973/1973 5452/5452
f 1973/1973 1991/1991 1045/1045
f 1045/1045 5443/5443 1973/1973
f 5443/5443 1045/1045 1972/1972
f 5451/5451 1045/1045 1991/1991
f 1045/1045 5451/5451 1986/1986
f 1986/1986 1972/1972 1045/1045
f 1972/1972 1986/1986 5442/5442
f 1993/1993 92/92 93/93
f 92/92 1993/1993 1046/1046
f 1046/1046 91/91 92/92
f 91/91 1046/1046 1974/1974
f 5452/5452 1046/1046 1993/1993
f 1046/1046 5452/5452 1973/1973
f 1973/1973 1974/1974 1046/1046
f 1974/1974 1973/1973 5443/5443
f 1994/1994 1976/1976 5453/5453
f 1976/1976 1994/1994 1047/1047
f 1047/1047 5444/5444 1976/1976
f 5444/5444 1047/1047 1975/1975
f 253/253 1047/1047 1994/1994
f 1047/1047 253/253 254/254
f 254/254 1975/1975 1047/1047
f 1975/1975 254/254 255/255
f 1996/1996 1978/1978 5454/5454
f 1978/1978 1996/1996 1048/1048
f 1048/1048 5445/5445 1978/1978
f 5445/5445 1048/1048 1977/1977
f 5453/5453 1048/1048 1996/1996
f 1048/1048 5453/5453 1976/1976
f 1976/1976 1977/1977 1048/1048
f 1977/1977 1976/1976 5444/5444
f 1998/1998 1980/1980 5455/5455
f 1980/1980 1998/1998 1049/1049
f 1049/1049 5446/5446 1980/1980
f 5446/5446 1049/1049 1979/1979
f 5454/5454 1049/1049 1998/1998
f 1049/1049 5454/5454 1978/1978
f 1978/1978 1979/1979 1049/1049
f 1979/1979 1978/1978 5445/5445
f 2000/2000 1982/1982 5456/5456
f 1982/1982 2000/2000 1050/1050
f 1050/1050 5447/5447 1982/1982
f 5447/5447 1050/1050 1981/1981
f 5455/5455 1050/1050 2000/2000
f 1050/1050 5455/5455 1980/1980
f 1980/1980 1981/1981 1050/1050
f 1981/1981 1980/1980 5446/5446
f 2002/2002 1984/1984 5457/5457
f 1984/1984 2002/2002 1051/1051
f 1051/1051 5448/5448 1984/1984
f 5448/5448 1051/1051 1983/1983
f 5456/5456 1051/1051 2002/2002
f 1051/1051 5456/5456 1982/1982
f 1982/1982 1983/1983 1051/1051
f 1983/1983 1982/1982 5447/5447
f 2004/2004 1988/1988 5458/5458
f 1988/1988 2004/2004 1052/1052
f 1052/1052 5449/5449 1988/1988
f 5449/5449 1052/1052 1985/1985
f 5457/5457 1052/1052 2004/2004
f 1052/1052 5457/5457 1984/1984
f 1984/1984 1985/1985 1052/1052
f 1985/1985 1984/1984 5448/5448
f 1987/1987 1989/1989 5450/5450
f 1989/1989 1987/1987 1053/1053
f 1053/1053 5459/5459 1989/1989
f 5459/5459 1053/1053 2006/2006
f 5442/5442 1053/1053 1987/1987
f 1053/1053 5442/5442 1986/1986
f 1986/1986 2006/2006 1053/1053
f 2006/2006 1986/1986 5451/5451
f 2009/2009 1989/1989 5459/5459
f 1989/1989 2009/2009 1054/1054
f 1054/1054 5450/5450 1989/1989
f 5450/5450 1054/1054 1990/1990
f 5458/5458 1054/1054 2009/2009
f 1054/1054 5458/5458 1988/1988
f 1988/1988 1990/1990 1054/1054
f 1990/1990 1988/1988 5449/5449
f 2010/2010 1992/1992 5461/5461
f 1992/1992 2010/2010 1055/1055
f 1055/1055 5452/5452 1992/1992
f 5452/5452 1055/1055 1991/1991
f 5460/5460 1055/1055 2010/2010
f 1055/1055 5460/5460 2005/2005
f 2005/2005 1991/1991 1055/1055
f 1991/1991 2005/2005 5451/5451
f 251/251 252/252 5462/5462
f 94/94 95/95 1056/1056
f 1056/1056 93/93 94/94
f 93/93 1056/1056 1993/1993
f 5461/5461 1056/1056 95/95
f 1056/1056 5461/5461 1992/1992
f 1992/1992 1993/1993 1056/1056
f 1993/1993 1992/1992 5452/5452
f 2012/2012 1995/1995 5463/5463
f 1995/1995 2012/2012 1057/1057
f 1057/1057 5453/5453 1995/1995
f 5453/5453 1057/1057 1994/1994
f 5462/5462 1057/1057 2012/2012
f 1057/1057 5462/5462 252/252
f 252/252 1994/1994 1057/1057
f 1994/1994 252/252 253/253
f 2014/2014 1997/1997 5464/5464
f 1997/1997 2014/2014 1058/1058
f 1058/1058 5454/5454 1997/1997
f 5454/5454 1058/1058 1996/1996
f 5463/5463 1058/1058 2014/2014
f 1058/1058 5463/5463 1995/1995
f 1995/1995 1996/1996 1058/1058
f 1996/1996 1995/1995 5453/5453
f 2016/2016 1999/1999 5465/5465
f 1999/1999 2016/2016 1059/1059
f 1059/1059 5455/5455 1999/1999
f 5455/5455 1059/1059 1998/1998
f 5464/5464 1059/1059 2016/2016
f 1059/1059 5464/5464 1997/1997
f 1997/1997 1998/1998 1059/1059
f 1998/1998 1997/1997 5454/5454
f 2018/2018 2001/2001 5466/5466
f 2001/2001 2018/2018 1060/1060
f 1060/1060 5456/5456 2001/2001
f 5456/5456 1060/1060 2000/2000
f 5465/5465 1060/1060 2018/2018
f 1060/1060 5465/5465 1999/1999
f 1999/1999 2000/2000 1060/1060
f 2000/2000 1999/1999 5455/5455
f 2020/2020 2003/2003 5467/5467
f 2003/2003 2020/2020 1061/1061
f 1061/1061 5457/5457 2003/2003
f 5457/5457 1061/1061 2002/2002
f 5466/5466 1061/1061 2020/2020
f 1061/1061 5466/5466 2001/2001
f 2001/2001 2002/2002 1061/1061
f 2002/2002 2001/2001 5456/5456
f 2022/2022 2007/2007 5468/5468
f 2007/2007 2022/2022 1062/1062
f 1062/1062 5458/5458 2007/2007
f 5458/5458 1062/1062 2004/2004
f 5467/5467 1062/1062 2022/2022
f 1062/1062 5467/5467 2003/2003
f 2003/2003 2004/2004 1062/1062
f 2004/2004 2003/2003 5457/5457
f 2006/2006 2008/2008 5459/5459
f 2008/2008 2006/2006 1063/1063
f 1063/1063 5469/5469 2008/2008
f 5469/5469 1063/1063 2024/2024
f 5451/5451 1063/1063 2006/2006
f 1063/1063 5451/5451 2005/2005
f 2005/2005 2024/2024 1063/1063
f 2024/2024 2005/2005 5460/5460
f 2027/2027 2008/2008 5469/5469
f 2008/2008 2027/2027 1064/1064
f 1064/1064 5459/5459 2008/2008
f 5459/5459 1064/1064 2009/2009
f 5468/5468 1064/1064 2027/2027
f 1064/1064 5468/5468 2007/2007
f 2007/2007 2009/2009 1064/1064
f 2009/2009 2007/2007 5458/5458
f 249/249 250/250 5471/5471
f 96/96 97/97 1065/1065
f 1065/1065 5461/5461 96/96
f 5461/5461 1065/1065 2010/2010
f 5470/5470 1065/1065 97/97
f 1065/1065 5470/5470 2023/2023
f 2023/2023 2010/2010 1065/1065
f 2010/2010 2023/2023 5460/5460
f 2030/2030 2011/2011 5472/5472
f 2011/2011 2030/2030 1066/1066
f 1066/1066 5462/5462 2011/2011
f 5462/5462 1066/1066 251/251
f 5471/5471 1066/1066 2030/2030
f 1066/1066 5471/5471 250/250
f 250/250 251/251 1066/1066
f 95/95 96/96 5461/5461
f 2033/2033 2013/2013 5473/5473
f 2013/2013 2033/2033 1067/1067
f 1067/1067 5463/5463 2013/2013
f 5463/5463 1067/1067 2012/2012
f 5472/5472 1067/1067 2033/2033
f 1067/1067 5472/5472 2011/2011
f 2011/2011 2012/2012 1067/1067
f 2012/2012 2011/2011 5462/5462
f 2036/2036 2015/2015 5474/5474
f 2015/2015 2036/2036 1068/1068
f 1068/1068 5464/5464 2015/2015
f 5464/5464 1068/1068 2014/2014
f 5473/5473 1068/1068 2036/2036
f 1068/1068 5473/5473 2013/2013
f 2013/2013 2014/2014 1068/1068
f 2014/2014 2013/2013 5463/5463
f 2038/2038 2017/2017 5475/5475
f 2017/2017 2038/2038 1069/1069
f 1069/1069 5465/5465 2017/2017
f 5465/5465 1069/1069 2016/2016
f 5474/5474 1069/1069 2038/2038
f 1069/1069 5474/5474 2015/2015
f 2015/2015 2016/2016 1069/1069
f 2016/2016 2015/2015 5464/5464
f 2041/2041 2019/2019 5476/5476
f 2019/2019 2041/2041 1070/1070
f 1070/1070 5466/5466 2019/2019
f 5466/5466 1070/1070 2018/2018
f 5475/5475 1070/1070 2041/2041
f 1070/1070 5475/5475 2017/2017
f 2017/2017 2018/2018 1070/1070
f 2018/2018 2017/2017 5465/5465
f 2043/2043 2021/2021 5477/5477
f 2021/2021 2043/2043 1071/1071
f 1071/1071 5467/5467 2021/2021
f 5467/5467 1071/1071 2020/2020
f 5476/5476 1071/1071 2043/2043
f 1071/1071 5476/5476 2019/2019
f 2019/2019 2020/2020 1071/1071
f 2020/2020 2019/2019 5466/5466
f 2046/2046 2025/2025 5478/5478
f 2025/2025 2046/2046 1072/1072
f 1072/1072 5468/5468 2025/2025
f 5468/5468 1072/1072 2022/2022
f 5477/5477 1072/1072 2046/2046
f 1072/1072 5477/5477 2021/2021
f 2021/2021 2022/2022 1072/1072
f 2022/2022 2021/2021 5467/5467
f 2024/2024 2026/2026 5469/5469
f 2026/2026 2024/2024 1073/1073
f 1073/1073 5479/5479 2026/2026
f 5479/5479 1073/1073 2048/2048
f 5460/5460 1073/1073 2024/2024
f 1073/1073 5460/5460 2023/2023
f 2023/2023 2048/2048 1073/1073
f 2048/2048 2023/2023 5470/5470
f 2053/2053 2026/2026 5479/5479
f 2026/2026 2053/2053 1074/1074
f 1074/1074 5469/5469 2026/2026
f 5469/5469 1074/1074 2027/2027
f 5478/5478 1074/1074 2053/2053
f 1074/1074 5478/5478 2025/2025
f 2025/2025 2027/2027 1074/1074
f 2027/2027 2025/2025 5468/5468
f 247/247 2028/2028 5481/5481
f 2028/2028 247/247 248/248
f 248/248 5471/5471 2028/2028
f 5471/5471 248/248 249/249
f 5480/5480 98/98 99/99
f 98/98 5480/5480 2047/2047
f 2047/2047 97/97 98/98
f 97/97 2047/2047 5470/5470
f 2029/2029 2031/2031 5482/5482
f 2031/2031 2029/2029 1075/1075
f 1075/1075 5472/5472 2031/2031
f 5472/5472 1075/1075 2030/2030
f 5481/5481 1075/1075 2029/2029
f 1075/1075 5481/5481 2028/2028
f 2028/2028 2030/2030 1075/1075
f 2030/2030 2028/2028 5471/5471
f 2032/2032 2034/2034 5483/5483
f 2034/2034 2032/2032 1076/1076
f 1076/1076 5473/5473 2034/2034
f 5473/5473 1076/1076 2033/2033
f 5482/5482 1076/1076 2032/2032
f 1076/1076 5482/5482 2031/2031
f 2031/2031 2033/2033 1076/1076
f 2033/2033 2031/2031 5472/5472
f 2035/2035 2037/2037 5484/5484
f 2037/2037 2035/2035 1077/1077
f 1077/1077 5474/5474 2037/2037
f 5474/5474 1077/1077 2036/2036
f 5483/5483 1077/1077 2035/2035
f 1077/1077 5483/5483 2034/2034
f 2034/2034 2036/2036 1077/1077
f 2036/2036 2034/2034 5473/5473
f 2039/2039 5485/5485 1078/1078
f 1078/1078 5475/5475 2039/2039
f 5475/5475 1078/1078 2038/2038
f 5484/5484 1078/1078 5485/5485
f 1078/1078 5484/5484 2037/2037
f 2037/2037 2038/2038 1078/1078
f 2038/2038 2037/2037 5474/5474
f 2040/2040 2042/2042 5486/5486
f 2042/2042 2040/2040 1079/1079
f 1079/1079 5476/5476 2042/2042
f 5476/5476 1079/1079 2041/2041
f 5485/5485 1079/1079 2040/2040
f 1079/1079 5485/5485 2039/2039
f 2039/2039 2041/2041 1079/1079
f 2041/2041 2039/2039 5475/5475
f 2044/2044 5487/5487 1080/1080
f 1080/1080 5477/5477 2044/2044
f 5477/5477 1080/1080 2043/2043
f 5486/5486 1080/1080 5487/5487
f 1080/1080 5486/5486 2042/2042
f 2042/2042 2043/2043 1080/1080
f 2043/2043 2042/2042 5476/5476
f 2045/2045 2050/2050 5488/5488
f 2050/2050 2045/2045 1081/1081
f 1081/1081 5478/5478 2050/2050
f 5478/5478 1081/1081 2046/2046
f 5487/5487 1081/1081 2045/2045
f 1081/1081 5487/5487 2044/2044
f 2044/2044 2046/2046 1081/1081
f 2046/2046 2044/2044 5477/5477
f 2048/2048 2052/2052 5479/5479
f 2052/2052 2048/2048 1082/1082
f 1082/1082 5489/5489 2052/2052
f 5489/5489 1082/1082 2049/2049
f 5470/5470 1082/1082 2048/2048
f 1082/1082 5470/5470 2047/2047
f 2047/2047 2049/2049 1082/1082
f 2049/2049 2047/2047 5480/5480
f 2051/2051 2052/2052 5489/5489
f 2052/2052 2051/2051 1083/1083
f 1083/1083 5479/5479 2052/2052
f 5479/5479 1083/1083 2053/2053
f 5488/5488 1083/1083 2051/2051
f 1083/1083 5488/5488 2050/2050
f 2050/2050 2053/2053 1083/1083
f 2053/2053 2050/2050 5478/5478
f 2461/2461 2831/2831 6037/6037
f 2831/2831 2461/2461 1084/1084
f 1084/1084 6038/6038 2831/2831
f 6038/6038 1084/1084 2054/2054
f 5490/5490 1084/1084 2461/2461
f 1084/1084 5490/5490 2055/2055
f 2055/2055 2054/2054 1084/1084
f 2054/2054 2055/2055 5491/5491
f 2055/2055 2056/2056 5491/5491
f 2056/2056 2055/2055 1085/1085
f 1085/1085 275/275 2056/2056
f 275/275 1085/1085 274/274
f 5490/5490 1085/1085 2055/2055
f 1085/1085 5490/5490 2465/2465
f 2465/2465 274/274 1085/1085
f 274/274 2465/2465 273/273
f 2057/2057 2058/2058 5494/5494
f 2058/2058 2057/2057 1086/1086
f 1086/1086 5492/5492 2058/2058
f 5492/5492 1086/1086 2474/2474
f 71/71 1086/1086 2057/2057
f 1086/1086 71/71 72/72
f 72/72 2474/2474 1086/1086
f 2474/2474 72/72 73/73
f 2059/2059 2060/2060 5495/5495
f 2060/2060 2059/2059 1087/1087
f 1087/1087 5493/5493 2060/2060
f 5493/5493 1087/1087 2480/2480
f 5494/5494 1087/1087 2059/2059
f 1087/1087 5494/5494 2058/2058
f 2058/2058 2480/2480 1087/1087
f 2480/2480 2058/2058 5492/5492
f 2061/2061 2839/2839 6040/6040
f 2839/2839 2061/2061 1088/1088
f 1088/1088 6039/6039 2839/2839
f 6039/6039 1088/1088 2478/2478
f 5495/5495 1088/1088 2061/2061
f 1088/1088 5495/5495 2060/2060
f 2060/2060 2478/2478 1088/1088
f 2478/2478 2060/2060 5493/5493
f 2395/2395 2062/2062 5506/5506
f 2062/2062 2395/2395 1089/1089
f 1089/1089 5501/5501 2062/2062
f 5501/5501 1089/1089 2290/2290
f 5505/5505 1089/1089 2395/2395
f 1089/1089 5505/5505 2139/2139
f 2139/2139 2290/2290 1089/1089
f 2290/2290 2139/2139 5500/5500
f 2397/2397 2063/2063 5507/5507
f 2063/2063 2397/2397 1090/1090
f 1090/1090 5502/5502 2063/2063
f 5502/5502 1090/1090 2295/2295
f 5506/5506 1090/1090 2397/2397
f 1090/1090 5506/5506 2062/2062
f 2062/2062 2295/2295 1090/1090
f 2295/2295 2062/2062 5501/5501
f 2399/2399 2064/2064 5508/5508
f 2064/2064 2399/2399 1091/1091
f 1091/1091 5503/5503 2064/2064
f 5503/5503 1091/1091 2300/2300
f 5507/5507 1091/1091 2399/2399
f 1091/1091 5507/5507 2063/2063
f 2063/2063 2300/2300 1091/1091
f 2300/2300 2063/2063 5502/5502
f 2401/2401 2065/2065 5509/5509
f 2065/2065 2401/2401 1092/1092
f 1092/1092 5504/5504 2065/2065
f 5504/5504 1092/1092 2305/2305
f 5508/5508 1092/1092 2401/2401
f 1092/1092 5508/5508 2064/2064
f 2064/2064 2305/2305 1092/1092
f 2305/2305 2064/2064 5503/5503
f 2403/2403 2844/2844 6043/6043
f 2844/2844 2403/2403 1093/1093
f 1093/1093 6042/6042 2844/2844
f 6042/6042 1093/1093 2310/2310
f 5509/5509 1093/1093 2403/2403
f 1093/1093 5509/5509 2065/2065
f 2065/2065 2310/2310 1093/1093
f 2310/2310 2065/2065 5504/5504
f 2222/2222 2066/2066 5511/5511
f 2066/2066 2222/2222 1094/1094
f 1094/1094 5516/5516 2066/2066
f 5516/5516 1094/1094 2070/2070
f 5510/5510 1094/1094 2222/2222
f 1094/1094 5510/5510 2093/2093
f 2093/2093 2070/2070 1094/1094
f 2070/2070 2093/2093 5515/5515
f 2227/2227 2067/2067 5512/5512
f 2067/2067 2227/2227 1095/1095
f 1095/1095 5517/5517 2067/2067
f 5517/5517 1095/1095 2072/2072
f 5511/5511 1095/1095 2227/2227
f 1095/1095 5511/5511 2066/2066
f 2066/2066 2072/2072 1095/1095
f 2072/2072 2066/2066 5516/5516
f 2232/2232 2068/2068 5513/5513
f 2068/2068 2232/2232 1096/1096
f 1096/1096 5518/5518 2068/2068
f 5518/5518 1096/1096 2074/2074
f 5512/5512 1096/1096 2232/2232
f 1096/1096 5512/5512 2067/2067
f 2067/2067 2074/2074 1096/1096
f 2074/2074 2067/2067 5517/5517
f 2237/2237 2069/2069 5514/5514
f 2069/2069 2237/2237 1097/1097
f 1097/1097 5519/5519 2069/2069
f 5519/5519 1097/1097 2076/2076
f 5513/5513 1097/1097 2237/2237
f 1097/1097 5513/5513 2068/2068
f 2068/2068 2076/2076 1097/1097
f 2076/2076 2068/2068 5518/5518
f 2242/2242 2849/2849 6044/6044
f 2849/2849 2242/2242 1098/1098
f 1098/1098 6045/6045 2849/2849
f 6045/6045 1098/1098 2078/2078
f 5514/5514 1098/1098 2242/2242
f 1098/1098 5514/5514 2069/2069
f 2069/2069 2078/2078 1098/1098
f 2078/2078 2069/2069 5519/5519
f 2070/2070 2071/2071 5516/5516
f 2071/2071 2070/2070 1099/1099
f 1099/1099 5526/5526 2071/2071
f 5526/5526 1099/1099 2154/2154
f 5515/5515 1099/1099 2070/2070
f 1099/1099 5515/5515 2082/2082
f 2082/2082 2154/2154 1099/1099
f 2154/2154 2082/2082 5525/5525
f 2072/2072 2073/2073 5517/5517
f 2073/2073 2072/2072 1100/1100
f 1100/1100 5527/5527 2073/2073
f 5527/5527 1100/1100 2156/2156
f 5516/5516 1100/1100 2072/2072
f 1100/1100 5516/5516 2071/2071
f 2071/2071 2156/2156 1100/1100
f 2156/2156 2071/2071 5526/5526
f 2074/2074 2075/2075 5518/5518
f 2075/2075 2074/2074 1101/1101
f 1101/1101 5528/5528 2075/2075
f 5528/5528 1101/1101 2158/2158
f 5517/5517 1101/1101 2074/2074
f 1101/1101 5517/5517 2073/2073
f 2073/2073 2158/2158 1101/1101
f 2158/2158 2073/2073 5527/5527
f 2076/2076 2077/2077 5519/5519
f 2077/2077 2076/2076 1102/1102
f 1102/1102 5529/5529 2077/2077
f 5529/5529 1102/1102 2160/2160
f 5518/5518 1102/1102 2076/2076
f 1102/1102 5518/5518 2075/2075
f 2075/2075 2160/2160 1102/1102
f 2160/2160 2075/2075 5528/5528
f 2078/2078 2858/2858 6045/6045
f 2858/2858 2078/2078 1103/1103
f 1103/1103 6047/6047 2858/2858
f 6047/6047 1103/1103 2162/2162
f 5519/5519 1103/1103 2078/2078
f 1103/1103 5519/5519 2077/2077
f 2077/2077 2162/2162 1103/1103
f 2162/2162 2077/2077 5529/5529
f 2177/2177 2079/2079 5531/5531
f 2079/2079 2177/2177 1104/1104
f 1104/1104 5536/5536 2079/2079
f 5536/5536 1104/1104 2085/2085
f 5530/5530 1104/1104 2177/2177
f 1104/1104 5530/5530 2149/2149
f 2149/2149 2085/2085 1104/1104
f 2085/2085 2149/2149 5535/5535
f 2179/2179 2080/2080 5532/5532
f 2080/2080 2179/2179 1105/1105
f 1105/1105 5537/5537 2080/2080
f 5537/5537 1105/1105 2087/2087
f 5531/5531 1105/1105 2179/2179
f 1105/1105 5531/5531 2079/2079
f 2079/2079 2087/2087 1105/1105
f 2087/2087 2079/2079 5536/5536
f 2181/2181 2081/2081 5533/5533
f 2081/2081 2181/2181 1106/1106
f 1106/1106 5538/5538 2081/2081
f 5538/5538 1106/1106 2089/2089
f 5532/5532 1106/1106 2181/2181
f 1106/1106 5532/5532 2080/2080
f 2080/2080 2089/2089 1106/1106
f 2089/2089 2080/2080 5537/5537
f 2183/2183 2862/2862 6048/6048
f 2862/2862 2183/2183 1107/1107
f 1107/1107 6049/6049 2862/2862
f 6049/6049 1107/1107 2091/2091
f 5533/5533 1107/1107 2183/2183
f 1107/1107 5533/5533 2081/2081
f 2081/2081 2091/2091 1107/1107
f 2091/2091 2081/2081 5538/5538
f 2083/2083 2092/2092 5539/5539
f 2092/2092 2083/2083 1108/1108
f 1108/1108 5515/5515 2092/2092
f 5515/5515 1108/1108 2082/2082
f 5534/5534 1108/1108 2083/2083
f 1108/1108 5534/5534 2152/2152
f 2152/2152 2082/2082 1108/1108
f 2082/2082 2152/2152 5525/5525
f 2150/2150 2084/2084 5535/5535
f 2084/2084 2150/2150 1109/1109
f 1109/1109 5540/5540 2084/2084
f 5540/5540 1109/1109 2095/2095
f 5534/5534 1109/1109 2150/2150
f 1109/1109 5534/5534 2083/2083
f 2083/2083 2095/2095 1109/1109
f 2095/2095 2083/2083 5539/5539
f 2085/2085 2086/2086 5536/5536
f 2086/2086 2085/2085 1110/1110
f 1110/1110 5541/5541 2086/2086
f 5541/5541 1110/1110 2097/2097
f 5535/5535 1110/1110 2085/2085
f 1110/1110 5535/5535 2084/2084
f 2084/2084 2097/2097 1110/1110
f 2097/2097 2084/2084 5540/5540
f 2087/2087 2088/2088 5537/5537
f 2088/2088 2087/2087 1111/1111
f 1111/1111 5542/5542 2088/2088
f 5542/5542 1111/1111 2099/2099
f 5536/5536 1111/1111 2087/2087
f 1111/1111 5536/5536 2086/2086
f 2086/2086 2099/2099 1111/1111
f 2099/2099 2086/2086 5541/5541
f 2089/2089 2090/2090 5538/5538
f 2090/2090 2089/2089 1112/1112
f 1112/1112 5543/5543 2090/2090
f 5543/5543 1112/1112 2101/2101
f 5537/5537 1112/1112 2089/2089
f 1112/1112 5537/5537 2088/2088
f 2088/2088 2101/2101 1112/1112
f 2101/2101 2088/2088 5542/5542
f 2091/2091 2873/2873 6049/6049
f 2873/2873 2091/2091 1113/1113
f 1113/1113 6050/6050 2873/2873
f 6050/6050 1113/1113 2103/2103
f 5538/5538 1113/1113 2091/2091
f 1113/1113 5538/5538 2090/2090
f 2090/2090 2103/2103 1113/1113
f 2103/2103 2090/2090 5543/5543
f 2094/2094 2217/2217 5544/5544
f 2217/2217 2094/2094 1114/1114
f 1114/1114 5510/5510 2217/2217
f 5510/5510 1114/1114 2093/2093
f 5539/5539 1114/1114 2094/2094
f 1114/1114 5539/5539 2092/2092
f 2092/2092 2093/2093 1114/1114
f 2093/2093 2092/2092 5515/5515
f 2095/2095 2096/2096 5540/5540
f 2096/2096 2095/2095 1115/1115
f 1115/1115 5545/5545 2096/2096
f 5545/5545 1115/1115 2210/2210
f 5539/5539 1115/1115 2095/2095
f 1115/1115 5539/5539 2094/2094
f 2094/2094 2210/2210 1115/1115
f 2210/2210 2094/2094 5544/5544
f 2097/2097 2098/2098 5541/5541
f 2098/2098 2097/2097 1116/1116
f 1116/1116 5546/5546 2098/2098
f 5546/5546 1116/1116 2104/2104
f 5540/5540 1116/1116 2097/2097
f 1116/1116 5540/5540 2096/2096
f 2096/2096 2104/2104 1116/1116
f 2104/2104 2096/2096 5545/5545
f 2099/2099 2100/2100 5542/5542
f 2100/2100 2099/2099 1117/1117
f 1117/1117 5547/5547 2100/2100
f 5547/5547 1117/1117 2106/2106
f 5541/5541 1117/1117 2099/2099
f 1117/1117 5541/5541 2098/2098
f 2098/2098 2106/2106 1117/1117
f 2106/2106 2098/2098 5546/5546
f 2101/2101 2102/2102 5543/5543
f 2102/2102 2101/2101 1118/1118
f 1118/1118 5548/5548 2102/2102
f 5548/5548 1118/1118 2108/2108
f 5542/5542 1118/1118 2101/2101
f 1118/1118 5542/5542 2100/2100
f 2100/2100 2108/2108 1118/1118
f 2108/2108 2100/2100 5547/5547
f 2103/2103 2886/2886 6050/6050
f 2886/2886 2103/2103 1119/1119
f 1119/1119 6051/6051 2886/2886
f 6051/6051 1119/1119 2110/2110
f 5543/5543 1119/1119 2103/2103
f 1119/1119 5543/5543 2102/2102
f 2102/2102 2110/2110 1119/1119
f 2110/2110 2102/2102 5548/5548
f 2104/2104 2105/2105 5546/5546
f 2105/2105 2104/2104 1120/1120
f 1120/1120 5550/5550 2105/2105
f 5550/5550 1120/1120 2111/2111
f 5545/5545 1120/1120 2104/2104
f 1120/1120 5545/5545 2211/2211
f 2211/2211 2111/2111 1120/1120
f 2111/2111 2211/2211 5549/5549
f 2106/2106 2107/2107 5547/5547
f 2107/2107 2106/2106 1121/1121
f 1121/1121 5551/5551 2107/2107
f 5551/5551 1121/1121 2113/2113
f 5546/5546 1121/1121 2106/2106
f 1121/1121 5546/5546 2105/2105
f 2105/2105 2113/2113 1121/1121
f 2113/2113 2105/2105 5550/5550
f 2108/2108 2109/2109 5548/5548
f 2109/2109 2108/2108 1122/1122
f 1122/1122 5552/5552 2109/2109
f 5552/5552 1122/1122 2115/2115
f 5547/5547 1122/1122 2108/2108
f 1122/1122 5547/5547 2107/2107
f 2107/2107 2115/2115 1122/1122
f 2115/2115 2107/2107 5551/5551
f 2110/2110 2894/2894 6051/6051
f 2894/2894 2110/2110 1123/1123
f 1123/1123 6052/6052 2894/2894
f 6052/6052 1123/1123 2117/2117
f 5548/5548 1123/1123 2110/2110
f 1123/1123 5548/5548 2109/2109
f 2109/2109 2117/2117 1123/1123
f 2117/2117 2109/2109 5552/5552
f 2111/2111 2112/2112 5550/5550
f 2112/2112 2111/2111 1124/1124
f 1124/1124 5555/5555 2112/2112
f 5555/5555 1124/1124 2118/2118
f 5549/5549 1124/1124 2111/2111
f 1124/1124 5549/5549 2208/2208
f 2208/2208 2118/2118 1124/1124
f 2118/2118 2208/2208 5554/5554
f 2113/2113 2114/2114 5551/5551
f 2114/2114 2113/2113 1125/1125
f 1125/1125 5556/5556 2114/2114
f 5556/5556 1125/1125 2122/2122
f 5550/5550 1125/1125 2113/2113
f 1125/1125 5550/5550 2112/2112
f 2112/2112 2122/2122 1125/1125
f 2122/2122 2112/2112 5555/5555
f 2115/2115 2116/2116 5552/5552
f 2116/2116 2115/2115 1126/1126
f 1126/1126 5557/5557 2116/2116
f 5557/5557 1126/1126 2126/2126
f 5551/5551 1126/1126 2115/2115
f 1126/1126 5551/5551 2114/2114
f 2114/2114 2126/2126 1126/1126
f 2126/2126 2114/2114 5556/5556
f 2117/2117 2902/2902 6052/6052
f 2902/2902 2117/2117 1127/1127
f 1127/1127 6053/6053 2902/2902
f 6053/6053 1127/1127 2130/2130
f 5552/5552 1127/1127 2117/2117
f 1127/1127 5552/5552 2116/2116
f 2116/2116 2130/2130 1127/1127
f 2130/2130 2116/2116 5557/5557
f 2119/2119 2120/2120 5559/5559
f 2120/2120 2119/2119 1128/1128
f 1128/1128 5497/5497 2120/2120
f 5497/5497 1128/1128 2132/2132
f 5558/5558 1128/1128 2119/2119
f 1128/1128 5558/5558 2282/2282
f 2282/2282 2132/2132 1128/1128
f 2132/2132 2282/2282 5496/5496
f 2118/2118 2121/2121 5555/5555
f 2121/2121 2118/2118 1129/1129
f 1129/1129 5559/5559 2121/2121
f 5559/5559 1129/1129 2119/2119
f 5554/5554 1129/1129 2118/2118
f 1129/1129 5554/5554 2201/2201
f 2201/2201 2119/2119 1129/1129
f 2119/2119 2201/2201 5558/5558
f 2123/2123 2124/2124 5560/5560
f 2124/2124 2123/2123 1130/1130
f 1130/1130 5498/5498 2124/2124
f 5498/5498 1130/1130 2134/2134
f 5559/5559 1130/1130 2123/2123
f 1130/1130 5559/5559 2120/2120
f 2120/2120 2134/2134 1130/1130
f 2134/2134 2120/2120 5497/5497
f 2122/2122 2125/2125 5556/5556
f 2125/2125 2122/2122 1131/1131
f 1131/1131 5560/5560 2125/2125
f 5560/5560 1131/1131 2123/2123
f 5555/5555 1131/1131 2122/2122
f 1131/1131 5555/5555 2121/2121
f 2121/2121 2123/2123 1131/1131
f 2123/2123 2121/2121 5559/5559
f 2127/2127 2128/2128 5561/5561
f 2128/2128 2127/2127 1132/1132
f 1132/1132 5499/5499 2128/2128
f 5499/5499 1132/1132 2136/2136
f 5560/5560 1132/1132 2127/2127
f 1132/1132 5560/5560 2124/2124
f 2124/2124 2136/2136 1132/1132
f 2136/2136 2124/2124 5498/5498
f 2126/2126 2129/2129 5557/5557
f 2129/2129 2126/2126 1133/1133
f 1133/1133 5561/5561 2129/2129
f 5561/5561 1133/1133 2127/2127
f 5556/5556 1133/1133 2126/2126
f 1133/1133 5556/5556 2125/2125
f 2125/2125 2127/2127 1133/1133
f 2127/2127 2125/2125 5560/5560
f 2131/2131 2914/2914 6054/6054
f 2914/2914 2131/2131 1134/1134
f 1134/1134 6041/6041 2914/2914
f 6041/6041 1134/1134 2138/2138
f 5561/5561 1134/1134 2131/2131
f 1134/1134 5561/5561 2128/2128
f 2128/2128 2138/2138 1134/1134
f 2138/2138 2128/2128 5499/5499
f 2130/2130 2918/2918 6053/6053
f 2918/2918 2130/2130 1135/1135
f 1135/1135 6054/6054 2918/2918
f 6054/6054 1135/1135 2131/2131
f 5557/5557 1135/1135 2130/2130
f 1135/1135 5557/5557 2129/2129
f 2129/2129 2131/2131 1135/1135
f 2131/2131 2129/2129 5561/5561
f 2132/2132 2133/2133 5497/5497
f 2133/2133 2132/2132 1136/1136
f 1136/1136 5564/5564 2133/2133
f 5564/5564 1136/1136 2142/2142
f 5496/5496 1136/1136 2132/2132
f 1136/1136 5496/5496 2279/2279
f 2279/2279 2142/2142 1136/1136
f 2142/2142 2279/2279 5563/5563
f 2134/2134 2135/2135 5498/5498
f 2135/2135 2134/2134 1137/1137
f 1137/1137 5565/5565 2135/2135
f 5565/5565 1137/1137 2144/2144
f 5497/5497 1137/1137 2134/2134
f 1137/1137 5497/5497 2133/2133
f 2133/2133 2144/2144 1137/1137
f 2144/2144 2133/2133 5564/5564
f 2136/2136 2137/2137 5499/5499
f 2137/2137 2136/2136 1138/1138
f 1138/1138 5566/5566 2137/2137
f 5566/5566 1138/1138 2146/2146
f 5498/5498 1138/1138 2136/2136
f 1138/1138 5498/5498 2135/2135
f 2135/2135 2146/2146 1138/1138
f 2146/2146 2135/2135 5565/5565
f 2138/2138 2926/2926 6041/6041
f 2926/2926 2138/2138 1139/1139
f 1139/1139 6055/6055 2926/2926
f 6055/6055 1139/1139 2148/2148
f 5499/5499 1139/1139 2138/2138
f 1139/1139 5499/5499 2137/2137
f 2137/2137 2148/2148 1139/1139
f 2148/2148 2137/2137 5566/5566
f 2140/2140 2393/2393 5567/5567
f 2393/2393 2140/2140 1140/1140
f 1140/1140 5505/5505 2393/2393
f 5505/5505 1140/1140 2139/2139
f 5562/5562 1140/1140 2140/2140
f 1140/1140 5562/5562 2285/2285
f 2285/2285 2139/2139 1140/1140
f 2139/2139 2285/2285 5500/5500
f 2280/2280 2141/2141 5563/5563
f 2141/2141 2280/2280 1141/1141
f 1141/1141 5568/5568 2141/2141
f 5568/5568 1141/1141 2390/2390
f 5562/5562 1141/1141 2280/2280
f 1141/1141 5562/5562 2140/2140
f 2140/2140 2390/2390 1141/1141
f 2390/2390 2140/2140 5567/5567
f 2142/2142 2143/2143 5564/5564
f 2143/2143 2142/2142 1142/1142
f 1142/1142 5569/5569 2143/2143
f 5569/5569 1142/1142 2335/2335
f 5563/5563 1142/1142 2142/2142
f 1142/1142 5563/5563 2141/2141
f 2141/2141 2335/2335 1142/1142
f 2335/2335 2141/2141 5568/5568
f 2144/2144 2145/2145 5565/5565
f 2145/2145 2144/2144 1143/1143
f 1143/1143 5570/5570 2145/2145
f 5570/5570 1143/1143 2337/2337
f 5564/5564 1143/1143 2144/2144
f 1143/1143 5564/5564 2143/2143
f 2143/2143 2337/2337 1143/1143
f 2337/2337 2143/2143 5569/5569
f 2146/2146 2147/2147 5566/5566
f 2147/2147 2146/2146 1144/1144
f 1144/1144 5571/5571 2147/2147
f 5571/5571 1144/1144 2339/2339
f 5565/5565 1144/1144 2146/2146
f 1144/1144 5565/5565 2145/2145
f 2145/2145 2339/2339 1144/1144
f 2339/2339 2145/2145 5570/5570
f 2148/2148 2936/2936 6055/6055
f 2936/2936 2148/2148 1145/1145
f 1145/1145 6056/6056 2936/2936
f 6056/6056 1145/1145 2341/2341
f 5566/5566 1145/1145 2148/2148
f 1145/1145 5566/5566 2147/2147
f 2147/2147 2341/2341 1145/1145
f 2341/2341 2147/2147 5571/5571
f 2150/2150 2151/2151 5534/5534
f 2151/2151 2150/2150 1146/1146
f 1146/1146 5572/5572 2151/2151
f 5572/5572 1146/1146 2175/2175
f 5535/5535 1146/1146 2150/2150
f 1146/1146 5535/5535 2149/2149
f 2149/2149 2175/2175 1146/1146
f 2175/2175 2149/2149 5530/5530
f 2152/2152 2153/2153 5525/5525
f 2153/2153 2152/2152 1147/1147
f 1147/1147 5573/5573 2153/2153
f 5573/5573 1147/1147 2173/2173
f 5534/5534 1147/1147 2152/2152
f 1147/1147 5534/5534 2151/2151
f 2151/2151 2173/2173 1147/1147
f 2173/2173 2151/2151 5572/5572
f 2154/2154 2155/2155 5526/5526
f 2155/2155 2154/2154 1148/1148
f 1148/1148 5574/5574 2155/2155
f 5574/5574 1148/1148 2163/2163
f 5525/5525 1148/1148 2154/2154
f 1148/1148 5525/5525 2153/2153
f 2153/2153 2163/2163 1148/1148
f 2163/2163 2153/2153 5573/5573
f 2156/2156 2157/2157 5527/5527
f 2157/2157 2156/2156 1149/1149
f 1149/1149 5575/5575 2157/2157
f 5575/5575 1149/1149 2165/2165
f 5526/5526 1149/1149 2156/2156
f 1149/1149 5526/5526 2155/2155
f 2155/2155 2165/2165 1149/1149
f 2165/2165 2155/2155 5574/5574
f 2158/2158 2159/2159 5528/5528
f 2159/2159 2158/2158 1150/1150
f 1150/1150 5576/5576 2159/2159
f 5576/5576 1150/1150 2167/2167
f 5527/5527 1150/1150 2158/2158
f 1150/1150 5527/5527 2157/2157
f 2157/2157 2167/2167 1150/1150
f 2167/2167 2157/2157 5575/5575
f 2160/2160 2161/2161 5529/5529
f 2161/2161 2160/2160 1151/1151
f 1151/1151 5577/5577 2161/2161
f 5577/5577 1151/1151 2169/2169
f 5528/5528 1151/1151 2160/2160
f 1151/1151 5528/5528 2159/2159
f 2159/2159 2169/2169 1151/1151
f 2169/2169 2159/2159 5576/5576
f 2162/2162 2950/2950 6047/6047
f 2950/2950 2162/2162 1152/1152
f 1152/1152 6057/6057 2950/2950
f 6057/6057 1152/1152 2171/2171
f 5529/5529 1152/1152 2162/2162
f 1152/1152 5529/5529 2161/2161
f 2161/2161 2171/2171 1152/1152
f 2171/2171 2161/2161 5577/5577
f 2163/2163 2164/2164 5574/5574
f 2164/2164 2163/2163 1153/1153
f 1153/1153 5579/5579 2164/2164
f 5579/5579 1153/1153 2254/2254
f 5573/5573 1153/1153 2163/2163
f 1153/1153 5573/5573 2172/2172
f 2172/2172 2254/2254 1153/1153
f 2254/2254 2172/2172 5578/5578
f 2165/2165 2166/2166 5575/5575
f 2166/2166 2165/2165 1154/1154
f 1154/1154 5580/5580 2166/2166
f 5580/5580 1154/1154 2259/2259
f 5574/5574 1154/1154 2165/2165
f 1154/1154 5574/5574 2164/2164
f 2164/2164 2259/2259 1154/1154
f 2259/2259 2164/2164 5579/5579
f 2167/2167 2168/2168 5576/5576
f 2168/2168 2167/2167 1155/1155
f 1155/1155 5581/5581 2168/2168
f 5581/5581 1155/1155 2264/2264
f 5575/5575 1155/1155 2167/2167
f 1155/1155 5575/5575 2166/2166
f 2166/2166 2264/2264 1155/1155
f 2264/2264 2166/2166 5580/5580
f 2169/2169 2170/2170 5577/5577
f 2170/2170 2169/2169 1156/1156
f 1156/1156 5582/5582 2170/2170
f 5582/5582 1156/1156 2271/2271
f 5576/5576 1156/1156 2169/2169
f 1156/1156 5576/5576 2168/2168
f 2168/2168 2271/2271 1156/1156
f 2271/2271 2168/2168 5581/5581
f 2171/2171 2959/2959 6057/6057
f 2959/2959 2171/2171 1157/1157
f 1157/1157 6058/6058 2959/2959
f 6058/6058 1157/1157 2277/2277
f 5577/5577 1157/1157 2171/2171
f 1157/1157 5577/5577 2170/2170
f 2170/2170 2277/2277 1157/1157
f 2277/2277 2170/2170 5582/5582
f 2249/2249 2174/2174 5583/5583
f 2174/2174 2249/2249 1158/1158
f 1158/1158 5572/5572 2174/2174
f 5572/5572 1158/1158 2173/2173
f 5578/5578 1158/1158 2249/2249
f 1158/1158 5578/5578 2172/2172
f 2172/2172 2173/2173 1158/1158
f 2173/2173 2172/2172 5573/5573
f 2244/2244 2176/2176 5584/5584
f 2176/2176 2244/2244 1159/1159
f 1159/1159 5530/5530 2176/2176
f 5530/5530 1159/1159 2175/2175
f 5583/5583 1159/1159 2244/2244
f 1159/1159 5583/5583 2174/2174
f 2174/2174 2175/2175 1159/1159
f 2175/2175 2174/2174 5572/5572
f 2184/2184 2178/2178 5585/5585
f 2178/2178 2184/2184 1160/1160
f 1160/1160 5531/5531 2178/2178
f 5531/5531 1160/1160 2177/2177
f 5584/5584 1160/1160 2184/2184
f 1160/1160 5584/5584 2176/2176
f 2176/2176 2177/2177 1160/1160
f 2177/2177 2176/2176 5530/5530
f 2188/2188 2180/2180 5586/5586
f 2180/2180 2188/2188 1161/1161
f 1161/1161 5532/5532 2180/2180
f 5532/5532 1161/1161 2179/2179
f 5585/5585 1161/1161 2188/2188
f 1161/1161 5585/5585 2178/2178
f 2178/2178 2179/2179 1161/1161
f 2179/2179 2178/2178 5531/5531
f 2194/2194 2182/2182 5587/5587
f 2182/2182 2194/2194 1162/1162
f 1162/1162 5533/5533 2182/2182
f 5533/5533 1162/1162 2181/2181
f 5586/5586 1162/1162 2194/2194
f 1162/1162 5586/5586 2180/2180
f 2180/2180 2181/2181 1162/1162
f 2181/2181 2180/2180 5532/5532
f 2200/2200 2972/2972 6059/6059
f 2972/2972 2200/2200 1163/1163
f 1163/1163 6048/6048 2972/2972
f 6048/6048 1163/1163 2183/2183
f 5587/5587 1163/1163 2200/2200
f 1163/1163 5587/5587 2182/2182
f 2182/2182 2183/2183 1163/1163
f 2183/2183 2182/2182 5533/5533
f 2186/2186 2187/2187 5589/5589
f 2187/2187 2186/2186 1164/1164
f 1164/1164 5585/5585 2187/2187
f 5585/5585 1164/1164 2184/2184
f 5588/5588 1164/1164 2186/2186
f 1164/1164 5588/5588 2243/2243
f 2243/2243 2184/2184 1164/1164
f 2184/2184 2243/2243 5584/5584
f 2185/2185 2189/2189 5405/5405
f 2189/2189 2185/2185 1165/1165
f 1165/1165 5589/5589 2189/2189
f 5589/5589 1165/1165 2186/2186
f 5404/5404 1165/1165 2185/2185
f 1165/1165 5404/5404 2246/2246
f 2246/2246 2186/2186 1165/1165
f 2186/2186 2246/2246 5588/5588
f 2191/2191 2193/2193 5590/5590
f 2193/2193 2191/2191 1166/1166
f 1166/1166 5586/5586 2193/2193
f 5586/5586 1166/1166 2188/2188
f 5589/5589 1166/1166 2191/2191
f 1166/1166 5589/5589 2187/2187
f 2187/2187 2188/2188 1166/1166
f 2188/2188 2187/2187 5585/5585
f 2190/2190 2195/2195 5406/5406
f 2195/2195 2190/2190 1167/1167
f 1167/1167 5590/5590 2195/2195
f 5590/5590 1167/1167 2191/2191
f 5405/5405 1167/1167 2190/2190
f 1167/1167 5405/5405 2189/2189
f 2189/2189 2191/2191 1167/1167
f 2191/2191 2189/2189 5589/5589
f 2268/2268 2199/2199 6062/6062
f 2199/2199 2268/2268 1168/1168
f 1168/1168 596/596 2199/2199
f 596/596 1168/1168 2196/2196
f 5408/5408 1168/1168 2268/2268
f 1168/1168 5408/5408 2192/2192
f 2192/2192 2196/2196 1168/1168
f 2196/2196 2192/2192 5407/5407
f 2197/2197 2198/2198 538/538
f 2198/2198 2197/2197 1169/1169
f 1169/1169 5587/5587 2198/2198
f 5587/5587 1169/1169 2194/2194
f 5590/5590 1169/1169 2197/2197
f 1169/1169 5590/5590 2193/2193
f 2193/2193 2194/2194 1169/1169
f 2194/2194 2193/2193 5586/5586
f 594/594 2196/2196 5407/5407
f 2196/2196 594/594 595/595
f 595/595 596/596 2196/2196
f 538/538 539/539 2197/2197
f 5406/5406 539/539 540/540
f 539/539 5406/5406 2195/2195
f 2195/2195 2197/2197 539/539
f 2197/2197 2195/2195 5590/5590
f 2199/2199 598/598 6062/6062
f 598/598 2199/2199 597/597
f 537/537 6059/6059 536/536
f 6059/6059 537/537 2200/2200
f 596/596 597/597 2199/2199
f 537/537 538/538 2198/2198
f 2198/2198 2200/2200 537/537
f 2200/2200 2198/2198 5587/5587
f 2201/2201 2281/2281 5558/5558
f 2281/2281 2201/2201 1170/1170
f 1170/1170 5591/5591 2281/2281
f 5591/5591 1170/1170 2202/2202
f 5554/5554 1170/1170 2201/2201
f 1170/1170 5554/5554 2209/2209
f 2209/2209 2202/2202 1170/1170
f 2202/2202 2209/2209 5553/5553
f 2288/2288 2203/2203 5592/5592
f 2203/2203 2288/2288 1171/1171
f 1171/1171 5520/5520 2203/2203
f 5520/5520 1171/1171 2214/2214
f 5591/5591 1171/1171 2288/2288
f 1171/1171 5591/5591 2202/2202
f 2202/2202 2214/2214 1171/1171
f 2214/2214 2202/2202 5553/5553
f 2293/2293 2204/2204 5593/5593
f 2204/2204 2293/2293 1172/1172
f 1172/1172 5521/5521 2204/2204
f 5521/5521 1172/1172 2219/2219
f 5592/5592 1172/1172 2293/2293
f 1172/1172 5592/5592 2203/2203
f 2203/2203 2219/2219 1172/1172
f 2219/2219 2203/2203 5520/5520
f 2298/2298 2205/2205 5594/5594
f 2205/2205 2298/2298 1173/1173
f 1173/1173 5522/5522 2205/2205
f 5522/5522 1173/1173 2224/2224
f 5593/5593 1173/1173 2298/2298
f 1173/1173 5593/5593 2204/2204
f 2204/2204 2224/2224 1173/1173
f 2224/2224 2204/2204 5521/5521
f 2303/2303 2206/2206 5595/5595
f 2206/2206 2303/2303 1174/1174
f 1174/1174 5523/5523 2206/2206
f 5523/5523 1174/1174 2229/2229
f 5594/5594 1174/1174 2303/2303
f 1174/1174 5594/5594 2205/2205
f 2205/2205 2229/2229 1174/1174
f 2229/2229 2205/2205 5522/5522
f 2308/2308 2207/2207 5596/5596
f 2207/2207 2308/2308 1175/1175
f 1175/1175 5524/5524 2207/2207
f 5524/5524 1175/1175 2234/2234
f 5595/5595 1175/1175 2308/2308
f 1175/1175 5595/5595 2206/2206
f 2206/2206 2234/2234 1175/1175
f 2234/2234 2206/2206 5523/5523
f 2313/2313 2997/2997 6060/6060
f 2997/2997 2313/2313 1176/1176
f 1176/1176 6046/6046 2997/2997
f 6046/6046 1176/1176 2239/2239
f 5596/5596 1176/1176 2313/2313
f 1176/1176 5596/5596 2207/2207
f 2207/2207 2239/2239 1176/1176
f 2239/2239 2207/2207 5524/5524
f 2209/2209 2213/2213 5553/5553
f 2213/2213 2209/2209 1177/1177
f 1177/1177 5597/5597 2213/2213
f 5597/5597 1177/1177 2212/2212
f 5554/5554 1177/1177 2209/2209
f 1177/1177 5554/5554 2208/2208
f 2208/2208 2212/2212 1177/1177
f 2212/2212 2208/2208 5549/5549
f 2211/2211 2212/2212 5549/5549
f 2212/2212 2211/2211 1178/1178
f 1178/1178 5597/5597 2212/2212
f 5597/5597 1178/1178 2215/2215
f 5545/5545 1178/1178 2211/2211
f 1178/1178 5545/5545 2210/2210
f 2210/2210 2215/2215 1178/1178
f 2215/2215 2210/2210 5544/5544
f 2214/2214 2218/2218 5520/5520
f 2218/2218 2214/2214 1179/1179
f 1179/1179 5598/5598 2218/2218
f 5598/5598 1179/1179 2216/2216
f 5553/5553 1179/1179 2214/2214
f 1179/1179 5553/5553 2213/2213
f 2213/2213 2216/2216 1179/1179
f 2216/2216 2213/2213 5597/5597
f 2216/2216 2220/2220 5598/5598
f 2220/2220 2216/2216 1180/1180
f 1180/1180 5510/5510 2220/2220
f 5510/5510 1180/1180 2217/2217
f 5597/5597 1180/1180 2216/2216
f 1180/1180 5597/5597 2215/2215
f 2215/2215 2217/2217 1180/1180
f 2217/2217 2215/2215 5544/5544
f 2219/2219 2223/2223 5521/5521
f 2223/2223 2219/2219 1181/1181
f 1181/1181 5599/5599 2223/2223
f 5599/5599 1181/1181 2221/2221
f 5520/5520 1181/1181 2219/2219
f 1181/1181 5520/5520 2218/2218
f 2218/2218 2221/2221 1181/1181
f 2221/2221 2218/2218 5598/5598
f 2221/2221 2225/2225 5599/5599
f 2225/2225 2221/2221 1182/1182
f 1182/1182 5511/5511 2225/2225
f 5511/5511 1182/1182 2222/2222
f 5598/5598 1182/1182 2221/2221
f 1182/1182 5598/5598 2220/2220
f 2220/2220 2222/2222 1182/1182
f 2222/2222 2220/2220 5510/5510
f 2224/2224 2228/2228 5522/5522
f 2228/2228 2224/2224 1183/1183
f 1183/1183 5600/5600 2228/2228
f 5600/5600 1183/1183 2226/2226
f 5521/5521 1183/1183 2224/2224
f 1183/1183 5521/5521 2223/2223
f 2223/2223 2226/2226 1183/1183
f 2226/2226 2223/2223 5599/5599
f 2226/2226 2230/2230 5600/5600
f 2230/2230 2226/2226 1184/1184
f 1184/1184 5512/5512 2230/2230
f 5512/5512 1184/1184 2227/2227
f 5599/5599 1184/1184 2226/2226
f 1184/1184 5599/5599 2225/2225
f 2225/2225 2227/2227 1184/1184
f 2227/2227 2225/2225 5511/5511
f 2229/2229 2233/2233 5523/5523
f 2233/2233 2229/2229 1185/1185
f 1185/1185 5601/5601 2233/2233
f 5601/5601 1185/1185 2231/2231
f 5522/5522 1185/1185 2229/2229
f 1185/1185 5522/5522 2228/2228
f 2228/2228 2231/2231 1185/1185
f 2231/2231 2228/2228 5600/5600
f 2231/2231 2235/2235 5601/5601
f 2235/2235 2231/2231 1186/1186
f 1186/1186 5513/5513 2235/2235
f 5513/5513 1186/1186 2232/2232
f 5600/5600 1186/1186 2231/2231
f 1186/1186 5600/5600 2230/2230
f 2230/2230 2232/2232 1186/1186
f 2232/2232 2230/2230 5512/5512
f 2234/2234 2238/2238 5524/5524
f 2238/2238 2234/2234 1187/1187
f 1187/1187 5602/5602 2238/2238
f 5602/5602 1187/1187 2236/2236
f 5523/5523 1187/1187 2234/2234
f 1187/1187 5523/5523 2233/2233
f 2233/2233 2236/2236 1187/1187
f 2236/2236 2233/2233 5601/5601
f 2236/2236 2240/2240 5602/5602
f 2240/2240 2236/2236 1188/1188
f 1188/1188 5514/5514 2240/2240
f 5514/5514 1188/1188 2237/2237
f 5601/5601 1188/1188 2236/2236
f 1188/1188 5601/5601 2235/2235
f 2235/2235 2237/2237 1188/1188
f 2237/2237 2235/2235 5513/5513
f 2239/2239 3029/3029 6046/6046
f 3029/3029 2239/2239 1189/1189
f 1189/1189 6061/6061 3029/3029
f 6061/6061 1189/1189 2241/2241
f 5524/5524 1189/1189 2239/2239
f 1189/1189 5524/5524 2238/2238
f 2238/2238 2241/2241 1189/1189
f 2241/2241 2238/2238 5602/5602
f 2241/2241 3033/3033 6061/6061
f 3033/3033 2241/2241 1190/1190
f 1190/1190 6044/6044 3033/3033
f 6044/6044 1190/1190 2242/2242
f 5602/5602 1190/1190 2241/2241
f 1190/1190 5602/5602 2240/2240
f 2240/2240 2242/2242 1190/1190
f 2242/2242 2240/2240 5514/5514
f 2244/2244 2248/2248 5583/5583
f 2248/2248 2244/2244 1191/1191
f 1191/1191 5603/5603 2248/2248
f 5603/5603 1191/1191 2247/2247
f 5584/5584 1191/1191 2244/2244
f 1191/1191 5584/5584 2243/2243
f 2243/2243 2247/2247 1191/1191
f 2247/2247 2243/2243 5588/5588
f 2246/2246 2247/2247 5588/5588
f 2247/2247 2246/2246 1192/1192
f 1192/1192 5603/5603 2247/2247
f 5603/5603 1192/1192 2250/2250
f 5404/5404 1192/1192 2246/2246
f 1192/1192 5404/5404 2245/2245
f 2245/2245 2250/2250 1192/1192
f 2250/2250 2245/2245 5403/5403
f 2249/2249 2253/2253 5578/5578
f 2253/2253 2249/2249 1193/1193
f 1193/1193 5604/5604 2253/2253
f 5604/5604 1193/1193 2251/2251
f 5583/5583 1193/1193 2249/2249
f 1193/1193 5583/5583 2248/2248
f 2248/2248 2251/2251 1193/1193
f 2251/2251 2248/2248 5603/5603
f 2251/2251 2255/2255 5604/5604
f 2255/2255 2251/2251 1194/1194
f 1194/1194 5402/5402 2255/2255
f 5402/5402 1194/1194 2252/2252
f 5603/5603 1194/1194 2251/2251
f 1194/1194 5603/5603 2250/2250
f 2250/2250 2252/2252 1194/1194
f 2252/2252 2250/2250 5403/5403
f 2254/2254 2258/2258 5579/5579
f 2258/2258 2254/2254 1195/1195
f 1195/1195 5605/5605 2258/2258
f 5605/5605 1195/1195 2256/2256
f 5578/5578 1195/1195 2254/2254
f 1195/1195 5578/5578 2253/2253
f 2253/2253 2256/2256 1195/1195
f 2256/2256 2253/2253 5604/5604
f 2256/2256 2260/2260 5605/5605
f 2260/2260 2256/2256 1196/1196
f 1196/1196 5401/5401 2260/2260
f 5401/5401 1196/1196 2257/2257
f 5604/5604 1196/1196 2256/2256
f 1196/1196 5604/5604 2255/2255
f 2255/2255 2257/2257 1196/1196
f 2257/2257 2255/2255 5402/5402
f 2259/2259 2263/2263 5580/5580
f 2263/2263 2259/2259 1197/1197
f 1197/1197 5606/5606 2263/2263
f 5606/5606 1197/1197 2261/2261
f 5579/5579 1197/1197 2259/2259
f 1197/1197 5579/5579 2258/2258
f 2258/2258 2261/2261 1197/1197
f 2261/2261 2258/2258 5605/5605
f 2261/2261 2265/2265 5606/5606
f 2265/2265 2261/2261 1198/1198
f 1198/1198 5400/5400 2265/2265
f 5400/5400 1198/1198 2262/2262
f 5605/5605 1198/1198 2261/2261
f 1198/1198 5605/5605 2260/2260
f 2260/2260 2262/2262 1198/1198
f 2262/2262 2260/2260 5401/5401
f 2264/2264 2270/2270 5581/5581
f 2270/2270 2264/2264 1199/1199
f 1199/1199 5607/5607 2270/2270
f 5607/5607 1199/1199 2266/2266
f 5580/5580 1199/1199 2264/2264
f 1199/1199 5580/5580 2263/2263
f 2263/2263 2266/2266 1199/1199
f 2266/2266 2263/2263 5606/5606
f 2266/2266 2272/2272 5607/5607
f 2272/2272 2266/2266 1200/1200
f 1200/1200 5399/5399 2272/2272
f 5399/5399 1200/1200 2267/2267
f 5606/5606 1200/1200 2266/2266
f 1200/1200 5606/5606 2265/2265
f 2265/2265 2267/2267 1200/1200
f 2267/2267 2265/2265 5400/5400
f 2269/2269 2274/2274 5398/5398
f 2274/2274 2269/2269 1201/1201
f 1201/1201 5608/5608 2274/2274
f 5608/5608 1201/1201 2278/2278
f 5408/5408 1201/1201 2269/2269
f 1201/1201 5408/5408 2268/2268
f 2268/2268 2278/2278 1201/1201
f 2278/2278 2268/2268 6062/6062
f 2271/2271 2276/2276 5582/5582
f 2276/2276 2271/2271 1202/1202
f 1202/1202 5608/5608 2276/2276
f 5608/5608 1202/1202 2273/2273
f 5581/5581 1202/1202 2271/2271
f 1202/1202 5581/5581 2270/2270
f 2270/2270 2273/2273 1202/1202
f 2273/2273 2270/2270 5607/5607
f 2273/2273 2274/2274 5608/5608
f 2274/2274 2273/2273 1203/1203
f 1203/1203 5398/5398 2274/2274
f 5398/5398 1203/1203 2275/2275
f 5607/5607 1203/1203 2273/2273
f 1203/1203 5607/5607 2272/2272
f 2272/2272 2275/2275 1203/1203
f 2275/2275 2272/2272 5399/5399
f 2277/2277 3066/3066 6058/6058
f 3066/3066 2277/2277 1204/1204
f 1204/1204 6062/6062 3066/3066
f 6062/6062 1204/1204 2278/2278
f 5582/5582 1204/1204 2277/2277
f 1204/1204 5582/5582 2276/2276
f 2276/2276 2278/2278 1204/1204
f 2278/2278 2276/2276 5608/5608
f 2280/2280 2284/2284 5562/5562
f 2284/2284 2280/2280 1205/1205
f 1205/1205 5609/5609 2284/2284
f 5609/5609 1205/1205 2283/2283
f 5563/5563 1205/1205 2280/2280
f 1205/1205 5563/5563 2279/2279
f 2279/2279 2283/2283 1205/1205
f 2283/2283 2279/2279 5496/5496
f 2282/2282 2283/2283 5496/5496
f 2283/2283 2282/2282 1206/1206
f 1206/1206 5609/5609 2283/2283
f 5609/5609 1206/1206 2286/2286
f 5558/5558 1206/1206 2282/2282
f 1206/1206 5558/5558 2281/2281
f 2281/2281 2286/2286 1206/1206
f 2286/2286 2281/2281 5591/5591
f 2285/2285 2289/2289 5500/5500
f 2289/2289 2285/2285 1207/1207
f 1207/1207 5610/5610 2289/2289
f 5610/5610 1207/1207 2287/2287
f 5562/5562 1207/1207 2285/2285
f 1207/1207 5562/5562 2284/2284
f 2284/2284 2287/2287 1207/1207
f 2287/2287 2284/2284 5609/5609
f 2287/2287 2291/2291 5610/5610
f 2291/2291 2287/2287 1208/1208
f 1208/1208 5592/5592 2291/2291
f 5592/5592 1208/1208 2288/2288
f 5609/5609 1208/1208 2287/2287
f 1208/1208 5609/5609 2286/2286
f 2286/2286 2288/2288 1208/1208
f 2288/2288 2286/2286 5591/5591
f 2290/2290 2294/2294 5501/5501
f 2294/2294 2290/2290 1209/1209
f 1209/1209 5611/5611 2294/2294
f 5611/5611 1209/1209 2292/2292
f 5500/5500 1209/1209 2290/2290
f 1209/1209 5500/5500 2289/2289
f 2289/2289 2292/2292 1209/1209
f 2292/2292 2289/2289 5610/5610
f 2292/2292 2296/2296 5611/5611
f 2296/2296 2292/2292 1210/1210
f 1210/1210 5593/5593 2296/2296
f 5593/5593 1210/1210 2293/2293
f 5610/5610 1210/1210 2292/2292
f 1210/1210 5610/5610 2291/2291
f 2291/2291 2293/2293 1210/1210
f 2293/2293 2291/2291 5592/5592
f 2295/2295 2299/2299 5502/5502
f 2299/2299 2295/2295 1211/1211
f 1211/1211 5612/5612 2299/2299
f 5612/5612 1211/1211 2297/2297
f 5501/5501 1211/1211 2295/2295
f 1211/1211 5501/5501 2294/2294
f 2294/2294 2297/2297 1211/1211
f 2297/2297 2294/2294 5611/5611
f 2297/2297 2301/2301 5612/5612
f 2301/2301 2297/2297 1212/1212
f 1212/1212 5594/5594 2301/2301
f 5594/5594 1212/1212 2298/2298
f 5611/5611 1212/1212 2297/2297
f 1212/1212 5611/5611 2296/2296
f 2296/2296 2298/2298 1212/1212
f 2298/2298 2296/2296 5593/5593
f 2300/2300 2304/2304 5503/5503
f 2304/2304 2300/2300 1213/1213
f 1213/1213 5613/5613 2304/2304
f 5613/5613 1213/1213 2302/2302
f 5502/5502 1213/1213 2300/2300
f 1213/1213 5502/5502 2299/2299
f 2299/2299 2302/2302 1213/1213
f 2302/2302 2299/2299 5612/5612
f 2302/2302 2306/2306 5613/5613
f 2306/2306 2302/2302 1214/1214
f 1214/1214 5595/5595 2306/2306
f 5595/5595 1214/1214 2303/2303
f 5612/5612 1214/1214 2302/2302
f 1214/1214 5612/5612 2301/2301
f 2301/2301 2303/2303 1214/1214
f 2303/2303 2301/2301 5594/5594
f 2305/2305 2309/2309 5504/5504
f 2309/2309 2305/2305 1215/1215
f 1215/1215 5614/5614 2309/2309
f 5614/5614 1215/1215 2307/2307
f 5503/5503 1215/1215 2305/2305
f 1215/1215 5503/5503 2304/2304
f 2304/2304 2307/2307 1215/1215
f 2307/2307 2304/2304 5613/5613
f 2307/2307 2311/2311 5614/5614
f 2311/2311 2307/2307 1216/1216
f 1216/1216 5596/5596 2311/2311
f 5596/5596 1216/1216 2308/2308
f 5613/5613 1216/1216 2307/2307
f 1216/1216 5613/5613 2306/2306
f 2306/2306 2308/2308 1216/1216
f 2308/2308 2306/2306 5595/5595
f 2310/2310 3097/3097 6042/6042
f 3097/3097 2310/2310 1217/1217
f 1217/1217 6063/6063 3097/3097
f 6063/6063 1217/1217 2312/2312
f 5504/5504 1217/1217 2310/2310
f 1217/1217 5504/5504 2309/2309
f 2309/2309 2312/2312 1217/1217
f 2312/2312 2309/2309 5614/5614
f 2312/2312 3101/3101 6063/6063
f 3101/3101 2312/2312 1218/1218
f 1218/1218 6060/6060 3101/3101
f 6060/6060 1218/1218 2313/2313
f 5614/5614 1218/1218 2312/2312
f 1218/1218 5614/5614 2311/2311
f 2311/2311 2313/2313 1218/1218
f 2313/2313 2311/2311 5596/5596
f 2451/2451 2317/2317 5621/5621
f 2317/2317 2451/2451 1219/1219
f 1219/1219 5627/5627 2317/2317
f 5627/5627 1219/1219 2316/2316
f 5430/5430 1219/1219 2451/2451
f 1219/1219 5430/5430 2314/2314
f 2314/2314 2316/2316 1219/1219
f 2316/2316 2314/2314 5431/5431
f 2315/2315 2316/2316 5431/5431
f 2316/2316 2315/2315 1220/1220
f 1220/1220 5627/5627 2316/2316
f 5627/5627 1220/1220 2318/2318
f 5432/5432 1220/1220 2315/2315
f 1220/1220 5432/5432 2404/2404
f 2404/2404 2318/2318 1220/1220
f 2318/2318 2404/2404 5615/5615
f 2459/2459 2320/2320 5622/5622
f 2320/2320 2459/2459 1221/1221
f 1221/1221 5628/5628 2320/2320
f 5628/5628 1221/1221 2319/2319
f 5621/5621 1221/1221 2459/2459
f 1221/1221 5621/5621 2317/2317
f 2317/2317 2319/2319 1221/1221
f 2319/2319 2317/2317 5627/5627
f 2319/2319 2321/2321 5628/5628
f 2321/2321 2319/2319 1222/1222
f 1222/1222 5616/5616 2321/2321
f 5616/5616 1222/1222 2405/2405
f 5627/5627 1222/1222 2319/2319
f 1222/1222 5627/5627 2318/2318
f 2318/2318 2405/2405 1222/1222
f 2405/2405 2318/2318 5615/5615
f 2450/2450 2323/2323 5623/5623
f 2323/2323 2450/2450 1223/1223
f 1223/1223 5629/5629 2323/2323
f 5629/5629 1223/1223 2322/2322
f 5622/5622 1223/1223 2450/2450
f 1223/1223 5622/5622 2320/2320
f 2320/2320 2322/2322 1223/1223
f 2322/2322 2320/2320 5628/5628
f 2322/2322 2324/2324 5629/5629
f 2324/2324 2322/2322 1224/1224
f 1224/1224 5617/5617 2324/2324
f 5617/5617 1224/1224 2407/2407
f 5628/5628 1224/1224 2322/2322
f 1224/1224 5628/5628 2321/2321
f 2321/2321 2407/2407 1224/1224
f 2407/2407 2321/2321 5616/5616
f 2472/2472 2326/2326 5624/5624
f 2326/2326 2472/2472 1225/1225
f 1225/1225 5630/5630 2326/2326
f 5630/5630 1225/1225 2325/2325
f 5623/5623 1225/1225 2472/2472
f 1225/1225 5623/5623 2323/2323
f 2323/2323 2325/2325 1225/1225
f 2325/2325 2323/2323 5629/5629
f 2325/2325 2327/2327 5630/5630
f 2327/2327 2325/2325 1226/1226
f 1226/1226 5618/5618 2327/2327
f 5618/5618 1226/1226 2409/2409
f 5629/5629 1226/1226 2325/2325
f 1226/1226 5629/5629 2324/2324
f 2324/2324 2409/2409 1226/1226
f 2409/2409 2324/2324 5617/5617
f 2477/2477 2329/2329 5625/5625
f 2329/2329 2477/2477 1227/1227
f 1227/1227 5631/5631 2329/2329
f 5631/5631 1227/1227 2328/2328
f 5624/5624 1227/1227 2477/2477
f 1227/1227 5624/5624 2326/2326
f 2326/2326 2328/2328 1227/1227
f 2328/2328 2326/2326 5630/5630
f 2328/2328 2330/2330 5631/5631
f 2330/2330 2328/2328 1228/1228
f 1228/1228 5619/5619 2330/2330
f 5619/5619 1228/1228 2411/2411
f 5630/5630 1228/1228 2328/2328
f 1228/1228 5630/5630 2327/2327
f 2327/2327 2411/2411 1228/1228
f 2411/2411 2327/2327 5618/5618
f 2484/2484 2332/2332 5626/5626
f 2332/2332 2484/2484 1229/1229
f 1229/1229 5632/5632 2332/2332
f 5632/5632 1229/1229 2331/2331
f 5625/5625 1229/1229 2484/2484
f 1229/1229 5625/5625 2329/2329
f 2329/2329 2331/2331 1229/1229
f 2331/2331 2329/2329 5631/5631
f 2331/2331 2333/2333 5632/5632
f 2333/2333 2331/2331 1230/1230
f 1230/1230 5620/5620 2333/2333
f 5620/5620 1230/1230 2413/2413
f 5631/5631 1230/1230 2331/2331
f 1230/1230 5631/5631 2330/2330
f 2330/2330 2413/2413 1230/1230
f 2413/2413 2330/2330 5619/5619
f 2487/2487 3121/3121 6065/6065
f 3121/3121 2487/2487 1231/1231
f 1231/1231 6066/6066 3121/3121
f 6066/6066 1231/1231 2334/2334
f 5626/5626 1231/1231 2487/2487
f 1231/1231 5626/5626 2332/2332
f 2332/2332 2334/2334 1231/1231
f 2334/2334 2332/2332 5632/5632
f 2334/2334 3124/3124 6066/6066
f 3124/3124 2334/2334 1232/1232
f 1232/1232 6064/6064 3124/3124
f 6064/6064 1232/1232 2415/2415
f 5632/5632 1232/1232 2334/2334
f 1232/1232 5632/5632 2333/2333
f 2333/2333 2415/2415 1232/1232
f 2415/2415 2333/2333 5620/5620
f 2335/2335 2336/2336 5569/5569
f 2336/2336 2335/2335 1233/1233
f 1233/1233 5634/5634 2336/2336
f 5634/5634 1233/1233 2342/2342
f 5568/5568 1233/1233 2335/2335
f 1233/1233 5568/5568 2391/2391
f 2391/2391 2342/2342 1233/1233
f 2342/2342 2391/2391 5633/5633
f 2337/2337 2338/2338 5570/5570
f 2338/2338 2337/2337 1234/1234
f 1234/1234 5635/5635 2338/2338
f 5635/5635 1234/1234 2344/2344
f 5569/5569 1234/1234 2337/2337
f 1234/1234 5569/5569 2336/2336
f 2336/2336 2344/2344 1234/1234
f 2344/2344 2336/2336 5634/5634
f 2339/2339 2340/2340 5571/5571
f 2340/2340 2339/2339 1235/1235
f 1235/1235 5636/5636 2340/2340
f 5636/5636 1235/1235 2346/2346
f 5570/5570 1235/1235 2339/2339
f 1235/1235 5570/5570 2338/2338
f 2338/2338 2346/2346 1235/1235
f 2346/2346 2338/2338 5635/5635
f 2341/2341 3132/3132 6056/6056
f 3132/3132 2341/2341 1236/1236
f 1236/1236 6067/6067 3132/3132
f 6067/6067 1236/1236 2348/2348
f 5571/5571 1236/1236 2341/2341
f 1236/1236 5571/5571 2340/2340
f 2340/2340 2348/2348 1236/1236
f 2348/2348 2340/2340 5636/5636
f 2342/2342 2343/2343 5634/5634
f 2343/2343 2342/2342 1237/1237
f 1237/1237 5638/5638 2343/2343
f 5638/5638 1237/1237 2349/2349
f 5633/5633 1237/1237 2342/2342
f 1237/1237 5633/5633 2421/2421
f 2421/2421 2349/2349 1237/1237
f 2349/2349 2421/2421 5637/5637
f 2344/2344 2345/2345 5635/5635
f 2345/2345 2344/2344 1238/1238
f 1238/1238 5639/5639 2345/2345
f 5639/5639 1238/1238 2351/2351
f 5634/5634 1238/1238 2344/2344
f 1238/1238 5634/5634 2343/2343
f 2343/2343 2351/2351 1238/1238
f 2351/2351 2343/2343 5638/5638
f 2346/2346 2347/2347 5636/5636
f 2347/2347 2346/2346 1239/1239
f 1239/1239 5640/5640 2347/2347
f 5640/5640 1239/1239 2353/2353
f 5635/5635 1239/1239 2346/2346
f 1239/1239 5635/5635 2345/2345
f 2345/2345 2353/2353 1239/1239
f 2353/2353 2345/2345 5639/5639
f 2348/2348 3140/3140 6067/6067
f 3140/3140 2348/2348 1240/1240
f 1240/1240 6068/6068 3140/3140
f 6068/6068 1240/1240 2355/2355
f 5636/5636 1240/1240 2348/2348
f 1240/1240 5636/5636 2347/2347
f 2347/2347 2355/2355 1240/1240
f 2355/2355 2347/2347 5640/5640
f 2349/2349 2350/2350 5638/5638
f 2350/2350 2349/2349 1241/1241
f 1241/1241 5643/5643 2350/2350
f 5643/5643 1241/1241 2359/2359
f 5637/5637 1241/1241 2349/2349
f 1241/1241 5637/5637 2417/2417
f 2417/2417 2359/2359 1241/1241
f 2359/2359 2417/2417 5642/5642
f 2351/2351 2352/2352 5639/5639
f 2352/2352 2351/2351 1242/1242
f 1242/1242 5644/5644 2352/2352
f 5644/5644 1242/1242 2361/2361
f 5638/5638 1242/1242 2351/2351
f 1242/1242 5638/5638 2350/2350
f 2350/2350 2361/2361 1242/1242
f 2361/2361 2350/2350 5643/5643
f 2353/2353 2354/2354 5640/5640
f 2354/2354 2353/2353 1243/1243
f 1243/1243 5645/5645 2354/2354
f 5645/5645 1243/1243 2363/2363
f 5639/5639 1243/1243 2353/2353
f 1243/1243 5639/5639 2352/2352
f 2352/2352 2363/2363 1243/1243
f 2363/2363 2352/2352 5644/5644
f 2355/2355 3148/3148 6068/6068
f 3148/3148 2355/2355 1244/1244
f 1244/1244 6069/6069 3148/3148
f 6069/6069 1244/1244 2365/2365
f 5640/5640 1244/1244 2355/2355
f 1244/1244 5640/5640 2354/2354
f 2354/2354 2365/2365 1244/1244
f 2365/2365 2354/2354 5645/5645
f 2357/2357 2366/2366 5646/5646
f 2366/2366 2357/2357 1245/1245
f 1245/1245 5427/5427 2366/2366
f 5427/5427 1245/1245 2356/2356
f 5641/5641 1245/1245 2357/2357
f 1245/1245 5641/5641 2418/2418
f 2418/2418 2356/2356 1245/1245
f 2356/2356 2418/2418 5426/5426
f 2416/2416 2358/2358 5642/5642
f 2358/2358 2416/2416 1246/1246
f 1246/1246 5647/5647 2358/2358
f 5647/5647 1246/1246 2369/2369
f 5641/5641 1246/1246 2416/2416
f 1246/1246 5641/5641 2357/2357
f 2357/2357 2369/2369 1246/1246
f 2369/2369 2357/2357 5646/5646
f 2359/2359 2360/2360 5643/5643
f 2360/2360 2359/2359 1247/1247
f 1247/1247 5648/5648 2360/2360
f 5648/5648 1247/1247 2371/2371
f 5642/5642 1247/1247 2359/2359
f 1247/1247 5642/5642 2358/2358
f 2358/2358 2371/2371 1247/1247
f 2371/2371 2358/2358 5647/5647
f 2361/2361 2362/2362 5644/5644
f 2362/2362 2361/2361 1248/1248
f 1248/1248 5649/5649 2362/2362
f 5649/5649 1248/1248 2373/2373
f 5643/5643 1248/1248 2361/2361
f 1248/1248 5643/5643 2360/2360
f 2360/2360 2373/2373 1248/1248
f 2373/2373 2360/2360 5648/5648
f 2363/2363 2364/2364 5645/5645
f 2364/2364 2363/2363 1249/1249
f 1249/1249 5650/5650 2364/2364
f 5650/5650 1249/1249 2375/2375
f 5644/5644 1249/1249 2363/2363
f 1249/1249 5644/5644 2362/2362
f 2362/2362 2375/2375 1249/1249
f 2375/2375 2362/2362 5649/5649
f 2365/2365 3159/3159 6069/6069
f 3159/3159 2365/2365 1250/1250
f 1250/1250 6070/6070 3159/3159
f 6070/6070 1250/1250 2377/2377
f 5645/5645 1250/1250 2365/2365
f 1250/1250 5645/5645 2364/2364
f 2364/2364 2377/2377 1250/1250
f 2377/2377 2364/2364 5650/5650
f 2368/2368 2378/2378 5651/5651
f 2378/2378 2368/2368 1251/1251
f 1251/1251 5428/5428 2378/2378
f 5428/5428 1251/1251 2367/2367
f 5646/5646 1251/1251 2368/2368
f 1251/1251 5646/5646 2366/2366
f 2366/2366 2367/2367 1251/1251
f 2367/2367 2366/2366 5427/5427
f 2369/2369 2370/2370 5647/5647
f 2370/2370 2369/2369 1252/1252
f 1252/1252 5652/5652 2370/2370
f 5652/5652 1252/1252 2381/2381
f 5646/5646 1252/1252 2369/2369
f 1252/1252 5646/5646 2368/2368
f 2368/2368 2381/2381 1252/1252
f 2381/2381 2368/2368 5651/5651
f 2371/2371 2372/2372 5648/5648
f 2372/2372 2371/2371 1253/1253
f 1253/1253 5653/5653 2372/2372
f 5653/5653 1253/1253 2383/2383
f 5647/5647 1253/1253 2371/2371
f 1253/1253 5647/5647 2370/2370
f 2370/2370 2383/2383 1253/1253
f 2383/2383 2370/2370 5652/5652
f 2373/2373 2374/2374 5649/5649
f 2374/2374 2373/2373 1254/1254
f 1254/1254 5654/5654 2374/2374
f 5654/5654 1254/1254 2385/2385
f 5648/5648 1254/1254 2373/2373
f 1254/1254 5648/5648 2372/2372
f 2372/2372 2385/2385 1254/1254
f 2385/2385 2372/2372 5653/5653
f 2375/2375 2376/2376 5650/5650
f 2376/2376 2375/2375 1255/1255
f 1255/1255 5655/5655 2376/2376
f 5655/5655 1255/1255 2387/2387
f 5649/5649 1255/1255 2375/2375
f 1255/1255 5649/5649 2374/2374
f 2374/2374 2387/2387 1255/1255
f 2387/2387 2374/2374 5654/5654
f 2377/2377 3172/3172 6070/6070
f 3172/3172 2377/2377 1256/1256
f 1256/1256 6071/6071 3172/3172
f 6071/6071 1256/1256 2389/2389
f 5650/5650 1256/1256 2377/2377
f 1256/1256 5650/5650 2376/2376
f 2376/2376 2389/2389 1256/1256
f 2389/2389 2376/2376 5655/5655
f 2380/2380 2453/2453 5656/5656
f 2453/2453 2380/2380 1257/1257
f 1257/1257 5429/5429 2453/2453
f 5429/5429 1257/1257 2379/2379
f 5651/5651 1257/1257 2380/2380
f 1257/1257 5651/5651 2378/2378
f 2378/2378 2379/2379 1257/1257
f 2379/2379 2378/2378 5428/5428
f 2381/2381 2382/2382 5652/5652
f 2382/2382 2381/2381 1258/1258
f 1258/1258 5657/5657 2382/2382
f 5657/5657 1258/1258 2457/2457
f 5651/5651 1258/1258 2381/2381
f 1258/1258 5651/5651 2380/2380
f 2380/2380 2457/2457 1258/1258
f 2457/2457 2380/2380 5656/5656
f 2383/2383 2384/2384 5653/5653
f 2384/2384 2383/2383 1259/1259
f 1259/1259 5658/5658 2384/2384
f 5658/5658 1259/1259 2449/2449
f 5652/5652 1259/1259 2383/2383
f 1259/1259 5652/5652 2382/2382
f 2382/2382 2449/2449 1259/1259
f 2449/2449 2382/2382 5657/5657
f 2385/2385 2386/2386 5654/5654
f 2386/2386 2385/2385 1260/1260
f 1260/1260 5659/5659 2386/2386
f 5659/5659 1260/1260 2469/2469
f 5653/5653 1260/1260 2385/2385
f 1260/1260 5653/5653 2384/2384
f 2384/2384 2469/2469 1260/1260
f 2469/2469 2384/2384 5658/5658
f 2387/2387 2388/2388 5655/5655
f 2388/2388 2387/2387 1261/1261
f 1261/1261 5660/5660 2388/2388
f 5660/5660 1261/1261 2466/2466
f 5654/5654 1261/1261 2387/2387
f 1261/1261 5654/5654 2386/2386
f 2386/2386 2466/2466 1261/1261
f 2466/2466 2386/2386 5659/5659
f 2389/2389 3185/3185 6071/6071
f 3185/3185 2389/2389 1262/1262
f 1262/1262 6072/6072 3185/3185
f 6072/6072 1262/1262 2462/2462
f 5655/5655 1262/1262 2389/2389
f 1262/1262 5655/5655 2388/2388
f 2388/2388 2462/2462 1262/1262
f 2462/2462 2388/2388 5660/5660
f 2391/2391 2420/2420 5633/5633
f 2420/2420 2391/2391 1263/1263
f 1263/1263 5661/5661 2420/2420
f 5661/5661 1263/1263 2392/2392
f 5568/5568 1263/1263 2391/2391
f 1263/1263 5568/5568 2390/2390
f 2390/2390 2392/2392 1263/1263
f 2392/2392 2390/2390 5567/5567
f 2424/2424 2394/2394 5662/5662
f 2394/2394 2424/2424 1264/1264
f 1264/1264 5505/5505 2394/2394
f 5505/5505 1264/1264 2393/2393
f 5661/5661 1264/1264 2424/2424
f 1264/1264 5661/5661 2392/2392
f 2392/2392 2393/2393 1264/1264
f 2393/2393 2392/2392 5567/5567
f 2428/2428 2396/2396 5663/5663
f 2396/2396 2428/2428 1265/1265
f 1265/1265 5506/5506 2396/2396
f 5506/5506 1265/1265 2395/2395
f 5662/5662 1265/1265 2428/2428
f 1265/1265 5662/5662 2394/2394
f 2394/2394 2395/2395 1265/1265
f 2395/2395 2394/2394 5505/5505
f 2433/2433 2398/2398 5664/5664
f 2398/2398 2433/2433 1266/1266
f 1266/1266 5507/5507 2398/2398
f 5507/5507 1266/1266 2397/2397
f 5663/5663 1266/1266 2433/2433
f 1266/1266 5663/5663 2396/2396
f 2396/2396 2397/2397 1266/1266
f 2397/2397 2396/2396 5506/5506
f 2438/2438 2400/2400 5665/5665
f 2400/2400 2438/2438 1267/1267
f 1267/1267 5508/5508 2400/2400
f 5508/5508 1267/1267 2399/2399
f 5664/5664 1267/1267 2438/2438
f 1267/1267 5664/5664 2398/2398
f 2398/2398 2399/2399 1267/1267
f 2399/2399 2398/2398 5507/5507
f 2443/2443 2402/2402 5666/5666
f 2402/2402 2443/2443 1268/1268
f 1268/1268 5509/5509 2402/2402
f 5509/5509 1268/1268 2401/2401
f 5665/5665 1268/1268 2443/2443
f 1268/1268 5665/5665 2400/2400
f 2400/2400 2401/2401 1268/1268
f 2401/2401 2400/2400 5508/5508
f 2448/2448 3199/3199 6073/6073
f 3199/3199 2448/2448 1269/1269
f 1269/1269 6043/6043 3199/3199
f 6043/6043 1269/1269 2403/2403
f 5666/5666 1269/1269 2448/2448
f 1269/1269 5666/5666 2402/2402
f 2402/2402 2403/2403 1269/1269
f 2403/2403 2402/2402 5509/5509
f 2404/2404 907/907 5615/5615
f 2407/2407 2408/2408 5617/5617
f 2408/2408 2407/2407 1270/1270
f 1270/1270 5668/5668 2408/2408
f 5668/5668 1270/1270 2425/2425
f 5616/5616 1270/1270 2407/2407
f 1270/1270 5616/5616 2406/2406
f 2406/2406 2425/2425 1270/1270
f 2425/2425 2406/2406 5667/5667
f 2409/2409 2410/2410 5618/5618
f 2410/2410 2409/2409 1271/1271
f 1271/1271 5669/5669 2410/2410
f 5669/5669 1271/1271 2430/2430
f 5617/5617 1271/1271 2409/2409
f 1271/1271 5617/5617 2408/2408
f 2408/2408 2430/2430 1271/1271
f 2430/2430 2408/2408 5668/5668
f 2411/2411 2412/2412 5619/5619
f 2412/2412 2411/2411 1272/1272
f 1272/1272 5670/5670 2412/2412
f 5670/5670 1272/1272 2435/2435
f 5618/5618 1272/1272 2411/2411
f 1272/1272 5618/5618 2410/2410
f 2410/2410 2435/2435 1272/1272
f 2435/2435 2410/2410 5669/5669
f 2413/2413 2414/2414 5620/5620
f 2414/2414 2413/2413 1273/1273
f 1273/1273 5671/5671 2414/2414
f 5671/5671 1273/1273 2440/2440
f 5619/5619 1273/1273 2413/2413
f 1273/1273 5619/5619 2412/2412
f 2412/2412 2440/2440 1273/1273
f 2440/2440 2412/2412 5670/5670
f 2415/2415 3213/3213 6064/6064
f 3213/3213 2415/2415 1274/1274
f 1274/1274 6074/6074 3213/3213
f 6074/6074 1274/1274 2445/2445
f 5620/5620 1274/1274 2415/2415
f 1274/1274 5620/5620 2414/2414
f 2414/2414 2445/2445 1274/1274
f 2445/2445 2414/2414 5671/5671
f 2422/2422 2419/2419 1275/1275
f 1275/1275 5637/5637 2422/2422
f 5637/5637 1275/1275 2417/2417
f 5641/5641 1275/1275 2419/2419
f 1275/1275 5641/5641 2416/2416
f 2416/2416 2417/2417 1275/1275
f 2417/2417 2416/2416 5642/5642
f 897/897 5426/5426 2418/2418
f 2418/2418 2419/2419 897/897
f 2419/2419 2418/2418 5641/5641
f 2421/2421 2422/2422 5637/5637
f 2422/2422 2421/2421 1276/1276
f 5633/5633 1276/1276 2421/2421
f 1276/1276 5633/5633 2420/2420
f 2420/2420 2423/2423 1276/1276
f 2423/2423 2420/2420 5661/5661
f 1277/1277 5662/5662 2426/2426
f 5662/5662 1277/1277 2424/2424
f 2423/2423 2424/2424 1277/1277
f 2424/2424 2423/2423 5661/5661
f 2425/2425 2429/2429 5668/5668
f 2429/2429 2425/2425 1278/1278
f 1278/1278 5673/5673 2429/2429
f 5673/5673 1278/1278 2427/2427
f 5667/5667 1278/1278 2425/2425
f 2427/2427 2431/2431 5673/5673
f 2431/2431 2427/2427 1279/1279
f 1279/1279 5663/5663 2431/2431
f 5663/5663 1279/1279 2428/2428
f 5672/5672 1279/1279 2427/2427
f 1279/1279 5672/5672 2426/2426
f 2426/2426 2428/2428 1279/1279
f 2428/2428 2426/2426 5662/5662
f 2430/2430 2434/2434 5669/5669
f 2434/2434 2430/2430 1280/1280
f 1280/1280 5674/5674 2434/2434
f 5674/5674 1280/1280 2432/2432
f 5668/5668 1280/1280 2430/2430
f 1280/1280 5668/5668 2429/2429
f 2429/2429 2432/2432 1280/1280
f 2432/2432 2429/2429 5673/5673
f 2432/2432 2436/2436 5674/5674
f 2436/2436 2432/2432 1281/1281
f 1281/1281 5664/5664 2436/2436
f 5664/5664 1281/1281 2433/2433
f 5673/5673 1281/1281 2432/2432
f 1281/1281 5673/5673 2431/2431
f 2431/2431 2433/2433 1281/1281
f 2433/2433 2431/2431 5663/5663
f 2435/2435 2439/2439 5670/5670
f 2439/2439 2435/2435 1282/1282
f 1282/1282 5675/5675 2439/2439
f 5675/5675 1282/1282 2437/2437
f 5669/5669 1282/1282 2435/2435
f 1282/1282 5669/5669 2434/2434
f 2434/2434 2437/2437 1282/1282
f 2437/2437 2434/2434 5674/5674
f 2437/2437 2441/2441 5675/5675
f 2441/2441 2437/2437 1283/1283
f 1283/1283 5665/5665 2441/2441
f 5665/5665 1283/1283 2438/2438
f 5674/5674 1283/1283 2437/2437
f 1283/1283 5674/5674 2436/2436
f 2436/2436 2438/2438 1283/1283
f 2438/2438 2436/2436 5664/5664
f 2440/2440 2444/2444 5671/5671
f 2444/2444 2440/2440 1284/1284
f 1284/1284 5676/5676 2444/2444
f 5676/5676 1284/1284 2442/2442
f 5670/5670 1284/1284 2440/2440
f 1284/1284 5670/5670 2439/2439
f 2439/2439 2442/2442 1284/1284
f 2442/2442 2439/2439 5675/5675
f 2442/2442 2446/2446 5676/5676
f 2446/2446 2442/2442 1285/1285
f 1285/1285 5666/5666 2446/2446
f 5666/5666 1285/1285 2443/2443
f 5675/5675 1285/1285 2442/2442
f 1285/1285 5675/5675 2441/2441
f 2441/2441 2443/2443 1285/1285
f 2443/2443 2441/2441 5665/5665
f 2445/2445 3244/3244 6074/6074
f 3244/3244 2445/2445 1286/1286
f 1286/1286 6075/6075 3244/3244
f 6075/6075 1286/1286 2447/2447
f 5671/5671 1286/1286 2445/2445
f 1286/1286 5671/5671 2444/2444
f 2444/2444 2447/2447 1286/1286
f 2447/2447 2444/2444 5676/5676
f 2447/2447 3248/3248 6075/6075
f 3248/3248 2447/2447 1287/1287
f 1287/1287 6073/6073 3248/3248
f 6073/6073 1287/1287 2448/2448
f 5676/5676 1287/1287 2447/2447
f 1287/1287 5676/5676 2446/2446
f 2446/2446 2448/2448 1287/1287
f 2448/2448 2446/2446 5666/5666
f 268/268 2455/2455 267/267
f 2455/2455 268/268 1288/1288
f 1288/1288 5657/5657 2455/2455
f 5657/5657 1288/1288 2449/2449
f 269/269 1288/1288 268/268
f 1288/1288 269/269 2471/2471
f 2471/2471 2449/2449 1288/1288
f 2449/2449 2471/2471 5658/5658
f 2450/2450 2458/2458 5622/5622
f 2458/2458 2450/2450 1289/1289
f 1289/1289 79/79 2458/2458
f 79/79 1289/1289 78/78
f 5623/5623 1289/1289 2450/2450
f 1289/1289 5623/5623 2473/2473
f 2473/2473 78/78 1289/1289
f 78/78 2473/2473 77/77
f 2452/2452 82/82 83/83
f 82/82 2452/2452 1290/1290
f 1290/1290 81/81 82/82
f 81/81 1290/1290 2460/2460
f 5430/5430 1290/1290 2452/2452
f 1290/1290 5430/5430 2451/2451
f 2451/2451 2460/2460 1290/1290
f 2460/2460 2451/2451 5621/5621
f 2456/2456 264/264 265/265
f 264/264 2456/2456 1291/1291
f 1291/1291 263/263 264/264
f 263/263 1291/1291 2454/2454
f 5656/5656 1291/1291 2456/2456
f 1291/1291 5656/5656 2453/2453
f 2453/2453 2454/2454 1291/1291
f 2454/2454 2453/2453 5429/5429
f 266/266 2456/2456 265/265
f 2456/2456 266/266 1292/1292
f 1292/1292 5656/5656 2456/2456
f 5656/5656 1292/1292 2457/2457
f 267/267 1292/1292 266/266
f 1292/1292 267/267 2455/2455
f 2455/2455 2457/2457 1292/1292
f 2457/2457 2455/2455 5657/5657
f 2459/2459 2460/2460 5621/5621
f 2460/2460 2459/2459 1293/1293
f 1293/1293 81/81 2460/2460
f 81/81 1293/1293 80/80
f 5622/5622 1293/1293 2459/2459
f 1293/1293 5622/5622 2458/2458
f 2458/2458 80/80 1293/1293
f 80/80 2458/2458 79/79
f 2463/2463 3261/3261 6076/6076
f 3261/3261 2463/2463 1294/1294
f 1294/1294 6037/6037 3261/3261
f 6037/6037 1294/1294 2461/2461
f 5677/5677 1294/1294 2463/2463
f 1294/1294 5677/5677 2464/2464
f 2464/2464 2461/2461 1294/1294
f 2461/2461 2464/2464 5490/5490
f 2462/2462 3264/3264 6072/6072
f 3264/3264 2462/2462 1295/1295
f 1295/1295 6076/6076 3264/3264
f 6076/6076 1295/1295 2463/2463
f 5660/5660 1295/1295 2462/2462
f 1295/1295 5660/5660 2467/2467
f 2467/2467 2463/2463 1295/1295
f 2463/2463 2467/2467 5677/5677
f 2465/2465 272/272 273/273
f 272/272 2465/2465 1296/1296
f 1296/1296 271/271 272/272
f 271/271 1296/1296 2468/2468
f 5490/5490 1296/1296 2465/2465
f 1296/1296 5490/5490 2464/2464
f 2464/2464 2468/2468 1296/1296
f 2468/2468 2464/2464 5677/5677
f 2467/2467 2468/2468 5677/5677
f 2468/2468 2467/2467 1297/1297
f 1297/1297 271/271 2468/2468
f 271/271 1297/1297 2470/2470
f 5660/5660 1297/1297 2467/2467
f 1297/1297 5660/5660 2466/2466
f 2466/2466 2470/2470 1297/1297
f 2470/2470 2466/2466 5659/5659
f 2470/2470 270/270 271/271
f 270/270 2470/2470 1298/1298
f 1298/1298 269/269 270/270
f 269/269 1298/1298 2471/2471
f 5659/5659 1298/1298 2470/2470
f 1298/1298 5659/5659 2469/2469
f 2469/2469 2471/2471 1298/1298
f 2471/2471 2469/2469 5658/5658
f 2473/2473 76/76 77/77
f 76/76 2473/2473 1299/1299
f 1299/1299 75/75 76/76
f 75/75 1299/1299 2475/2475
f 5623/5623 1299/1299 2473/2473
f 1299/1299 5623/5623 2472/2472
f 2472/2472 2475/2475 1299/1299
f 2475/2475 2472/2472 5624/5624
f 2474/2474 2479/2479 5492/5492
f 2479/2479 2474/2474 1300/1300
f 1300/1300 5678/5678 2479/2479
f 5678/5678 1300/1300 2476/2476
f 73/73 1300/1300 2474/2474
f 1300/1300 73/73 74/74
f 74/74 2476/2476 1300/1300
f 2476/2476 74/74 75/75
f 2476/2476 2482/2482 5678/5678
f 2482/2482 2476/2476 1301/1301
f 1301/1301 5625/5625 2482/2482
f 5625/5625 1301/1301 2477/2477
f 75/75 1301/1301 2476/2476
f 1301/1301 75/75 2475/2475
f 2475/2475 2477/2477 1301/1301
f 2477/2477 2475/2475 5624/5624
f 2486/2486 2481/2481 5679/5679
f 2481/2481 2486/2486 1302/1302
f 1302/1302 5493/5493 2481/2481
f 5493/5493 1302/1302 2478/2478
f 6077/6077 1302/1302 2486/2486
f 1302/1302 6077/6077 3279/3279
f 3279/3279 2478/2478 1302/1302
f 2478/2478 3279/3279 6039/6039
f 2480/2480 2481/2481 5493/5493
f 2481/2481 2480/2480 1303/1303
f 1303/1303 5679/5679 2481/2481
f 5679/5679 1303/1303 2483/2483
f 5492/5492 1303/1303 2480/2480
f 1303/1303 5492/5492 2479/2479
f 2479/2479 2483/2483 1303/1303
f 2483/2483 2479/2479 5678/5678
f 2483/2483 2485/2485 5679/5679
f 2485/2485 2483/2483 1304/1304
f 1304/1304 5626/5626 2485/2485
f 5626/5626 1304/1304 2484/2484
f 5678/5678 1304/1304 2483/2483
f 1304/1304 5678/5678 2482/2482
f 2482/2482 2484/2484 1304/1304
f 2484/2484 2482/2482 5625/5625
f 2486/2486 3290/3290 6077/6077
f 3290/3290 2486/2486 1305/1305
f 1305/1305 6065/6065 3290/3290
f 6065/6065 1305/1305 2487/2487
f 5679/5679 1305/1305 2486/2486
f 1305/1305 5679/5679 2485/2485
f 2485/2485 2487/2487 1305/1305
f 2487/2487 2485/2485 5626/5626
f 2494/2494 2668/2668 5689/5689
f 2668/2668 2494/2494 1306/1306
f 1306/1306 5690/5690 2668/2668
f 5690/5690 1306/1306 2488/2488
f 5698/5698 1306/1306 2494/2494
f 1306/1306 5698/5698 2497/2497
f 2497/2497 2488/2488 1306/1306
f 2488/2488 2497/2497 5699/5699
f 2488/2488 2669/2669 5690/5690
f 2669/2669 2488/2488 1307/1307
f 1307/1307 5691/5691 2669/2669
f 5691/5691 1307/1307 2489/2489
f 5699/5699 1307/1307 2488/2488
f 1307/1307 5699/5699 2499/2499
f 2499/2499 2489/2489 1307/1307
f 2489/2489 2499/2499 5700/5700
f 2489/2489 2671/2671 5691/5691
f 2671/2671 2489/2489 1308/1308
f 1308/1308 659/659 2671/2671
f 659/659 1308/1308 658/658
f 5700/5700 1308/1308 2489/2489
f 1308/1308 5700/5700 2501/2501
f 2501/2501 658/658 1308/1308
f 658/658 2501/2501 657/657
f 476/476 2673/2673 475/475
f 2673/2673 476/476 1309/1309
f 1309/1309 5692/5692 2673/2673
f 5692/5692 1309/1309 2490/2490
f 477/477 1309/1309 476/476
f 1309/1309 477/477 2502/2502
f 2502/2502 2490/2490 1309/1309
f 2490/2490 2502/2502 5701/5701
f 2490/2490 2674/2674 5692/5692
f 2674/2674 2490/2490 1310/1310
f 1310/1310 5693/5693 2674/2674
f 5693/5693 1310/1310 2491/2491
f 5701/5701 1310/1310 2490/2490
f 1310/1310 5701/5701 2504/2504
f 2504/2504 2491/2491 1310/1310
f 2491/2491 2504/2504 5702/5702
f 2491/2491 2675/2675 5693/5693
f 2675/2675 2491/2491 1311/1311
f 1311/1311 5694/5694 2675/2675
f 5694/5694 1311/1311 2492/2492
f 5702/5702 1311/1311 2491/2491
f 1311/1311 5702/5702 2506/2506
f 2506/2506 2492/2492 1311/1311
f 2492/2492 2506/2506 5703/5703
f 2492/2492 2676/2676 5694/5694
f 2676/2676 2492/2492 1312/1312
f 1312/1312 5695/5695 2676/2676
f 5695/5695 1312/1312 2493/2493
f 5703/5703 1312/1312 2492/2492
f 1312/1312 5703/5703 2508/2508
f 2508/2508 2493/2493 1312/1312
f 2493/2493 2508/2508 5704/5704
f 2493/2493 2678/2678 5695/5695
f 2678/2678 2493/2493 1313/1313
f 1313/1313 530/530 2678/2678
f 530/530 1313/1313 529/529
f 5704/5704 1313/1313 2493/2493
f 1313/1313 5704/5704 2510/2510
f 2510/2510 529/529 1313/1313
f 529/529 2510/2510 528/528
f 605/605 2680/2680 604/604
f 2680/2680 605/605 1314/1314
f 1314/1314 5696/5696 2680/2680
f 5696/5696 1314/1314 2495/2495
f 606/606 1314/1314 605/605
f 1314/1314 606/606 2511/2511
f 2511/2511 2495/2495 1314/1314
f 2495/2495 2511/2511 5705/5705
f 2494/2494 2512/2512 5698/5698
f 2512/2512 2494/2494 1315/1315
f 1315/1315 5706/5706 2512/2512
f 5706/5706 1315/1315 2496/2496
f 5689/5689 1315/1315 2494/2494
f 1315/1315 5689/5689 2682/2682
f 2682/2682 2496/2496 1315/1315
f 2496/2496 2682/2682 5697/5697
f 2495/2495 2683/2683 5696/5696
f 2683/2683 2495/2495 1316/1316
f 1316/1316 5697/5697 2683/2683
f 5697/5697 1316/1316 2496/2496
f 5705/5705 1316/1316 2495/2495
f 1316/1316 5705/5705 2515/2515
f 2515/2515 2496/2496 1316/1316
f 2496/2496 2515/2515 5706/5706
f 2513/2513 2497/2497 5698/5698
f 2497/2497 2513/2513 1317/1317
f 1317/1317 5699/5699 2497/2497
f 5699/5699 1317/1317 2498/2498
f 5707/5707 1317/1317 2513/2513
f 1317/1317 5707/5707 2517/2517
f 2517/2517 2498/2498 1317/1317
f 2498/2498 2517/2517 5708/5708
f 2498/2498 2499/2499 5699/5699
f 2499/2499 2498/2498 1318/1318
f 1318/1318 5700/5700 2499/2499
f 5700/5700 1318/1318 2500/2500
f 5708/5708 1318/1318 2498/2498
f 1318/1318 5708/5708 2519/2519
f 2519/2519 2500/2500 1318/1318
f 2500/2500 2519/2519 5709/5709
f 2500/2500 2501/2501 5700/5700
f 2501/2501 2500/2500 1319/1319
f 1319/1319 657/657 2501/2501
f 657/657 1319/1319 656/656
f 5709/5709 1319/1319 2500/2500
f 1319/1319 5709/5709 2521/2521
f 2521/2521 656/656 1319/1319
f 656/656 2521/2521 655/655
f 478/478 2502/2502 477/477
f 2502/2502 478/478 1320/1320
f 1320/1320 5701/5701 2502/2502
f 5701/5701 1320/1320 2503/2503
f 479/479 1320/1320 478/478
f 1320/1320 479/479 2522/2522
f 2522/2522 2503/2503 1320/1320
f 2503/2503 2522/2522 5710/5710
f 2503/2503 2504/2504 5701/5701
f 2504/2504 2503/2503 1321/1321
f 1321/1321 5702/5702 2504/2504
f 5702/5702 1321/1321 2505/2505
f 5710/5710 1321/1321 2503/2503
f 1321/1321 5710/5710 2524/2524
f 2524/2524 2505/2505 1321/1321
f 2505/2505 2524/2524 5711/5711
f 2505/2505 2506/2506 5702/5702
f 2506/2506 2505/2505 1322/1322
f 1322/1322 5703/5703 2506/2506
f 5703/5703 1322/1322 2507/2507
f 5711/5711 1322/1322 2505/2505
f 1322/1322 5711/5711 2526/2526
f 2526/2526 2507/2507 1322/1322
f 2507/2507 2526/2526 5712/5712
f 2507/2507 2508/2508 5703/5703
f 2508/2508 2507/2507 1323/1323
f 1323/1323 5704/5704 2508/2508
f 5704/5704 1323/1323 2509/2509
f 5712/5712 1323/1323 2507/2507
f 1323/1323 5712/5712 2528/2528
f 2528/2528 2509/2509 1323/1323
f 2509/2509 2528/2528 5713/5713
f 2509/2509 2510/2510 5704/5704
f 2510/2510 2509/2509 1324/1324
f 1324/1324 528/528 2510/2510
f 528/528 1324/1324 527/527
f 5713/5713 1324/1324 2509/2509
f 1324/1324 5713/5713 2530/2530
f 2530/2530 527/527 1324/1324
f 527/527 2530/2530 526/526
f 607/607 2511/2511 606/606
f 2511/2511 607/607 1325/1325
f 1325/1325 5705/5705 2511/2511
f 5705/5705 1325/1325 2514/2514
f 608/608 1325/1325 607/607
f 1325/1325 608/608 2531/2531
f 2531/2531 2514/2514 1325/1325
f 2514/2514 2531/2531 5714/5714
f 2513/2513 2532/2532 5707/5707
f 2532/2532 2513/2513 1326/1326
f 1326/1326 5715/5715 2532/2532
f 5715/5715 1326/1326 2516/2516
f 5698/5698 1326/1326 2513/2513
f 1326/1326 5698/5698 2512/2512
f 2512/2512 2516/2516 1326/1326
f 2516/2516 2512/2512 5706/5706
f 2514/2514 2515/2515 5705/5705
f 2515/2515 2514/2514 1327/1327
f 1327/1327 5706/5706 2515/2515
f 5706/5706 1327/1327 2516/2516
f 5714/5714 1327/1327 2514/2514
f 1327/1327 5714/5714 2535/2535
f 2535/2535 2516/2516 1327/1327
f 2516/2516 2535/2535 5715/5715
f 2533/2533 2517/2517 5707/5707
f 2517/2517 2533/2533 1328/1328
f 1328/1328 5708/5708 2517/2517
f 5708/5708 1328/1328 2518/2518
f 5716/5716 1328/1328 2533/2533
f 1328/1328 5716/5716 2537/2537
f 2537/2537 2518/2518 1328/1328
f 2518/2518 2537/2537 5717/5717
f 2518/2518 2519/2519 5708/5708
f 2519/2519 2518/2518 1329/1329
f 1329/1329 5709/5709 2519/2519
f 5709/5709 1329/1329 2520/2520
f 5717/5717 1329/1329 2518/2518
f 1329/1329 5717/5717 2539/2539
f 2539/2539 2520/2520 1329/1329
f 2520/2520 2539/2539 5718/5718
f 2520/2520 2521/2521 5709/5709
f 2521/2521 2520/2520 1330/1330
f 1330/1330 655/655 2521/2521
f 655/655 1330/1330 654/654
f 5718/5718 1330/1330 2520/2520
f 1330/1330 5718/5718 2541/2541
f 2541/2541 654/654 1330/1330
f 654/654 2541/2541 653/653
f 480/480 2522/2522 479/479
f 2522/2522 480/480 1331/1331
f 1331/1331 5710/5710 2522/2522
f 5710/5710 1331/1331 2523/2523
f 481/481 1331/1331 480/480
f 1331/1331 481/481 2542/2542
f 2542/2542 2523/2523 1331/1331
f 2523/2523 2542/2542 5719/5719
f 2523/2523 2524/2524 5710/5710
f 2524/2524 2523/2523 1332/1332
f 1332/1332 5711/5711 2524/2524
f 5711/5711 1332/1332 2525/2525
f 5719/5719 1332/1332 2523/2523
f 1332/1332 5719/5719 2544/2544
f 2544/2544 2525/2525 1332/1332
f 2525/2525 2544/2544 5720/5720
f 2525/2525 2526/2526 5711/5711
f 2526/2526 2525/2525 1333/1333
f 1333/1333 5712/5712 2526/2526
f 5712/5712 1333/1333 2527/2527
f 5720/5720 1333/1333 2525/2525
f 1333/1333 5720/5720 2546/2546
f 2546/2546 2527/2527 1333/1333
f 2527/2527 2546/2546 5721/5721
f 2527/2527 2528/2528 5712/5712
f 2528/2528 2527/2527 1334/1334
f 1334/1334 5713/5713 2528/2528
f 5713/5713 1334/1334 2529/2529
f 5721/5721 1334/1334 2527/2527
f 1334/1334 5721/5721 2548/2548
f 2548/2548 2529/2529 1334/1334
f 2529/2529 2548/2548 5722/5722
f 2529/2529 2530/2530 5713/5713
f 2530/2530 2529/2529 1335/1335
f 1335/1335 526/526 2530/2530
f 526/526 1335/1335 525/525
f 5722/5722 1335/1335 2529/2529
f 1335/1335 5722/5722 2550/2550
f 2550/2550 525/525 1335/1335
f 525/525 2550/2550 524/524
f 609/609 2531/2531 608/608
f 2531/2531 609/609 1336/1336
f 1336/1336 5714/5714 2531/2531
f 5714/5714 1336/1336 2534/2534
f 610/610 1336/1336 609/609
f 1336/1336 610/610 2551/2551
f 2551/2551 2534/2534 1336/1336
f 2534/2534 2551/2551 5723/5723
f 2533/2533 2552/2552 5716/5716
f 2552/2552 2533/2533 1337/1337
f 1337/1337 5724/5724 2552/2552
f 5724/5724 1337/1337 2536/2536
f 5707/5707 1337/1337 2533/2533
f 1337/1337 5707/5707 2532/2532
f 2532/2532 2536/2536 1337/1337
f 2536/2536 2532/2532 5715/5715
f 2534/2534 2535/2535 5714/5714
f 2535/2535 2534/2534 1338/1338
f 1338/1338 5715/5715 2535/2535
f 5715/5715 1338/1338 2536/2536
f 5723/5723 1338/1338 2534/2534
f 1338/1338 5723/5723 2555/2555
f 2555/2555 2536/2536 1338/1338
f 2536/2536 2555/2555 5724/5724
f 2553/2553 2537/2537 5716/5716
f 2537/2537 2553/2553 1339/1339
f 1339/1339 5717/5717 2537/2537
f 5717/5717 1339/1339 2538/2538
f 5725/5725 1339/1339 2553/2553
f 1339/1339 5725/5725 2557/2557
f 2557/2557 2538/2538 1339/1339
f 2538/2538 2557/2557 5726/5726
f 2538/2538 2539/2539 5717/5717
f 2539/2539 2538/2538 1340/1340
f 1340/1340 5718/5718 2539/2539
f 5718/5718 1340/1340 2540/2540
f 5726/5726 1340/1340 2538/2538
f 1340/1340 5726/5726 2559/2559
f 2559/2559 2540/2540 1340/1340
f 2540/2540 2559/2559 5727/5727
f 2540/2540 2541/2541 5718/5718
f 2541/2541 2540/2540 1341/1341
f 1341/1341 653/653 2541/2541
f 653/653 1341/1341 652/652
f 5727/5727 1341/1341 2540/2540
f 1341/1341 5727/5727 2561/2561
f 2561/2561 652/652 1341/1341
f 652/652 2561/2561 651/651
f 482/482 2542/2542 481/481
f 2542/2542 482/482 1342/1342
f 1342/1342 5719/5719 2542/2542
f 5719/5719 1342/1342 2543/2543
f 483/483 1342/1342 482/482
f 1342/1342 483/483 2562/2562
f 2562/2562 2543/2543 1342/1342
f 2543/2543 2562/2562 5728/5728
f 2543/2543 2544/2544 5719/5719
f 2544/2544 2543/2543 1343/1343
f 1343/1343 5720/5720 2544/2544
f 5720/5720 1343/1343 2545/2545
f 5728/5728 1343/1343 2543/2543
f 1343/1343 5728/5728 2564/2564
f 2564/2564 2545/2545 1343/1343
f 2545/2545 2564/2564 5729/5729
f 2545/2545 2546/2546 5720/5720
f 2546/2546 2545/2545 1344/1344
f 1344/1344 5721/5721 2546/2546
f 5721/5721 1344/1344 2547/2547
f 5729/5729 1344/1344 2545/2545
f 1344/1344 5729/5729 2566/2566
f 2566/2566 2547/2547 1344/1344
f 2547/2547 2566/2566 5730/5730
f 2547/2547 2548/2548 5721/5721
f 2548/2548 2547/2547 1345/1345
f 1345/1345 5722/5722 2548/2548
f 5722/5722 1345/1345 2549/2549
f 5730/5730 1345/1345 2547/2547
f 1345/1345 5730/5730 2568/2568
f 2568/2568 2549/2549 1345/1345
f 2549/2549 2568/2568 5731/5731
f 2549/2549 2550/2550 5722/5722
f 2550/2550 2549/2549 1346/1346
f 1346/1346 524/524 2550/2550
f 524/524 1346/1346 523/523
f 5731/5731 1346/1346 2549/2549
f 1346/1346 5731/5731 2570/2570
f 2570/2570 523/523 1346/1346
f 523/523 2570/2570 522/522
f 611/611 2551/2551 610/610
f 2551/2551 611/611 1347/1347
f 1347/1347 5723/5723 2551/2551
f 5723/5723 1347/1347 2554/2554
f 612/612 1347/1347 611/611
f 1347/1347 612/612 2571/2571
f 2571/2571 2554/2554 1347/1347
f 2554/2554 2571/2571 5732/5732
f 2553/2553 2572/2572 5725/5725
f 2572/2572 2553/2553 1348/1348
f 1348/1348 5733/5733 2572/2572
f 5733/5733 1348/1348 2556/2556
f 5716/5716 1348/1348 2553/2553
f 1348/1348 5716/5716 2552/2552
f 2552/2552 2556/2556 1348/1348
f 2556/2556 2552/2552 5724/5724
f 2554/2554 2555/2555 5723/5723
f 2555/2555 2554/2554 1349/1349
f 1349/1349 5724/5724 2555/2555
f 5724/5724 1349/1349 2556/2556
f 5732/5732 1349/1349 2554/2554
f 1349/1349 5732/5732 2575/2575
f 2575/2575 2556/2556 1349/1349
f 2556/2556 2575/2575 5733/5733
f 2573/2573 2557/2557 5725/5725
f 2557/2557 2573/2573 1350/1350
f 1350/1350 5726/5726 2557/2557
f 5726/5726 1350/1350 2558/2558
f 5734/5734 1350/1350 2573/2573
f 1350/1350 5734/5734 2577/2577
f 2577/2577 2558/2558 1350/1350
f 2558/2558 2577/2577 5735/5735
f 2558/2558 2559/2559 5726/5726
f 2559/2559 2558/2558 1351/1351
f 1351/1351 5727/5727 2559/2559
f 5727/5727 1351/1351 2560/2560
f 5735/5735 1351/1351 2558/2558
f 1351/1351 5735/5735 2579/2579
f 2579/2579 2560/2560 1351/1351
f 2560/2560 2579/2579 5736/5736
f 2560/2560 2561/2561 5727/5727
f 2561/2561 2560/2560 1352/1352
f 1352/1352 651/651 2561/2561
f 651/651 1352/1352 650/650
f 5736/5736 1352/1352 2560/2560
f 1352/1352 5736/5736 2581/2581
f 2581/2581 650/650 1352/1352
f 650/650 2581/2581 649/649
f 484/484 2562/2562 483/483
f 2562/2562 484/484 1353/1353
f 1353/1353 5728/5728 2562/2562
f 5728/5728 1353/1353 2563/2563
f 485/485 1353/1353 484/484
f 1353/1353 485/485 2582/2582
f 2582/2582 2563/2563 1353/1353
f 2563/2563 2582/2582 5737/5737
f 2563/2563 2564/2564 5728/5728
f 2564/2564 2563/2563 1354/1354
f 1354/1354 5729/5729 2564/2564
f 5729/5729 1354/1354 2565/2565
f 5737/5737 1354/1354 2563/2563
f 1354/1354 5737/5737 2584/2584
f 2584/2584 2565/2565 1354/1354
f 2565/2565 2584/2584 5738/5738
f 2565/2565 2566/2566 5729/5729
f 2566/2566 2565/2565 1355/1355
f 1355/1355 5730/5730 2566/2566
f 5730/5730 1355/1355 2567/2567
f 5738/5738 1355/1355 2565/2565
f 1355/1355 5738/5738 2586/2586
f 2586/2586 2567/2567 1355/1355
f 2567/2567 2586/2586 5739/5739
f 2567/2567 2568/2568 5730/5730
f 2568/2568 2567/2567 1356/1356
f 1356/1356 5731/5731 2568/2568
f 5731/5731 1356/1356 2569/2569
f 5739/5739 1356/1356 2567/2567
f 1356/1356 5739/5739 2588/2588
f 2588/2588 2569/2569 1356/1356
f 2569/2569 2588/2588 5740/5740
f 2569/2569 2570/2570 5731/5731
f 2570/2570 2569/2569 1357/1357
f 1357/1357 522/522 2570/2570
f 522/522 1357/1357 521/521
f 5740/5740 1357/1357 2569/2569
f 1357/1357 5740/5740 2590/2590
f 2590/2590 521/521 1357/1357
f 521/521 2590/2590 520/520
f 613/613 2571/2571 612/612
f 2571/2571 613/613 1358/1358
f 1358/1358 5732/5732 2571/2571
f 5732/5732 1358/1358 2574/2574
f 614/614 1358/1358 613/613
f 1358/1358 614/614 2591/2591
f 2591/2591 2574/2574 1358/1358
f 2574/2574 2591/2591 5741/5741
f 2573/2573 2592/2592 5734/5734
f 2592/2592 2573/2573 1359/1359
f 1359/1359 5742/5742 2592/2592
f 5742/5742 1359/1359 2576/2576
f 5725/5725 1359/1359 2573/2573
f 1359/1359 5725/5725 2572/2572
f 2572/2572 2576/2576 1359/1359
f 2576/2576 2572/2572 5733/5733
f 2574/2574 2575/2575 5732/5732
f 2575/2575 2574/2574 1360/1360
f 1360/1360 5733/5733 2575/2575
f 5733/5733 1360/1360 2576/2576
f 5741/5741 1360/1360 2574/2574
f 1360/1360 5741/5741 2595/2595
f 2595/2595 2576/2576 1360/1360
f 2576/2576 2595/2595 5742/5742
f 2593/2593 2577/2577 5734/5734
f 2577/2577 2593/2593 1361/1361
f 1361/1361 5735/5735 2577/2577
f 5735/5735 1361/1361 2578/2578
f 5743/5743 1361/1361 2593/2593
f 1361/1361 5743/5743 2597/2597
f 2597/2597 2578/2578 1361/1361
f 2578/2578 2597/2597 5744/5744
f 2578/2578 2579/2579 5735/5735
f 2579/2579 2578/2578 1362/1362
f 1362/1362 5736/5736 2579/2579
f 5736/5736 1362/1362 2580/2580
f 5744/5744 1362/1362 2578/2578
f 1362/1362 5744/5744 2599/2599
f 2599/2599 2580/2580 1362/1362
f 2580/2580 2599/2599 5745/5745
f 2580/2580 2581/2581 5736/5736
f 2581/2581 2580/2580 1363/1363
f 1363/1363 649/649 2581/2581
f 649/649 1363/1363 648/648
f 5745/5745 1363/1363 2580/2580
f 1363/1363 5745/5745 2601/2601
f 2601/2601 648/648 1363/1363
f 648/648 2601/2601 647/647
f 486/486 2582/2582 485/485
f 2582/2582 486/486 1364/1364
f 1364/1364 5737/5737 2582/2582
f 5737/5737 1364/1364 2583/2583
f 487/487 1364/1364 486/486
f 1364/1364 487/487 2602/2602
f 2602/2602 2583/2583 1364/1364
f 2583/2583 2602/2602 5746/5746
f 2583/2583 2584/2584 5737/5737
f 2584/2584 2583/2583 1365/1365
f 1365/1365 5738/5738 2584/2584
f 5738/5738 1365/1365 2585/2585
f 5746/5746 1365/1365 2583/2583
f 1365/1365 5746/5746 2604/2604
f 2604/2604 2585/2585 1365/1365
f 2585/2585 2604/2604 5747/5747
f 2585/2585 2586/2586 5738/5738
f 2586/2586 2585/2585 1366/1366
f 1366/1366 5739/5739 2586/2586
f 5739/5739 1366/1366 2587/2587
f 5747/5747 1366/1366 2585/2585
f 1366/1366 5747/5747 2606/2606
f 2606/2606 2587/2587 1366/1366
f 2587/2587 2606/2606 5748/5748
f 2587/2587 2588/2588 5739/5739
f 2588/2588 2587/2587 1367/1367
f 1367/1367 5740/5740 2588/2588
f 5740/5740 1367/1367 2589/2589
f 5748/5748 1367/1367 2587/2587
f 1367/1367 5748/5748 2608/2608
f 2608/2608 2589/2589 1367/1367
f 2589/2589 2608/2608 5749/5749
f 2589/2589 2590/2590 5740/5740
f 2590/2590 2589/2589 1368/1368
f 1368/1368 520/520 2590/2590
f 520/520 1368/1368 519/519
f 5749/5749 1368/1368 2589/2589
f 1368/1368 5749/5749 2610/2610
f 2610/2610 519/519 1368/1368
f 519/519 2610/2610 518/518
f 615/615 2591/2591 614/614
f 2591/2591 615/615 1369/1369
f 1369/1369 5741/5741 2591/2591
f 5741/5741 1369/1369 2594/2594
f 616/616 1369/1369 615/615
f 1369/1369 616/616 2611/2611
f 2611/2611 2594/2594 1369/1369
f 2594/2594 2611/2611 5750/5750
f 2593/2593 2612/2612 5743/5743
f 2612/2612 2593/2593 1370/1370
f 1370/1370 5751/5751 2612/2612
f 5751/5751 1370/1370 2596/2596
f 5734/5734 1370/1370 2593/2593
f 1370/1370 5734/5734 2592/2592
f 2592/2592 2596/2596 1370/1370
f 2596/2596 2592/2592 5742/5742
f 2594/2594 2595/2595 5741/5741
f 2595/2595 2594/2594 1371/1371
f 1371/1371 5742/5742 2595/2595
f 5742/5742 1371/1371 2596/2596
f 5750/5750 1371/1371 2594/2594
f 1371/1371 5750/5750 2615/2615
f 2615/2615 2596/2596 1371/1371
f 2596/2596 2615/2615 5751/5751
f 2613/2613 2597/2597 5743/5743
f 2597/2597 2613/2613 1372/1372
f 1372/1372 5744/5744 2597/2597
f 5744/5744 1372/1372 2598/2598
f 5752/5752 1372/1372 2613/2613
f 1372/1372 5752/5752 2617/2617
f 2617/2617 2598/2598 1372/1372
f 2598/2598 2617/2617 5753/5753
f 2598/2598 2599/2599 5744/5744
f 2599/2599 2598/2598 1373/1373
f 1373/1373 5745/5745 2599/2599
f 5745/5745 1373/1373 2600/2600
f 5753/5753 1373/1373 2598/2598
f 1373/1373 5753/5753 2621/2621
f 2621/2621 2600/2600 1373/1373
f 2600/2600 2621/2621 5754/5754
f 2600/2600 2601/2601 5745/5745
f 2601/2601 2600/2600 1374/1374
f 1374/1374 647/647 2601/2601
f 647/647 1374/1374 646/646
f 5754/5754 1374/1374 2600/2600
f 1374/1374 5754/5754 2626/2626
f 2626/2626 646/646 1374/1374
f 646/646 2626/2626 645/645
f 488/488 2602/2602 487/487
f 2602/2602 488/488 1375/1375
f 1375/1375 5746/5746 2602/2602
f 5746/5746 1375/1375 2603/2603
f 489/489 1375/1375 488/488
f 1375/1375 489/489 2630/2630
f 2630/2630 2603/2603 1375/1375
f 2603/2603 2630/2630 5755/5755
f 2603/2603 2604/2604 5746/5746
f 2604/2604 2603/2603 1376/1376
f 1376/1376 5747/5747 2604/2604
f 5747/5747 1376/1376 2605/2605
f 5755/5755 1376/1376 2603/2603
f 1376/1376 5755/5755 2634/2634
f 2634/2634 2605/2605 1376/1376
f 2605/2605 2634/2634 5756/5756
f 2605/2605 2606/2606 5747/5747
f 2606/2606 2605/2605 1377/1377
f 1377/1377 5748/5748 2606/2606
f 5748/5748 1377/1377 2607/2607
f 5756/5756 1377/1377 2605/2605
f 1377/1377 5756/5756 2639/2639
f 2639/2639 2607/2607 1377/1377
f 2607/2607 2639/2639 5757/5757
f 2607/2607 2608/2608 5748/5748
f 2608/2608 2607/2607 1378/1378
f 1378/1378 5749/5749 2608/2608
f 5749/5749 1378/1378 2609/2609
f 5757/5757 1378/1378 2607/2607
f 1378/1378 5757/5757 2644/2644
f 2644/2644 2609/2609 1378/1378
f 2609/2609 2644/2644 5758/5758
f 2609/2609 2610/2610 5749/5749
f 2610/2610 2609/2609 1379/1379
f 1379/1379 518/518 2610/2610
f 518/518 1379/1379 517/517
f 5758/5758 1379/1379 2609/2609
f 1379/1379 5758/5758 2649/2649
f 2649/2649 517/517 1379/1379
f 517/517 2649/2649 516/516
f 617/617 2611/2611 616/616
f 2611/2611 617/617 1380/1380
f 1380/1380 5750/5750 2611/2611
f 5750/5750 1380/1380 2614/2614
f 618/618 1380/1380 617/617
f 1380/1380 618/618 2653/2653
f 2653/2653 2614/2614 1380/1380
f 2614/2614 2653/2653 5759/5759
f 2613/2613 2656/2656 5752/5752
f 2656/2656 2613/2613 1381/1381
f 1381/1381 5760/5760 2656/2656
f 5760/5760 1381/1381 2616/2616
f 5743/5743 1381/1381 2613/2613
f 1381/1381 5743/5743 2612/2612
f 2612/2612 2616/2616 1381/1381
f 2616/2616 2612/2612 5751/5751
f 2614/2614 2615/2615 5750/5750
f 2615/2615 2614/2614 1382/1382
f 1382/1382 5751/5751 2615/2615
f 5751/5751 1382/1382 2616/2616
f 5759/5759 1382/1382 2614/2614
f 1382/1382 5759/5759 2662/2662
f 2662/2662 2616/2616 1382/1382
f 2616/2616 2662/2662 5760/5760
f 2657/2657 2617/2617 5752/5752
f 2617/2617 2657/2657 1383/1383
f 1383/1383 5753/5753 2617/2617
f 5753/5753 1383/1383 2620/2620
f 5761/5761 1383/1383 2657/2657
f 1383/1383 5761/5761 2619/2619
f 2619/2619 2620/2620 1383/1383
f 2620/2620 2619/2619 5762/5762
f 2658/2658 2619/2619 5761/5761
f 2619/2619 2658/2658 1384/1384
f 1384/1384 5762/5762 2619/2619
f 5762/5762 1384/1384 2623/2623
f 5680/5680 1384/1384 2658/2658
f 1384/1384 5680/5680 2618/2618
f 2618/2618 2623/2623 1384/1384
f 2623/2623 2618/2618 5681/5681
f 2620/2620 2621/2621 5753/5753
f 2621/2621 2620/2620 1385/1385
f 1385/1385 5754/5754 2621/2621
f 5754/5754 1385/1385 2625/2625
f 5762/5762 1385/1385 2620/2620
f 1385/1385 5762/5762 2624/2624
f 2624/2624 2625/2625 1385/1385
f 2625/2625 2624/2624 5763/5763
f 2623/2623 2624/2624 5762/5762
f 2624/2624 2623/2623 1386/1386
f 1386/1386 5763/5763 2624/2624
f 5763/5763 1386/1386 2628/2628
f 5681/5681 1386/1386 2623/2623
f 1386/1386 5681/5681 2622/2622
f 2622/2622 2628/2628 1386/1386
f 2628/2628 2622/2622 5682/5682
f 2625/2625 2626/2626 5754/5754
f 2626/2626 2625/2625 1387/1387
f 1387/1387 645/645 2626/2626
f 645/645 1387/1387 644/644
f 5763/5763 1387/1387 2625/2625
f 1387/1387 5763/5763 2629/2629
f 2629/2629 644/644 1387/1387
f 644/644 2629/2629 643/643
f 2628/2628 2629/2629 5763/5763
f 2629/2629 2628/2628 1388/1388
f 1388/1388 643/643 2629/2629
f 643/643 1388/1388 642/642
f 5682/5682 1388/1388 2628/2628
f 1388/1388 5682/5682 2627/2627
f 2627/2627 642/642 1388/1388
f 642/642 2627/2627 641/641
f 490/490 2630/2630 489/489
f 2630/2630 490/490 1389/1389
f 1389/1389 5755/5755 2630/2630
f 5755/5755 1389/1389 2633/2633
f 491/491 1389/1389 490/490
f 1389/1389 491/491 2632/2632
f 2632/2632 2633/2633 1389/1389
f 2633/2633 2632/2632 5764/5764
f 492/492 2632/2632 491/491
f 2632/2632 492/492 1390/1390
f 1390/1390 5764/5764 2632/2632
f 5764/5764 1390/1390 2636/2636
f 493/493 1390/1390 492/492
f 1390/1390 493/493 2631/2631
f 2631/2631 2636/2636 1390/1390
f 2636/2636 2631/2631 5683/5683
f 2633/2633 2634/2634 5755/5755
f 2634/2634 2633/2633 1391/1391
f 1391/1391 5756/5756 2634/2634
f 5756/5756 1391/1391 2638/2638
f 5764/5764 1391/1391 2633/2633
f 1391/1391 5764/5764 2637/2637
f 2637/2637 2638/2638 1391/1391
f 2638/2638 2637/2637 5765/5765
f 2636/2636 2637/2637 5764/5764
f 2637/2637 2636/2636 1392/1392
f 1392/1392 5765/5765 2637/2637
f 5765/5765 1392/1392 2641/2641
f 5683/5683 1392/1392 2636/2636
f 1392/1392 5683/5683 2635/2635
f 2635/2635 2641/2641 1392/1392
f 2641/2641 2635/2635 5684/5684
f 2638/2638 2639/2639 5756/5756
f 2639/2639 2638/2638 1393/1393
f 1393/1393 5757/5757 2639/2639
f 5757/5757 1393/1393 2643/2643
f 5765/5765 1393/1393 2638/2638
f 1393/1393 5765/5765 2642/2642
f 2642/2642 2643/2643 1393/1393
f 2643/2643 2642/2642 5766/5766
f 2641/2641 2642/2642 5765/5765
f 2642/2642 2641/2641 1394/1394
f 1394/1394 5766/5766 2642/2642
f 5766/5766 1394/1394 2646/2646
f 5684/5684 1394/1394 2641/2641
f 1394/1394 5684/5684 2640/2640
f 2640/2640 2646/2646 1394/1394
f 2646/2646 2640/2640 5685/5685
f 2643/2643 2644/2644 5757/5757
f 2644/2644 2643/2643 1395/1395
f 1395/1395 5758/5758 2644/2644
f 5758/5758 1395/1395 2648/2648
f 5766/5766 1395/1395 2643/2643
f 1395/1395 5766/5766 2647/2647
f 2647/2647 2648/2648 1395/1395
f 2648/2648 2647/2647 5767/5767
f 2646/2646 2647/2647 5766/5766
f 2647/2647 2646/2646 1396/1396
f 1396/1396 5767/5767 2647/2647
f 5767/5767 1396/1396 2651/2651
f 5685/5685 1396/1396 2646/2646
f 1396/1396 5685/5685 2645/2645
f 2645/2645 2651/2651 1396/1396
f 2651/2651 2645/2645 5686/5686
f 2648/2648 2649/2649 5758/5758
f 2649/2649 2648/2648 1397/1397
f 1397/1397 516/516 2649/2649
f 516/516 1397/1397 515/515
f 5767/5767 1397/1397 2648/2648
f 1397/1397 5767/5767 2652/2652
f 2652/2652 515/515 1397/1397
f 515/515 2652/2652 514/514
f 2651/2651 2652/2652 5767/5767
f 2652/2652 2651/2651 1398/1398
f 1398/1398 514/514 2652/2652
f 514/514 1398/1398 513/513
f 5686/5686 1398/1398 2651/2651
f 1398/1398 5686/5686 2650/2650
f 2650/2650 513/513 1398/1398
f 513/513 2650/2650 512/512
f 619/619 2653/2653 618/618
f 2653/2653 619/619 1399/1399
f 1399/1399 5759/5759 2653/2653
f 5759/5759 1399/1399 2661/2661
f 620/620 1399/1399 619/619
f 1399/1399 620/620 2655/2655
f 2655/2655 2661/2661 1399/1399
f 2661/2661 2655/2655 5768/5768
f 621/621 2655/2655 620/620
f 2655/2655 621/621 1400/1400
f 1400/1400 5768/5768 2655/2655
f 5768/5768 1400/1400 2665/2665
f 622/622 1400/1400 621/621
f 1400/1400 622/622 2654/2654
f 2654/2654 2665/2665 1400/1400
f 2665/2665 2654/2654 5687/5687
f 2657/2657 2660/2660 5761/5761
f 2660/2660 2657/2657 1401/1401
f 1401/1401 5769/5769 2660/2660
f 5769/5769 1401/1401 2663/2663
f 5752/5752 1401/1401 2657/2657
f 1401/1401 5752/5752 2656/2656
f 2656/2656 2663/2663 1401/1401
f 2663/2663 2656/2656 5760/5760
f 2659/2659 2667/2667 5688/5688
f 2667/2667 2659/2659 1402/1402
f 1402/1402 5769/5769 2667/2667
f 5769/5769 1402/1402 2660/2660
f 5680/5680 1402/1402 2659/2659
f 1402/1402 5680/5680 2658/2658
f 2658/2658 2660/2660 1402/1402
f 2660/2660 2658/2658 5761/5761
f 2661/2661 2662/2662 5759/5759
f 2662/2662 2661/2661 1403/1403
f 1403/1403 5760/5760 2662/2662
f 5760/5760 1403/1403 2663/2663
f 5768/5768 1403/1403 2661/2661
f 1403/1403 5768/5768 2666/2666
f 2666/2666 2663/2663 1403/1403
f 2663/2663 2666/2666 5769/5769
f 2665/2665 2666/2666 5768/5768
f 2666/2666 2665/2665 1404/1404
f 1404/1404 5769/5769 2666/2666
f 5769/5769 1404/1404 2667/2667
f 5687/5687 1404/1404 2665/2665
f 1404/1404 5687/5687 2664/2664
f 2664/2664 2667/2667 1404/1404
f 2667/2667 2664/2664 5688/5688
f 2681/2681 3061/3061 5770/5770
f 3061/3061 2681/2681 1405/1405
f 1405/1405 5771/5771 3061/3061
f 5771/5771 1405/1405 2670/2670
f 5689/5689 1405/1405 2681/2681
f 1405/1405 5689/5689 2668/2668
f 2668/2668 2670/2670 1405/1405
f 2670/2670 2668/2668 5690/5690
f 2670/2670 3054/3054 5771/5771
f 3054/3054 2670/2670 1406/1406
f 1406/1406 5772/5772 3054/3054
f 5772/5772 1406/1406 2672/2672
f 5690/5690 1406/1406 2670/2670
f 1406/1406 5690/5690 2669/2669
f 2669/2669 2672/2672 1406/1406
f 2672/2672 2669/2669 5691/5691
f 2672/2672 3049/3049 5772/5772
f 3049/3049 2672/2672 1407/1407
f 1407/1407 661/661 3049/3049
f 661/661 1407/1407 660/660
f 5691/5691 1407/1407 2672/2672
f 1407/1407 5691/5691 2671/2671
f 2671/2671 660/660 1407/1407
f 660/660 2671/2671 659/659
f 475/475 1408/1408 474/474
f 1408/1408 475/475 2673/2673
f 1409/1409 5773/5773 3037/3037
f 5773/5773 1409/1409 2677/2677
f 1409/1409 5693/5693 2675/2675
f 2675/2675 2677/2677 1409/1409
f 2677/2677 2675/2675 5694/5694
f 2677/2677 2974/2974 5773/5773
f 2974/2974 2677/2677 1410/1410
f 1410/1410 5774/5774 2974/2974
f 5774/5774 1410/1410 2679/2679
f 5694/5694 1410/1410 2677/2677
f 1410/1410 5694/5694 2676/2676
f 2676/2676 2679/2679 1410/1410
f 2679/2679 2676/2676 5695/5695
f 2679/2679 2978/2978 5774/5774
f 2978/2978 2679/2679 1411/1411
f 1411/1411 532/532 2978/2978
f 532/532 1411/1411 531/531
f 5695/5695 1411/1411 2679/2679
f 1411/1411 5695/5695 2678/2678
f 2678/2678 531/531 1411/1411
f 531/531 2678/2678 530/530
f 603/603 2984/2984 602/602
f 2984/2984 603/603 1412/1412
f 1412/1412 5775/5775 2984/2984
f 5775/5775 1412/1412 2684/2684
f 604/604 1412/1412 603/603
f 1412/1412 604/604 2680/2680
f 2680/2680 2684/2684 1412/1412
f 2684/2684 2680/2680 5696/5696
f 2682/2682 2685/2685 5697/5697
f 2685/2685 2682/2682 1413/1413
f 1413/1413 5776/5776 2685/2685
f 5776/5776 1413/1413 3055/3055
f 5689/5689 1413/1413 2682/2682
f 1413/1413 5689/5689 2681/2681
f 2681/2681 3055/3055 1413/1413
f 3055/3055 2681/2681 5770/5770
f 2684/2684 2981/2981 5775/5775
f 2981/2981 2684/2684 1414/1414
f 1414/1414 5776/5776 2981/2981
f 5776/5776 1414/1414 2685/2685
f 5696/5696 1414/1414 2684/2684
f 1414/1414 5696/5696 2683/2683
f 2683/2683 2685/2685 1414/1414
f 2685/2685 2683/2683 5697/5697
f 2693/2693 2723/2723 5777/5777
f 2723/2723 2693/2693 1415/1415
f 1415/1415 5778/5778 2723/2723
f 5778/5778 1415/1415 2686/2686
f 5787/5787 1415/1415 2693/2693
f 1415/1415 5787/5787 2696/2696
f 2696/2696 2686/2686 1415/1415
f 2686/2686 2696/2696 5788/5788
f 2686/2686 2721/2721 5778/5778
f 2721/2721 2686/2686 1416/1416
f 1416/1416 5779/5779 2721/2721
f 5779/5779 1416/1416 2687/2687
f 5788/5788 1416/1416 2686/2686
f 1416/1416 5788/5788 2698/2698
f 2698/2698 2687/2687 1416/1416
f 2687/2687 2698/2698 5789/5789
f 2687/2687 2719/2719 5779/5779
f 2719/2719 2687/2687 1417/1417
f 1417/1417 5780/5780 2719/2719
f 5780/5780 1417/1417 2688/2688
f 5789/5789 1417/1417 2687/2687
f 1417/1417 5789/5789 2700/2700
f 2700/2700 2688/2688 1417/1417
f 2688/2688 2700/2700 5790/5790
f 2688/2688 345/345 5780/5780
f 345/345 2688/2688 344/344
f 824/824 5781/5781 823/823
f 5781/5781 824/824 2689/2689
f 5790/5790 344/344 2688/2688
f 344/344 5790/5790 343/343
f 825/825 2689/2689 824/824
f 2689/2689 825/825 5791/5791
f 2689/2689 2717/2717 5781/5781
f 2717/2717 2689/2689 1418/1418
f 1418/1418 5782/5782 2717/2717
f 5782/5782 1418/1418 2690/2690
f 5791/5791 1418/1418 2689/2689
f 1418/1418 5791/5791 2703/2703
f 2703/2703 2690/2690 1418/1418
f 2690/2690 2703/2703 5792/5792
f 2690/2690 2715/2715 5782/5782
f 2715/2715 2690/2690 1419/1419
f 1419/1419 5783/5783 2715/2715
f 5783/5783 1419/1419 2691/2691
f 5792/5792 1419/1419 2690/2690
f 1419/1419 5792/5792 2705/2705
f 2705/2705 2691/2691 1419/1419
f 2691/2691 2705/2705 5793/5793
f 2691/2691 2713/2713 5783/5783
f 2713/2713 2691/2691 1420/1420
f 1420/1420 5784/5784 2713/2713
f 5784/5784 1420/1420 2692/2692
f 5793/5793 1420/1420 2691/2691
f 1420/1420 5793/5793 2707/2707
f 2707/2707 2692/2692 1420/1420
f 2692/2692 2707/2707 5794/5794
f 2692/2692 2711/2711 5784/5784
f 2711/2711 2692/2692 1421/1421
f 1421/1421 5785/5785 2711/2711
f 5785/5785 1421/1421 2694/2694
f 5794/5794 1421/1421 2692/2692
f 1421/1421 5794/5794 2709/2709
f 2709/2709 2694/2694 1421/1421
f 2694/2694 2709/2709 5795/5795
f 443/443 2693/2693 5777/5777
f 2693/2693 443/443 444/444
f 444/444 5787/5787 2693/2693
f 5787/5787 444/444 445/445
f 5786/5786 690/690 691/691
f 690/690 5786/5786 2695/2695
f 2695/2695 689/689 690/690
f 689/689 2695/2695 5796/5796
f 2694/2694 2724/2724 5785/5785
f 2724/2724 2694/2694 1422/1422
f 1422/1422 5786/5786 2724/2724
f 5786/5786 1422/1422 2695/2695
f 5795/5795 1422/1422 2694/2694
f 2710/2710 2696/2696 5787/5787
f 2696/2696 2710/2710 1423/1423
f 1423/1423 5788/5788 2696/2696
f 5788/5788 1423/1423 2697/2697
f 5797/5797 1423/1423 2710/2710
f 1423/1423 5797/5797 3149/3149
f 3149/3149 2697/2697 1423/1423
f 2697/2697 3149/3149 5798/5798
f 2697/2697 2698/2698 5788/5788
f 2698/2698 2697/2697 1424/1424
f 1424/1424 5789/5789 2698/2698
f 5789/5789 1424/1424 2699/2699
f 5798/5798 1424/1424 2697/2697
f 1424/1424 5798/5798 3161/3161
f 3161/3161 2699/2699 1424/1424
f 2699/2699 3161/3161 5799/5799
f 2699/2699 2700/2700 5789/5789
f 2700/2700 2699/2699 1425/1425
f 1425/1425 5790/5790 2700/2700
f 5790/5790 1425/1425 2701/2701
f 5799/5799 1425/1425 2699/2699
f 1425/1425 5799/5799 3174/3174
f 3174/3174 2701/2701 1425/1425
f 2701/2701 3174/3174 5800/5800
f 2701/2701 343/343 5790/5790
f 343/343 2701/2701 342/342
f 826/826 5791/5791 825/825
f 5791/5791 826/826 2702/2702
f 5800/5800 342/342 2701/2701
f 342/342 5800/5800 341/341
f 827/827 2702/2702 826/826
f 2702/2702 827/827 5801/5801
f 2702/2702 2703/2703 5791/5791
f 2703/2703 2702/2702 1426/1426
f 1426/1426 5792/5792 2703/2703
f 5792/5792 1426/1426 2704/2704
f 5801/5801 1426/1426 2702/2702
f 1426/1426 5801/5801 3251/3251
f 3251/3251 2704/2704 1426/1426
f 2704/2704 3251/3251 5802/5802
f 2704/2704 2705/2705 5792/5792
f 2705/2705 2704/2704 1427/1427
f 1427/1427 5793/5793 2705/2705
f 5793/5793 1427/1427 2706/2706
f 5802/5802 1427/1427 2704/2704
f 1427/1427 5802/5802 3102/3102
f 3102/3102 2706/2706 1427/1427
f 2706/2706 3102/3102 5803/5803
f 2706/2706 2707/2707 5793/5793
f 2707/2707 2706/2706 1428/1428
f 1428/1428 5794/5794 2707/2707
f 5794/5794 1428/1428 2708/2708
f 5803/5803 1428/1428 2706/2706
f 1428/1428 5803/5803 3103/3103
f 3103/3103 2708/2708 1428/1428
f 2708/2708 3103/3103 5804/5804
f 2708/2708 2709/2709 5794/5794
f 445/445 2710/2710 5787/5787
f 2710/2710 445/445 446/446
f 446/446 5797/5797 2710/2710
f 5796/5796 688/688 689/689
f 2725/2725 2711/2711 5785/5785
f 2711/2711 2725/2725 1429/1429
f 1429/1429 5784/5784 2711/2711
f 5784/5784 1429/1429 2712/2712
f 5805/5805 1429/1429 2725/2725
f 1429/1429 5805/5805 2728/2728
f 2728/2728 2712/2712 1429/1429
f 2712/2712 2728/2728 5806/5806
f 2712/2712 2713/2713 5784/5784
f 2713/2713 2712/2712 1430/1430
f 1430/1430 5783/5783 2713/2713
f 5783/5783 1430/1430 2714/2714
f 5806/5806 1430/1430 2712/2712
f 1430/1430 5806/5806 2730/2730
f 2730/2730 2714/2714 1430/1430
f 2714/2714 2730/2730 5807/5807
f 2714/2714 2715/2715 5783/5783
f 2715/2715 2714/2714 1431/1431
f 1431/1431 5782/5782 2715/2715
f 5782/5782 1431/1431 2716/2716
f 5807/5807 1431/1431 2714/2714
f 1431/1431 5807/5807 2732/2732
f 2732/2732 2716/2716 1431/1431
f 2716/2716 2732/2732 5808/5808
f 2716/2716 2717/2717 5782/5782
f 2717/2717 2716/2716 1432/1432
f 1432/1432 5781/5781 2717/2717
f 5781/5781 1432/1432 822/822
f 5808/5808 1432/1432 2716/2716
f 1432/1432 5808/5808 821/821
f 821/821 822/822 1432/1432
f 346/346 347/347 5809/5809
f 822/822 823/823 5781/5781
f 345/345 346/346 1433/1433
f 1433/1433 5780/5780 345/345
f 5780/5780 1433/1433 2718/2718
f 5809/5809 1433/1433 346/346
f 1433/1433 5809/5809 2735/2735
f 2735/2735 2718/2718 1433/1433
f 2718/2718 2735/2735 5810/5810
f 2718/2718 2719/2719 5780/5780
f 2719/2719 2718/2718 1434/1434
f 1434/1434 5779/5779 2719/2719
f 5779/5779 1434/1434 2720/2720
f 5810/5810 1434/1434 2718/2718
f 1434/1434 5810/5810 2737/2737
f 2737/2737 2720/2720 1434/1434
f 2720/2720 2737/2737 5811/5811
f 2720/2720 2721/2721 5779/5779
f 2721/2721 2720/2720 1435/1435
f 1435/1435 5778/5778 2721/2721
f 5778/5778 1435/1435 2722/2722
f 5811/5811 1435/1435 2720/2720
f 1435/1435 5811/5811 2739/2739
f 2739/2739 2722/2722 1435/1435
f 2722/2722 2739/2739 5812/5812
f 2722/2722 2723/2723 5778/5778
f 2723/2723 2722/2722 1436/1436
f 1436/1436 5777/5777 2723/2723
f 5777/5777 1436/1436 2726/2726
f 5812/5812 1436/1436 2722/2722
f 1436/1436 5812/5812 2741/2741
f 2741/2741 2726/2726 1436/1436
f 2726/2726 2741/2741 5813/5813
f 2725/2725 2742/2742 5805/5805
f 2742/2742 2725/2725 1437/1437
f 1437/1437 5814/5814 2742/2742
f 5814/5814 1437/1437 2727/2727
f 5785/5785 1437/1437 2725/2725
f 1437/1437 5785/5785 2724/2724
f 2724/2724 2727/2727 1437/1437
f 2727/2727 2724/2724 5786/5786
f 2726/2726 443/443 5777/5777
f 443/443 2726/2726 442/442
f 692/692 5786/5786 691/691
f 5786/5786 692/692 2727/2727
f 5813/5813 442/442 2726/2726
f 442/442 5813/5813 441/441
f 693/693 2727/2727 692/692
f 2727/2727 693/693 5814/5814
f 2743/2743 2728/2728 5805/5805
f 2728/2728 2743/2743 1438/1438
f 1438/1438 5806/5806 2728/2728
f 5806/5806 1438/1438 2729/2729
f 5815/5815 1438/1438 2743/2743
f 1438/1438 5815/5815 2746/2746
f 2746/2746 2729/2729 1438/1438
f 2729/2729 2746/2746 5816/5816
f 2729/2729 2730/2730 5806/5806
f 2730/2730 2729/2729 1439/1439
f 1439/1439 5807/5807 2730/2730
f 5807/5807 1439/1439 2731/2731
f 5816/5816 1439/1439 2729/2729
f 1439/1439 5816/5816 2748/2748
f 2748/2748 2731/2731 1439/1439
f 2731/2731 2748/2748 5817/5817
f 2731/2731 2732/2732 5807/5807
f 2732/2732 2731/2731 1440/1440
f 1440/1440 5808/5808 2732/2732
f 5808/5808 1440/1440 2733/2733
f 5817/5817 1440/1440 2731/2731
f 1440/1440 5817/5817 2750/2750
f 2750/2750 2733/2733 1440/1440
f 2733/2733 2750/2750 5818/5818
f 2733/2733 821/821 5808/5808
f 821/821 2733/2733 820/820
f 348/348 5809/5809 347/347
f 5809/5809 348/348 2734/2734
f 5818/5818 820/820 2733/2733
f 820/820 5818/5818 819/819
f 349/349 2734/2734 348/348
f 2734/2734 349/349 5819/5819
f 2734/2734 2735/2735 5809/5809
f 2735/2735 2734/2734 1441/1441
f 1441/1441 5810/5810 2735/2735
f 5810/5810 1441/1441 2736/2736
f 5819/5819 1441/1441 2734/2734
f 1441/1441 5819/5819 2753/2753
f 2753/2753 2736/2736 1441/1441
f 2736/2736 2753/2753 5820/5820
f 2736/2736 2737/2737 5810/5810
f 2737/2737 2736/2736 1442/1442
f 1442/1442 5811/5811 2737/2737
f 5811/5811 1442/1442 2738/2738
f 5820/5820 1442/1442 2736/2736
f 1442/1442 5820/5820 2755/2755
f 2755/2755 2738/2738 1442/1442
f 2738/2738 2755/2755 5821/5821
f 2738/2738 2739/2739 5811/5811
f 2739/2739 2738/2738 1443/1443
f 1443/1443 5812/5812 2739/2739
f 5812/5812 1443/1443 2740/2740
f 5821/5821 1443/1443 2738/2738
f 1443/1443 5821/5821 2757/2757
f 2757/2757 2740/2740 1443/1443
f 2740/2740 2757/2757 5822/5822
f 2740/2740 2741/2741 5812/5812
f 2741/2741 2740/2740 1444/1444
f 1444/1444 5813/5813 2741/2741
f 5813/5813 1444/1444 2744/2744
f 5822/5822 1444/1444 2740/2740
f 1444/1444 5822/5822 2759/2759
f 2759/2759 2744/2744 1444/1444
f 2744/2744 2759/2759 5823/5823
f 2743/2743 2760/2760 5815/5815
f 2760/2760 2743/2743 1445/1445
f 1445/1445 5824/5824 2760/2760
f 5824/5824 1445/1445 2745/2745
f 5805/5805 1445/1445 2743/2743
f 1445/1445 5805/5805 2742/2742
f 2742/2742 2745/2745 1445/1445
f 2745/2745 2742/2742 5814/5814
f 2744/2744 441/441 5813/5813
f 441/441 2744/2744 440/440
f 694/694 5814/5814 693/693
f 5814/5814 694/694 2745/2745
f 5823/5823 440/440 2744/2744
f 440/440 5823/5823 439/439
f 695/695 2745/2745 694/694
f 2745/2745 695/695 5824/5824
f 2761/2761 2746/2746 5815/5815
f 2746/2746 2761/2761 1446/1446
f 1446/1446 5816/5816 2746/2746
f 5816/5816 1446/1446 2747/2747
f 5825/5825 1446/1446 2761/2761
f 1446/1446 5825/5825 2764/2764
f 2764/2764 2747/2747 1446/1446
f 2747/2747 2764/2764 5826/5826
f 2747/2747 2748/2748 5816/5816
f 2748/2748 2747/2747 1447/1447
f 1447/1447 5817/5817 2748/2748
f 5817/5817 1447/1447 2749/2749
f 5826/5826 1447/1447 2747/2747
f 1447/1447 5826/5826 2766/2766
f 2766/2766 2749/2749 1447/1447
f 2749/2749 2766/2766 5827/5827
f 2749/2749 2750/2750 5817/5817
f 2750/2750 2749/2749 1448/1448
f 1448/1448 5818/5818 2750/2750
f 5818/5818 1448/1448 2751/2751
f 5827/5827 1448/1448 2749/2749
f 1448/1448 5827/5827 2768/2768
f 2768/2768 2751/2751 1448/1448
f 2751/2751 2768/2768 5828/5828
f 2751/2751 819/819 5818/5818
f 819/819 2751/2751 818/818
f 350/350 5819/5819 349/349
f 5819/5819 350/350 2752/2752
f 5828/5828 818/818 2751/2751
f 818/818 5828/5828 817/817
f 351/351 2752/2752 350/350
f 2752/2752 351/351 5829/5829
f 2752/2752 2753/2753 5819/5819
f 2753/2753 2752/2752 1449/1449
f 1449/1449 5820/5820 2753/2753
f 5820/5820 1449/1449 2754/2754
f 5829/5829 1449/1449 2752/2752
f 1449/1449 5829/5829 2771/2771
f 2771/2771 2754/2754 1449/1449
f 2754/2754 2771/2771 5830/5830
f 2754/2754 2755/2755 5820/5820
f 2755/2755 2754/2754 1450/1450
f 1450/1450 5821/5821 2755/2755
f 5821/5821 1450/1450 2756/2756
f 5830/5830 1450/1450 2754/2754
f 1450/1450 5830/5830 2773/2773
f 2773/2773 2756/2756 1450/1450
f 2756/2756 2773/2773 5831/5831
f 2756/2756 2757/2757 5821/5821
f 2757/2757 2756/2756 1451/1451
f 1451/1451 5822/5822 2757/2757
f 5822/5822 1451/1451 2758/2758
f 5831/5831 1451/1451 2756/2756
f 1451/1451 5831/5831 2775/2775
f 2775/2775 2758/2758 1451/1451
f 2758/2758 2775/2775 5832/5832
f 2758/2758 2759/2759 5822/5822
f 2759/2759 2758/2758 1452/1452
f 1452/1452 5823/5823 2759/2759
f 5823/5823 1452/1452 2762/2762
f 5832/5832 1452/1452 2758/2758
f 1452/1452 5832/5832 2777/2777
f 2777/2777 2762/2762 1452/1452
f 2762/2762 2777/2777 5833/5833
f 2761/2761 2778/2778 5825/5825
f 2778/2778 2761/2761 1453/1453
f 1453/1453 5834/5834 2778/2778
f 5834/5834 1453/1453 2763/2763
f 5815/5815 1453/1453 2761/2761
f 1453/1453 5815/5815 2760/2760
f 2760/2760 2763/2763 1453/1453
f 2763/2763 2760/2760 5824/5824
f 2762/2762 439/439 5823/5823
f 439/439 2762/2762 438/438
f 696/696 5824/5824 695/695
f 5824/5824 696/696 2763/2763
f 5833/5833 438/438 2762/2762
f 438/438 5833/5833 437/437
f 697/697 2763/2763 696/696
f 2763/2763 697/697 5834/5834
f 2779/2779 2764/2764 5825/5825
f 2764/2764 2779/2779 1454/1454
f 1454/1454 5826/5826 2764/2764
f 5826/5826 1454/1454 2765/2765
f 5835/5835 1454/1454 2779/2779
f 1454/1454 5835/5835 2782/2782
f 2782/2782 2765/2765 1454/1454
f 2765/2765 2782/2782 5836/5836
f 2765/2765 2766/2766 5826/5826
f 2766/2766 2765/2765 1455/1455
f 1455/1455 5827/5827 2766/2766
f 5827/5827 1455/1455 2767/2767
f 5836/5836 1455/1455 2765/2765
f 1455/1455 5836/5836 2784/2784
f 2784/2784 2767/2767 1455/1455
f 2767/2767 2784/2784 5837/5837
f 2767/2767 2768/2768 5827/5827
f 2768/2768 2767/2767 1456/1456
f 1456/1456 5828/5828 2768/2768
f 5828/5828 1456/1456 2769/2769
f 5837/5837 1456/1456 2767/2767
f 1456/1456 5837/5837 2786/2786
f 2786/2786 2769/2769 1456/1456
f 2769/2769 2786/2786 815/815
f 2769/2769 817/817 5828/5828
f 817/817 2769/2769 816/816
f 352/352 5829/5829 351/351
f 5829/5829 352/352 2770/2770
f 815/815 816/816 2769/2769
f 352/352 353/353 2788/2788
f 2788/2788 2770/2770 352/352
f 2770/2770 2788/2788 5838/5838
f 2770/2770 2771/2771 5829/5829
f 2771/2771 2770/2770 1457/1457
f 1457/1457 5830/5830 2771/2771
f 5830/5830 1457/1457 2772/2772
f 5838/5838 1457/1457 2770/2770
f 1457/1457 5838/5838 2790/2790
f 2790/2790 2772/2772 1457/1457
f 2772/2772 2790/2790 5839/5839
f 2772/2772 2773/2773 5830/5830
f 2773/2773 2772/2772 1458/1458
f 1458/1458 5831/5831 2773/2773
f 5831/5831 1458/1458 2774/2774
f 5839/5839 1458/1458 2772/2772
f 1458/1458 5839/5839 2792/2792
f 2792/2792 2774/2774 1458/1458
f 2774/2774 2792/2792 5840/5840
f 2774/2774 2775/2775 5831/5831
f 2775/2775 2774/2774 1459/1459
f 1459/1459 5832/5832 2775/2775
f 5832/5832 1459/1459 2776/2776
f 5840/5840 1459/1459 2774/2774
f 1459/1459 5840/5840 2794/2794
f 2794/2794 2776/2776 1459/1459
f 2776/2776 2794/2794 5841/5841
f 2776/2776 2777/2777 5832/5832
f 2777/2777 2776/2776 1460/1460
f 1460/1460 5833/5833 2777/2777
f 5833/5833 1460/1460 2780/2780
f 5841/5841 1460/1460 2776/2776
f 1460/1460 5841/5841 2796/2796
f 2796/2796 2780/2780 1460/1460
f 2780/2780 2796/2796 435/435
f 2779/2779 2797/2797 5835/5835
f 2797/2797 2779/2779 1461/1461
f 1461/1461 5842/5842 2797/2797
f 5842/5842 1461/1461 2781/2781
f 5825/5825 1461/1461 2779/2779
f 1461/1461 5825/5825 2778/2778
f 2778/2778 2781/2781 1461/1461
f 2781/2781 2778/2778 5834/5834
f 2780/2780 437/437 5833/5833
f 437/437 2780/2780 436/436
f 698/698 5834/5834 697/697
f 5834/5834 698/698 2781/2781
f 435/435 436/436 2780/2780
f 698/698 699/699 2799/2799
f 2799/2799 2781/2781 698/698
f 2781/2781 2799/2799 5842/5842
f 2798/2798 2782/2782 5835/5835
f 2782/2782 2798/2798 1462/1462
f 1462/1462 5836/5836 2782/2782
f 5836/5836 1462/1462 2783/2783
f 5843/5843 1462/1462 2798/2798
f 1462/1462 5843/5843 2802/2802
f 2802/2802 2783/2783 1462/1462
f 2783/2783 2802/2802 5844/5844
f 2783/2783 2784/2784 5836/5836
f 2784/2784 2783/2783 1463/1463
f 1463/1463 5837/5837 2784/2784
f 5837/5837 1463/1463 2785/2785
f 5844/5844 1463/1463 2783/2783
f 1463/1463 5844/5844 2805/2805
f 2805/2805 2785/2785 1463/1463
f 2785/2785 2805/2805 813/813
f 2785/2785 2786/2786 5837/5837
f 2786/2786 2785/2785 814/814
f 814/814 815/815 2786/2786
f 353/353 354/354 2787/2787
f 813/813 814/814 2785/2785
f 354/354 355/355 2807/2807
f 2807/2807 2787/2787 354/354
f 2787/2787 2807/2807 5845/5845
f 2787/2787 2788/2788 353/353
f 2788/2788 2787/2787 1464/1464
f 1464/1464 5838/5838 2788/2788
f 5838/5838 1464/1464 2789/2789
f 5845/5845 1464/1464 2787/2787
f 1464/1464 5845/5845 2810/2810
f 2810/2810 2789/2789 1464/1464
f 2789/2789 2810/2810 5846/5846
f 2789/2789 2790/2790 5838/5838
f 2790/2790 2789/2789 1465/1465
f 1465/1465 5839/5839 2790/2790
f 5839/5839 1465/1465 2791/2791
f 5846/5846 1465/1465 2789/2789
f 1465/1465 5846/5846 2813/2813
f 2813/2813 2791/2791 1465/1465
f 2791/2791 2813/2813 5847/5847
f 2791/2791 2792/2792 5839/5839
f 2792/2792 2791/2791 1466/1466
f 1466/1466 5840/5840 2792/2792
f 5840/5840 1466/1466 2793/2793
f 5847/5847 1466/1466 2791/2791
f 1466/1466 5847/5847 2816/2816
f 2816/2816 2793/2793 1466/1466
f 2793/2793 2816/2816 5848/5848
f 2793/2793 2794/2794 5840/5840
f 2794/2794 2793/2793 1467/1467
f 1467/1467 5841/5841 2794/2794
f 5841/5841 1467/1467 2795/2795
f 5848/5848 1467/1467 2793/2793
f 1467/1467 5848/5848 2819/2819
f 2819/2819 2795/2795 1467/1467
f 2795/2795 2819/2819 5849/5849
f 2795/2795 2796/2796 5841/5841
f 2796/2796 2795/2795 1468/1468
f 1468/1468 435/435 2796/2796
f 435/435 1468/1468 434/434
f 5849/5849 1468/1468 2795/2795
f 1468/1468 5849/5849 2822/2822
f 2822/2822 434/434 1468/1468
f 434/434 2822/2822 433/433
f 2798/2798 2823/2823 5843/5843
f 2823/2823 2798/2798 1469/1469
f 1469/1469 5850/5850 2823/2823
f 5850/5850 1469/1469 2800/2800
f 5835/5835 1469/1469 2798/2798
f 1469/1469 5835/5835 2797/2797
f 2797/2797 2800/2800 1469/1469
f 2800/2800 2797/2797 5842/5842
f 700/700 2799/2799 699/699
f 2799/2799 700/700 1470/1470
f 1470/1470 5842/5842 2799/2799
f 5842/5842 1470/1470 2800/2800
f 701/701 1470/1470 700/700
f 1470/1470 701/701 2828/2828
f 2828/2828 2800/2800 1470/1470
f 2800/2800 2828/2828 5850/5850
f 2824/2824 2802/2802 5843/5843
f 2802/2802 2824/2824 1471/1471
f 1471/1471 5844/5844 2802/2802
f 5844/5844 1471/1471 2804/2804
f 5851/5851 1471/1471 2824/2824
f 1471/1471 5851/5851 2801/2801
f 2801/2801 2804/2804 1471/1471
f 2804/2804 2801/2801 5852/5852
f 2804/2804 2805/2805 5844/5844
f 2805/2805 2804/2804 1472/1472
f 1472/1472 813/813 2805/2805
f 813/813 1472/1472 812/812
f 5852/5852 1472/1472 2804/2804
f 1472/1472 5852/5852 2803/2803
f 2803/2803 812/812 1472/1472
f 812/812 2803/2803 811/811
f 356/356 2807/2807 355/355
f 2807/2807 356/356 1473/1473
f 1473/1473 5845/5845 2807/2807
f 5845/5845 1473/1473 2809/2809
f 357/357 1473/1473 356/356
f 1473/1473 357/357 2806/2806
f 2806/2806 2809/2809 1473/1473
f 2809/2809 2806/2806 5853/5853
f 2809/2809 2810/2810 5845/5845
f 2810/2810 2809/2809 1474/1474
f 1474/1474 5846/5846 2810/2810
f 5846/5846 1474/1474 2812/2812
f 5853/5853 1474/1474 2809/2809
f 1474/1474 5853/5853 2808/2808
f 2808/2808 2812/2812 1474/1474
f 2812/2812 2808/2808 5854/5854
f 2812/2812 2813/2813 5846/5846
f 2813/2813 2812/2812 1475/1475
f 1475/1475 5847/5847 2813/2813
f 5847/5847 1475/1475 2815/2815
f 5854/5854 1475/1475 2812/2812
f 1475/1475 5854/5854 2811/2811
f 2811/2811 2815/2815 1475/1475
f 2815/2815 2811/2811 5855/5855
f 2815/2815 2816/2816 5847/5847
f 2816/2816 2815/2815 1476/1476
f 1476/1476 5848/5848 2816/2816
f 5848/5848 1476/1476 2818/2818
f 5855/5855 1476/1476 2815/2815
f 1476/1476 5855/5855 2814/2814
f 2814/2814 2818/2818 1476/1476
f 2818/2818 2814/2814 5856/5856
f 2818/2818 2819/2819 5848/5848
f 2819/2819 2818/2818 1477/1477
f 1477/1477 5849/5849 2819/2819
f 5849/5849 1477/1477 2821/2821
f 5856/5856 1477/1477 2818/2818
f 1477/1477 5856/5856 2817/2817
f 2817/2817 2821/2821 1477/1477
f 2821/2821 2817/2817 431/431
f 2821/2821 2822/2822 5849/5849
f 2822/2822 2821/2821 432/432
f 432/432 433/433 2822/2822
f 701/701 702/702 2827/2827
f 431/431 432/432 2821/2821
f 702/702 703/703 2820/2820
f 2820/2820 2827/2827 702/702
f 2827/2827 2820/2820 5857/5857
f 2824/2824 2825/2825 5851/5851
f 2825/2825 2824/2824 1478/1478
f 1478/1478 5858/5858 2825/2825
f 5858/5858 1478/1478 2829/2829
f 5843/5843 1478/1478 2824/2824
f 1478/1478 5843/5843 2823/2823
f 2823/2823 2829/2829 1478/1478
f 2829/2829 2823/2823 5850/5850
f 2827/2827 2828/2828 701/701
f 2828/2828 2827/2827 1479/1479
f 1479/1479 5850/5850 2828/2828
f 5850/5850 1479/1479 2829/2829
f 5857/5857 1479/1479 2827/2827
f 1479/1479 5857/5857 2826/2826
f 2826/2826 2829/2829 1479/1479
f 2829/2829 2826/2826 5858/5858
f 2832/2832 2830/2830 5860/5860
f 2830/2830 2832/2832 1480/1480
f 1480/1480 6038/6038 2830/2830
f 6038/6038 1480/1480 2831/2831
f 5859/5859 1480/1480 2832/2832
f 1480/1480 5859/5859 3260/3260
f 3260/3260 2831/2831 1480/1480
f 2831/2831 3260/3260 6037/6037
f 3265/3265 330/330 331/331
f 330/330 3265/3265 1481/1481
f 1481/1481 329/329 330/330
f 329/329 1481/1481 2833/2833
f 5859/5859 1481/1481 3265/3265
f 1481/1481 5859/5859 2832/2832
f 2832/2832 2833/2833 1481/1481
f 2833/2833 2832/2832 5860/5860
f 838/838 3275/3275 837/837
f 3275/3275 838/838 1482/1482
f 1482/1482 5861/5861 3275/3275
f 5861/5861 1482/1482 2836/2836
f 839/839 1482/1482 838/838
f 1482/1482 839/839 2834/2834
f 2834/2834 2836/2836 1482/1482
f 2836/2836 2834/2834 5863/5863
f 2836/2836 3281/3281 5861/5861
f 3281/3281 2836/2836 1483/1483
f 1483/1483 5862/5862 3281/3281
f 5862/5862 1483/1483 2838/2838
f 5863/5863 1483/1483 2836/2836
f 1483/1483 5863/5863 2835/2835
f 2835/2835 2838/2838 1483/1483
f 2838/2838 2835/2835 5864/5864
f 2838/2838 3280/3280 5862/5862
f 3280/3280 2838/2838 1484/1484
f 1484/1484 6039/6039 3280/3280
f 6039/6039 1484/1484 2839/2839
f 5864/5864 1484/1484 2838/2838
f 1484/1484 5864/5864 2837/2837
f 2837/2837 2839/2839 1484/1484
f 2839/2839 2837/2837 6040/6040
f 2927/2927 3075/3075 5869/5869
f 3075/3075 2927/2927 1485/1485
f 1485/1485 5870/5870 3075/3075
f 5870/5870 1485/1485 2840/2840
f 5874/5874 1485/1485 2927/2927
f 1485/1485 5874/5874 3190/3190
f 3190/3190 2840/2840 1485/1485
f 2840/2840 3190/3190 5875/5875
f 2840/2840 3080/3080 5870/5870
f 3080/3080 2840/2840 1486/1486
f 1486/1486 5871/5871 3080/3080
f 5871/5871 1486/1486 2841/2841
f 5875/5875 1486/1486 2840/2840
f 1486/1486 5875/5875 3192/3192
f 3192/3192 2841/2841 1486/1486
f 2841/2841 3192/3192 5876/5876
f 2841/2841 3085/3085 5871/5871
f 3085/3085 2841/2841 1487/1487
f 1487/1487 5872/5872 3085/3085
f 5872/5872 1487/1487 2842/2842
f 5876/5876 1487/1487 2841/2841
f 1487/1487 5876/5876 3194/3194
f 3194/3194 2842/2842 1487/1487
f 2842/2842 3194/3194 5877/5877
f 2842/2842 3090/3090 5872/5872
f 3090/3090 2842/2842 1488/1488
f 1488/1488 5873/5873 3090/3090
f 5873/5873 1488/1488 2843/2843
f 5877/5877 1488/1488 2842/2842
f 1488/1488 5877/5877 3196/3196
f 3196/3196 2843/2843 1488/1488
f 2843/2843 3196/3196 5878/5878
f 2843/2843 3095/3095 5873/5873
f 3095/3095 2843/2843 1489/1489
f 1489/1489 6042/6042 3095/3095
f 6042/6042 1489/1489 2844/2844
f 5878/5878 1489/1489 2843/2843
f 1489/1489 5878/5878 3198/3198
f 3198/3198 2844/2844 1489/1489
f 2844/2844 3198/3198 6043/6043
f 2875/2875 2850/2850 5883/5883
f 2850/2850 2875/2875 462/462
f 462/462 463/463 2850/2850
f 671/671 672/672 2845/2845
f 461/461 462/462 2875/2875
f 672/672 673/673 3011/3011
f 3011/3011 2845/2845 672/672
f 2845/2845 3011/3011 5879/5879
f 2845/2845 2851/2851 671/671
f 2851/2851 2845/2845 1490/1490
f 1490/1490 5884/5884 2851/2851
f 5884/5884 1490/1490 2846/2846
f 5879/5879 1490/1490 2845/2845
f 1490/1490 5879/5879 3016/3016
f 3016/3016 2846/2846 1490/1490
f 2846/2846 3016/3016 5880/5880
f 2846/2846 2852/2852 5884/5884
f 2852/2852 2846/2846 1491/1491
f 1491/1491 5885/5885 2852/2852
f 5885/5885 1491/1491 2847/2847
f 5880/5880 1491/1491 2846/2846
f 1491/1491 5880/5880 3021/3021
f 3021/3021 2847/2847 1491/1491
f 2847/2847 3021/3021 5881/5881
f 2847/2847 2854/2854 5885/5885
f 2854/2854 2847/2847 1492/1492
f 1492/1492 5886/5886 2854/2854
f 5886/5886 1492/1492 2848/2848
f 5881/5881 1492/1492 2847/2847
f 1492/1492 5881/5881 3026/3026
f 3026/3026 2848/2848 1492/1492
f 2848/2848 3026/3026 5882/5882
f 2848/2848 2856/2856 5886/5886
f 2856/2856 2848/2848 1493/1493
f 1493/1493 6045/6045 2856/2856
f 6045/6045 1493/1493 2849/2849
f 5882/5882 1493/1493 2848/2848
f 1493/1493 5882/5882 3032/3032
f 3032/3032 2849/2849 1493/1493
f 2849/2849 3032/3032 6044/6044
f 2863/2863 2941/2941 5892/5892
f 2941/2941 2863/2863 1494/1494
f 1494/1494 465/465 2941/2941
f 465/465 1494/1494 464/464
f 5883/5883 1494/1494 2863/2863
f 1494/1494 5883/5883 2850/2850
f 2850/2850 464/464 1494/1494
f 464/464 2850/2850 463/463
f 670/670 2943/2943 669/669
f 2943/2943 670/670 1495/1495
f 1495/1495 5893/5893 2943/2943
f 5893/5893 1495/1495 2853/2853
f 671/671 1495/1495 670/670
f 1495/1495 671/671 2851/2851
f 2851/2851 2853/2853 1495/1495
f 2853/2853 2851/2851 5884/5884
f 2853/2853 2944/2944 5893/5893
f 2944/2944 2853/2853 1496/1496
f 1496/1496 5894/5894 2944/2944
f 5894/5894 1496/1496 2855/2855
f 5884/5884 1496/1496 2853/2853
f 1496/1496 5884/5884 2852/2852
f 2852/2852 2855/2855 1496/1496
f 2855/2855 2852/2852 5885/5885
f 2855/2855 2946/2946 5894/5894
f 2946/2946 2855/2855 1497/1497
f 1497/1497 5895/5895 2946/2946
f 5895/5895 1497/1497 2857/2857
f 5885/5885 1497/1497 2855/2855
f 1497/1497 5885/5885 2854/2854
f 2854/2854 2857/2857 1497/1497
f 2857/2857 2854/2854 5886/5886
f 2857/2857 2948/2948 5895/5895
f 2948/2948 2857/2857 1498/1498
f 1498/1498 6047/6047 2948/2948
f 6047/6047 1498/1498 2858/2858
f 5886/5886 1498/1498 2857/2857
f 1498/1498 5886/5886 2856/2856
f 2856/2856 2858/2858 1498/1498
f 2858/2858 2856/2856 6045/6045
f 2938/2938 2865/2865 5901/5901
f 2865/2865 2938/2938 1499/1499
f 1499/1499 5902/5902 2865/2865
f 5902/5902 1499/1499 2859/2859
f 5896/5896 1499/1499 2938/2938
f 1499/1499 5896/5896 2965/2965
f 2965/2965 2859/2859 1499/1499
f 2859/2859 2965/2965 5897/5897
f 2859/2859 2867/2867 5902/5902
f 2867/2867 2859/2859 1500/1500
f 1500/1500 5903/5903 2867/2867
f 5903/5903 1500/1500 2860/2860
f 5897/5897 1500/1500 2859/2859
f 1500/1500 5897/5897 2967/2967
f 2967/2967 2860/2860 1500/1500
f 2860/2860 2967/2967 5898/5898
f 2860/2860 2869/2869 5903/5903
f 2869/2869 2860/2860 1501/1501
f 1501/1501 5904/5904 2869/2869
f 5904/5904 1501/1501 2861/2861
f 5898/5898 1501/1501 2860/2860
f 1501/1501 5898/5898 2969/2969
f 2969/2969 2861/2861 1501/1501
f 2861/2861 2969/2969 5899/5899
f 2861/2861 2871/2871 5904/5904
f 2871/2871 2861/2861 1502/1502
f 1502/1502 6049/6049 2871/2871
f 6049/6049 1502/1502 2862/2862
f 5899/5899 1502/1502 2861/2861
f 1502/1502 5899/5899 2971/2971
f 2971/2971 2862/2862 1502/1502
f 2862/2862 2971/2971 6048/6048
f 2939/2939 2863/2863 5892/5892
f 2863/2863 2939/2939 1503/1503
f 1503/1503 5883/5883 2863/2863
f 5883/5883 1503/1503 2874/2874
f 5900/5900 1503/1503 2939/2939
f 1503/1503 5900/5900 2864/2864
f 2864/2864 2874/2874 1503/1503
f 2874/2874 2864/2864 5905/5905
f 2864/2864 2876/2876 5905/5905
f 2876/2876 2864/2864 1504/1504
f 1504/1504 5906/5906 2876/2876
f 5906/5906 1504/1504 2866/2866
f 5900/5900 1504/1504 2864/2864
f 1504/1504 5900/5900 2937/2937
f 2937/2937 2866/2866 1504/1504
f 2866/2866 2937/2937 5901/5901
f 2866/2866 2878/2878 5906/5906
f 2878/2878 2866/2866 1505/1505
f 1505/1505 5907/5907 2878/2878
f 5907/5907 1505/1505 2868/2868
f 5901/5901 1505/1505 2866/2866
f 1505/1505 5901/5901 2865/2865
f 2865/2865 2868/2868 1505/1505
f 2868/2868 2865/2865 5902/5902
f 2868/2868 2880/2880 5907/5907
f 2880/2880 2868/2868 1506/1506
f 1506/1506 5908/5908 2880/2880
f 5908/5908 1506/1506 2870/2870
f 5902/5902 1506/1506 2868/2868
f 1506/1506 5902/5902 2867/2867
f 2867/2867 2870/2870 1506/1506
f 2870/2870 2867/2867 5903/5903
f 2870/2870 2882/2882 5908/5908
f 2882/2882 2870/2870 1507/1507
f 1507/1507 5909/5909 2882/2882
f 5909/5909 1507/1507 2872/2872
f 5903/5903 1507/1507 2870/2870
f 1507/1507 5903/5903 2869/2869
f 2869/2869 2872/2872 1507/1507
f 2872/2872 2869/2869 5904/5904
f 2872/2872 2884/2884 5909/5909
f 2884/2884 2872/2872 1508/1508
f 1508/1508 6050/6050 2884/2884
f 6050/6050 1508/1508 2873/2873
f 5904/5904 1508/1508 2872/2872
f 1508/1508 5904/5904 2871/2871
f 2871/2871 2873/2873 1508/1508
f 2873/2873 2871/2871 6049/6049
f 2874/2874 2875/2875 5883/5883
f 2875/2875 2874/2874 1509/1509
f 1509/1509 461/461 2875/2875
f 461/461 1509/1509 3006/3006
f 5905/5905 1509/1509 2874/2874
f 1509/1509 5905/5905 2877/2877
f 2877/2877 3006/3006 1509/1509
f 3006/3006 2877/2877 5910/5910
f 2877/2877 3001/3001 5910/5910
f 3001/3001 2877/2877 1510/1510
f 1510/1510 5911/5911 3001/3001
f 5911/5911 1510/1510 2879/2879
f 5905/5905 1510/1510 2877/2877
f 1510/1510 5905/5905 2876/2876
f 2876/2876 2879/2879 1510/1510
f 2879/2879 2876/2876 5906/5906
f 2879/2879 2887/2887 5911/5911
f 2887/2887 2879/2879 1511/1511
f 1511/1511 5912/5912 2887/2887
f 5912/5912 1511/1511 2881/2881
f 5906/5906 1511/1511 2879/2879
f 1511/1511 5906/5906 2878/2878
f 2878/2878 2881/2881 1511/1511
f 2881/2881 2878/2878 5907/5907
f 2881/2881 2888/2888 5912/5912
f 2888/2888 2881/2881 1512/1512
f 1512/1512 5913/5913 2888/2888
f 5913/5913 1512/1512 2883/2883
f 5907/5907 1512/1512 2881/2881
f 1512/1512 5907/5907 2880/2880
f 2880/2880 2883/2883 1512/1512
f 2883/2883 2880/2880 5908/5908
f 2883/2883 2890/2890 5913/5913
f 2890/2890 2883/2883 1513/1513
f 1513/1513 5914/5914 2890/2890
f 5914/5914 1513/1513 2885/2885
f 5908/5908 1513/1513 2883/2883
f 1513/1513 5908/5908 2882/2882
f 2882/2882 2885/2885 1513/1513
f 2885/2885 2882/2882 5909/5909
f 2885/2885 2892/2892 5914/5914
f 2892/2892 2885/2885 1514/1514
f 1514/1514 6051/6051 2892/2892
f 6051/6051 1514/1514 2886/2886
f 5909/5909 1514/1514 2885/2885
f 1514/1514 5909/5909 2884/2884
f 2884/2884 2886/2886 1514/1514
f 2886/2886 2884/2884 6050/6050
f 3000/3000 2895/2895 5915/5915
f 2895/2895 3000/3000 1515/1515
f 1515/1515 5916/5916 2895/2895
f 5916/5916 1515/1515 2889/2889
f 5911/5911 1515/1515 3000/3000
f 1515/1515 5911/5911 2887/2887
f 2887/2887 2889/2889 1515/1515
f 2889/2889 2887/2887 5912/5912
f 2889/2889 2896/2896 5916/5916
f 2896/2896 2889/2889 1516/1516
f 1516/1516 5917/5917 2896/2896
f 5917/5917 1516/1516 2891/2891
f 5912/5912 1516/1516 2889/2889
f 1516/1516 5912/5912 2888/2888
f 2888/2888 2891/2891 1516/1516
f 2891/2891 2888/2888 5913/5913
f 2891/2891 2898/2898 5917/5917
f 2898/2898 2891/2891 1517/1517
f 1517/1517 5918/5918 2898/2898
f 5918/5918 1517/1517 2893/2893
f 5913/5913 1517/1517 2891/2891
f 1517/1517 5913/5913 2890/2890
f 2890/2890 2893/2893 1517/1517
f 2893/2893 2890/2890 5914/5914
f 2893/2893 2900/2900 5918/5918
f 2900/2900 2893/2893 1518/1518
f 1518/1518 6052/6052 2900/2900
f 6052/6052 1518/1518 2894/2894
f 5914/5914 1518/1518 2893/2893
f 1518/1518 5914/5914 2892/2892
f 2892/2892 2894/2894 1518/1518
f 2894/2894 2892/2892 6051/6051
f 2999/2999 2903/2903 5919/5919
f 2903/2903 2999/2999 1519/1519
f 1519/1519 5920/5920 2903/2903
f 5920/5920 1519/1519 2897/2897
f 5915/5915 1519/1519 2999/2999
f 1519/1519 5915/5915 2895/2895
f 2895/2895 2897/2897 1519/1519
f 2897/2897 2895/2895 5916/5916
f 2897/2897 2906/2906 5920/5920
f 2906/2906 2897/2897 1520/1520
f 1520/1520 5921/5921 2906/2906
f 5921/5921 1520/1520 2899/2899
f 5916/5916 1520/1520 2897/2897
f 1520/1520 5916/5916 2896/2896
f 2896/2896 2899/2899 1520/1520
f 2899/2899 2896/2896 5917/5917
f 2899/2899 2910/2910 5921/5921
f 2910/2910 2899/2899 1521/1521
f 1521/1521 5922/5922 2910/2910
f 5922/5922 1521/1521 2901/2901
f 5917/5917 1521/1521 2899/2899
f 1521/1521 5917/5917 2898/2898
f 2898/2898 2901/2901 1521/1521
f 2901/2901 2898/2898 5918/5918
f 2901/2901 2915/2915 5922/5922
f 2915/2915 2901/2901 1522/1522
f 1522/1522 6053/6053 2915/2915
f 6053/6053 1522/1522 2902/2902
f 5918/5918 1522/1522 2901/2901
f 1522/1522 5918/5918 2900/2900
f 2900/2900 2902/2902 1522/1522
f 2902/2902 2900/2900 6052/6052
f 3069/3069 2919/2919 5865/5865
f 2919/2919 3069/3069 1523/1523
f 1523/1523 5866/5866 2919/2919
f 5866/5866 1523/1523 2905/2905
f 5923/5923 1523/1523 3069/3069
f 1523/1523 5923/5923 2904/2904
f 2904/2904 2905/2905 1523/1523
f 2905/2905 2904/2904 5924/5924
f 2991/2991 2904/2904 5923/5923
f 2904/2904 2991/2991 1524/1524
f 1524/1524 5924/5924 2904/2904
f 5924/5924 1524/1524 2907/2907
f 5919/5919 1524/1524 2991/2991
f 1524/1524 5919/5919 2903/2903
f 2903/2903 2907/2907 1524/1524
f 2907/2907 2903/2903 5920/5920
f 2905/2905 2920/2920 5866/5866
f 2920/2920 2905/2905 1525/1525
f 1525/1525 5867/5867 2920/2920
f 5867/5867 1525/1525 2909/2909
f 5924/5924 1525/1525 2905/2905
f 1525/1525 5924/5924 2908/2908
f 2908/2908 2909/2909 1525/1525
f 2909/2909 2908/2908 5925/5925
f 2907/2907 2908/2908 5924/5924
f 2908/2908 2907/2907 1526/1526
f 1526/1526 5925/5925 2908/2908
f 5925/5925 1526/1526 2911/2911
f 5920/5920 1526/1526 2907/2907
f 1526/1526 5920/5920 2906/2906
f 2906/2906 2911/2911 1526/1526
f 2911/2911 2906/2906 5921/5921
f 2909/2909 2922/2922 5867/5867
f 2922/2922 2909/2909 1527/1527
f 1527/1527 5868/5868 2922/2922
f 5868/5868 1527/1527 2913/2913
f 5925/5925 1527/1527 2909/2909
f 1527/1527 5925/5925 2912/2912
f 2912/2912 2913/2913 1527/1527
f 2913/2913 2912/2912 5926/5926
f 2911/2911 2912/2912 5925/5925
f 2912/2912 2911/2911 1528/1528
f 1528/1528 5926/5926 2912/2912
f 5926/5926 1528/1528 2916/2916
f 5921/5921 1528/1528 2911/2911
f 1528/1528 5921/5921 2910/2910
f 2910/2910 2916/2916 1528/1528
f 2916/2916 2910/2910 5922/5922
f 2913/2913 2924/2924 5868/5868
f 2924/2924 2913/2913 1529/1529
f 1529/1529 6041/6041 2924/2924
f 6041/6041 1529/1529 2914/2914
f 5926/5926 1529/1529 2913/2913
f 1529/1529 5926/5926 2917/2917
f 2917/2917 2914/2914 1529/1529
f 2914/2914 2917/2917 6054/6054
f 2916/2916 2917/2917 5926/5926
f 2917/2917 2916/2916 1530/1530
f 1530/1530 6054/6054 2917/2917
f 6054/6054 1530/1530 2918/2918
f 5922/5922 1530/1530 2916/2916
f 1530/1530 5922/5922 2915/2915
f 2915/2915 2918/2918 1530/1530
f 2918/2918 2915/2915 6053/6053
f 3068/3068 2928/2928 5927/5927
f 2928/2928 3068/3068 1531/1531
f 1531/1531 5928/5928 2928/2928
f 5928/5928 1531/1531 2921/2921
f 5865/5865 1531/1531 3068/3068
f 1531/1531 5865/5865 2919/2919
f 2919/2919 2921/2921 1531/1531
f 2921/2921 2919/2919 5866/5866
f 2921/2921 2930/2930 5928/5928
f 2930/2930 2921/2921 1532/1532
f 1532/1532 5929/5929 2930/2930
f 5929/5929 1532/1532 2923/2923
f 5866/5866 1532/1532 2921/2921
f 1532/1532 5866/5866 2920/2920
f 2920/2920 2923/2923 1532/1532
f 2923/2923 2920/2920 5867/5867
f 2923/2923 2932/2932 5929/5929
f 2932/2932 2923/2923 1533/1533
f 1533/1533 5930/5930 2932/2932
f 5930/5930 1533/1533 2925/2925
f 5867/5867 1533/1533 2923/2923
f 1533/1533 5867/5867 2922/2922
f 2922/2922 2925/2925 1533/1533
f 2925/2925 2922/2922 5868/5868
f 2925/2925 2934/2934 5930/5930
f 2934/2934 2925/2925 1534/1534
f 1534/1534 6055/6055 2934/2934
f 6055/6055 1534/1534 2926/2926
f 5868/5868 1534/1534 2925/2925
f 1534/1534 5868/5868 2924/2924
f 2924/2924 2926/2926 1534/1534
f 2926/2926 2924/2924 6041/6041
f 3072/3072 2927/2927 5869/5869
f 2927/2927 3072/3072 1535/1535
f 1535/1535 5874/5874 2927/2927
f 5874/5874 1535/1535 3188/3188
f 683/683 1535/1535 3072/3072
f 1535/1535 683/683 684/684
f 684/684 3188/3188 1535/1535
f 3188/3188 684/684 685/685
f 450/450 3187/3187 449/449
f 3187/3187 450/450 1536/1536
f 1536/1536 5931/5931 3187/3187
f 5931/5931 1536/1536 2929/2929
f 451/451 1536/1536 450/450
f 1536/1536 451/451 3067/3067
f 3067/3067 2929/2929 1536/1536
f 2929/2929 3067/3067 5927/5927
f 2929/2929 3125/3125 5931/5931
f 3125/3125 2929/2929 1537/1537
f 1537/1537 5932/5932 3125/3125
f 5932/5932 1537/1537 2931/2931
f 5927/5927 1537/1537 2929/2929
f 1537/1537 5927/5927 2928/2928
f 2928/2928 2931/2931 1537/1537
f 2931/2931 2928/2928 5928/5928
f 2931/2931 3126/3126 5932/5932
f 3126/3126 2931/2931 1538/1538
f 1538/1538 5933/5933 3126/3126
f 5933/5933 1538/1538 2933/2933
f 5928/5928 1538/1538 2931/2931
f 1538/1538 5928/5928 2930/2930
f 2930/2930 2933/2933 1538/1538
f 2933/2933 2930/2930 5929/5929
f 2933/2933 3128/3128 5933/5933
f 3128/3128 2933/2933 1539/1539
f 1539/1539 5934/5934 3128/3128
f 5934/5934 1539/1539 2935/2935
f 5929/5929 1539/1539 2933/2933
f 1539/1539 5929/5929 2932/2932
f 2932/2932 2935/2935 1539/1539
f 2935/2935 2932/2932 5930/5930
f 2935/2935 3130/3130 5934/5934
f 3130/3130 2935/2935 1540/1540
f 1540/1540 6056/6056 3130/3130
f 6056/6056 1540/1540 2936/2936
f 5930/5930 1540/1540 2935/2935
f 1540/1540 5930/5930 2934/2934
f 2934/2934 2936/2936 1540/1540
f 2936/2936 2934/2934 6055/6055
f 2938/2938 2963/2963 5896/5896
f 2963/2963 2938/2938 1541/1541
f 1541/1541 5935/5935 2963/2963
f 5935/5935 1541/1541 2940/2940
f 5901/5901 1541/1541 2938/2938
f 1541/1541 5901/5901 2937/2937
f 2937/2937 2940/2940 1541/1541
f 2940/2940 2937/2937 5900/5900
f 2940/2940 2961/2961 5935/5935
f 2961/2961 2940/2940 1542/1542
f 1542/1542 5936/5936 2961/2961
f 5936/5936 1542/1542 2942/2942
f 5900/5900 1542/1542 2940/2940
f 1542/1542 5900/5900 2939/2939
f 2939/2939 2942/2942 1542/1542
f 2942/2942 2939/2939 5892/5892
f 2942/2942 2951/2951 5936/5936
f 2951/2951 2942/2942 1543/1543
f 1543/1543 467/467 2951/2951
f 467/467 1543/1543 466/466
f 5892/5892 1543/1543 2942/2942
f 1543/1543 5892/5892 2941/2941
f 2941/2941 466/466 1543/1543
f 466/466 2941/2941 465/465
f 668/668 2952/2952 667/667
f 2952/2952 668/668 1544/1544
f 1544/1544 5937/5937 2952/2952
f 5937/5937 1544/1544 2945/2945
f 669/669 1544/1544 668/668
f 1544/1544 669/669 2943/2943
f 2943/2943 2945/2945 1544/1544
f 2945/2945 2943/2943 5893/5893
f 2945/2945 2953/2953 5937/5937
f 2953/2953 2945/2945 1545/1545
f 1545/1545 5938/5938 2953/2953
f 5938/5938 1545/1545 2947/2947
f 5893/5893 1545/1545 2945/2945
f 1545/1545 5893/5893 2944/2944
f 2944/2944 2947/2947 1545/1545
f 2947/2947 2944/2944 5894/5894
f 2947/2947 2955/2955 5938/5938
f 2955/2955 2947/2947 1546/1546
f 1546/1546 5939/5939 2955/2955
f 5939/5939 1546/1546 2949/2949
f 5894/5894 1546/1546 2947/2947
f 1546/1546 5894/5894 2946/2946
f 2946/2946 2949/2949 1546/1546
f 2949/2949 2946/2946 5895/5895
f 2949/2949 2957/2957 5939/5939
f 2957/2957 2949/2949 1547/1547
f 1547/1547 6057/6057 2957/2957
f 6057/6057 1547/1547 2950/2950
f 5895/5895 1547/1547 2949/2949
f 1547/1547 5895/5895 2948/2948
f 2948/2948 2950/2950 1547/1547
f 2950/2950 2948/2948 6047/6047
f 2960/2960 3043/3043 5940/5940
f 3043/3043 2960/2960 1548/1548
f 1548/1548 469/469 3043/3043
f 469/469 1548/1548 468/468
f 5936/5936 1548/1548 2960/2960
f 1548/1548 5936/5936 2951/2951
f 2951/2951 468/468 1548/1548
f 468/468 2951/2951 467/467
f 666/666 3047/3047 665/665
f 3047/3047 666/666 1549/1549
f 1549/1549 5941/5941 3047/3047
f 5941/5941 1549/1549 2954/2954
f 667/667 1549/1549 666/666
f 1549/1549 667/667 2952/2952
f 2952/2952 2954/2954 1549/1549
f 2954/2954 2952/2952 5937/5937
f 2954/2954 3050/3050 5941/5941
f 3050/3050 2954/2954 1550/1550
f 1550/1550 5942/5942 3050/3050
f 5942/5942 1550/1550 2956/2956
f 5937/5937 1550/1550 2954/2954
f 1550/1550 5937/5937 2953/2953
f 2953/2953 2956/2956 1550/1550
f 2956/2956 2953/2953 5938/5938
f 2956/2956 3057/3057 5942/5942
f 3057/3057 2956/2956 1551/1551
f 1551/1551 5943/5943 3057/3057
f 5943/5943 1551/1551 2958/2958
f 5938/5938 1551/1551 2956/2956
f 1551/1551 5938/5938 2955/2955
f 2955/2955 2958/2958 1551/1551
f 2958/2958 2955/2955 5939/5939
f 2958/2958 3063/3063 5943/5943
f 3063/3063 2958/2958 1552/1552
f 1552/1552 6058/6058 3063/3063
f 6058/6058 1552/1552 2959/2959
f 5939/5939 1552/1552 2958/2958
f 1552/1552 5939/5939 2957/2957
f 2957/2957 2959/2959 1552/1552
f 2959/2959 2957/2957 6057/6057
f 2960/2960 2961/2961 5936/5936
f 2961/2961 2960/2960 1553/1553
f 1553/1553 5935/5935 2961/2961
f 5935/5935 1553/1553 2962/2962
f 5940/5940 1553/1553 2960/2960
f 1553/1553 5940/5940 3039/3039
f 3039/3039 2962/2962 1553/1553
f 2962/2962 3039/3039 5944/5944
f 2962/2962 2963/2963 5935/5935
f 2963/2963 2962/2962 1554/1554
f 1554/1554 5896/5896 2963/2963
f 5896/5896 1554/1554 2964/2964
f 5944/5944 1554/1554 2962/2962
f 1554/1554 5944/5944 3034/3034
f 3034/3034 2964/2964 1554/1554
f 2964/2964 3034/3034 5945/5945
f 2964/2964 2965/2965 5896/5896
f 2965/2965 2964/2964 1555/1555
f 1555/1555 5897/5897 2965/2965
f 5897/5897 1555/1555 2966/2966
f 5945/5945 1555/1555 2964/2964
f 1555/1555 5945/5945 2973/2973
f 2973/2973 2966/2966 1555/1555
f 2966/2966 2973/2973 5946/5946
f 2966/2966 2967/2967 5897/5897
f 2967/2967 2966/2966 1556/1556
f 1556/1556 5898/5898 2967/2967
f 5898/5898 1556/1556 2968/2968
f 5946/5946 1556/1556 2966/2966
f 1556/1556 5946/5946 2977/2977
f 2977/2977 2968/2968 1556/1556
f 2968/2968 2977/2977 5947/5947
f 2968/2968 2969/2969 5898/5898
f 2969/2969 2968/2968 1557/1557
f 1557/1557 5899/5899 2969/2969
f 5899/5899 1557/1557 2970/2970
f 5947/5947 1557/1557 2968/2968
f 1557/1557 5947/5947 2983/2983
f 2983/2983 2970/2970 1557/1557
f 2970/2970 2983/2983 5948/5948
f 2970/2970 2971/2971 5899/5899
f 2971/2971 2970/2970 1558/1558
f 1558/1558 6048/6048 2971/2971
f 6048/6048 1558/1558 2972/2972
f 5948/5948 1558/1558 2970/2970
f 1558/1558 5948/5948 2990/2990
f 2990/2990 2972/2972 1558/1558
f 2972/2972 2990/2990 6059/6059
f 3035/3035 2973/2973 5945/5945
f 2973/2973 3035/3035 1559/1559
f 1559/1559 5946/5946 2973/2973
f 5946/5946 1559/1559 2976/2976
f 5949/5949 1559/1559 3035/3035
f 1559/1559 5949/5949 2975/2975
f 2975/2975 2976/2976 1559/1559
f 2976/2976 2975/2975 5950/5950
f 3036/3036 2975/2975 5949/5949
f 2975/2975 3036/3036 1560/1560
f 1560/1560 5950/5950 2975/2975
f 5950/5950 1560/1560 2979/2979
f 5773/5773 1560/1560 3036/3036
f 1560/1560 5773/5773 2974/2974
f 2974/2974 2979/2979 1560/1560
f 2979/2979 2974/2974 5774/5774
f 2976/2976 2977/2977 5946/5946
f 2977/2977 2976/2976 1561/1561
f 1561/1561 5947/5947 2977/2977
f 5947/5947 1561/1561 2982/2982
f 5950/5950 1561/1561 2976/2976
f 1561/1561 5950/5950 2980/2980
f 2980/2980 2982/2982 1561/1561
f 2982/2982 2980/2980 5951/5951
f 2979/2979 2980/2980 5950/5950
f 2980/2980 2979/2979 1562/1562
f 1562/1562 5951/5951 2980/2980
f 5951/5951 1562/1562 2985/2985
f 5774/5774 1562/1562 2979/2979
f 1562/1562 5774/5774 2978/2978
f 2978/2978 2985/2985 1562/1562
f 2985/2985 2978/2978 532/532
f 2981/2981 2987/2987 5775/5775
f 2987/2987 2981/2981 1563/1563
f 1563/1563 600/600 2987/2987
f 600/600 1563/1563 2988/2988
f 5776/5776 1563/1563 2981/2981
f 1563/1563 5776/5776 3056/3056
f 3056/3056 2988/2988 1563/1563
f 2988/2988 3056/3056 6062/6062
f 2982/2982 2983/2983 5947/5947
f 2983/2983 2982/2982 1564/1564
f 1564/1564 5948/5948 2983/2983
f 5948/5948 1564/1564 2989/2989
f 5951/5951 1564/1564 2982/2982
f 1564/1564 5951/5951 2986/2986
f 2986/2986 2989/2989 1564/1564
f 2989/2989 2986/2986 534/534
f 2985/2985 2986/2986 5951/5951
f 2986/2986 2985/2985 533/533
f 533/533 534/534 2986/2986
f 600/600 601/601 2987/2987
f 532/532 533/533 2985/2985
f 601/601 602/602 2984/2984
f 2984/2984 2987/2987 601/601
f 2987/2987 2984/2984 5775/5775
f 2989/2989 2990/2990 5948/5948
f 2990/2990 2989/2989 535/535
f 535/535 6059/6059 2990/2990
f 6059/6059 535/535 536/536
f 534/534 535/535 2989/2989
f 599/599 600/600 2988/2988
f 2988/2988 598/598 599/599
f 598/598 2988/2988 6062/6062
f 2998/2998 456/456 457/457
f 456/456 2998/2998 1565/1565
f 1565/1565 455/455 456/456
f 455/455 1565/1565 3070/3070
f 5919/5919 1565/1565 2998/2998
f 1565/1565 5919/5919 2991/2991
f 2991/2991 3070/3070 1565/1565
f 3070/3070 2991/2991 5923/5923
f 678/678 3003/3003 677/677
f 3003/3003 678/678 1566/1566
f 1566/1566 5887/5887 3003/3003
f 5887/5887 1566/1566 2992/2992
f 679/679 1566/1566 678/678
f 1566/1566 679/679 3074/3074
f 3074/3074 2992/2992 1566/1566
f 2992/2992 3074/3074 5952/5952
f 2992/2992 3007/3007 5887/5887
f 3007/3007 2992/2992 1567/1567
f 1567/1567 5888/5888 3007/3007
f 5888/5888 1567/1567 2993/2993
f 5952/5952 1567/1567 2992/2992
f 1567/1567 5952/5952 3079/3079
f 3079/3079 2993/2993 1567/1567
f 2993/2993 3079/3079 5953/5953
f 2993/2993 3012/3012 5888/5888
f 3012/3012 2993/2993 1568/1568
f 1568/1568 5889/5889 3012/3012
f 5889/5889 1568/1568 2994/2994
f 5953/5953 1568/1568 2993/2993
f 1568/1568 5953/5953 3084/3084
f 3084/3084 2994/2994 1568/1568
f 2994/2994 3084/3084 5954/5954
f 2994/2994 3017/3017 5889/5889
f 3017/3017 2994/2994 1569/1569
f 1569/1569 5890/5890 3017/3017
f 5890/5890 1569/1569 2995/2995
f 5954/5954 1569/1569 2994/2994
f 1569/1569 5954/5954 3089/3089
f 3089/3089 2995/2995 1569/1569
f 2995/2995 3089/3089 5955/5955
f 2995/2995 3022/3022 5890/5890
f 3022/3022 2995/2995 1570/1570
f 1570/1570 5891/5891 3022/3022
f 5891/5891 1570/1570 2996/2996
f 5955/5955 1570/1570 2995/2995
f 1570/1570 5955/5955 3094/3094
f 3094/3094 2996/2996 1570/1570
f 2996/2996 3094/3094 5956/5956
f 2996/2996 3027/3027 5891/5891
f 3027/3027 2996/2996 1571/1571
f 1571/1571 6046/6046 3027/3027
f 6046/6046 1571/1571 2997/2997
f 5956/5956 1571/1571 2996/2996
f 1571/1571 5956/5956 3100/3100
f 3100/3100 2997/2997 1571/1571
f 2997/2997 3100/3100 6060/6060
f 2999/2999 3002/3002 5915/5915
f 3002/3002 2999/2999 1572/1572
f 1572/1572 459/459 3002/3002
f 459/459 1572/1572 458/458
f 5919/5919 1572/1572 2999/2999
f 1572/1572 5919/5919 2998/2998
f 2998/2998 458/458 1572/1572
f 458/458 2998/2998 457/457
f 3001/3001 3005/3005 5910/5910
f 3005/3005 3001/3001 1573/1573
f 1573/1573 459/459 3005/3005
f 459/459 1573/1573 3002/3002
f 5911/5911 1573/1573 3001/3001
f 1573/1573 5911/5911 3000/3000
f 3000/3000 3002/3002 1573/1573
f 3002/3002 3000/3000 5915/5915
f 676/676 3004/3004 675/675
f 3004/3004 676/676 1574/1574
f 1574/1574 5957/5957 3004/3004
f 5957/5957 1574/1574 3008/3008
f 677/677 1574/1574 676/676
f 1574/1574 677/677 3003/3003
f 3003/3003 3008/3008 1574/1574
f 3008/3008 3003/3003 5887/5887
f 3005/3005 3006/3006 5910/5910
f 3006/3006 3005/3005 460/460
f 460/460 461/461 3006/3006
f 673/673 674/674 3010/3010
f 459/459 460/460 3005/3005
f 674/674 675/675 3004/3004
f 3004/3004 3010/3010 674/674
f 3010/3010 3004/3004 5957/5957
f 3008/3008 3009/3009 5957/5957
f 3009/3009 3008/3008 1575/1575
f 1575/1575 5958/5958 3009/3009
f 5958/5958 1575/1575 3013/3013
f 5887/5887 1575/1575 3008/3008
f 1575/1575 5887/5887 3007/3007
f 3007/3007 3013/3013 1575/1575
f 3013/3013 3007/3007 5888/5888
f 3010/3010 3011/3011 673/673
f 3011/3011 3010/3010 1576/1576
f 1576/1576 5879/5879 3011/3011
f 5879/5879 1576/1576 3015/3015
f 5957/5957 1576/1576 3010/3010
f 1576/1576 5957/5957 3009/3009
f 3009/3009 3015/3015 1576/1576
f 3015/3015 3009/3009 5958/5958
f 3013/3013 3014/3014 5958/5958
f 3014/3014 3013/3013 1577/1577
f 1577/1577 5959/5959 3014/3014
f 5959/5959 1577/1577 3018/3018
f 5888/5888 1577/1577 3013/3013
f 1577/1577 5888/5888 3012/3012
f 3012/3012 3018/3018 1577/1577
f 3018/3018 3012/3012 5889/5889
f 3015/3015 3016/3016 5879/5879
f 3016/3016 3015/3015 1578/1578
f 1578/1578 5880/5880 3016/3016
f 5880/5880 1578/1578 3020/3020
f 5958/5958 1578/1578 3015/3015
f 1578/1578 5958/5958 3014/3014
f 3014/3014 3020/3020 1578/1578
f 3020/3020 3014/3014 5959/5959
f 3018/3018 3019/3019 5959/5959
f 3019/3019 3018/3018 1579/1579
f 1579/1579 5960/5960 3019/3019
f 5960/5960 1579/1579 3023/3023
f 5889/5889 1579/1579 3018/3018
f 1579/1579 5889/5889 3017/3017
f 3017/3017 3023/3023 1579/1579
f 3023/3023 3017/3017 5890/5890
f 3020/3020 3021/3021 5880/5880
f 3021/3021 3020/3020 1580/1580
f 1580/1580 5881/5881 3021/3021
f 5881/5881 1580/1580 3025/3025
f 5959/5959 1580/1580 3020/3020
f 1580/1580 5959/5959 3019/3019
f 3019/3019 3025/3025 1580/1580
f 3025/3025 3019/3019 5960/5960
f 3023/3023 3024/3024 5960/5960
f 3024/3024 3023/3023 1581/1581
f 1581/1581 5961/5961 3024/3024
f 5961/5961 1581/1581 3028/3028
f 5890/5890 1581/1581 3023/3023
f 1581/1581 5890/5890 3022/3022
f 3022/3022 3028/3028 1581/1581
f 3028/3028 3022/3022 5891/5891
f 3025/3025 3026/3026 5881/5881
f 3026/3026 3025/3025 1582/1582
f 1582/1582 5882/5882 3026/3026
f 5882/5882 1582/1582 3031/3031
f 5960/5960 1582/1582 3025/3025
f 1582/1582 5960/5960 3024/3024
f 3024/3024 3031/3031 1582/1582
f 3031/3031 3024/3024 5961/5961
f 3028/3028 3030/3030 5961/5961
f 3030/3030 3028/3028 1583/1583
f 1583/1583 6061/6061 3030/3030
f 6061/6061 1583/1583 3029/3029
f 5891/5891 1583/1583 3028/3028
f 1583/1583 5891/5891 3027/3027
f 3027/3027 3029/3029 1583/1583
f 3029/3029 3027/3027 6046/6046
f 3031/3031 3032/3032 5882/5882
f 3032/3032 3031/3031 1584/1584
f 1584/1584 6044/6044 3032/3032
f 6044/6044 1584/1584 3033/3033
f 5961/5961 1584/1584 3031/3031
f 1584/1584 5961/5961 3030/3030
f 3030/3030 3033/3033 1584/1584
f 3033/3033 3030/3030 6061/6061
f 3035/3035 3038/3038 5949/5949
f 3038/3038 3035/3035 1585/1585
f 1585/1585 5962/5962 3038/3038
f 5962/5962 1585/1585 3040/3040
f 5945/5945 1585/1585 3035/3035
f 1585/1585 5945/5945 3034/3034
f 3034/3034 3040/3040 1585/1585
f 3040/3040 3034/3034 5944/5944
f 3042/3042 3037/3037 1586/1586
f 1586/1586 5962/5962 3042/3042
f 5962/5962 1586/1586 3038/3038
f 5773/5773 1586/1586 3037/3037
f 1586/1586 5773/5773 3036/3036
f 3036/3036 3038/3038 1586/1586
f 3038/3038 3036/3036 5949/5949
f 3040/3040 3041/3041 5962/5962
f 3041/3041 3040/3040 1587/1587
f 1587/1587 5963/5963 3041/3041
f 5963/5963 1587/1587 3044/3044
f 5944/5944 1587/1587 3040/3040
f 1587/1587 5944/5944 3039/3039
f 3039/3039 3044/3044 1587/1587
f 3044/3044 3039/3039 5940/5940
f 5962/5962 1588/1588 3042/3042
f 1588/1588 5962/5962 3041/3041
f 3041/3041 3046/3046 1588/1588
f 3046/3046 3041/3041 5963/5963
f 3044/3044 3045/3045 5963/5963
f 3045/3045 3044/3044 1589/1589
f 1589/1589 471/471 3045/3045
f 471/471 1589/1589 470/470
f 5940/5940 1589/1589 3044/3044
f 1589/1589 5940/5940 3043/3043
f 3043/3043 470/470 1589/1589
f 470/470 3043/3043 469/469
f 472/472 3045/3045 471/471
f 664/664 3048/3048 663/663
f 3048/3048 664/664 1590/1590
f 1590/1590 5964/5964 3048/3048
f 5964/5964 1590/1590 3051/3051
f 665/665 1590/1590 664/664
f 1590/1590 665/665 3047/3047
f 3047/3047 3051/3051 1590/1590
f 3051/3051 3047/3047 5941/5941
f 662/662 3049/3049 661/661
f 3049/3049 662/662 1591/1591
f 1591/1591 5772/5772 3049/3049
f 5772/5772 1591/1591 3053/3053
f 663/663 1591/1591 662/662
f 1591/1591 663/663 3048/3048
f 3048/3048 3053/3053 1591/1591
f 3053/3053 3048/3048 5964/5964
f 3051/3051 3052/3052 5964/5964
f 3052/3052 3051/3051 1592/1592
f 1592/1592 5965/5965 3052/3052
f 5965/5965 1592/1592 3058/3058
f 5941/5941 1592/1592 3051/3051
f 1592/1592 5941/5941 3050/3050
f 3050/3050 3058/3058 1592/1592
f 3058/3058 3050/3050 5942/5942
f 3053/3053 3054/3054 5772/5772
f 3054/3054 3053/3053 1593/1593
f 1593/1593 5771/5771 3054/3054
f 5771/5771 1593/1593 3060/3060
f 5964/5964 1593/1593 3053/3053
f 1593/1593 5964/5964 3052/3052
f 3052/3052 3060/3060 1593/1593
f 3060/3060 3052/3052 5965/5965
f 3056/3056 3065/3065 6062/6062
f 3065/3065 3056/3056 1594/1594
f 1594/1594 5966/5966 3065/3065
f 5966/5966 1594/1594 3062/3062
f 5776/5776 1594/1594 3056/3056
f 1594/1594 5776/5776 3055/3055
f 3055/3055 3062/3062 1594/1594
f 3062/3062 3055/3055 5770/5770
f 3058/3058 3059/3059 5965/5965
f 3059/3059 3058/3058 1595/1595
f 1595/1595 5966/5966 3059/3059
f 5966/5966 1595/1595 3064/3064
f 5942/5942 1595/1595 3058/3058
f 1595/1595 5942/5942 3057/3057
f 3057/3057 3064/3064 1595/1595
f 3064/3064 3057/3057 5943/5943
f 3060/3060 3061/3061 5771/5771
f 3061/3061 3060/3060 1596/1596
f 1596/1596 5770/5770 3061/3061
f 5770/5770 1596/1596 3062/3062
f 5965/5965 1596/1596 3060/3060
f 1596/1596 5965/5965 3059/3059
f 3059/3059 3062/3062 1596/1596
f 3062/3062 3059/3059 5966/5966
f 3064/3064 3065/3065 5966/5966
f 3065/3065 3064/3064 1597/1597
f 1597/1597 6062/6062 3065/3065
f 6062/6062 1597/1597 3066/3066
f 5943/5943 1597/1597 3064/3064
f 1597/1597 5943/5943 3063/3063
f 3063/3063 3066/3066 1597/1597
f 3066/3066 3063/3063 6058/6058
f 3068/3068 3071/3071 5865/5865
f 3071/3071 3068/3068 1598/1598
f 1598/1598 453/453 3071/3071
f 453/453 1598/1598 452/452
f 5927/5927 1598/1598 3068/3068
f 1598/1598 5927/5927 3067/3067
f 3067/3067 452/452 1598/1598
f 452/452 3067/3067 451/451
f 3070/3070 454/454 455/455
f 454/454 3070/3070 1599/1599
f 1599/1599 453/453 454/454
f 453/453 1599/1599 3071/3071
f 5923/5923 1599/1599 3070/3070
f 1599/1599 5923/5923 3069/3069
f 3069/3069 3071/3071 1599/1599
f 3071/3071 3069/3069 5865/5865
f 682/682 3073/3073 681/681
f 3073/3073 682/682 1600/1600
f 1600/1600 5967/5967 3073/3073
f 5967/5967 1600/1600 3076/3076
f 683/683 1600/1600 682/682
f 1600/1600 683/683 3072/3072
f 3072/3072 3076/3076 1600/1600
f 3076/3076 3072/3072 5869/5869
f 680/680 3074/3074 679/679
f 3074/3074 680/680 1601/1601
f 1601/1601 5952/5952 3074/3074
f 5952/5952 1601/1601 3078/3078
f 681/681 1601/1601 680/680
f 1601/1601 681/681 3073/3073
f 3073/3073 3078/3078 1601/1601
f 3078/3078 3073/3073 5967/5967
f 3076/3076 3077/3077 5967/5967
f 3077/3077 3076/3076 1602/1602
f 1602/1602 5968/5968 3077/3077
f 5968/5968 1602/1602 3081/3081
f 5869/5869 1602/1602 3076/3076
f 1602/1602 5869/5869 3075/3075
f 3075/3075 3081/3081 1602/1602
f 3081/3081 3075/3075 5870/5870
f 3078/3078 3079/3079 5952/5952
f 3079/3079 3078/3078 1603/1603
f 1603/1603 5953/5953 3079/3079
f 5953/5953 1603/1603 3083/3083
f 5967/5967 1603/1603 3078/3078
f 1603/1603 5967/5967 3077/3077
f 3077/3077 3083/3083 1603/1603
f 3083/3083 3077/3077 5968/5968
f 3081/3081 3082/3082 5968/5968
f 3082/3082 3081/3081 1604/1604
f 1604/1604 5969/5969 3082/3082
f 5969/5969 1604/1604 3086/3086
f 5870/5870 1604/1604 3081/3081
f 1604/1604 5870/5870 3080/3080
f 3080/3080 3086/3086 1604/1604
f 3086/3086 3080/3080 5871/5871
f 3083/3083 3084/3084 5953/5953
f 3084/3084 3083/3083 1605/1605
f 1605/1605 5954/5954 3084/3084
f 5954/5954 1605/1605 3088/3088
f 5968/5968 1605/1605 3083/3083
f 1605/1605 5968/5968 3082/3082
f 3082/3082 3088/3088 1605/1605
f 3088/3088 3082/3082 5969/5969
f 3086/3086 3087/3087 5969/5969
f 3087/3087 3086/3086 1606/1606
f 1606/1606 5970/5970 3087/3087
f 5970/5970 1606/1606 3091/3091
f 5871/5871 1606/1606 3086/3086
f 1606/1606 5871/5871 3085/3085
f 3085/3085 3091/3091 1606/1606
f 3091/3091 3085/3085 5872/5872
f 3088/3088 3089/3089 5954/5954
f 3089/3089 3088/3088 1607/1607
f 1607/1607 5955/5955 3089/3089
f 5955/5955 1607/1607 3093/3093
f 5969/5969 1607/1607 3088/3088
f 1607/1607 5969/5969 3087/3087
f 3087/3087 3093/3093 1607/1607
f 3093/3093 3087/3087 5970/5970
f 3091/3091 3092/3092 5970/5970
f 3092/3092 3091/3091 1608/1608
f 1608/1608 5971/5971 3092/3092
f 5971/5971 1608/1608 3096/3096
f 5872/5872 1608/1608 3091/3091
f 1608/1608 5872/5872 3090/3090
f 3090/3090 3096/3096 1608/1608
f 3096/3096 3090/3090 5873/5873
f 3093/3093 3094/3094 5955/5955
f 3094/3094 3093/3093 1609/1609
f 1609/1609 5956/5956 3094/3094
f 5956/5956 1609/1609 3099/3099
f 5970/5970 1609/1609 3093/3093
f 1609/1609 5970/5970 3092/3092
f 3092/3092 3099/3099 1609/1609
f 3099/3099 3092/3092 5971/5971
f 3096/3096 3098/3098 5971/5971
f 3098/3098 3096/3096 1610/1610
f 1610/1610 6063/6063 3098/3098
f 6063/6063 1610/1610 3097/3097
f 5873/5873 1610/1610 3096/3096
f 1610/1610 5873/5873 3095/3095
f 3095/3095 3097/3097 1610/1610
f 3097/3097 3095/3095 6042/6042
f 3099/3099 3100/3100 5956/5956
f 3100/3100 3099/3099 1611/1611
f 1611/1611 6060/6060 3100/3100
f 6060/6060 1611/1611 3101/3101
f 5971/5971 1611/1611 3099/3099
f 1611/1611 5971/5971 3098/3098
f 3098/3098 3101/3101 1611/1611
f 3101/3101 3098/3098 6063/6063
f 3102/3102 3104/3104 5803/5803
f 3104/3104 3102/3102 1612/1612
f 1612/1612 5984/5984 3104/3104
f 5984/5984 1612/1612 3105/3105
f 5802/5802 1612/1612 3102/3102
f 1612/1612 5802/5802 3252/3252
f 3252/3252 3105/3105 1612/1612
f 3105/3105 3252/3252 5978/5978
f 3200/3200 3107/3107 5972/5972
f 3107/3107 3200/3200 1613/1613
f 1613/1613 5984/5984 3107/3107
f 5984/5984 1613/1613 3104/3104
f 5804/5804 1613/1613 3200/3200
f 1613/1613 5804/5804 3103/3103
f 3103/3103 3104/3104 1613/1613
f 3104/3104 3103/3103 5803/5803
f 3105/3105 3106/3106 5984/5984
f 3106/3106 3105/3105 1614/1614
f 1614/1614 5985/5985 3106/3106
f 5985/5985 1614/1614 3108/3108
f 5978/5978 1614/1614 3105/3105
f 1614/1614 5978/5978 3257/3257
f 3257/3257 3108/3108 1614/1614
f 3108/3108 3257/3257 5979/5979
f 3107/3107 3201/3201 5972/5972
f 3201/3201 3107/3107 1615/1615
f 1615/1615 5973/5973 3201/3201
f 5973/5973 1615/1615 3110/3110
f 5984/5984 1615/1615 3107/3107
f 1615/1615 5984/5984 3106/3106
f 3106/3106 3110/3110 1615/1615
f 3110/3110 3106/3106 5985/5985
f 3108/3108 3109/3109 5985/5985
f 3109/3109 3108/3108 1616/1616
f 1616/1616 5986/5986 3109/3109
f 5986/5986 1616/1616 3111/3111
f 5979/5979 1616/1616 3108/3108
f 1616/1616 5979/5979 3250/3250
f 3250/3250 3111/3111 1616/1616
f 3111/3111 3250/3250 5980/5980
f 3110/3110 3203/3203 5973/5973
f 3203/3203 3110/3110 1617/1617
f 1617/1617 5974/5974 3203/3203
f 5974/5974 1617/1617 3113/3113
f 5985/5985 1617/1617 3110/3110
f 1617/1617 5985/5985 3109/3109
f 3109/3109 3113/3113 1617/1617
f 3113/3113 3109/3109 5986/5986
f 3111/3111 3112/3112 5986/5986
f 3112/3112 3111/3111 1618/1618
f 1618/1618 5987/5987 3112/3112
f 5987/5987 1618/1618 3114/3114
f 5980/5980 1618/1618 3111/3111
f 1618/1618 5980/5980 3274/3274
f 3274/3274 3114/3114 1618/1618
f 3114/3114 3274/3274 5981/5981
f 3113/3113 3205/3205 5974/5974
f 3205/3205 3113/3113 1619/1619
f 1619/1619 5975/5975 3205/3205
f 5975/5975 1619/1619 3116/3116
f 5986/5986 1619/1619 3113/3113
f 1619/1619 5986/5986 3112/3112
f 3112/3112 3116/3116 1619/1619
f 3116/3116 3112/3112 5987/5987
f 3114/3114 3115/3115 5987/5987
f 3115/3115 3114/3114 1620/1620
f 1620/1620 5988/5988 3115/3115
f 5988/5988 1620/1620 3117/3117
f 5981/5981 1620/1620 3114/3114
f 1620/1620 5981/5981 3278/3278
f 3278/3278 3117/3117 1620/1620
f 3117/3117 3278/3278 5982/5982
f 3116/3116 3207/3207 5975/5975
f 3207/3207 3116/3116 1621/1621
f 1621/1621 5976/5976 3207/3207
f 5976/5976 1621/1621 3119/3119
f 5987/5987 1621/1621 3116/3116
f 1621/1621 5987/5987 3115/3115
f 3115/3115 3119/3119 1621/1621
f 3119/3119 3115/3115 5988/5988
f 3117/3117 3118/3118 5988/5988
f 3118/3118 3117/3117 1622/1622
f 1622/1622 5989/5989 3118/3118
f 5989/5989 1622/1622 3120/3120
f 5982/5982 1622/1622 3117/3117
f 1622/1622 5982/5982 3286/3286
f 3286/3286 3120/3120 1622/1622
f 3120/3120 3286/3286 5983/5983
f 3119/3119 3209/3209 5976/5976
f 3209/3209 3119/3119 1623/1623
f 1623/1623 5977/5977 3209/3209
f 5977/5977 1623/1623 3123/3123
f 5988/5988 1623/1623 3119/3119
f 1623/1623 5988/5988 3118/3118
f 3118/3118 3123/3123 1623/1623
f 3123/3123 3118/3118 5989/5989
f 3120/3120 3122/3122 5989/5989
f 3122/3122 3120/3120 1624/1624
f 1624/1624 6066/6066 3122/3122
f 6066/6066 1624/1624 3121/3121
f 5983/5983 1624/1624 3120/3120
f 1624/1624 5983/5983 3289/3289
f 3289/3289 3121/3121 1624/1624
f 3121/3121 3289/3289 6065/6065
f 3123/3123 3211/3211 5977/5977
f 3211/3211 3123/3123 1625/1625
f 1625/1625 6064/6064 3211/3211
f 6064/6064 1625/1625 3124/3124
f 5989/5989 1625/1625 3123/3123
f 1625/1625 5989/5989 3122/3122
f 3122/3122 3124/3124 1625/1625
f 3124/3124 3122/3122 6066/6066
f 3186/3186 3133/3133 5990/5990
f 3133/3133 3186/3186 1626/1626
f 1626/1626 5991/5991 3133/3133
f 5991/5991 1626/1626 3127/3127
f 5931/5931 1626/1626 3186/3186
f 1626/1626 5931/5931 3125/3125
f 3125/3125 3127/3127 1626/1626
f 3127/3127 3125/3125 5932/5932
f 3127/3127 3134/3134 5991/5991
f 3134/3134 3127/3127 1627/1627
f 1627/1627 5992/5992 3134/3134
f 5992/5992 1627/1627 3129/3129
f 5932/5932 1627/1627 3127/3127
f 1627/1627 5932/5932 3126/3126
f 3126/3126 3129/3129 1627/1627
f 3129/3129 3126/3126 5933/5933
f 3129/3129 3136/3136 5992/5992
f 3136/3136 3129/3129 1628/1628
f 1628/1628 5993/5993 3136/3136
f 5993/5993 1628/1628 3131/3131
f 5933/5933 1628/1628 3129/3129
f 1628/1628 5933/5933 3128/3128
f 3128/3128 3131/3131 1628/1628
f 3131/3131 3128/3128 5934/5934
f 3131/3131 3138/3138 5993/5993
f 3138/3138 3131/3131 1629/1629
f 1629/1629 6067/6067 3138/3138
f 6067/6067 1629/1629 3132/3132
f 5934/5934 1629/1629 3131/3131
f 1629/1629 5934/5934 3130/3130
f 3130/3130 3132/3132 1629/1629
f 3132/3132 3130/3130 6056/6056
f 3218/3218 3141/3141 5994/5994
f 3141/3141 3218/3218 1630/1630
f 1630/1630 5995/5995 3141/3141
f 5995/5995 1630/1630 3135/3135
f 5990/5990 1630/1630 3218/3218
f 1630/1630 5990/5990 3133/3133
f 3133/3133 3135/3135 1630/1630
f 3135/3135 3133/3133 5991/5991
f 3135/3135 3142/3142 5995/5995
f 3142/3142 3135/3135 1631/1631
f 1631/1631 5996/5996 3142/3142
f 5996/5996 1631/1631 3137/3137
f 5991/5991 1631/1631 3135/3135
f 1631/1631 5991/5991 3134/3134
f 3134/3134 3137/3137 1631/1631
f 3137/3137 3134/3134 5992/5992
f 3137/3137 3144/3144 5996/5996
f 3144/3144 3137/3137 1632/1632
f 1632/1632 5997/5997 3144/3144
f 5997/5997 1632/1632 3139/3139
f 5992/5992 1632/1632 3137/3137
f 1632/1632 5992/5992 3136/3136
f 3136/3136 3139/3139 1632/1632
f 3139/3139 3136/3136 5993/5993
f 3139/3139 3146/3146 5997/5997
f 3146/3146 3139/3139 1633/1633
f 1633/1633 6068/6068 3146/3146
f 6068/6068 1633/1633 3140/3140
f 5993/5993 1633/1633 3139/3139
f 1633/1633 5993/5993 3138/3138
f 3138/3138 3140/3140 1633/1633
f 3140/3140 3138/3138 6067/6067
f 3215/3215 3151/3151 5999/5999
f 3151/3151 3215/3215 1634/1634
f 1634/1634 6000/6000 3151/3151
f 6000/6000 1634/1634 3143/3143
f 5994/5994 1634/1634 3215/3215
f 1634/1634 5994/5994 3141/3141
f 3141/3141 3143/3143 1634/1634
f 3143/3143 3141/3141 5995/5995
f 3143/3143 3153/3153 6000/6000
f 3153/3153 3143/3143 1635/1635
f 1635/1635 6001/6001 3153/3153
f 6001/6001 1635/1635 3145/3145
f 5995/5995 1635/1635 3143/3143
f 1635/1635 5995/5995 3142/3142
f 3142/3142 3145/3145 1635/1635
f 3145/3145 3142/3142 5996/5996
f 3145/3145 3155/3155 6001/6001
f 3155/3155 3145/3145 1636/1636
f 1636/1636 6002/6002 3155/3155
f 6002/6002 1636/1636 3147/3147
f 5996/5996 1636/1636 3145/3145
f 1636/1636 5996/5996 3144/3144
f 3144/3144 3147/3147 1636/1636
f 3147/3147 3144/3144 5997/5997
f 3147/3147 3157/3157 6002/6002
f 3157/3157 3147/3147 1637/1637
f 1637/1637 6069/6069 3157/3157
f 6069/6069 1637/1637 3148/3148
f 5997/5997 1637/1637 3147/3147
f 1637/1637 5997/5997 3146/3146
f 3146/3146 3148/3148 1637/1637
f 3148/3148 3146/3146 6068/6068
f 3216/3216 3149/3149 5797/5797
f 3149/3149 3216/3216 1638/1638
f 1638/1638 5798/5798 3149/3149
f 5798/5798 1638/1638 3160/3160
f 5998/5998 1638/1638 3216/3216
f 1638/1638 5998/5998 3150/3150
f 3150/3150 3160/3160 1638/1638
f 3160/3160 3150/3150 6003/6003
f 3150/3150 3162/3162 6003/6003
f 3162/3162 3150/3150 1639/1639
f 1639/1639 6004/6004 3162/3162
f 6004/6004 1639/1639 3152/3152
f 5998/5998 1639/1639 3150/3150
f 1639/1639 5998/5998 3214/3214
f 3214/3214 3152/3152 1639/1639
f 3152/3152 3214/3214 5999/5999
f 3152/3152 3164/3164 6004/6004
f 3164/3164 3152/3152 1640/1640
f 1640/1640 6005/6005 3164/3164
f 6005/6005 1640/1640 3154/3154
f 5999/5999 1640/1640 3152/3152
f 1640/1640 5999/5999 3151/3151
f 3151/3151 3154/3154 1640/1640
f 3154/3154 3151/3151 6000/6000
f 3154/3154 3166/3166 6005/6005
f 3166/3166 3154/3154 1641/1641
f 1641/1641 6006/6006 3166/3166
f 6006/6006 1641/1641 3156/3156
f 6000/6000 1641/1641 3154/3154
f 1641/1641 6000/6000 3153/3153
f 3153/3153 3156/3156 1641/1641
f 3156/3156 3153/3153 6001/6001
f 3156/3156 3168/3168 6006/6006
f 3168/3168 3156/3156 1642/1642
f 1642/1642 6007/6007 3168/3168
f 6007/6007 1642/1642 3158/3158
f 6001/6001 1642/1642 3156/3156
f 1642/1642 6001/6001 3155/3155
f 3155/3155 3158/3158 1642/1642
f 3158/3158 3155/3155 6002/6002
f 3158/3158 3170/3170 6007/6007
f 3170/3170 3158/3158 1643/1643
f 1643/1643 6070/6070 3170/3170
f 6070/6070 1643/1643 3159/3159
f 6002/6002 1643/1643 3158/3158
f 1643/1643 6002/6002 3157/3157
f 3157/3157 3159/3159 1643/1643
f 3159/3159 3157/3157 6069/6069
f 3160/3160 3161/3161 5798/5798
f 3161/3161 3160/3160 1644/1644
f 1644/1644 5799/5799 3161/3161
f 5799/5799 1644/1644 3173/3173
f 6003/6003 1644/1644 3160/3160
f 1644/1644 6003/6003 3163/3163
f 3163/3163 3173/3173 1644/1644
f 3173/3173 3163/3163 6008/6008
f 3163/3163 3175/3175 6008/6008
f 3175/3175 3163/3163 1645/1645
f 1645/1645 6009/6009 3175/3175
f 6009/6009 1645/1645 3165/3165
f 6003/6003 1645/1645 3163/3163
f 1645/1645 6003/6003 3162/3162
f 3162/3162 3165/3165 1645/1645
f 3165/3165 3162/3162 6004/6004
f 3165/3165 3177/3177 6009/6009
f 3177/3177 3165/3165 1646/1646
f 1646/1646 6010/6010 3177/3177
f 6010/6010 1646/1646 3167/3167
f 6004/6004 1646/1646 3165/3165
f 1646/1646 6004/6004 3164/3164
f 3164/3164 3167/3167 1646/1646
f 3167/3167 3164/3164 6005/6005
f 3167/3167 3179/3179 6010/6010
f 3179/3179 3167/3167 1647/1647
f 1647/1647 6011/6011 3179/3179
f 6011/6011 1647/1647 3169/3169
f 6005/6005 1647/1647 3167/3167
f 1647/1647 6005/6005 3166/3166
f 3166/3166 3169/3169 1647/1647
f 3169/3169 3166/3166 6006/6006
f 3169/3169 3181/3181 6011/6011
f 3181/3181 3169/3169 1648/1648
f 1648/1648 6012/6012 3181/3181
f 6012/6012 1648/1648 3171/3171
f 6006/6006 1648/1648 3169/3169
f 1648/1648 6006/6006 3168/3168
f 3168/3168 3171/3171 1648/1648
f 3171/3171 3168/3168 6007/6007
f 3171/3171 3183/3183 6012/6012
f 3183/3183 3171/3171 1649/1649
f 1649/1649 6071/6071 3183/3183
f 6071/6071 1649/1649 3172/3172
f 6007/6007 1649/1649 3171/3171
f 1649/1649 6007/6007 3170/3170
f 3170/3170 3172/3172 1649/1649
f 3172/3172 3170/3170 6070/6070
f 3173/3173 3174/3174 5799/5799
f 3174/3174 3173/3173 1650/1650
f 1650/1650 5800/5800 3174/3174
f 5800/5800 1650/1650 3253/3253
f 6008/6008 1650/1650 3173/3173
f 1650/1650 6008/6008 3176/3176
f 3176/3176 3253/3253 1650/1650
f 3253/3253 3176/3176 6013/6013
f 3176/3176 3256/3256 6013/6013
f 3256/3256 3176/3176 1651/1651
f 1651/1651 6014/6014 3256/3256
f 6014/6014 1651/1651 3178/3178
f 6008/6008 1651/1651 3176/3176
f 1651/1651 6008/6008 3175/3175
f 3175/3175 3178/3178 1651/1651
f 3178/3178 3175/3175 6009/6009
f 3178/3178 3249/3249 6014/6014
f 3249/3249 3178/3178 1652/1652
f 1652/1652 6015/6015 3249/3249
f 6015/6015 1652/1652 3180/3180
f 6009/6009 1652/1652 3178/3178
f 1652/1652 6009/6009 3177/3177
f 3177/3177 3180/3180 1652/1652
f 3180/3180 3177/3177 6010/6010
f 3180/3180 3271/3271 6015/6015
f 3271/3271 3180/3180 1653/1653
f 1653/1653 6016/6016 3271/3271
f 6016/6016 1653/1653 3182/3182
f 6010/6010 1653/1653 3180/3180
f 1653/1653 6010/6010 3179/3179
f 3179/3179 3182/3182 1653/1653
f 3182/3182 3179/3179 6011/6011
f 3182/3182 3268/3268 6016/6016
f 3268/3268 3182/3182 1654/1654
f 1654/1654 6017/6017 3268/3268
f 6017/6017 1654/1654 3184/3184
f 6011/6011 1654/1654 3182/3182
f 1654/1654 6011/6011 3181/3181
f 3181/3181 3184/3184 1654/1654
f 3184/3184 3181/3181 6012/6012
f 3184/3184 3262/3262 6017/6017
f 3262/3262 3184/3184 1655/1655
f 1655/1655 6072/6072 3262/3262
f 6072/6072 1655/1655 3185/3185
f 6012/6012 1655/1655 3184/3184
f 1655/1655 6012/6012 3183/3183
f 3183/3183 3185/3185 1655/1655
f 3185/3185 3183/3183 6071/6071
f 3187/3187 448/448 449/449
f 448/448 3187/3187 1656/1656
f 1656/1656 447/447 448/448
f 447/447 1656/1656 3219/3219
f 5931/5931 1656/1656 3187/3187
f 1656/1656 5931/5931 3186/3186
f 3186/3186 3219/3219 1656/1656
f 3219/3219 3186/3186 5990/5990
f 686/686 3188/3188 685/685
f 3188/3188 686/686 1657/1657
f 1657/1657 5874/5874 3188/3188
f 5874/5874 1657/1657 3189/3189
f 687/687 1657/1657 686/686
f 1657/1657 687/687 3221/3221
f 3221/3221 3189/3189 1657/1657
f 3189/3189 3221/3221 6018/6018
f 3189/3189 3190/3190 5874/5874
f 3190/3190 3189/3189 1658/1658
f 1658/1658 5875/5875 3190/3190
f 5875/5875 1658/1658 3191/3191
f 6018/6018 1658/1658 3189/3189
f 1658/1658 6018/6018 3226/3226
f 3226/3226 3191/3191 1658/1658
f 3191/3191 3226/3226 6019/6019
f 3191/3191 3192/3192 5875/5875
f 3192/3192 3191/3191 1659/1659
f 1659/1659 5876/5876 3192/3192
f 5876/5876 1659/1659 3193/3193
f 6019/6019 1659/1659 3191/3191
f 1659/1659 6019/6019 3231/3231
f 3231/3231 3193/3193 1659/1659
f 3193/3193 3231/3231 6020/6020
f 3193/3193 3194/3194 5876/5876
f 3194/3194 3193/3193 1660/1660
f 1660/1660 5877/5877 3194/3194
f 5877/5877 1660/1660 3195/3195
f 6020/6020 1660/1660 3193/3193
f 1660/1660 6020/6020 3236/3236
f 3236/3236 3195/3195 1660/1660
f 3195/3195 3236/3236 6021/6021
f 3195/3195 3196/3196 5877/5877
f 3196/3196 3195/3195 1661/1661
f 1661/1661 5878/5878 3196/3196
f 5878/5878 1661/1661 3197/3197
f 6021/6021 1661/1661 3195/3195
f 1661/1661 6021/6021 3241/3241
f 3241/3241 3197/3197 1661/1661
f 3197/3197 3241/3241 6022/6022
f 3197/3197 3198/3198 5878/5878
f 3198/3198 3197/3197 1662/1662
f 1662/1662 6043/6043 3198/3198
f 6043/6043 1662/1662 3199/3199
f 6022/6022 1662/1662 3197/3197
f 1662/1662 6022/6022 3247/3247
f 3247/3247 3199/3199 1662/1662
f 3199/3199 3247/3247 6073/6073
f 3202/3202 3200/3200 5972/5972
f 6023/6023 908/908 3204/3204
f 908/908 5972/5972 3201/3201
f 3201/3201 3204/3204 908/908
f 3204/3204 3201/3201 5973/5973
f 3204/3204 3222/3222 6023/6023
f 3222/3222 3204/3204 1663/1663
f 1663/1663 6024/6024 3222/3222
f 6024/6024 1663/1663 3206/3206
f 5973/5973 1663/1663 3204/3204
f 1663/1663 5973/5973 3203/3203
f 3203/3203 3206/3206 1663/1663
f 3206/3206 3203/3203 5974/5974
f 3206/3206 3227/3227 6024/6024
f 3227/3227 3206/3206 1664/1664
f 1664/1664 6025/6025 3227/3227
f 6025/6025 1664/1664 3208/3208
f 5974/5974 1664/1664 3206/3206
f 1664/1664 5974/5974 3205/3205
f 3205/3205 3208/3208 1664/1664
f 3208/3208 3205/3205 5975/5975
f 3208/3208 3232/3232 6025/6025
f 3232/3232 3208/3208 1665/1665
f 1665/1665 6026/6026 3232/3232
f 6026/6026 1665/1665 3210/3210
f 5975/5975 1665/1665 3208/3208
f 1665/1665 5975/5975 3207/3207
f 3207/3207 3210/3210 1665/1665
f 3210/3210 3207/3207 5976/5976
f 3210/3210 3237/3237 6026/6026
f 3237/3237 3210/3210 1666/1666
f 1666/1666 6027/6027 3237/3237
f 6027/6027 1666/1666 3212/3212
f 5976/5976 1666/1666 3210/3210
f 1666/1666 5976/5976 3209/3209
f 3209/3209 3212/3212 1666/1666
f 3212/3212 3209/3209 5977/5977
f 3212/3212 3242/3242 6027/6027
f 3242/3242 3212/3212 1667/1667
f 1667/1667 6074/6074 3242/3242
f 6074/6074 1667/1667 3213/3213
f 5977/5977 1667/1667 3212/3212
f 1667/1667 5977/5977 3211/3211
f 3211/3211 3213/3213 1667/1667
f 3213/3213 3211/3211 6064/6064
f 3214/3214 3215/3215 5999/5999
f 3215/3215 3214/3214 1668/1668
f 1668/1668 5994/5994 3215/3215
f 5994/5994 1668/1668 3220/3220
f 5998/5998 1668/1668 3214/3214
f 1668/1668 5998/5998 3217/3217
f 3217/3217 3220/3220 1668/1668
f 3216/3216 3217/3217 5998/5998
f 5797/5797 3217/3217 3216/3216
f 5990/5990 1669/1669 3219/3219
f 1669/1669 5990/5990 3218/3218
f 3218/3218 3220/3220 1669/1669
f 3220/3220 3218/3218 5994/5994
f 3223/3223 3224/3224 6028/6028
f 3224/3224 3223/3223 1670/1670
f 1670/1670 6029/6029 3224/3224
f 6029/6029 1670/1670 3228/3228
f 6023/6023 1670/1670 3223/3223
f 1670/1670 6023/6023 3222/3222
f 3222/3222 3228/3228 1670/1670
f 3228/3228 3222/3222 6024/6024
f 3225/3225 3226/3226 6018/6018
f 3226/3226 3225/3225 1671/1671
f 1671/1671 6019/6019 3226/3226
f 6019/6019 1671/1671 3230/3230
f 6028/6028 1671/1671 3225/3225
f 1671/1671 6028/6028 3224/3224
f 3224/3224 3230/3230 1671/1671
f 3230/3230 3224/3224 6029/6029
f 3228/3228 3229/3229 6029/6029
f 3229/3229 3228/3228 1672/1672
f 1672/1672 6030/6030 3229/3229
f 6030/6030 1672/1672 3233/3233
f 6024/6024 1672/1672 3228/3228
f 1672/1672 6024/6024 3227/3227
f 3227/3227 3233/3233 1672/1672
f 3233/3233 3227/3227 6025/6025
f 3230/3230 3231/3231 6019/6019
f 3231/3231 3230/3230 1673/1673
f 1673/1673 6020/6020 3231/3231
f 6020/6020 1673/1673 3235/3235
f 6029/6029 1673/1673 3230/3230
f 1673/1673 6029/6029 3229/3229
f 3229/3229 3235/3235 1673/1673
f 3235/3235 3229/3229 6030/6030
f 3233/3233 3234/3234 6030/6030
f 3234/3234 3233/3233 1674/1674
f 1674/1674 6031/6031 3234/3234
f 6031/6031 1674/1674 3238/3238
f 6025/6025 1674/1674 3233/3233
f 1674/1674 6025/6025 3232/3232
f 3232/3232 3238/3238 1674/1674
f 3238/3238 3232/3232 6026/6026
f 3235/3235 3236/3236 6020/6020
f 3236/3236 3235/3235 1675/1675
f 1675/1675 6021/6021 3236/3236
f 6021/6021 1675/1675 3240/3240
f 6030/6030 1675/1675 3235/3235
f 1675/1675 6030/6030 3234/3234
f 3234/3234 3240/3240 1675/1675
f 3240/3240 3234/3234 6031/6031
f 3238/3238 3239/3239 6031/6031
f 3239/3239 3238/3238 1676/1676
f 1676/1676 6032/6032 3239/3239
f 6032/6032 1676/1676 3243/3243
f 6026/6026 1676/1676 3238/3238
f 1676/1676 6026/6026 3237/3237
f 3237/3237 3243/3243 1676/1676
f 3243/3243 3237/3237 6027/6027
f 3240/3240 3241/3241 6021/6021
f 3241/3241 3240/3240 1677/1677
f 1677/1677 6022/6022 3241/3241
f 6022/6022 1677/1677 3246/3246
f 6031/6031 1677/1677 3240/3240
f 1677/1677 6031/6031 3239/3239
f 3239/3239 3246/3246 1677/1677
f 3246/3246 3239/3239 6032/6032
f 3243/3243 3245/3245 6032/6032
f 3245/3245 3243/3243 1678/1678
f 1678/1678 6075/6075 3245/3245
f 6075/6075 1678/1678 3244/3244
f 6027/6027 1678/1678 3243/3243
f 1678/1678 6027/6027 3242/3242
f 3242/3242 3244/3244 1678/1678
f 3244/3244 3242/3242 6074/6074
f 3246/3246 3247/3247 6022/6022
f 3247/3247 3246/3246 1679/1679
f 1679/1679 6073/6073 3247/3247
f 6073/6073 1679/1679 3248/3248
f 6032/6032 1679/1679 3246/3246
f 1679/1679 6032/6032 3245/3245
f 3245/3245 3248/3248 1679/1679
f 3248/3248 3245/3245 6075/6075
f 3272/3272 3249/3249 6015/6015
f 3249/3249 3272/3272 1680/1680
f 1680/1680 6014/6014 3249/3249
f 6014/6014 1680/1680 3255/3255
f 335/335 1680/1680 3272/3272
f 1680/1680 335/335 336/336
f 336/336 3255/3255 1680/1680
f 3255/3255 336/336 337/337
f 3273/3273 832/832 833/833
f 832/832 3273/3273 1681/1681
f 1681/1681 831/831 832/832
f 831/831 1681/1681 3258/3258
f 5980/5980 1681/1681 3273/3273
f 1681/1681 5980/5980 3250/3250
f 3250/3250 3258/3258 1681/1681
f 3258/3258 3250/3250 5979/5979
f 3252/3252 3259/3259 5978/5978
f 3259/3259 3252/3252 1682/1682
f 1682/1682 6033/6033 3259/3259
f 6033/6033 1682/1682 3254/3254
f 5802/5802 1682/1682 3252/3252
f 1682/1682 5802/5802 3251/3251
f 3251/3251 3254/3254 1682/1682
f 3254/3254 3251/3251 5801/5801
f 3253/3253 341/341 5800/5800
f 341/341 3253/3253 340/340
f 828/828 5801/5801 827/827
f 5801/5801 828/828 3254/3254
f 6013/6013 340/340 3253/3253
f 340/340 6013/6013 339/339
f 829/829 3254/3254 828/828
f 3254/3254 829/829 6033/6033
f 3255/3255 3256/3256 6014/6014
f 3256/3256 3255/3255 1683/1683
f 1683/1683 6013/6013 3256/3256
f 6013/6013 1683/1683 339/339
f 337/337 1683/1683 3255/3255
f 1683/1683 337/337 338/338
f 338/338 339/339 1683/1683
f 829/829 830/830 6033/6033
f 3258/3258 830/830 831/831
f 830/830 3258/3258 1684/1684
f 1684/1684 6033/6033 830/830
f 6033/6033 1684/1684 3259/3259
f 5979/5979 1684/1684 3258/3258
f 1684/1684 5979/5979 3257/3257
f 3257/3257 3259/3259 1684/1684
f 3259/3259 3257/3257 5978/5978
f 3266/3266 3260/3260 5859/5859
f 3260/3260 3266/3266 1685/1685
f 1685/1685 6037/6037 3260/3260
f 6037/6037 1685/1685 3261/3261
f 6034/6034 1685/1685 3266/3266
f 1685/1685 6034/6034 3263/3263
f 3263/3263 3261/3261 1685/1685
f 3261/3261 3263/3263 6076/6076
f 3267/3267 3263/3263 6034/6034
f 3263/3263 3267/3267 1686/1686
f 1686/1686 6076/6076 3263/3263
f 6076/6076 1686/1686 3264/3264
f 6017/6017 1686/1686 3267/3267
f 1686/1686 6017/6017 3262/3262
f 3262/3262 3264/3264 1686/1686
f 3264/3264 3262/3262 6072/6072
f 3266/3266 3269/3269 6034/6034
f 3269/3269 3266/3266 1687/1687
f 1687/1687 333/333 3269/3269
f 333/333 1687/1687 332/332
f 5859/5859 1687/1687 3266/3266
f 1687/1687 5859/5859 3265/3265
f 3265/3265 332/332 1687/1687
f 332/332 3265/3265 331/331
f 3268/3268 3270/3270 6016/6016
f 3270/3270 3268/3268 1688/1688
f 1688/1688 333/333 3270/3270
f 333/333 1688/1688 3269/3269
f 6017/6017 1688/1688 3268/3268
f 1688/1688 6017/6017 3267/3267
f 3267/3267 3269/3269 1688/1688
f 3269/3269 3267/3267 6034/6034
f 3271/3271 3272/3272 6015/6015
f 3272/3272 3271/3271 1689/1689
f 1689/1689 335/335 3272/3272
f 335/335 1689/1689 334/334
f 6016/6016 1689/1689 3271/3271
f 1689/1689 6016/6016 3270/3270
f 3270/3270 334/334 1689/1689
f 334/334 3270/3270 333/333
f 3274/3274 3277/3277 5981/5981
f 3277/3277 3274/3274 1690/1690
f 1690/1690 835/835 3277/3277
f 835/835 1690/1690 834/834
f 5980/5980 1690/1690 3274/3274
f 1690/1690 5980/5980 3273/3273
f 3273/3273 834/834 1690/1690
f 834/834 3273/3273 833/833
f 836/836 3276/3276 835/835
f 3276/3276 836/836 1691/1691
f 1691/1691 6035/6035 3276/3276
f 6035/6035 1691/1691 3282/3282
f 837/837 1691/1691 836/836
f 1691/1691 837/837 3275/3275
f 3275/3275 3282/3282 1691/1691
f 3282/3282 3275/3275 5861/5861
f 3277/3277 3278/3278 5981/5981
f 3278/3278 3277/3277 1692/1692
f 1692/1692 5982/5982 3278/3278
f 5982/5982 1692/1692 3285/3285
f 835/835 1692/1692 3277/3277
f 1692/1692 835/835 3276/3276
f 3276/3276 3285/3285 1692/1692
f 3285/3285 3276/3276 6035/6035
f 3279/3279 3280/3280 6039/6039
f 3280/3280 3279/3279 1693/1693
f 1693/1693 5862/5862 3280/3280
f 5862/5862 1693/1693 3283/3283
f 6077/6077 1693/1693 3279/3279
f 1693/1693 6077/6077 3287/3287
f 3287/3287 3283/3283 1693/1693
f 3283/3283 3287/3287 6036/6036
f 3282/3282 3284/3284 6035/6035
f 3284/3284 3282/3282 1694/1694
f 1694/1694 6036/6036 3284/3284
f 6036/6036 1694/1694 3283/3283
f 5861/5861 1694/1694 3282/3282
f 1694/1694 5861/5861 3281/3281
f 3281/3281 3283/3283 1694/1694
f 3283/3283 3281/3281 5862/5862
f 3285/3285 3286/3286 5982/5982
f 3286/3286 3285/3285 1695/1695
f 1695/1695 5983/5983 3286/3286
f 5983/5983 1695/1695 3288/3288
f 6035/6035 1695/1695 3285/3285
f 1695/1695 6035/6035 3284/3284
f 3284/3284 3288/3288 1695/1695
f 3288/3288 3284/3284 6036/6036
f 3288/3288 3289/3289 5983/5983
f 3289/3289 3288/3288 1696/1696
f 1696/1696 6065/6065 3289/3289
f 6065/6065 1696/1696 3290/3290
f 6036/6036 1696/1696 3288/3288
f 1696/1696 6036/6036 3287/3287
f 3287/3287 3290/3290 1696/1696
f 3290/3290 3287/3287 6077/6077
f 5285/5285 5280/5280 5286/5286
f 5286/5286 5280/5280 5281/5281
f 5275/5275 5281/5281 5274/5274
f 5274/5274 5281/5281 5280/5280
f 5119/5119 5120/5120 5194/5194
f 5120/5120 5195/5195 5194/5194
f 5063/5063 5065/5065 240/240
f 5065/5065 4852/4852 240/240
f 4852/4852 239/239 240/240
f 106/106 107/107 5030/5030
f 5851/5851 4672/4672 4761/4761
f 4785/4785 4761/4761 4786/4786
f 4672/4672 4673/4673 4761/4761
f 4761/4761 4673/4673 4786/4786
f 4786/4786 4673/4673 4787/4787
f 4787/4787 4673/4673 4788/4788
f 4673/4673 4636/4636 4788/4788
f 4361/4361 4224/4224 4360/4360
f 4429/4429 4358/4358 4224/4224
f 4359/4359 4360/4360 4358/4358
f 4358/4358 4360/4360 4224/4224
f 4010/4010 4013/4013 4005/4005
f 4005/4005 4013/4013 4014/4014
f 474/474 1408/1408 473/473
f 5797/5797 446/446 3217/3217
f 2695/2695 1422/1422 5796/5796
f 6018/6018 3221/3221 3225/3225
f 3219/3219 1669/1669 447/447
f 3200/3200 3202/3202 5804/5804
f 1422/1422 5795/5795 5796/5796
f 3217/3217 446/446 3220/3220
f 3220/3220 446/446 1669/1669
f 1669/1669 446/446 447/447
f 687/687 688/688 3221/3221
f 3221/3221 688/688 3225/3225
f 3225/3225 688/688 6028/6028
f 6028/6028 688/688 3223/3223
f 6023/6023 3223/3223 908/908
f 3223/3223 688/688 908/908
f 908/908 688/688 5972/5972
f 2709/2709 2708/2708 5795/5795
f 5796/5796 5795/5795 688/688
f 5795/5795 2708/2708 688/688
f 5804/5804 3202/3202 2708/2708
f 2708/2708 3202/3202 688/688
f 3202/3202 5972/5972 688/688
f 1915/1915 5425/5425 1018/1018
f 2426/2426 5672/5672 1277/1277
f 2404/2404 5432/5432 907/907
f 5432/5432 906/906 907/907
f 5615/5615 907/907 2405/2405
f 2405/2405 907/907 5616/5616
f 5616/5616 907/907 2406/2406
f 2406/2406 907/907 5667/5667
f 907/907 906/906 5667/5667
f 4792/4792 905/905 4794/4794
f 4794/4794 905/905 4619/4619
f 4619/4619 905/905 904/904
f 905/905 4764/4764 904/904
f 3911/3911 3918/3918 3910/3910
f 3913/3913 903/903 3918/3918
f 900/900 3299/3299 901/901
f 3299/3299 899/899 901/901
f 901/901 899/899 3315/3315
f 4551/4551 3910/3910 3904/3904
f 3910/3910 3918/3918 3904/3904
f 3904/3904 3918/3918 3905/3905
f 3905/3905 3918/3918 3906/3906
f 899/899 3302/3302 3315/3315
f 3315/3315 3302/3302 3310/3310
f 3310/3310 3302/3302 3311/3311
f 3302/3302 898/898 3311/3311
f 3311/3311 898/898 3312/3312
f 3312/3312 898/898 4558/4558
f 3915/3915 4558/4558 3914/3914
f 3909/3909 3907/3907 902/902
f 3914/3914 4558/4558 903/903
f 3918/3918 903/903 3906/3906
f 3906/3906 903/903 3907/3907
f 903/903 4558/4558 3907/3907
f 898/898 3291/3291 4558/4558
f 3291/3291 4553/4553 4558/4558
f 4558/4558 4553/4553 3907/3907
f 4553/4553 902/902 3907/3907
f 4638/4638 4639/4639 4637/4637
f 4639/4639 4762/4762 4637/4637
f 4762/4762 4763/4763 4637/4637
f 789/789 4789/4789 788/788
f 788/788 4789/4789 4791/4791
f 4791/4791 4789/4789 4790/4790
f 4763/4763 4790/4790 4637/4637
f 4790/4790 4789/4789 4637/4637
f 4636/4636 895/895 4788/4788
f 4788/4788 895/895 4789/4789
f 5963/5963 3045/3045 3046/3046
f 3045/3045 472/472 3046/3046
f 2673/2673 5692/5692 1408/1408
f 472/472 473/473 3046/3046
f 473/473 1408/1408 3046/3046
f 1408/1408 5692/5692 3046/3046
f 5692/5692 2674/2674 3046/3046
f 3046/3046 2674/2674 1588/1588
f 2674/2674 5693/5693 1588/1588
f 5693/5693 1409/1409 1588/1588
f 1409/1409 3037/3037 1588/1588
f 3037/3037 3042/3042 1588/1588
f 1276/1276 2423/2423 2422/2422
f 906/906 1929/1929 5667/5667
f 2427/2427 1278/1278 5672/5672
f 5426/5426 897/897 1026/1026
f 2422/2422 2423/2423 2419/2419
f 1278/1278 5667/5667 5672/5672
f 5667/5667 1929/1929 5672/5672
f 1929/1929 1914/1914 5672/5672
f 2423/2423 1277/1277 2419/2419
f 2419/2419 1277/1277 897/897
f 897/897 1277/1277 1026/1026
f 1026/1026 1277/1277 5425/5425
f 5425/5425 1277/1277 1018/1018
f 1914/1914 1018/1018 5672/5672
f 5672/5672 1018/1018 1277/1277
f 3580/3580 3683/3683 3567/3567
f 3740/3740 896/896 3770/3770
f 3773/3773 3771/3771 3772/3772
f 3702/3702 3703/3703 3775/3775
f 3570/3570 3404/3404 3405/3405
f 3572/3572 3573/3573 3404/3404
f 3772/3772 3771/3771 3703/3703
f 3703/3703 3771/3771 3775/3775
f 3596/3596 3716/3716 3595/3595
f 3770/3770 896/896 3771/3771
f 3771/3771 896/896 3775/3775
f 896/896 3595/3595 3775/3775
f 3567/3567 3683/3683 3573/3573
f 3595/3595 3716/3716 3775/3775
f 3774/3774 3775/3775 3683/3683
f 3683/3683 3775/3775 3573/3573
f 3775/3775 3716/3716 3573/3573
f 3573/3573 3716/3716 3404/3404
f 3716/3716 3717/3717 3404/3404
f 3404/3404 3717/3717 3405/3405
f 3403/3403 3405/3405 3408/3408
f 3405/3405 3717/3717 3408/3408
f 4789/4789 895/895 4637/4637
f 4777/4777 4637/4637 4775/4775
f 4773/4773 4775/4775 895/895
f 4775/4775 4637/4637 895/895
