#usda 1.0

def "Cow_dABF"
{
    def Mesh "Cow_dABF"
    {
        int[] faceVertexCounts = [3, 3, 3, 3, 3, 3, 3, 3, 3, 3, 3, 3, 3, 3, 3, 3, 3, 3, 3, 3, 3, 3, 3, 3, 3, 3, 3, 3, 3, 3, 3, 3, 3, 3, 3, 3, 3, 3, 3, 3, 3, 3, 3, 3, 3, 3, 3, 3, 3, 3, 3, 3, 3, 3, 3, 3, 3, 3, 3, 3, 3, 3, 3, 3, 3, 3, 3, 3, 3, 3, 3, 3, 3, 3, 3, 3, 3, 3, 3, 3, 3, 3, 3, 3, 3, 3, 3, 3, 3, 3, 3, 3, 3, 3, 3, 3, 3, 3, 3, 3, 3, 3, 3, 3, 3, 3, 3, 3, 3, 3, 3, 3, 3, 3, 3, 3, 3, 3, 3, 3, 3, 3, 3, 3, 3, 3, 3, 3, 3, 3, 3, 3, 3, 3, 3, 3, 3, 3, 3, 3, 3, 3, 3, 3, 3, 3, 3, 3, 3, 3, 3, 3, 3, 3, 3, 3, 3, 3, 3, 3, 3, 3, 3, 3, 3, 3, 3, 3, 3, 3, 3, 3, 3, 3, 3, 3, 3, 3, 3, 3, 3, 3, 3, 3, 3, 3, 3, 3, 3, 3, 3, 3, 3, 3, 3, 3, 3, 3, 3, 3, 3, 3, 3, 3, 3, 3, 3, 3, 3, 3, 3, 3, 3, 3, 3, 3, 3, 3, 3, 3, 3, 3, 3, 3, 3, 3, 3, 3, 3, 3, 3, 3, 3, 3, 3, 3, 3, 3, 3, 3, 3, 3, 3, 3, 3, 3, 3, 3, 3, 3, 3, 3, 3, 3, 3, 3, 3, 3, 3, 3, 3, 3, 3, 3, 3, 3, 3, 3, 3, 3, 3, 3, 3, 3, 3, 3, 3, 3, 3, 3, 3, 3, 3, 3, 3, 3, 3, 3, 3, 3, 3, 3, 3, 3, 3, 3, 3, 3, 3, 3, 3, 3, 3, 3, 3, 3, 3, 3, 3, 3, 3, 3, 3, 3, 3, 3, 3, 3, 3, 3, 3, 3, 3, 3, 3, 3, 3, 3, 3, 3, 3, 3, 3, 3, 3, 3, 3, 3, 3, 3, 3, 3, 3, 3, 3, 3, 3, 3, 3, 3, 3, 3, 3, 3, 3, 3, 3, 3, 3, 3, 3, 3, 3, 3, 3, 3, 3, 3, 3, 3, 3, 3, 3, 3, 3, 3, 3, 3, 3, 3, 3, 3, 3, 3, 3, 3, 3, 3, 3, 3, 3, 3, 3, 3, 3, 3, 3, 3, 3, 3, 3, 3, 3, 3, 3, 3, 3, 3, 3, 3, 3, 3, 3, 3, 3, 3, 3, 3, 3, 3, 3, 3, 3, 3, 3, 3, 3, 3, 3, 3, 3, 3, 3, 3, 3, 3, 3, 3, 3, 3, 3, 3, 3, 3, 3, 3, 3, 3, 3, 3, 3, 3, 3, 3, 3, 3, 3, 3, 3, 3, 3, 3, 3, 3, 3, 3, 3, 3, 3, 3, 3, 3, 3, 3, 3, 3, 3, 3, 3, 3, 3, 3, 3, 3, 3, 3, 3, 3, 3, 3, 3, 3, 3, 3, 3, 3, 3, 3, 3, 3, 3, 3, 3, 3, 3, 3, 3, 3, 3, 3, 3, 3, 3, 3, 3, 3, 3, 3, 3, 3, 3, 3, 3, 3, 3, 3, 3, 3, 3, 3, 3, 3, 3, 3, 3, 3, 3, 3, 3, 3, 3, 3, 3, 3, 3, 3, 3, 3, 3, 3, 3, 3, 3, 3, 3, 3, 3, 3, 3, 3, 3, 3, 3, 3, 3, 3, 3, 3, 3, 3, 3, 3, 3, 3, 3, 3, 3, 3, 3, 3, 3, 3, 3, 3, 3, 3, 3, 3, 3, 3, 3, 3, 3, 3, 3, 3, 3, 3, 3, 3, 3, 3, 3, 3, 3, 3, 3, 3, 3, 3, 3, 3, 3, 3, 3, 3, 3, 3, 3, 3, 3, 3, 3, 3, 3, 3, 3, 3, 3, 3, 3, 3, 3, 3, 3, 3, 3, 3, 3, 3, 3, 3, 3, 3, 3, 3, 3, 3, 3, 3, 3, 3, 3, 3, 3, 3, 3, 3, 3, 3, 3, 3, 3, 3, 3, 3, 3, 3, 3, 3, 3, 3, 3, 3, 3, 3, 3, 3, 3, 3, 3, 3, 3, 3, 3, 3, 3, 3, 3, 3, 3, 3, 3, 3, 3, 3, 3, 3, 3, 3, 3, 3, 3, 3, 3, 3, 3, 3, 3, 3, 3, 3, 3, 3, 3, 3, 3, 3, 3, 3, 3, 3, 3, 3, 3, 3, 3, 3, 3, 3, 3, 3, 3, 3, 3, 3, 3, 3, 3, 3, 3, 3, 3, 3, 3, 3, 3, 3, 3, 3, 3, 3, 3, 3, 3, 3, 3, 3, 3, 3, 3, 3, 3, 3, 3, 3, 3, 3, 3, 3, 3, 3, 3, 3, 3, 3, 3, 3, 3, 3, 3, 3, 3, 3, 3, 3, 3, 3, 3, 3, 3, 3, 3, 3, 3, 3, 3, 3, 3, 3, 3, 3, 3, 3, 3, 3, 3, 3, 3, 3, 3, 3, 3, 3, 3, 3, 3, 3, 3, 3, 3, 3, 3, 3, 3, 3, 3, 3, 3, 3, 3, 3, 3, 3, 3, 3, 3, 3, 3, 3, 3, 3, 3, 3, 3, 3, 3, 3, 3, 3, 3, 3, 3, 3, 3, 3, 3, 3, 3, 3, 3, 3, 3, 3, 3, 3, 3, 3, 3, 3, 3, 3, 3, 3, 3, 3, 3, 3, 3, 3, 3, 3, 3, 3, 3, 3, 3, 3, 3, 3, 3, 3, 3, 3, 3, 3, 3, 3, 3, 3, 3, 3, 3, 3, 3, 3, 3, 3, 3, 3, 3, 3, 3, 3, 3, 3, 3, 3, 3, 3, 3, 3, 3, 3, 3, 3, 3, 3, 3, 3, 3, 3, 3, 3, 3, 3, 3, 3, 3, 3, 3, 3, 3, 3, 3, 3, 3, 3, 3, 3, 3, 3, 3, 3, 3, 3, 3, 3, 3, 3, 3, 3, 3, 3, 3, 3, 3, 3, 3, 3, 3, 3, 3, 3, 3, 3, 3, 3, 3, 3, 3, 3, 3, 3, 3, 3, 3, 3, 3, 3, 3, 3, 3, 3, 3, 3, 3, 3, 3, 3, 3, 3, 3, 3, 3, 3, 3, 3, 3, 3, 3, 3, 3, 3, 3, 3, 3, 3, 3, 3, 3, 3, 3, 3, 3, 3, 3, 3, 3, 3, 3, 3, 3, 3, 3, 3, 3, 3, 3, 3, 3, 3, 3, 3, 3, 3, 3, 3, 3, 3, 3, 3, 3, 3, 3, 3, 3, 3, 3, 3, 3, 3, 3, 3, 3, 3, 3, 3, 3, 3, 3, 3, 3, 3, 3, 3, 3, 3, 3, 3, 3, 3, 3, 3, 3, 3, 3, 3, 3, 3, 3, 3, 3, 3, 3, 3, 3, 3, 3, 3, 3, 3, 3, 3, 3, 3, 3, 3, 3, 3, 3, 3, 3, 3, 3, 3, 3, 3, 3, 3, 3, 3, 3, 3, 3, 3, 3, 3, 3, 3, 3, 3, 3, 3, 3, 3, 3, 3, 3, 3, 3, 3, 3, 3, 3, 3, 3, 3, 3, 3, 3, 3, 3, 3, 3, 3, 3, 3, 3, 3, 3, 3, 3, 3, 3, 3, 3, 3, 3, 3, 3, 3, 3, 3, 3, 3, 3, 3, 3, 3, 3, 3, 3, 3, 3, 3, 3, 3, 3, 3, 3, 3, 3, 3, 3, 3, 3, 3, 3, 3, 3, 3, 3, 3, 3, 3, 3, 3, 3, 3, 3, 3, 3, 3, 3, 3, 3, 3, 3, 3, 3, 3, 3, 3, 3, 3, 3, 3, 3, 3, 3, 3, 3, 3, 3, 3, 3, 3, 3, 3, 3, 3, 3, 3, 3, 3, 3, 3, 3, 3, 3, 3, 3, 3, 3, 3, 3, 3, 3, 3, 3, 3, 3, 3, 3, 3, 3, 3, 3, 3, 3, 3, 3, 3, 3, 3, 3, 3, 3, 3, 3, 3, 3, 3, 3, 3, 3, 3, 3, 3, 3, 3, 3, 3, 3, 3, 3, 3, 3, 3, 3, 3, 3, 3, 3, 3, 3, 3, 3, 3, 3, 3, 3, 3, 3, 3, 3, 3, 3, 3, 3, 3, 3, 3, 3, 3, 3, 3, 3, 3, 3, 3, 3, 3, 3, 3, 3, 3, 3, 3, 3, 3, 3, 3, 3, 3, 3, 3, 3, 3, 3, 3, 3, 3, 3, 3, 3, 3, 3, 3, 3, 3, 3, 3, 3, 3, 3, 3, 3, 3, 3, 3, 3, 3, 3, 3, 3, 3, 3, 3, 3, 3, 3, 3, 3, 3, 3, 3, 3, 3, 3, 3, 3, 3, 3, 3, 3, 3, 3, 3, 3, 3, 3, 3, 3, 3, 3, 3, 3, 3, 3, 3, 3, 3, 3, 3, 3, 3, 3, 3, 3, 3, 3, 3, 3, 3, 3, 3, 3, 3, 3, 3, 3, 3, 3, 3, 3, 3, 3, 3, 3, 3, 3, 3, 3, 3, 3, 3, 3, 3, 3, 3, 3, 3, 3, 3, 3, 3, 3, 3, 3, 3, 3, 3, 3, 3, 3, 3, 3, 3, 3, 3, 3, 3, 3, 3, 3, 3, 3, 3, 3, 3, 3, 3, 3, 3, 3, 3, 3, 3, 3, 3, 3, 3, 3, 3, 3, 3, 3, 3, 3, 3, 3, 3, 3, 3, 3, 3, 3, 3, 3, 3, 3, 3, 3, 3, 3, 3, 3, 3, 3, 3, 3, 3, 3, 3, 3, 3, 3, 3, 3, 3, 3, 3, 3, 3, 3, 3, 3, 3, 3, 3, 3, 3, 3, 3, 3, 3, 3, 3, 3, 3, 3, 3, 3, 3, 3, 3, 3, 3, 3, 3, 3, 3, 3, 3, 3, 3, 3, 3, 3, 3, 3, 3, 3, 3, 3, 3, 3, 3, 3, 3, 3, 3, 3, 3, 3, 3, 3, 3, 3, 3, 3, 3, 3, 3, 3, 3, 3, 3, 3, 3, 3, 3, 3, 3, 3, 3, 3, 3, 3, 3, 3, 3, 3, 3, 3, 3, 3, 3, 3, 3, 3, 3, 3, 3, 3, 3, 3, 3, 3, 3, 3, 3, 3, 3, 3, 3, 3, 3, 3, 3, 3, 3, 3, 3, 3, 3, 3, 3, 3, 3, 3, 3, 3, 3, 3, 3, 3, 3, 3, 3, 3, 3, 3, 3, 3, 3, 3, 3, 3, 3, 3, 3, 3, 3, 3, 3, 3, 3, 3, 3, 3, 3, 3, 3, 3, 3, 3, 3, 3, 3, 3, 3, 3, 3, 3, 3, 3, 3, 3, 3, 3, 3, 3, 3, 3, 3, 3, 3, 3, 3, 3, 3, 3, 3, 3, 3, 3, 3, 3, 3, 3, 3, 3, 3, 3, 3, 3, 3, 3, 3, 3, 3, 3, 3, 3, 3, 3, 3, 3, 3, 3, 3, 3, 3, 3, 3, 3, 3, 3, 3, 3, 3, 3, 3, 3, 3, 3, 3, 3, 3, 3, 3, 3, 3, 3, 3, 3, 3, 3, 3, 3, 3, 3, 3, 3, 3, 3, 3, 3, 3, 3, 3, 3, 3, 3, 3, 3, 3, 3, 3, 3, 3, 3, 3, 3, 3, 3, 3, 3, 3, 3, 3, 3, 3, 3, 3, 3, 3, 3, 3, 3, 3, 3, 3, 3, 3, 3, 3, 3, 3, 3, 3, 3, 3, 3, 3, 3, 3, 3, 3, 3, 3, 3, 3, 3, 3, 3, 3, 3, 3, 3, 3, 3, 3, 3, 3, 3, 3, 3, 3, 3, 3, 3, 3, 3, 3, 3, 3, 3, 3, 3, 3, 3, 3, 3, 3, 3, 3, 3, 3, 3, 3, 3, 3, 3, 3, 3, 3, 3, 3, 3, 3, 3, 3, 3, 3, 3, 3, 3, 3, 3, 3, 3, 3, 3, 3, 3, 3, 3, 3, 3, 3, 3, 3, 3, 3, 3, 3, 3, 3, 3, 3, 3, 3, 3, 3, 3, 3, 3, 3, 3, 3, 3, 3, 3, 3, 3, 3, 3, 3, 3, 3, 3, 3, 3, 3, 3, 3, 3, 3, 3, 3, 3, 3, 3, 3, 3, 3, 3, 3, 3, 3, 3, 3, 3, 3, 3, 3, 3, 3, 3, 3, 3, 3, 3, 3, 3, 3, 3, 3, 3, 3, 3, 3, 3, 3, 3, 3, 3, 3, 3, 3, 3, 3, 3, 3, 3, 3, 3, 3, 3, 3, 3, 3, 3, 3, 3, 3, 3, 3, 3, 3, 3, 3, 3, 3, 3, 3, 3, 3, 3, 3, 3, 3, 3, 3, 3, 3, 3, 3, 3, 3, 3, 3, 3, 3, 3, 3, 3, 3, 3, 3, 3, 3, 3, 3, 3, 3, 3, 3, 3, 3, 3, 3, 3, 3, 3, 3, 3, 3, 3, 3, 3, 3, 3, 3, 3, 3, 3, 3, 3, 3, 3, 3, 3, 3, 3, 3, 3, 3, 3, 3, 3, 3, 3, 3, 3, 3, 3, 3, 3, 3, 3, 3, 3, 3, 3, 3, 3, 3, 3, 3, 3, 3, 3, 3, 3, 3, 3, 3, 3, 3, 3, 3, 3, 3, 3, 3, 3, 3, 3, 3, 3, 3, 3, 3, 3, 3, 3, 3, 3, 3, 3, 3, 3, 3, 3, 3, 3, 3, 3, 3, 3, 3, 3, 3, 3, 3, 3, 3, 3, 3, 3, 3, 3, 3, 3, 3, 3, 3, 3, 3, 3, 3, 3, 3, 3, 3, 3, 3, 3, 3, 3, 3, 3, 3, 3, 3, 3, 3, 3, 3, 3, 3, 3, 3, 3, 3, 3, 3, 3, 3, 3, 3, 3, 3, 3, 3, 3, 3, 3, 3, 3, 3, 3, 3, 3, 3, 3, 3, 3, 3, 3, 3, 3, 3, 3, 3, 3, 3, 3, 3, 3, 3, 3, 3, 3, 3, 3, 3, 3, 3, 3, 3, 3, 3, 3, 3, 3, 3, 3, 3, 3, 3, 3, 3, 3, 3, 3, 3, 3, 3, 3, 3, 3, 3, 3, 3, 3, 3, 3, 3, 3, 3, 3, 3, 3, 3, 3, 3, 3, 3, 3, 3, 3, 3, 3, 3, 3, 3, 3, 3, 3, 3, 3, 3, 3, 3, 3, 3, 3, 3, 3, 3, 3, 3, 3, 3, 3, 3, 3, 3, 3, 3, 3, 3, 3, 3, 3, 3, 3, 3, 3, 3, 3, 3, 3, 3, 3, 3, 3, 3, 3, 3, 3, 3, 3, 3, 3, 3, 3, 3, 3, 3, 3, 3, 3, 3, 3, 3, 3, 3, 3, 3, 3, 3, 3, 3, 3, 3, 3, 3, 3, 3, 3, 3, 3, 3, 3, 3, 3, 3, 3, 3, 3, 3, 3, 3, 3, 3, 3, 3, 3, 3, 3, 3, 3, 3, 3, 3, 3, 3, 3, 3, 3, 3, 3, 3, 3, 3, 3, 3, 3, 3, 3, 3, 3, 3, 3, 3, 3, 3, 3, 3, 3, 3, 3, 3, 3, 3, 3, 3, 3, 3, 3, 3, 3, 3, 3, 3, 3, 3, 3, 3, 3, 3, 3, 3, 3, 3, 3, 3, 3, 3, 3, 3, 3, 3, 3, 3, 3, 3, 3, 3, 3, 3, 3, 3, 3, 3, 3, 3, 3, 3, 3, 3, 3, 3, 3, 3, 3, 3, 3, 3, 3, 3, 3, 3, 3, 3, 3, 3, 3, 3, 3, 3, 3, 3, 3, 3, 3, 3, 3, 3, 3, 3, 3, 3, 3, 3, 3, 3, 3, 3, 3, 3, 3, 3, 3, 3, 3, 3, 3, 3, 3, 3, 3, 3, 3, 3, 3, 3, 3, 3, 3, 3, 3, 3, 3, 3, 3, 3, 3, 3, 3, 3, 3, 3, 3, 3, 3, 3, 3, 3, 3, 3, 3, 3, 3, 3, 3, 3, 3, 3, 3, 3, 3, 3, 3, 3, 3, 3, 3, 3, 3, 3, 3, 3, 3, 3, 3, 3, 3, 3, 3, 3, 3, 3, 3, 3, 3, 3, 3, 3, 3, 3, 3, 3, 3, 3, 3, 3, 3, 3, 3, 3, 3, 3, 3, 3, 3, 3, 3, 3, 3, 3, 3, 3, 3, 3, 3, 3, 3, 3, 3, 3, 3, 3, 3, 3, 3, 3, 3, 3, 3, 3, 3, 3, 3, 3, 3, 3, 3, 3, 3, 3, 3, 3, 3, 3, 3, 3, 3, 3, 3, 3, 3, 3, 3, 3, 3, 3, 3, 3, 3, 3, 3, 3, 3, 3, 3, 3, 3, 3, 3, 3, 3, 3, 3, 3, 3, 3, 3, 3, 3, 3, 3, 3, 3, 3, 3, 3, 3, 3, 3, 3, 3, 3, 3, 3, 3, 3, 3, 3, 3, 3, 3, 3, 3, 3, 3, 3, 3, 3, 3, 3, 3, 3, 3, 3, 3, 3, 3, 3, 3, 3, 3, 3, 3, 3, 3, 3, 3, 3, 3, 3, 3, 3, 3, 3, 3, 3, 3, 3, 3, 3, 3, 3, 3, 3, 3, 3, 3, 3, 3, 3, 3, 3, 3, 3, 3, 3, 3, 3, 3, 3, 3, 3, 3, 3, 3, 3, 3, 3, 3, 3, 3, 3, 3, 3, 3, 3, 3, 3, 3, 3, 3, 3, 3, 3, 3, 3, 3, 3, 3, 3, 3, 3, 3, 3, 3, 3, 3, 3, 3, 3, 3, 3, 3, 3, 3, 3, 3, 3, 3, 3, 3, 3, 3, 3, 3, 3, 3, 3, 3, 3, 3, 3, 3, 3, 3, 3, 3, 3, 3, 3, 3, 3, 3, 3, 3, 3, 3, 3, 3, 3, 3, 3, 3, 3, 3, 3, 3, 3, 3, 3, 3, 3, 3, 3, 3, 3, 3, 3, 3, 3, 3, 3, 3, 3, 3, 3, 3, 3, 3, 3, 3, 3, 3, 3, 3, 3, 3, 3, 3, 3, 3, 3, 3, 3, 3, 3, 3, 3, 3, 3, 3, 3, 3, 3, 3, 3, 3, 3, 3, 3, 3, 3, 3, 3, 3, 3, 3, 3, 3, 3, 3, 3, 3, 3, 3, 3, 3, 3, 3, 3, 3, 3, 3, 3, 3, 3, 3, 3, 3, 3, 3, 3, 3, 3, 3, 3, 3, 3, 3, 3, 3, 3, 3, 3, 3, 3, 3, 3, 3, 3, 3, 3, 3, 3, 3, 3, 3, 3, 3, 3, 3, 3, 3, 3, 3, 3, 3, 3, 3, 3, 3, 3, 3, 3, 3, 3, 3, 3, 3, 3, 3, 3, 3, 3, 3, 3, 3, 3, 3, 3, 3, 3, 3, 3, 3, 3, 3, 3, 3, 3, 3, 3, 3, 3, 3, 3, 3, 3, 3, 3, 3, 3, 3, 3, 3, 3, 3, 3, 3, 3, 3, 3, 3, 3, 3, 3, 3, 3, 3, 3, 3, 3, 3, 3, 3, 3, 3, 3, 3, 3, 3, 3, 3, 3, 3, 3, 3, 3, 3, 3, 3, 3, 3, 3, 3, 3, 3, 3, 3, 3, 3, 3, 3, 3, 3, 3, 3, 3, 3, 3, 3, 3, 3, 3, 3, 3, 3, 3, 3, 3, 3, 3, 3, 3, 3, 3, 3, 3, 3, 3, 3, 3, 3, 3, 3, 3, 3, 3, 3, 3, 3, 3, 3, 3, 3, 3, 3, 3, 3, 3, 3, 3, 3, 3, 3, 3, 3, 3, 3, 3, 3, 3, 3, 3, 3, 3, 3, 3, 3, 3, 3, 3, 3, 3, 3, 3, 3, 3, 3, 3, 3, 3, 3, 3, 3, 3, 3, 3, 3, 3, 3, 3, 3, 3, 3, 3, 3, 3, 3, 3, 3, 3, 3, 3, 3, 3, 3, 3, 3, 3, 3, 3, 3, 3, 3, 3, 3, 3, 3, 3, 3, 3, 3, 3, 3, 3, 3, 3, 3, 3, 3, 3, 3, 3, 3, 3, 3, 3, 3, 3, 3, 3, 3, 3, 3, 3, 3, 3, 3, 3, 3, 3, 3, 3, 3, 3, 3, 3, 3, 3, 3, 3, 3, 3, 3, 3, 3, 3, 3, 3, 3, 3, 3, 3, 3, 3, 3, 3, 3, 3, 3, 3, 3, 3, 3, 3, 3, 3, 3, 3, 3, 3, 3, 3, 3, 3, 3, 3, 3, 3, 3, 3, 3, 3, 3, 3, 3, 3, 3, 3, 3, 3, 3, 3, 3, 3, 3, 3, 3, 3, 3, 3, 3, 3, 3, 3, 3, 3, 3, 3, 3, 3, 3, 3, 3, 3, 3, 3, 3, 3, 3, 3, 3, 3, 3, 3, 3, 3, 3, 3, 3, 3, 3, 3, 3, 3, 3, 3, 3, 3, 3, 3, 3, 3, 3, 3, 3, 3, 3, 3, 3, 3, 3, 3, 3, 3, 3, 3, 3, 3, 3, 3, 3, 3, 3, 3, 3, 3, 3, 3, 3, 3, 3, 3, 3, 3, 3, 3, 3, 3, 3, 3, 3, 3, 3, 3, 3, 3, 3, 3, 3, 3, 3, 3, 3, 3, 3, 3, 3, 3, 3, 3, 3, 3, 3, 3, 3, 3, 3, 3, 3, 3, 3, 3, 3, 3, 3, 3, 3, 3, 3, 3, 3, 3, 3, 3, 3, 3, 3, 3, 3, 3, 3, 3, 3, 3, 3, 3, 3, 3, 3, 3, 3, 3, 3, 3, 3, 3, 3, 3, 3, 3, 3, 3, 3, 3, 3, 3, 3, 3, 3, 3, 3, 3, 3, 3, 3, 3, 3, 3, 3, 3, 3, 3, 3, 3, 3, 3, 3, 3, 3, 3, 3, 3, 3, 3, 3, 3, 3, 3, 3, 3, 3, 3, 3, 3, 3, 3, 3, 3, 3, 3, 3, 3, 3, 3, 3, 3, 3, 3, 3, 3, 3, 3, 3, 3, 3, 3, 3, 3, 3, 3, 3, 3, 3, 3, 3, 3, 3, 3, 3, 3, 3, 3, 3, 3, 3, 3, 3, 3, 3, 3, 3, 3, 3, 3, 3, 3, 3, 3, 3, 3, 3, 3, 3, 3, 3, 3, 3, 3, 3, 3, 3, 3, 3, 3, 3, 3, 3, 3, 3, 3, 3, 3, 3, 3, 3, 3, 3, 3, 3, 3, 3, 3, 3, 3, 3, 3, 3, 3, 3, 3, 3, 3, 3, 3, 3, 3, 3, 3, 3, 3, 3, 3, 3, 3, 3, 3, 3, 3, 3, 3, 3, 3, 3, 3, 3, 3, 3, 3, 3, 3, 3, 3, 3, 3, 3, 3, 3, 3, 3, 3, 3, 3, 3, 3, 3, 3, 3, 3, 3, 3, 3, 3, 3, 3, 3, 3, 3, 3, 3, 3, 3, 3, 3, 3, 3, 3, 3, 3, 3, 3, 3, 3, 3, 3, 3, 3, 3, 3, 3, 3, 3, 3, 3, 3, 3, 3, 3, 3, 3, 3, 3, 3, 3, 3, 3, 3, 3, 3, 3, 3, 3, 3, 3, 3, 3, 3, 3, 3, 3, 3, 3, 3, 3, 3, 3, 3, 3, 3, 3, 3, 3, 3, 3, 3, 3, 3, 3, 3, 3, 3, 3, 3, 3, 3, 3, 3, 3, 3, 3, 3, 3, 3, 3, 3, 3, 3, 3, 3, 3, 3, 3, 3, 3, 3, 3, 3, 3, 3, 3, 3, 3, 3, 3, 3, 3, 3, 3, 3, 3, 3, 3, 3, 3, 3, 3, 3, 3, 3, 3, 3, 3, 3, 3, 3, 3, 3, 3, 3, 3, 3, 3, 3, 3, 3, 3, 3, 3, 3, 3, 3, 3, 3, 3, 3, 3, 3, 3, 3, 3, 3, 3, 3, 3, 3, 3, 3, 3, 3, 3, 3, 3, 3, 3, 3, 3, 3, 3, 3, 3, 3, 3, 3, 3, 3, 3, 3, 3, 3, 3, 3, 3, 3, 3, 3, 3, 3, 3, 3, 3, 3, 3, 3, 3, 3, 3, 3, 3, 3, 3, 3, 3, 3, 3, 3, 3, 3, 3, 3, 3, 3, 3, 3, 3, 3, 3, 3, 3, 3, 3, 3, 3, 3, 3, 3, 3, 3, 3, 3, 3, 3, 3, 3, 3, 3, 3, 3, 3, 3, 3, 3, 3, 3, 3, 3, 3, 3, 3, 3, 3, 3, 3, 3, 3, 3, 3, 3, 3, 3, 3, 3, 3, 3, 3, 3, 3, 3, 3, 3, 3, 3, 3, 3, 3, 3, 3, 3, 3, 3, 3, 3, 3, 3, 3, 3, 3, 3, 3, 3, 3, 3, 3, 3, 3, 3, 3, 3, 3, 3, 3, 3, 3, 3, 3, 3, 3, 3, 3, 3, 3, 3, 3, 3, 3, 3, 3, 3, 3, 3, 3, 3, 3, 3, 3, 3, 3, 3, 3, 3, 3, 3, 3, 3, 3, 3, 3, 3, 3, 3, 3, 3, 3, 3, 3, 3, 3, 3, 3, 3, 3, 3, 3, 3, 3, 3, 3, 3, 3, 3, 3, 3, 3, 3, 3, 3, 3, 3, 3, 3, 3, 3, 3, 3, 3, 3, 3, 3, 3, 3, 3, 3, 3, 3, 3, 3, 3, 3, 3, 3, 3, 3, 3, 3, 3, 3, 3, 3, 3, 3, 3, 3, 3, 3, 3, 3, 3, 3, 3, 3, 3, 3, 3, 3, 3, 3, 3, 3, 3, 3, 3, 3, 3, 3, 3, 3, 3, 3, 3, 3, 3, 3, 3, 3, 3, 3, 3, 3, 3, 3, 3, 3, 3, 3, 3, 3, 3, 3, 3, 3, 3, 3, 3, 3, 3, 3, 3, 3, 3, 3, 3, 3, 3, 3, 3, 3, 3, 3, 3, 3, 3, 3, 3, 3, 3, 3, 3, 3, 3, 3, 3, 3, 3, 3, 3, 3, 3, 3, 3, 3, 3, 3, 3, 3, 3, 3, 3, 3, 3, 3, 3, 3, 3, 3, 3, 3, 3, 3, 3, 3, 3, 3, 3, 3, 3, 3, 3, 3, 3, 3, 3, 3, 3, 3, 3, 3, 3, 3, 3, 3, 3, 3, 3, 3, 3, 3, 3, 3, 3, 3, 3, 3, 3, 3, 3, 3, 3, 3, 3, 3, 3, 3, 3, 3, 3, 3, 3, 3, 3, 3, 3, 3, 3, 3, 3, 3, 3, 3, 3, 3, 3, 3, 3, 3, 3, 3, 3, 3, 3, 3, 3, 3, 3, 3, 3, 3, 3, 3, 3, 3, 3, 3, 3, 3, 3, 3, 3, 3, 3, 3, 3, 3, 3, 3, 3, 3, 3, 3, 3, 3, 3, 3, 3, 3, 3, 3, 3, 3, 3, 3, 3, 3, 3, 3, 3, 3, 3, 3, 3, 3, 3, 3, 3, 3, 3, 3, 3, 3, 3, 3, 3, 3, 3, 3, 3, 3, 3, 3, 3, 3, 3, 3, 3, 3, 3, 3, 3, 3, 3, 3, 3, 3, 3, 3, 3, 3, 3, 3, 3, 3, 3, 3, 3, 3, 3, 3, 3, 3, 3, 3, 3, 3, 3, 3, 3, 3, 3, 3, 3, 3, 3, 3, 3, 3, 3, 3, 3, 3, 3, 3, 3, 3, 3, 3, 3, 3, 3, 3, 3, 3, 3, 3, 3, 3, 3, 3, 3, 3, 3, 3, 3, 3, 3, 3, 3, 3, 3, 3, 3, 3, 3, 3, 3, 3, 3, 3, 3, 3, 3, 3, 3, 3, 3, 3, 3, 3, 3, 3, 3, 3, 3, 3, 3, 3, 3, 3, 3, 3, 3, 3, 3, 3, 3, 3, 3, 3, 3, 3, 3, 3, 3, 3, 3, 3, 3, 3, 3, 3, 3, 3, 3, 3, 3, 3, 3, 3, 3, 3, 3, 3, 3, 3, 3, 3, 3, 3, 3, 3, 3, 3, 3, 3, 3, 3, 3, 3, 3, 3, 3, 3, 3, 3, 3, 3, 3, 3, 3, 3, 3, 3, 3, 3, 3, 3, 3, 3, 3, 3, 3, 3, 3, 3, 3, 3, 3, 3, 3, 3, 3, 3, 3, 3, 3, 3, 3, 3, 3, 3, 3, 3, 3, 3, 3, 3, 3, 3, 3, 3, 3, 3, 3, 3, 3, 3, 3, 3, 3, 3, 3, 3, 3, 3, 3, 3, 3, 3, 3, 3, 3, 3, 3, 3, 3, 3, 3, 3, 3, 3, 3, 3, 3, 3, 3, 3, 3, 3, 3, 3, 3, 3, 3, 3, 3, 3, 3, 3, 3, 3, 3, 3, 3, 3, 3, 3, 3, 3, 3, 3, 3, 3, 3, 3, 3, 3, 3, 3, 3, 3, 3, 3, 3, 3, 3, 3, 3, 3, 3, 3, 3, 3, 3, 3, 3, 3, 3, 3, 3, 3, 3, 3, 3, 3, 3, 3, 3, 3, 3, 3, 3, 3, 3, 3, 3, 3, 3, 3, 3, 3, 3, 3, 3, 3, 3, 3, 3, 3, 3, 3, 3, 3, 3, 3, 3, 3, 3, 3, 3, 3, 3, 3, 3, 3, 3, 3, 3, 3, 3, 3, 3, 3, 3, 3, 3, 3, 3, 3, 3, 3, 3, 3, 3, 3, 3, 3, 3, 3, 3, 3, 3, 3, 3, 3, 3, 3, 3, 3, 3, 3, 3, 3, 3, 3, 3, 3, 3, 3, 3, 3, 3, 3, 3, 3, 3, 3, 3, 3, 3, 3, 3, 3, 3, 3, 3, 3, 3, 3, 3, 3, 3, 3, 3, 3, 3, 3, 3, 3, 3, 3, 3, 3, 3, 3, 3, 3, 3, 3, 3, 3, 3, 3, 3, 3, 3, 3, 3, 3, 3, 3, 3, 3, 3, 3, 3, 3, 3, 3, 3, 3, 3, 3, 3, 3, 3, 3, 3, 3, 3, 3, 3, 3, 3, 3, 3, 3, 3, 3, 3, 3, 3, 3, 3, 3, 3, 3, 3, 3, 3, 3, 3, 3, 3, 3, 3, 3, 3, 3, 3, 3, 3, 3, 3, 3, 3, 3, 3, 3, 3, 3, 3, 3, 3, 3, 3, 3, 3, 3, 3, 3, 3, 3, 3, 3, 3, 3, 3, 3, 3, 3, 3, 3, 3, 3, 3, 3, 3, 3, 3, 3, 3, 3, 3, 3, 3, 3, 3, 3, 3, 3, 3, 3, 3, 3, 3, 3, 3, 3, 3, 3, 3, 3, 3, 3, 3, 3, 3, 3, 3, 3, 3, 3, 3, 3, 3, 3, 3, 3, 3, 3, 3, 3, 3, 3, 3, 3, 3, 3, 3, 3, 3, 3, 3, 3, 3, 3, 3, 3, 3, 3, 3, 3, 3, 3, 3, 3, 3, 3, 3, 3, 3, 3, 3, 3, 3, 3, 3, 3, 3, 3, 3, 3, 3, 3, 3, 3, 3, 3, 3, 3, 3, 3, 3, 3, 3, 3, 3, 3, 3, 3, 3, 3, 3, 3, 3, 3, 3, 3, 3, 3, 3, 3, 3, 3, 3, 3, 3, 3, 3, 3, 3, 3, 3, 3, 3, 3, 3, 3, 3, 3, 3, 3, 3, 3, 3, 3, 3, 3, 3, 3, 3, 3, 3, 3, 3, 3, 3, 3, 3, 3, 3, 3, 3, 3, 3, 3, 3, 3, 3, 3, 3, 3, 3, 3, 3, 3, 3, 3, 3, 3, 3, 3, 3, 3, 3, 3, 3, 3, 3, 3, 3, 3, 3, 3, 3, 3, 3, 3, 3, 3, 3, 3, 3, 3, 3, 3, 3, 3, 3, 3, 3, 3, 3, 3, 3, 3, 3, 3, 3, 3, 3, 3, 3, 3, 3, 3, 3, 3, 3, 3, 3, 3, 3, 3, 3, 3, 3, 3, 3, 3, 3, 3, 3, 3, 3, 3, 3, 3, 3, 3, 3, 3, 3, 3, 3, 3, 3, 3, 3, 3, 3, 3, 3, 3, 3, 3, 3, 3, 3, 3, 3, 3, 3, 3, 3, 3, 3, 3, 3, 3, 3, 3, 3, 3, 3, 3, 3, 3, 3, 3, 3, 3, 3, 3, 3, 3, 3, 3, 3, 3, 3, 3, 3, 3, 3, 3, 3, 3, 3, 3, 3, 3, 3, 3, 3, 3, 3, 3, 3, 3, 3, 3, 3, 3, 3, 3, 3, 3, 3, 3, 3, 3, 3, 3, 3, 3, 3, 3, 3, 3, 3, 3, 3, 3, 3, 3, 3, 3, 3, 3, 3, 3, 3, 3, 3, 3, 3, 3, 3, 3, 3, 3, 3, 3, 3, 3, 3, 3, 3, 3, 3, 3, 3, 3, 3, 3, 3, 3, 3, 3, 3, 3, 3, 3, 3, 3, 3, 3, 3, 3, 3, 3, 3, 3, 3, 3, 3, 3, 3, 3, 3, 3, 3, 3, 3, 3, 3, 3, 3, 3, 3, 3, 3, 3, 3, 3, 3, 3, 3, 3, 3, 3, 3, 3, 3, 3, 3, 3, 3, 3, 3, 3, 3, 3, 3, 3, 3, 3, 3, 3, 3, 3, 3, 3, 3, 3, 3, 3, 3, 3, 3, 3, 3, 3, 3, 3, 3, 3, 3, 3, 3, 3, 3, 3, 3, 3, 3, 3, 3, 3, 3, 3, 3, 3, 3, 3, 3, 3, 3, 3, 3, 3, 3, 3, 3, 3, 3, 3, 3, 3, 3, 3, 3, 3, 3, 3, 3, 3, 3, 3, 3, 3, 3, 3, 3, 3, 3, 3, 3, 3, 3, 3, 3, 3, 3, 3, 3, 3, 3, 3, 3, 3, 3, 3, 3, 3, 3, 3, 3, 3, 3, 3, 3, 3, 3, 3, 3, 3, 3, 3, 3, 3, 3, 3, 3, 3, 3, 3, 3, 3, 3, 3, 3, 3, 3, 3, 3, 3, 3, 3, 3, 3, 3, 3, 3, 3, 3, 3, 3, 3, 3, 3, 3, 3, 3, 3, 3, 3, 3, 3, 3, 3, 3, 3, 3, 3, 3, 3, 3, 3, 3, 3, 3, 3, 3, 3, 3, 3, 3, 3, 3, 3, 3, 3, 3, 3, 3, 3, 3, 3, 3, 3, 3, 3, 3, 3, 3, 3, 3, 3, 3, 3, 3, 3, 3, 3, 3, 3, 3, 3, 3, 3, 3, 3, 3, 3, 3, 3, 3, 3, 3, 3, 3, 3, 3, 3, 3, 3, 3, 3, 3, 3, 3, 3, 3, 3, 3, 3, 3, 3, 3, 3, 3, 3, 3, 3, 3, 3, 3, 3, 3, 3, 3, 3, 3, 3, 3, 3, 3, 3, 3, 3, 3, 3, 3, 3, 3, 3, 3, 3, 3, 3, 3, 3, 3, 3, 3, 3, 3, 3, 3, 3, 3, 3, 3, 3, 3, 3, 3, 3, 3, 3, 3, 3, 3, 3, 3, 3, 3, 3, 3, 3, 3, 3, 3, 3, 3, 3, 3, 3, 3, 3, 3, 3, 3, 3, 3, 3, 3, 3, 3, 3, 3, 3, 3, 3, 3, 3, 3, 3, 3, 3, 3, 3, 3, 3, 3, 3, 3, 3, 3, 3, 3, 3, 3, 3, 3, 3, 3, 3, 3, 3, 3, 3, 3, 3, 3, 3, 3, 3, 3, 3, 3, 3, 3, 3, 3, 3, 3, 3, 3, 3, 3, 3, 3, 3, 3, 3, 3, 3, 3, 3, 3, 3, 3, 3, 3, 3, 3, 3, 3, 3, 3, 3, 3, 3, 3, 3, 3, 3, 3, 3, 3, 3, 3, 3, 3, 3, 3, 3, 3, 3, 3, 3, 3, 3, 3, 3, 3, 3, 3, 3, 3, 3, 3, 3, 3, 3, 3, 3, 3, 3, 3, 3, 3, 3, 3, 3, 3, 3, 3, 3, 3, 3, 3, 3, 3, 3, 3, 3, 3, 3, 3, 3, 3, 3, 3, 3, 3, 3, 3, 3, 3, 3, 3, 3, 3, 3, 3, 3, 3, 3, 3, 3, 3, 3, 3, 3, 3, 3, 3, 3, 3, 3, 3, 3, 3, 3, 3, 3, 3, 3, 3, 3, 3, 3, 3, 3, 3, 3, 3, 3, 3, 3, 3, 3, 3, 3, 3, 3, 3, 3, 3, 3, 3, 3, 3, 3, 3, 3, 3, 3, 3, 3, 3, 3, 3, 3, 3, 3, 3, 3, 3, 3, 3, 3, 3, 3, 3, 3, 3, 3, 3, 3, 3, 3, 3, 3, 3, 3, 3, 3, 3, 3, 3, 3, 3, 3, 3, 3, 3, 3, 3, 3, 3, 3, 3, 3, 3, 3, 3, 3, 3, 3, 3, 3, 3, 3, 3, 3, 3, 3, 3, 3, 3, 3, 3, 3, 3, 3, 3, 3, 3, 3, 3, 3, 3, 3, 3, 3, 3, 3, 3, 3, 3, 3, 3, 3]
        int[] faceVertexIndices = [0, 2, 1, 3, 1, 4, 5, 3, 4, 3, 7, 6, 0, 6, 8, 9, 8, 10, 11, 8, 12, 13, 12, 14, 15, 13, 14, 16, 14, 17, 18, 16, 17, 19, 18, 17, 20, 17, 21, 12, 17, 14, 21, 8, 6, 20, 6, 7, 22, 7, 5, 23, 20, 24, 20, 23, 19, 19, 26, 25, 24, 26, 23, 27, 19, 25, 18, 27, 28, 16, 28, 29, 30, 16, 29, 15, 30, 31, 13, 31, 32, 26, 34, 33, 25, 33, 35, 27, 35, 36, 28, 36, 37, 29, 37, 38, 30, 38, 39, 31, 39, 40, 32, 40, 41, 33, 43, 42, 35, 42, 44, 36, 44, 45, 37, 45, 46, 38, 46, 47, 39, 47, 48, 40, 48, 49, 41, 49, 50, 51, 53, 52, 53, 51, 54, 55, 53, 54, 53, 55, 56, 57, 53, 56, 58, 5, 4, 59, 58, 4, 58, 59, 57, 22, 56, 55, 24, 22, 55, 60, 24, 55, 24, 61, 34, 43, 61, 62, 63, 61, 64, 7, 24, 20, 7, 22, 24, 56, 58, 57, 56, 5, 58, 55, 65, 60, 61, 65, 64, 66, 68, 67, 69, 66, 67, 70, 68, 71, 72, 68, 73, 74, 72, 73, 75, 73, 76, 77, 75, 76, 78, 77, 76, 79, 76, 80, 81, 79, 82, 78, 81, 77, 75, 77, 81, 74, 81, 83, 72, 71, 68, 84, 71, 83, 70, 84, 85, 67, 70, 69, 86, 69, 70, 85, 88, 87, 89, 88, 85, 90, 83, 81, 91, 81, 82, 92, 82, 93, 91, 95, 94, 90, 94, 96, 89, 96, 97, 88, 97, 98, 83, 71, 72, 72, 74, 83, 99, 101, 100, 102, 104, 103, 105, 103, 106, 107, 108, 99, 109, 107, 110, 111, 109, 110, 112, 105, 113, 104, 115, 114, 115, 100, 114, 116, 107, 109, 117, 109, 111, 118, 116, 119, 120, 116, 121, 122, 124, 123, 125, 112, 126, 125, 127, 115, 99, 127, 128, 111, 110, 128, 110, 99, 128, 108, 107, 122, 129, 105, 130, 131, 121, 118, 120, 121, 131, 132, 134, 133, 133, 129, 130, 135, 133, 136, 137, 133, 130, 124, 131, 138, 139, 141, 140, 142, 140, 143, 144, 143, 145, 146, 145, 147, 148, 147, 149, 150, 152, 151, 153, 155, 154, 156, 158, 157, 159, 157, 160, 145, 160, 147, 160, 157, 161, 147, 161, 149, 157, 163, 162, 161, 162, 164, 149, 164, 165, 162, 167, 166, 164, 166, 168, 165, 168, 152, 169, 170, 156, 171, 156, 159, 143, 159, 145, 140, 172, 143, 171, 172, 173, 169, 173, 174, 175, 174, 176, 173, 178, 177, 174, 173, 177, 179, 181, 180, 181, 182, 180, 180, 184, 183, 179, 183, 185, 186, 185, 187, 188, 150, 151, 189, 184, 190, 183, 188, 191, 185, 191, 192, 187, 192, 193, 191, 151, 194, 192, 194, 195, 193, 195, 196, 195, 168, 166, 196, 166, 167, 194, 152, 168, 197, 152, 153, 198, 200, 199, 201, 199, 202, 203, 202, 204, 205, 204, 206, 101, 207, 100, 208, 209, 207, 210, 211, 209, 212, 213, 211, 214, 215, 213, 216, 210, 208, 217, 212, 210, 218, 214, 212, 219, 220, 214, 221, 217, 216, 222, 218, 217, 223, 219, 218, 224, 225, 219, 226, 222, 221, 227, 223, 222, 228, 224, 223, 229, 230, 224, 103, 231, 106, 104, 200, 103, 204, 232, 206, 202, 233, 204, 234, 199, 200, 199, 235, 202, 114, 207, 236, 114, 234, 104, 237, 215, 238, 239, 213, 237, 240, 211, 239, 236, 209, 240, 233, 238, 232, 235, 237, 233, 241, 239, 235, 234, 240, 241, 124, 226, 221, 229, 243, 242, 244, 246, 245, 247, 248, 244, 124, 216, 123, 130, 106, 137, 249, 136, 137, 250, 251, 249, 136, 252, 135, 252, 253, 247, 106, 249, 137, 254, 256, 255, 248, 257, 246, 257, 205, 256, 258, 203, 257, 250, 201, 258, 249, 198, 250, 13, 259, 11, 260, 261, 259, 262, 263, 261, 264, 265, 263, 266, 267, 265, 268, 269, 267, 270, 271, 269, 272, 273, 271, 11, 274, 10, 259, 275, 274, 261, 276, 275, 263, 277, 276, 265, 278, 277, 267, 279, 278, 269, 280, 279, 271, 281, 280, 256, 32, 41, 266, 215, 268, 264, 238, 266, 262, 232, 264, 260, 206, 262, 32, 260, 13, 9, 274, 282, 283, 278, 284, 285, 277, 283, 286, 276, 285, 282, 275, 286, 230, 272, 225, 281, 287, 280, 220, 268, 215, 225, 270, 220, 279, 284, 278, 280, 288, 279, 289, 291, 290, 292, 293, 291, 294, 295, 293, 296, 297, 295, 298, 299, 297, 300, 301, 299, 302, 303, 301, 304, 305, 303, 306, 307, 305, 308, 309, 307, 310, 311, 309, 312, 313, 311, 314, 315, 313, 316, 317, 315, 318, 320, 319, 321, 323, 322, 324, 325, 321, 326, 325, 324, 327, 328, 326, 329, 330, 327, 331, 332, 329, 333, 334, 331, 335, 336, 333, 337, 338, 335, 339, 340, 337, 341, 342, 339, 319, 343, 341, 344, 64, 345, 346, 348, 347, 349, 350, 346, 351, 352, 349, 353, 354, 351, 355, 356, 353, 357, 358, 355, 359, 360, 357, 359, 362, 361, 363, 362, 359, 364, 365, 363, 366, 367, 364, 368, 54, 366, 345, 65, 368, 289, 319, 292, 317, 345, 315, 291, 347, 290, 293, 347, 291, 295, 346, 293, 297, 349, 295, 299, 351, 297, 301, 353, 299, 303, 355, 301, 305, 357, 303, 307, 359, 305, 309, 363, 307, 311, 364, 309, 313, 366, 311, 315, 368, 313, 316, 322, 369, 314, 321, 316, 312, 324, 314, 310, 326, 312, 308, 326, 310, 306, 327, 308, 304, 329, 306, 302, 331, 304, 300, 333, 302, 298, 335, 300, 296, 337, 298, 294, 339, 296, 292, 341, 294, 367, 54, 51, 361, 370, 360, 362, 371, 361, 365, 372, 362, 373, 51, 52, 51, 365, 367, 365, 373, 374, 375, 377, 376, 378, 4, 1, 379, 59, 378, 380, 381, 379, 382, 383, 380, 384, 385, 382, 386, 387, 384, 388, 389, 386, 376, 390, 388, 57, 381, 52, 391, 377, 375, 370, 377, 391, 371, 390, 370, 372, 389, 371, 374, 387, 372, 373, 385, 374, 52, 383, 373, 360, 391, 358, 350, 392, 348, 352, 393, 350, 354, 394, 352, 356, 395, 354, 358, 375, 356, 1, 397, 396, 394, 398, 393, 395, 399, 394, 375, 400, 395, 376, 401, 375, 388, 402, 376, 386, 403, 388, 384, 404, 386, 382, 405, 384, 380, 406, 382, 379, 407, 380, 378, 408, 379, 1, 409, 378, 397, 9, 282, 410, 396, 397, 411, 396, 410, 412, 398, 413, 414, 409, 411, 414, 407, 408, 415, 407, 414, 416, 406, 415, 417, 405, 416, 418, 404, 417, 419, 403, 418, 420, 402, 419, 421, 401, 420, 422, 400, 421, 413, 399, 422, 423, 425, 424, 426, 427, 425, 428, 429, 427, 430, 431, 429, 432, 433, 431, 434, 435, 433, 436, 437, 435, 438, 439, 437, 440, 441, 439, 442, 443, 441, 444, 445, 443, 446, 447, 445, 448, 449, 447, 450, 451, 449, 452, 453, 451, 454, 455, 453, 456, 93, 455, 457, 92, 93, 458, 95, 92, 459, 461, 460, 462, 463, 461, 464, 465, 463, 466, 467, 465, 468, 469, 467, 470, 471, 469, 472, 473, 471, 474, 475, 473, 476, 477, 475, 478, 479, 477, 480, 481, 479, 482, 483, 481, 484, 485, 483, 486, 487, 485, 488, 489, 487, 490, 76, 489, 491, 493, 492, 494, 495, 493, 496, 497, 495, 498, 499, 497, 500, 501, 499, 502, 503, 501, 504, 505, 503, 506, 507, 505, 508, 509, 507, 510, 511, 509, 512, 513, 511, 514, 515, 513, 516, 517, 515, 518, 519, 517, 520, 521, 519, 410, 523, 522, 413, 524, 412, 422, 525, 413, 421, 526, 422, 420, 527, 421, 419, 528, 420, 418, 529, 419, 418, 531, 530, 417, 531, 418, 416, 532, 417, 415, 533, 416, 414, 534, 415, 411, 535, 414, 410, 536, 411, 410, 286, 285, 410, 397, 282, 410, 284, 523, 410, 283, 284, 410, 285, 283, 50, 255, 256, 230, 538, 537, 242, 539, 230, 50, 256, 41, 242, 541, 540, 243, 542, 242, 537, 543, 273, 544, 546, 545, 281, 546, 544, 273, 547, 281, 288, 523, 284, 287, 523, 288, 522, 545, 536, 287, 545, 522, 423, 524, 525, 458, 541, 548, 457, 540, 458, 456, 539, 457, 454, 538, 456, 452, 543, 454, 450, 547, 452, 448, 546, 450, 446, 545, 448, 444, 545, 446, 442, 536, 444, 440, 535, 442, 438, 534, 440, 436, 533, 438, 434, 532, 436, 432, 531, 434, 430, 530, 432, 428, 530, 430, 426, 529, 428, 426, 527, 528, 423, 527, 426, 423, 525, 526, 424, 462, 459, 425, 464, 462, 427, 466, 464, 429, 468, 466, 431, 470, 468, 433, 472, 470, 435, 474, 472, 437, 476, 474, 439, 478, 476, 441, 480, 478, 443, 482, 480, 445, 484, 482, 447, 486, 484, 449, 488, 486, 451, 490, 488, 453, 80, 490, 455, 79, 80, 79, 93, 82, 460, 494, 491, 461, 496, 494, 463, 498, 496, 465, 500, 498, 467, 502, 500, 469, 504, 502, 471, 506, 504, 473, 508, 506, 475, 510, 508, 477, 512, 510, 479, 514, 512, 481, 516, 514, 483, 518, 516, 485, 520, 518, 487, 549, 520, 489, 73, 549, 53, 57, 52, 36, 28, 27, 544, 545, 287, 492, 551, 550, 493, 552, 551, 495, 553, 552, 497, 554, 553, 499, 555, 554, 501, 556, 555, 503, 557, 556, 505, 558, 557, 507, 559, 558, 509, 560, 559, 511, 561, 560, 513, 562, 561, 515, 563, 562, 517, 564, 563, 519, 565, 564, 550, 567, 566, 551, 568, 567, 552, 569, 568, 553, 570, 569, 554, 571, 570, 555, 572, 571, 556, 573, 572, 557, 574, 573, 558, 575, 574, 559, 576, 575, 560, 577, 576, 561, 578, 577, 562, 579, 578, 563, 580, 579, 564, 581, 580, 565, 582, 581, 73, 521, 549, 521, 583, 565, 521, 585, 584, 521, 586, 585, 566, 588, 587, 567, 589, 588, 568, 590, 589, 569, 591, 590, 570, 592, 591, 571, 593, 592, 572, 594, 593, 573, 595, 594, 574, 596, 595, 575, 597, 596, 576, 598, 597, 577, 599, 598, 578, 600, 599, 579, 601, 600, 580, 602, 601, 581, 603, 602, 587, 605, 604, 588, 606, 605, 589, 607, 606, 590, 608, 607, 591, 609, 608, 592, 610, 609, 593, 611, 610, 594, 612, 611, 595, 613, 612, 596, 614, 613, 597, 615, 614, 598, 616, 615, 599, 617, 616, 600, 618, 617, 601, 619, 618, 604, 621, 620, 605, 622, 621, 606, 623, 622, 607, 624, 623, 608, 625, 624, 609, 626, 625, 610, 627, 626, 611, 628, 627, 612, 629, 628, 613, 630, 629, 614, 631, 630, 615, 632, 631, 616, 633, 632, 617, 634, 633, 618, 635, 634, 619, 144, 635, 636, 638, 637, 639, 640, 638, 641, 642, 640, 643, 644, 642, 645, 646, 644, 647, 648, 646, 649, 650, 648, 651, 652, 650, 653, 654, 652, 655, 656, 654, 657, 658, 656, 659, 660, 658, 661, 662, 660, 663, 664, 662, 637, 666, 665, 638, 667, 666, 640, 668, 667, 642, 669, 668, 644, 670, 669, 646, 671, 670, 648, 672, 671, 650, 673, 672, 652, 674, 673, 654, 675, 674, 656, 676, 675, 658, 677, 676, 660, 678, 677, 662, 154, 678, 665, 680, 679, 666, 681, 680, 667, 682, 681, 668, 683, 682, 669, 684, 683, 670, 685, 684, 671, 686, 685, 672, 687, 686, 673, 688, 687, 674, 689, 688, 675, 690, 689, 661, 635, 663, 659, 634, 661, 657, 633, 659, 655, 632, 657, 653, 631, 655, 651, 630, 653, 649, 629, 651, 647, 628, 649, 645, 627, 647, 643, 626, 645, 641, 625, 643, 639, 624, 641, 139, 142, 619, 691, 602, 603, 139, 691, 692, 253, 258, 248, 393, 693, 392, 144, 146, 635, 148, 165, 664, 635, 148, 663, 664, 153, 154, 664, 165, 197, 178, 141, 694, 141, 172, 140, 176, 696, 695, 697, 699, 698, 700, 702, 701, 703, 701, 704, 705, 706, 697, 707, 705, 708, 709, 707, 708, 710, 703, 711, 702, 713, 712, 713, 698, 712, 714, 705, 707, 715, 707, 709, 716, 714, 717, 718, 714, 719, 720, 722, 721, 723, 710, 724, 723, 725, 713, 697, 725, 726, 709, 708, 726, 708, 697, 726, 706, 705, 720, 720, 699, 706, 727, 703, 728, 729, 719, 716, 718, 719, 729, 729, 731, 730, 732, 727, 728, 733, 730, 734, 735, 732, 728, 722, 729, 733, 728, 704, 735, 170, 702, 158, 167, 721, 196, 163, 699, 167, 158, 698, 163, 158, 702, 712, 701, 175, 704, 722, 196, 721, 733, 193, 722, 734, 187, 733, 735, 695, 736, 704, 176, 735, 155, 678, 154, 677, 690, 676, 678, 737, 677, 690, 738, 689, 685, 739, 684, 686, 740, 685, 687, 741, 686, 688, 742, 687, 689, 743, 688, 744, 746, 745, 680, 747, 679, 681, 747, 680, 682, 747, 681, 748, 750, 749, 746, 751, 748, 752, 754, 753, 755, 756, 754, 757, 758, 756, 759, 760, 758, 761, 762, 760, 753, 764, 763, 754, 765, 764, 756, 766, 765, 758, 767, 766, 760, 768, 767, 763, 770, 769, 764, 771, 770, 765, 772, 771, 766, 773, 772, 767, 768, 773, 769, 775, 774, 770, 776, 775, 771, 777, 776, 772, 778, 777, 774, 780, 779, 775, 781, 780, 776, 782, 781, 777, 783, 782, 779, 785, 784, 780, 786, 785, 781, 788, 787, 782, 790, 789, 773, 768, 622, 621, 791, 620, 621, 768, 762, 622, 768, 621, 773, 622, 639, 639, 622, 623, 792, 794, 793, 795, 797, 796, 798, 800, 799, 793, 801, 792, 801, 803, 802, 804, 801, 805, 805, 802, 806, 806, 802, 807, 807, 802, 808, 796, 809, 800, 800, 809, 810, 808, 800, 810, 796, 812, 811, 813, 797, 814, 813, 815, 812, 812, 816, 811, 811, 818, 817, 817, 819, 809, 809, 820, 810, 810, 821, 808, 808, 821, 822, 807, 822, 823, 806, 823, 824, 825, 806, 824, 826, 805, 825, 826, 814, 804, 827, 821, 828, 822, 827, 829, 823, 829, 830, 824, 830, 831, 832, 824, 831, 833, 825, 832, 834, 826, 833, 820, 836, 835, 818, 836, 819, 816, 837, 818, 838, 816, 815, 839, 815, 840, 814, 839, 840, 834, 841, 814, 842, 838, 839, 838, 844, 843, 843, 845, 837, 837, 846, 836, 836, 847, 835, 835, 848, 828, 827, 848, 849, 829, 827, 849, 834, 850, 841, 845, 852, 851, 845, 853, 846, 846, 854, 847, 847, 855, 848, 848, 856, 849, 829, 856, 857, 830, 857, 858, 831, 858, 859, 860, 831, 859, 861, 832, 860, 862, 832, 861, 863, 833, 862, 864, 834, 863, 864, 842, 850, 865, 866, 842, 867, 868, 842, 866, 867, 842, 853, 869, 854, 854, 870, 855, 855, 871, 856, 856, 872, 857, 873, 857, 872, 858, 857, 873, 874, 862, 875, 876, 863, 874, 877, 863, 876, 878, 864, 877, 878, 866, 865, 879, 867, 866, 852, 880, 851, 881, 882, 852, 881, 884, 883, 885, 881, 867, 886, 885, 867, 859, 873, 887, 860, 887, 888, 861, 888, 889, 862, 889, 890, 875, 862, 890, 870, 891, 871, 891, 893, 892, 891, 895, 894, 896, 891, 894, 872, 896, 897, 873, 897, 898, 887, 898, 899, 888, 899, 900, 901, 888, 900, 889, 901, 902, 903, 889, 902, 904, 890, 903, 905, 875, 904, 906, 874, 905, 907, 876, 906, 907, 878, 877, 908, 879, 878, 894, 910, 909, 896, 909, 911, 897, 911, 912, 898, 912, 913, 899, 913, 914, 900, 914, 915, 901, 915, 916, 917, 919, 918, 920, 922, 921, 923, 922, 924, 925, 924, 926, 910, 927, 909, 911, 927, 917, 911, 920, 912, 913, 920, 921, 914, 921, 923, 915, 923, 925, 916, 925, 928, 929, 931, 930, 931, 933, 932, 930, 932, 934, 919, 936, 935, 918, 935, 929, 922, 929, 937, 937, 930, 938, 938, 934, 939, 934, 932, 940, 932, 941, 940, 939, 934, 940, 942, 941, 943, 942, 945, 944, 946, 944, 947, 948, 950, 949, 951, 952, 946, 950, 946, 947, 951, 954, 953, 955, 956, 954, 926, 957, 956, 924, 937, 957, 958, 959, 948, 959, 955, 948, 960, 926, 959, 928, 925, 960, 961, 928, 960, 962, 959, 958, 963, 958, 964, 960, 962, 961, 961, 963, 965, 966, 928, 961, 967, 966, 961, 967, 961, 965, 967, 965, 968, 969, 916, 966, 970, 966, 967, 971, 967, 968, 971, 970, 967, 971, 973, 972, 972, 975, 974, 974, 977, 976, 978, 916, 969, 979, 969, 970, 980, 970, 971, 981, 970, 980, 982, 984, 983, 977, 983, 976, 985, 983, 984, 976, 985, 986, 986, 985, 987, 974, 986, 988, 989, 991, 990, 972, 988, 992, 971, 992, 993, 994, 995, 991, 988, 987, 996, 994, 996, 995, 994, 992, 988, 993, 992, 994, 993, 980, 971, 997, 980, 993, 997, 994, 989, 998, 990, 999, 1000, 989, 998, 1001, 1000, 998, 1001, 999, 1002, 1000, 981, 997, 1003, 1004, 1000, 1005, 978, 979, 1005, 981, 1004, 1006, 902, 1007, 1008, 1007, 1005, 1009, 1005, 1004, 1010, 903, 1006, 1011, 1006, 1008, 1012, 1008, 1009, 1013, 1012, 1014, 1015, 1017, 1016, 1018, 1001, 1019, 1018, 1014, 1003, 1020, 1022, 1021, 1003, 1012, 1009, 1023, 1010, 1011, 1021, 1024, 1020, 1020, 1026, 1025, 1024, 1027, 1026, 1012, 1028, 1011, 1028, 1023, 1011, 1029, 1030, 1023, 1023, 1032, 1031, 1031, 906, 905, 1032, 907, 906, 1033, 908, 907, 1034, 1035, 908, 1036, 1034, 1033, 1030, 1033, 1032, 1037, 1036, 1030, 1038, 1039, 1027, 1040, 1041, 1036, 1042, 1043, 1039, 851, 1044, 853, 870, 869, 893, 927, 1045, 919, 935, 1046, 931, 1047, 1049, 1048, 1050, 1051, 1047, 1052, 1053, 1050, 1051, 1054, 1049, 1053, 1055, 1051, 1056, 1057, 1053, 1058, 1059, 1056, 1060, 1056, 1052, 882, 1061, 880, 883, 1061, 882, 883, 1050, 1047, 883, 1052, 1050, 1052, 1062, 1060, 883, 1062, 1052, 884, 1062, 883, 1063, 1065, 1064, 1066, 1067, 1063, 1054, 1069, 1068, 1055, 1070, 1069, 1057, 1071, 1070, 1059, 1072, 1071, 1073, 1075, 1074, 1076, 1074, 1075, 1074, 1068, 1069, 1073, 1069, 1070, 1067, 1070, 1071, 1065, 1071, 1072, 1077, 1076, 1075, 1077, 1079, 1078, 1080, 1066, 1063, 1079, 1075, 1080, 1081, 1080, 1082, 1083, 1079, 1081, 1084, 1083, 1085, 1086, 1063, 1064, 1080, 1086, 1082, 1081, 1088, 1087, 1083, 1087, 1089, 1085, 1089, 1090, 1087, 1092, 1091, 1093, 1087, 1091, 1090, 1093, 1094, 1095, 1086, 1096, 1088, 1086, 1095, 1088, 1097, 1092, 1092, 1099, 1098, 1091, 1098, 1100, 1093, 1100, 1101, 1098, 1103, 1102, 1100, 1102, 1104, 1101, 1104, 1105, 1106, 1108, 1107, 1108, 1102, 1109, 1107, 1108, 1109, 1110, 1102, 1103, 1109, 1110, 1111, 1107, 1111, 1112, 1106, 1112, 1113, 1114, 1113, 1115, 1116, 1114, 1115, 1117, 1104, 1108, 1118, 1117, 1108, 1119, 1093, 1101, 1120, 1101, 1105, 1121, 1105, 1117, 1118, 1121, 1117, 1114, 1118, 1106, 1122, 1121, 1118, 1114, 1122, 1118, 1123, 1114, 1116, 1123, 1122, 1114, 1124, 1126, 1125, 1127, 1124, 1125, 1124, 1120, 1121, 1128, 1084, 1085, 1129, 1085, 1090, 1130, 1128, 1131, 1131, 1128, 1129, 1132, 1120, 1133, 1119, 1132, 1094, 1132, 1090, 1094, 1131, 1129, 1132, 1131, 1132, 1134, 1134, 1133, 1127, 885, 1135, 884, 1136, 1137, 885, 1138, 1137, 1136, 885, 1137, 1135, 886, 1136, 885, 886, 1138, 1136, 1139, 1115, 1140, 1141, 1143, 1142, 1144, 1146, 1145, 1140, 1113, 1147, 1148, 1147, 1149, 1148, 1150, 1143, 1151, 1135, 1137, 1152, 1154, 1153, 1097, 1095, 1096, 1099, 1097, 1096, 1154, 1099, 1096, 1154, 1103, 1099, 1110, 1103, 1154, 1138, 1151, 1137, 1155, 1154, 1156, 1155, 1111, 1110, 1157, 1112, 1111, 1112, 1147, 1113, 1158, 1147, 1159, 1160, 1159, 1157, 1160, 1155, 1161, 1161, 1156, 1162, 1158, 1150, 1149, 1163, 1158, 1160, 1164, 1151, 1138, 1165, 1156, 1152, 1166, 1160, 1161, 1167, 1161, 1162, 1168, 1162, 1165, 1169, 1171, 1170, 1171, 1172, 1170, 1173, 1174, 1172, 1175, 1176, 1174, 1177, 1146, 1176, 1169, 1178, 1171, 1178, 1173, 1171, 1179, 1175, 1173, 1180, 1177, 1175, 1177, 1181, 1145, 1182, 1179, 1178, 1183, 1180, 1179, 1184, 1181, 1180, 1185, 1145, 1181, 1186, 1144, 1145, 1144, 1188, 1187, 1189, 1164, 1190, 1034, 1189, 1190, 1035, 1164, 1138, 879, 1138, 886, 1041, 1191, 1189, 1192, 1194, 1193, 1192, 1193, 1195, 1196, 1192, 1195, 1192, 1197, 1194, 1182, 1169, 1198, 1164, 1195, 1193, 1196, 1164, 1189, 1199, 1182, 1198, 952, 942, 946, 949, 958, 948, 922, 917, 918, 902, 978, 1007, 904, 1031, 905, 841, 842, 839, 814, 1200, 794, 804, 814, 792, 798, 796, 800, 814, 840, 813, 802, 799, 808, 799, 800, 808, 796, 811, 817, 868, 852, 844, 821, 835, 828, 1201, 1123, 1116, 1188, 1201, 1187, 1134, 1199, 1131, 1127, 1182, 1134, 1125, 1183, 1127, 1126, 1184, 1125, 1123, 1185, 1126, 1123, 1188, 1186, 1202, 1131, 1043, 1016, 325, 1015, 1202, 338, 1130, 1042, 338, 1202, 1038, 336, 1042, 1024, 334, 1038, 1021, 332, 1024, 1022, 330, 1021, 1015, 328, 1022, 342, 1077, 1078, 1077, 1204, 1203, 1077, 343, 320, 338, 1205, 1130, 340, 1205, 338, 340, 1084, 1205, 342, 1084, 340, 342, 1078, 1084, 1191, 1196, 1189, 123, 208, 101, 123, 108, 122, 89, 84, 83, 85, 86, 70, 639, 636, 773, 636, 1206, 773, 1140, 1141, 1139, 178, 1208, 1207, 182, 190, 184, 1209, 1211, 1210, 1212, 1213, 1211, 1214, 1215, 1213, 1215, 1217, 1216, 1214, 1218, 1217, 1212, 1219, 1218, 1219, 1220, 1218, 1221, 1222, 1220, 1223, 1224, 1222, 1224, 1225, 1222, 1226, 1227, 1225, 1227, 1228, 1225, 1228, 1229, 1225, 1229, 1222, 1225, 1220, 1217, 1218, 1229, 1216, 1217, 1216, 1230, 1215, 1231, 1233, 1232, 1233, 1231, 1228, 1233, 1235, 1234, 1234, 1232, 1233, 1228, 1236, 1235, 1228, 1237, 1236, 1227, 1238, 1237, 1226, 1239, 1238, 1226, 1240, 1239, 1224, 1241, 1240, 1232, 1243, 1242, 1234, 1244, 1243, 1235, 1245, 1244, 1245, 1237, 1246, 1237, 1247, 1246, 1238, 1248, 1247, 1239, 1249, 1248, 1240, 1250, 1249, 1242, 42, 43, 1243, 44, 42, 1244, 45, 44, 1245, 46, 45, 1246, 47, 46, 1247, 48, 47, 1248, 49, 48, 1249, 50, 49, 1251, 1253, 1252, 1253, 1251, 1254, 1255, 1257, 1256, 1257, 1255, 1258, 1255, 1259, 1258, 1215, 1260, 1213, 1260, 1261, 1213, 1261, 1260, 1259, 1215, 1257, 1258, 1230, 1232, 1257, 1232, 1262, 1257, 1262, 1242, 1263, 1242, 62, 1263, 62, 1264, 1263, 1232, 1216, 1231, 1230, 1216, 1232, 1260, 1258, 1259, 1215, 1258, 1260, 1256, 1262, 1265, 1262, 1264, 1265, 1266, 1268, 1267, 1269, 1270, 1268, 1268, 1271, 1267, 1267, 1272, 1266, 1272, 1273, 1266, 1273, 1274, 1266, 1275, 1277, 1276, 1277, 1278, 1276, 1278, 1279, 1276, 1278, 1281, 1280, 1282, 1278, 1277, 1277, 1275, 1282, 1275, 1283, 1282, 1271, 1272, 1267, 1284, 1285, 1271, 1286, 1284, 1287, 1284, 1268, 1270, 1270, 1288, 1284, 1289, 1291, 1290, 1289, 1292, 1291, 1292, 1282, 1283, 1293, 1281, 1282, 1294, 1295, 1281, 1296, 94, 95, 1294, 96, 94, 1293, 97, 96, 1292, 98, 97, 1271, 1285, 1272, 1273, 1272, 1285, 1297, 1299, 1298, 1300, 1302, 1301, 1303, 1304, 1302, 1297, 1306, 1305, 1306, 1308, 1307, 1308, 1309, 1307, 1303, 1311, 1310, 1300, 1313, 1312, 1305, 1313, 1299, 1314, 1308, 1306, 1315, 1317, 1316, 1318, 1319, 1315, 1320, 1318, 1315, 1321, 1323, 1322, 1303, 1325, 1324, 1325, 1312, 1326, 1312, 1327, 1326, 1307, 1309, 1327, 1306, 1327, 1305, 1306, 1297, 1314, 1311, 1328, 1310, 1318, 1330, 1329, 1318, 1321, 1330, 1329, 1332, 1331, 1331, 1328, 1333, 1330, 1334, 1332, 1334, 1328, 1332, 1321, 1335, 1330, 1336, 1338, 1337, 1339, 1340, 1338, 1341, 1342, 1340, 1343, 1344, 1342, 1345, 1346, 1344, 1347, 1349, 1348, 1350, 1352, 1351, 1353, 1355, 1354, 1356, 1357, 1355, 1358, 1344, 1357, 1355, 1357, 1359, 1357, 1346, 1359, 1354, 1361, 1360, 1355, 1362, 1361, 1359, 1363, 1362, 1360, 1365, 1364, 1361, 1366, 1365, 1362, 1348, 1366, 1367, 1356, 1353, 1368, 1358, 1356, 1369, 1342, 1358, 1370, 1338, 1340, 1340, 1371, 1370, 1369, 1372, 1371, 1368, 1373, 1372, 1370, 1375, 1374, 1371, 1372, 1375, 1376, 1378, 1377, 1379, 1378, 1380, 1380, 1382, 1381, 1378, 1383, 1382, 1384, 1385, 1383, 1386, 1349, 1350, 1387, 1388, 1381, 1381, 1389, 1387, 1382, 1390, 1389, 1383, 1391, 1390, 1387, 1392, 1349, 1389, 1393, 1392, 1390, 1394, 1393, 1392, 1365, 1366, 1393, 1364, 1365, 1349, 1366, 1348, 1363, 1347, 1348, 1395, 1397, 1396, 1398, 1399, 1397, 1400, 1401, 1399, 1402, 1403, 1401, 1404, 1299, 1405, 1406, 1405, 1407, 1408, 1407, 1409, 1410, 1409, 1411, 1412, 1411, 1413, 1414, 1404, 1406, 1415, 1406, 1408, 1416, 1408, 1410, 1417, 1410, 1412, 1418, 1419, 1414, 1420, 1414, 1415, 1421, 1415, 1416, 1422, 1416, 1417, 1423, 1425, 1424, 1426, 1418, 1420, 1427, 1420, 1421, 1428, 1421, 1422, 1396, 1304, 1395, 1429, 1302, 1396, 1430, 1403, 1431, 1432, 1401, 1430, 1433, 1396, 1397, 1433, 1399, 1432, 1299, 1434, 1405, 1434, 1301, 1429, 1411, 1435, 1413, 1409, 1436, 1411, 1407, 1437, 1409, 1405, 1438, 1407, 1436, 1431, 1435, 1437, 1430, 1436, 1438, 1432, 1437, 1434, 1433, 1438, 1335, 1425, 1439, 1440, 1442, 1441, 1443, 1444, 1440, 1445, 1446, 1443, 1447, 1448, 1419, 1310, 1449, 1304, 1450, 1449, 1334, 1445, 1451, 1450, 1450, 1335, 1439, 1450, 1423, 1445, 1395, 1449, 1451, 1452, 1441, 1453, 1454, 1440, 1452, 1402, 1453, 1455, 1400, 1452, 1402, 1398, 1454, 1400, 1395, 1456, 1398, 1457, 1459, 1458, 1460, 1458, 1461, 1462, 1461, 1463, 1464, 1463, 1465, 1466, 1465, 1467, 1468, 1467, 1469, 1470, 1469, 1471, 1472, 1471, 1473, 1458, 1475, 1474, 1461, 1474, 1476, 1463, 1476, 1477, 1465, 1477, 1478, 1467, 1478, 1479, 1469, 1479, 1480, 1471, 1480, 1481, 1473, 1481, 1482, 1455, 1484, 1483, 1435, 1466, 1413, 1431, 1464, 1435, 1403, 1462, 1431, 1455, 1460, 1403, 1455, 1485, 1457, 1475, 1486, 1474, 1478, 1487, 1479, 1477, 1488, 1478, 1476, 1489, 1477, 1474, 1490, 1476, 1472, 1417, 1470, 1491, 1481, 1492, 1468, 1413, 1466, 1470, 1412, 1468, 1493, 1479, 1487, 1492, 1480, 1493, 1494, 290, 1495, 1496, 1495, 1497, 1498, 1497, 1499, 1500, 1499, 1501, 1502, 1501, 1503, 1504, 1503, 1505, 1506, 1505, 1507, 1508, 1507, 1509, 1510, 1509, 1511, 1512, 1511, 1513, 1514, 1513, 1515, 1516, 1518, 1517, 1519, 1517, 1520, 369, 1520, 317, 1204, 1522, 1521, 1523, 322, 323, 1523, 1525, 1524, 1526, 1528, 1527, 1529, 1530, 1526, 1531, 1532, 1529, 1533, 1534, 1531, 1535, 1536, 1533, 1537, 1538, 1535, 1539, 1540, 1537, 1541, 1542, 1539, 1543, 1544, 1541, 1521, 1545, 1543, 63, 1546, 1264, 1547, 347, 348, 1548, 1549, 1547, 1550, 1551, 1548, 1552, 1553, 1550, 1554, 1555, 1552, 1556, 1557, 1554, 1558, 1559, 1556, 1560, 1561, 1558, 1562, 1561, 1560, 1563, 1564, 1562, 1254, 1565, 1563, 1265, 1566, 1256, 1264, 1567, 1265, 318, 1494, 1522, 344, 1520, 1546, 347, 1495, 290, 1549, 1495, 347, 1551, 1497, 1549, 1553, 1499, 1551, 1555, 1501, 1553, 1557, 1503, 1555, 1559, 1505, 1557, 1561, 1507, 1559, 1564, 1509, 1561, 1565, 1511, 1564, 1568, 1513, 1565, 1567, 1518, 1566, 1546, 1517, 1567, 1524, 369, 322, 1525, 1519, 1524, 1530, 1569, 1528, 1530, 1512, 1514, 1532, 1512, 1530, 1534, 1510, 1532, 1536, 1508, 1534, 1538, 1506, 1536, 1540, 1504, 1538, 1542, 1502, 1540, 1544, 1500, 1542, 1545, 1498, 1544, 1522, 1496, 1545, 1254, 1563, 1253, 1570, 1556, 1571, 1572, 1558, 1570, 1573, 1560, 1572, 1253, 1574, 1252, 1574, 1563, 1562, 1574, 1562, 1573, 1575, 1577, 1576, 1261, 1211, 1213, 1578, 1580, 1579, 1581, 1582, 1578, 1583, 1584, 1581, 1585, 1586, 1583, 1587, 1588, 1585, 1589, 1590, 1587, 1575, 1591, 1589, 1579, 1252, 1578, 1575, 1592, 1577, 1589, 1592, 1575, 1587, 1571, 1589, 1585, 1570, 1587, 1583, 1572, 1585, 1581, 1573, 1583, 1578, 1574, 1581, 1571, 1554, 1592, 1593, 348, 392, 1594, 1547, 1593, 1595, 1548, 1594, 1577, 1550, 1595, 1592, 1552, 1577, 1596, 1598, 1597, 1599, 1593, 1600, 1601, 1594, 1599, 1602, 1595, 1601, 1603, 1577, 1602, 1604, 1576, 1603, 1605, 1591, 1604, 1606, 1590, 1605, 1607, 1588, 1606, 1608, 1586, 1607, 1609, 1584, 1608, 1610, 1582, 1609, 1598, 1580, 1610, 1596, 1486, 1611, 1598, 1612, 1597, 1610, 1612, 1598, 693, 1613, 1600, 1609, 1614, 1610, 1608, 1615, 1609, 1607, 1615, 1608, 1606, 1616, 1607, 1605, 1617, 1606, 1604, 1618, 1605, 1603, 1619, 1604, 1602, 1620, 1603, 1601, 1621, 1602, 1599, 1622, 1601, 1600, 1623, 1599, 1624, 424, 1625, 1626, 1625, 1627, 1628, 1627, 1629, 1630, 1629, 1631, 1632, 1631, 1633, 1634, 1633, 1635, 1636, 1635, 1637, 1638, 1637, 1639, 1640, 1639, 1641, 1642, 1641, 1643, 1644, 1643, 1645, 1646, 1645, 1647, 1648, 1647, 1649, 1650, 1649, 1651, 1652, 1651, 1653, 1654, 1653, 1655, 1656, 1657, 1295, 1658, 1295, 1296, 548, 1296, 95, 1659, 460, 1660, 1661, 1660, 1662, 1663, 1662, 1664, 1665, 1664, 1666, 1667, 1666, 1668, 1669, 1668, 1670, 1671, 1670, 1672, 1673, 1672, 1674, 1675, 1674, 1676, 1677, 1676, 1678, 1679, 1678, 1680, 1681, 1680, 1682, 1683, 1682, 1684, 1685, 1684, 1686, 1687, 1686, 1688, 1689, 1688, 1274, 1690, 492, 1691, 1692, 1691, 1693, 1694, 1693, 1695, 1696, 1695, 1697, 1698, 1697, 1699, 1700, 1699, 1701, 1702, 1701, 1703, 1704, 1703, 1705, 1706, 1705, 1707, 1708, 1707, 1709, 1710, 1709, 1711, 1712, 1711, 1713, 1714, 1713, 1715, 1716, 1715, 1717, 1718, 1717, 1719, 1720, 1612, 1721, 1722, 412, 524, 1723, 1613, 1722, 1724, 1623, 1723, 1725, 1622, 1724, 1726, 1621, 1725, 1727, 1620, 1726, 1728, 1619, 1727, 1729, 1619, 1728, 1730, 1618, 1729, 1731, 1617, 1730, 1732, 1616, 1731, 1733, 1615, 1732, 1721, 1614, 1733, 1486, 1489, 1490, 1597, 1612, 1486, 1487, 1612, 1720, 1488, 1612, 1487, 1489, 1612, 1488, 1734, 1736, 1735, 1737, 1739, 1738, 1740, 1741, 1737, 1736, 50, 1250, 542, 1740, 541, 1742, 1441, 1442, 1743, 1473, 1744, 1745, 1491, 1746, 1747, 1491, 1745, 1744, 1482, 1747, 1720, 1493, 1487, 1721, 1493, 1720, 1746, 1721, 1733, 1746, 1492, 1721, 524, 423, 1722, 1740, 548, 541, 1737, 1658, 1740, 1738, 1656, 1737, 1744, 1654, 1743, 1747, 1652, 1744, 1745, 1650, 1747, 1746, 1648, 1745, 1746, 1644, 1646, 1733, 1644, 1746, 1732, 1642, 1733, 1731, 1640, 1732, 1730, 1638, 1731, 1729, 1636, 1730, 1728, 1634, 1729, 1727, 1632, 1728, 1727, 1628, 1630, 1726, 1628, 1727, 1725, 1626, 1726, 1724, 1624, 1725, 1723, 1624, 1724, 1722, 423, 1723, 1625, 459, 1659, 1627, 1659, 1661, 1629, 1661, 1663, 1631, 1663, 1665, 1633, 1665, 1667, 1635, 1667, 1669, 1637, 1669, 1671, 1639, 1671, 1673, 1641, 1673, 1675, 1643, 1675, 1677, 1645, 1677, 1679, 1647, 1679, 1681, 1649, 1681, 1683, 1651, 1683, 1685, 1653, 1685, 1687, 1655, 1687, 1689, 1295, 1279, 1280, 1295, 1280, 1281, 1660, 491, 1690, 1662, 1690, 1692, 1664, 1692, 1694, 1666, 1694, 1696, 1668, 1696, 1698, 1670, 1698, 1700, 1672, 1700, 1702, 1674, 1702, 1704, 1676, 1704, 1706, 1678, 1706, 1708, 1680, 1708, 1710, 1682, 1710, 1712, 1684, 1712, 1714, 1686, 1714, 1716, 1688, 1716, 1718, 1274, 1718, 1266, 1748, 1251, 1252, 1237, 1245, 1236, 1746, 1491, 1492, 1691, 550, 1749, 1693, 1749, 1750, 1695, 1750, 1751, 1697, 1751, 1752, 1699, 1752, 1753, 1701, 1753, 1754, 1703, 1754, 1755, 1705, 1755, 1756, 1707, 1756, 1757, 1709, 1757, 1758, 1711, 1758, 1759, 1713, 1759, 1760, 1715, 1760, 1761, 1717, 1761, 1762, 1719, 1762, 1763, 1749, 566, 1764, 1750, 1764, 1765, 1751, 1765, 1766, 1752, 1766, 1767, 1753, 1767, 1768, 1754, 1768, 1769, 1755, 1769, 1770, 1756, 1770, 1771, 1757, 1771, 1772, 1758, 1772, 1773, 1759, 1773, 1774, 1760, 1774, 1775, 1761, 1775, 1776, 1762, 1776, 1777, 1763, 1777, 1778, 1779, 1778, 1780, 1781, 1718, 1719, 1782, 1763, 1779, 1783, 1719, 1782, 1781, 1719, 1783, 1764, 587, 1784, 1765, 1784, 1785, 1766, 1785, 1786, 1767, 1786, 1787, 1768, 1787, 1788, 1769, 1788, 1789, 1770, 1789, 1790, 1771, 1790, 1791, 1772, 1791, 1792, 1773, 1792, 1793, 1774, 1793, 1794, 1775, 1794, 1795, 1776, 1795, 1796, 1777, 1796, 1797, 1778, 1797, 1798, 1780, 1798, 1799, 1784, 604, 1800, 1785, 1800, 1801, 1786, 1801, 1802, 1787, 1802, 1803, 1788, 1803, 1804, 1789, 1804, 1805, 1790, 1805, 1806, 1791, 1806, 1807, 1792, 1807, 1808, 1793, 1808, 1809, 1794, 1809, 1810, 1795, 1810, 1811, 1796, 1811, 1812, 1797, 1812, 1813, 1798, 1813, 1814, 1800, 620, 1815, 1801, 1815, 1816, 1802, 1816, 1817, 1803, 1817, 1818, 1804, 1818, 1819, 1805, 1819, 1820, 1806, 1820, 1821, 1807, 1821, 1822, 1808, 1822, 1823, 1809, 1823, 1824, 1810, 1824, 1825, 1811, 1825, 1826, 1812, 1826, 1827, 1813, 1827, 1828, 1814, 1828, 1829, 1341, 1829, 1343, 1830, 1832, 1831, 1833, 1831, 1834, 1835, 1834, 1836, 1837, 1836, 1838, 1839, 1838, 1840, 1841, 1840, 1842, 1843, 1842, 1844, 1845, 1844, 1846, 1847, 1846, 1848, 1849, 1848, 1850, 1851, 1850, 1852, 1853, 1852, 1854, 1855, 1854, 1856, 1857, 1856, 1858, 1831, 1860, 1859, 1834, 1859, 1861, 1836, 1861, 1862, 1838, 1862, 1863, 1840, 1863, 1864, 1842, 1864, 1865, 1844, 1865, 1866, 1846, 1866, 1867, 1848, 1867, 1868, 1850, 1868, 1869, 1852, 1869, 1870, 1854, 1870, 1871, 1856, 1871, 1872, 1858, 1872, 1352, 1859, 1874, 1873, 1861, 1873, 1875, 1862, 1875, 1876, 1863, 1876, 1877, 1864, 1877, 1878, 1865, 1878, 1879, 1866, 1879, 1880, 1867, 1880, 1881, 1868, 1881, 1882, 1869, 1882, 1883, 1870, 1883, 1884, 1828, 1855, 1829, 1827, 1853, 1828, 1826, 1851, 1827, 1825, 1849, 1826, 1824, 1847, 1825, 1823, 1845, 1824, 1822, 1843, 1823, 1821, 1841, 1822, 1820, 1839, 1821, 1819, 1837, 1820, 1818, 1835, 1819, 1817, 1833, 1818, 1341, 1339, 1814, 1814, 1799, 1798, 1814, 1336, 1885, 1456, 1443, 1454, 1600, 392, 693, 1345, 1343, 1829, 1346, 1858, 1363, 1345, 1855, 1857, 1886, 1352, 1347, 1363, 1858, 1886, 1370, 1887, 1337, 1370, 1337, 1338, 1376, 1888, 1384, 1889, 1891, 1890, 1892, 1894, 1893, 1895, 1896, 1894, 1889, 1898, 1897, 1898, 1900, 1899, 1900, 1901, 1899, 1895, 1903, 1902, 1892, 1905, 1904, 1897, 1905, 1891, 1906, 1900, 1898, 1907, 1901, 1900, 1908, 1909, 1907, 1906, 1908, 1907, 1910, 1912, 1911, 1895, 1914, 1913, 1914, 1904, 1915, 1904, 1916, 1915, 1899, 1901, 1916, 1898, 1916, 1897, 1898, 1889, 1906, 1912, 1889, 1890, 1903, 1917, 1902, 1908, 1919, 1918, 1908, 1910, 1919, 1920, 1922, 1921, 1921, 1917, 1923, 1919, 1925, 1924, 1926, 1917, 1922, 1910, 1927, 1919, 1902, 1928, 1896, 1894, 1354, 1893, 1890, 1394, 1912, 1891, 1364, 1890, 1905, 1360, 1891, 1893, 1354, 1905, 1353, 1896, 1367, 1391, 1912, 1394, 1385, 1911, 1391, 1888, 1927, 1385, 1929, 1925, 1888, 1367, 1928, 1373, 1930, 1352, 1872, 1931, 1870, 1884, 1930, 1871, 1931, 1932, 1884, 1883, 1933, 1878, 1934, 1935, 1879, 1933, 1936, 1880, 1935, 1937, 1881, 1936, 1932, 1882, 1937, 1938, 1934, 1878, 1939, 1873, 1874, 1939, 1875, 1873, 750, 1875, 1939, 751, 1876, 750, 1938, 1877, 751, 1940, 1942, 1941, 752, 1941, 1943, 755, 1943, 1944, 757, 1944, 1945, 759, 1945, 1946, 761, 1946, 1947, 791, 1947, 1948, 1941, 1950, 1949, 1943, 1949, 1951, 1944, 1951, 1952, 1945, 1952, 1953, 1946, 1953, 1954, 1947, 1954, 1955, 1948, 1955, 1956, 1949, 1958, 1957, 1951, 1957, 1959, 1952, 1959, 1960, 1953, 1960, 1961, 1954, 1961, 1962, 1955, 1962, 1963, 1956, 1955, 1963, 1957, 1965, 1964, 1959, 1964, 1966, 1960, 1966, 1967, 1961, 1967, 1968, 1962, 1968, 1969, 1963, 1969, 1970, 1964, 1972, 1971, 1966, 1971, 1973, 1967, 1973, 1974, 1968, 1974, 1975, 1969, 1975, 1976, 1970, 1976, 1977, 1971, 1979, 1978, 1973, 1978, 1980, 1974, 1980, 1981, 1975, 1981, 1982, 1976, 1984, 1983, 1977, 1983, 1985, 1986, 1988, 1987, 784, 1987, 779, 1987, 1990, 1989, 779, 1989, 774, 1989, 1992, 1991, 774, 1991, 769, 1991, 1994, 1993, 769, 1993, 763, 1993, 1996, 1995, 763, 1995, 753, 1995, 1997, 1940, 753, 1940, 752, 1956, 1963, 1816, 1948, 620, 791, 1956, 1815, 1948, 1956, 1816, 1815, 1816, 1963, 1830, 1816, 1830, 1817, 1998, 2000, 1999, 2001, 2003, 2002, 2004, 2006, 2005, 2007, 2009, 2008, 2007, 2011, 2010, 2009, 2012, 2008, 2008, 2013, 2011, 2011, 2013, 2014, 2011, 2014, 2015, 2016, 2004, 2017, 2017, 2004, 2018, 2004, 2015, 2018, 2002, 2020, 2019, 2019, 1998, 2002, 2021, 2019, 2022, 2022, 2020, 2023, 2023, 2016, 2024, 2024, 2017, 2025, 2025, 2018, 2026, 2026, 2015, 2027, 2027, 2015, 2028, 2015, 2029, 2028, 2014, 2030, 2029, 2012, 2030, 2013, 2031, 2032, 2012, 1998, 2033, 2031, 2027, 2035, 2034, 2027, 2036, 2035, 2028, 2037, 2036, 2029, 2038, 2037, 2032, 2038, 2030, 2033, 2039, 2032, 1998, 2040, 2033, 2025, 2042, 2041, 2043, 2025, 2041, 2044, 2024, 2043, 2044, 2022, 2023, 2045, 2046, 2022, 2047, 2021, 2046, 2047, 2048, 1998, 2049, 2046, 2045, 2049, 2044, 2050, 2050, 2043, 2051, 2051, 2041, 2052, 2052, 2042, 2053, 2053, 2034, 2054, 2034, 2055, 2054, 2035, 2036, 2055, 2056, 2048, 2047, 2050, 2058, 2057, 2058, 2052, 2059, 2059, 2053, 2060, 2060, 2054, 2061, 2061, 2055, 2062, 2055, 2063, 2062, 2036, 2064, 2063, 2037, 2065, 2064, 2039, 2065, 2038, 2039, 2067, 2066, 2040, 2067, 2039, 2048, 2068, 2040, 2056, 2069, 2048, 2070, 2056, 2071, 2072, 2070, 2071, 2073, 2071, 2049, 2074, 2072, 2071, 1044, 2060, 869, 869, 2061, 2075, 2075, 2062, 2076, 2076, 2063, 2077, 2063, 2078, 2077, 2063, 2064, 2078, 2069, 2079, 2068, 2069, 2081, 2080, 2082, 2081, 2069, 2070, 2083, 2082, 2084, 2070, 2072, 2085, 2072, 2074, 2086, 2058, 880, 2087, 2057, 2086, 2088, 2073, 2087, 2088, 2074, 2073, 2089, 2085, 2074, 2064, 2090, 2078, 2065, 2091, 2090, 2066, 2092, 2091, 2067, 2093, 2092, 2068, 2079, 2093, 893, 2076, 2094, 893, 2094, 892, 892, 2095, 895, 2076, 2095, 2094, 2076, 2097, 2096, 2077, 2098, 2097, 2078, 2099, 2098, 2090, 2100, 2099, 2091, 2101, 2100, 2091, 2102, 2101, 2093, 2102, 2092, 2079, 2103, 2093, 2080, 2104, 2079, 2081, 2105, 2080, 2083, 2106, 2081, 2107, 2083, 2108, 2109, 2108, 2084, 895, 2110, 910, 2095, 2111, 2110, 2096, 2112, 2111, 2097, 2113, 2112, 2098, 2114, 2113, 2099, 2115, 2114, 2100, 2116, 2115, 2117, 2119, 2118, 2120, 2122, 2121, 2121, 2123, 2120, 2124, 2125, 2123, 2126, 2110, 2117, 2110, 2127, 2117, 2127, 2112, 2122, 2112, 2121, 2122, 2113, 2124, 2121, 2114, 2128, 2124, 2115, 2129, 2128, 2130, 2132, 2131, 1046, 2133, 933, 2131, 2134, 2133, 1045, 2130, 936, 2118, 2135, 2130, 2119, 2136, 2135, 2135, 2137, 2132, 2132, 2138, 2134, 2133, 2134, 2139, 933, 2139, 941, 2134, 2138, 2139, 2139, 943, 941, 943, 2140, 945, 2141, 2142, 2140, 2143, 2145, 2144, 2146, 2148, 2147, 2144, 2142, 2148, 2143, 2146, 2149, 2125, 2149, 2150, 2123, 2150, 2151, 2120, 2151, 2136, 2152, 2154, 2153, 2125, 2153, 2143, 2128, 2152, 2125, 2128, 2129, 2155, 2129, 2156, 2155, 2155, 2154, 2152, 2157, 2158, 2154, 2157, 2155, 2156, 2157, 2160, 2159, 2116, 2156, 2129, 2161, 2162, 2156, 2156, 2162, 2160, 2160, 2162, 2163, 2116, 2164, 2161, 2164, 2162, 2161, 2162, 2165, 2163, 2166, 2165, 2162, 2163, 2168, 2167, 2167, 2170, 2169, 2169, 2172, 2171, 2101, 2164, 2116, 2173, 2166, 2164, 2166, 2174, 2165, 2175, 2174, 2166, 2176, 2177, 984, 2178, 2172, 2179, 2177, 985, 984, 2177, 2180, 985, 985, 2180, 987, 2172, 2182, 2181, 2183, 2185, 2184, 2170, 2186, 2182, 2168, 2187, 2186, 2188, 2183, 2184, 2180, 996, 987, 2189, 2188, 2190, 2191, 2183, 2189, 2191, 2192, 2183, 2174, 2187, 2165, 2193, 2187, 2174, 2192, 2194, 2183, 2194, 2195, 2185, 2196, 2197, 2194, 2198, 2197, 2199, 2197, 2200, 2195, 2201, 2196, 2202, 2203, 2199, 2201, 2204, 2175, 2173, 2175, 2205, 2193, 2103, 2204, 2102, 2206, 2207, 2204, 2208, 2205, 2207, 2104, 2206, 2103, 2209, 2208, 2206, 2210, 2211, 2208, 2212, 2214, 2213, 2215, 2216, 2200, 2198, 2217, 2215, 2214, 2218, 2198, 2214, 2219, 2218, 2214, 2203, 2213, 2220, 2210, 2209, 2221, 2219, 2222, 2221, 2212, 2223, 2224, 2223, 2225, 2226, 2227, 2210, 2228, 2210, 2229, 2230, 2229, 2231, 2231, 2220, 2232, 2232, 2105, 2106, 2233, 2106, 2234, 2235, 2234, 2107, 2236, 2107, 2109, 2237, 2233, 2235, 2238, 2232, 2233, 2239, 2231, 2238, 2240, 2225, 2241, 2242, 2238, 2237, 2243, 2241, 2244, 880, 2059, 1044, 869, 2075, 893, 2126, 2118, 1045, 936, 2131, 1046, 2245, 1048, 1049, 2246, 2247, 2245, 2248, 2249, 2246, 2250, 1049, 1054, 2251, 2245, 2250, 2252, 2246, 2251, 2253, 2248, 2252, 2254, 2255, 2248, 1061, 2086, 880, 2247, 1061, 1048, 2249, 2087, 2247, 2255, 2087, 2249, 2256, 2255, 2257, 2256, 2087, 2255, 2256, 2088, 2087, 2258, 2260, 2259, 2261, 2262, 2258, 2250, 1068, 2263, 2251, 2263, 2264, 2252, 2264, 2265, 2253, 2265, 2266, 2267, 2269, 2268, 2270, 2268, 2269, 2270, 2263, 1068, 2269, 2264, 2263, 2261, 2265, 2264, 2258, 2266, 2265, 1203, 2268, 1076, 2268, 2272, 2271, 2268, 2262, 2267, 2268, 2271, 2273, 2271, 2274, 2273, 2272, 2275, 2271, 2272, 2277, 2276, 2262, 2278, 2260, 2262, 2274, 2278, 2274, 2280, 2279, 2275, 2281, 2280, 2276, 2282, 2281, 2279, 2284, 2283, 2281, 2284, 2280, 2281, 2286, 2285, 2278, 2288, 2287, 2274, 2288, 2278, 2288, 2283, 2289, 2289, 2291, 2290, 2283, 2292, 2291, 2284, 2293, 2292, 2290, 2295, 2294, 2291, 2296, 2295, 2292, 2297, 2296, 2298, 2300, 2299, 2296, 2301, 2295, 2299, 2300, 2301, 2295, 2302, 2294, 2295, 2303, 2302, 2301, 2304, 2303, 2300, 2305, 2304, 2306, 2307, 2305, 2308, 2309, 2307, 2297, 2299, 2296, 2310, 2298, 2299, 2286, 2293, 2285, 2311, 2297, 2293, 2312, 2310, 2297, 2313, 2298, 2310, 2298, 2308, 2306, 2314, 2298, 2313, 2315, 2308, 2298, 2308, 2316, 2309, 2317, 2308, 2315, 2315, 2318, 2317, 2319, 2318, 2314, 2319, 2313, 2312, 2320, 2277, 2321, 2322, 2282, 2277, 2320, 2323, 2322, 2322, 2323, 2324, 2311, 2319, 2312, 2325, 2311, 2286, 2324, 2286, 2282, 2324, 2323, 2325, 2325, 2323, 2326, 2325, 2327, 2319, 2328, 2089, 2088, 2329, 2330, 2089, 2329, 2331, 2330, 2329, 2089, 2328, 2330, 2085, 2089, 2331, 2085, 2330, 2309, 2332, 2307, 2333, 2335, 2334, 2336, 2338, 2337, 2307, 2339, 2305, 2332, 2340, 2339, 2340, 2334, 2341, 2342, 2343, 2287, 2344, 2345, 2342, 2288, 2289, 2287, 2289, 2290, 2287, 2290, 2342, 2287, 2294, 2342, 2290, 2294, 2302, 2342, 2346, 2331, 2329, 2302, 2344, 2342, 2347, 2302, 2303, 2348, 2303, 2304, 2348, 2305, 2339, 2349, 2348, 2339, 2350, 2347, 2348, 2347, 2352, 2351, 2351, 2353, 2344, 2341, 2354, 2340, 2341, 2355, 2354, 2356, 2331, 2346, 2353, 2357, 2344, 2358, 2352, 2359, 2360, 2353, 2352, 2361, 2362, 2353, 2363, 2365, 2364, 2366, 2364, 2367, 2368, 2367, 2369, 2370, 2369, 2371, 2337, 2371, 2336, 2372, 2365, 2363, 2373, 2363, 2366, 2374, 2366, 2368, 2375, 2368, 2370, 2375, 2370, 2337, 2376, 2372, 2373, 2377, 2373, 2374, 2378, 2374, 2375, 2379, 2375, 2337, 2380, 2337, 2338, 2380, 2338, 2381, 2382, 2383, 2236, 2237, 2236, 2383, 2236, 2331, 2382, 2109, 2085, 2331, 2242, 2383, 2384, 2385, 2386, 2356, 2356, 2386, 2387, 2386, 2388, 2387, 2389, 2386, 2385, 2390, 2392, 2391, 2387, 2382, 2356, 2387, 2383, 2382, 2393, 2394, 2392, 2139, 2148, 2141, 2158, 2153, 2154, 2122, 2119, 2127, 2101, 2204, 2173, 2209, 2105, 2220, 2056, 2046, 2071, 2002, 1999, 2001, 1998, 2031, 2009, 2395, 2004, 2003, 2021, 1998, 2396, 2010, 2015, 2005, 2004, 2005, 2015, 2020, 2003, 2016, 2073, 2050, 2057, 2026, 2034, 2042, 2316, 2397, 2309, 2316, 2381, 2397, 2393, 2323, 2394, 2376, 2399, 2398, 2377, 2400, 2376, 2378, 2318, 2377, 2379, 2317, 2378, 2380, 2316, 2379, 2401, 2244, 2323, 323, 2402, 1523, 1537, 2243, 2401, 1535, 2243, 1537, 1533, 2240, 1535, 1531, 2224, 1533, 1529, 2221, 1531, 1526, 2219, 1529, 1527, 2218, 1526, 1543, 2272, 2403, 1521, 1203, 1204, 1543, 2403, 1521, 2320, 1537, 2401, 2320, 1539, 1537, 2321, 1539, 2320, 2321, 1541, 1539, 2272, 1541, 2321, 2388, 2384, 2383, 1419, 1298, 1404, 1298, 1314, 1297, 1291, 1283, 2404, 2405, 1284, 1288, 2406, 1830, 1963, 2407, 1963, 2408, 2333, 2410, 2409, 2411, 1380, 2412, 2412, 1381, 1388, 2407, 2408, 2413, 2414, 783, 778, 2, 0, 9, 1, 3, 0, 7, 3, 5, 6, 0, 3, 8, 9, 0, 8, 11, 10, 12, 13, 11, 14, 16, 15, 17, 20, 19, 17, 12, 21, 8, 21, 12, 6, 20, 21, 26, 19, 23, 27, 18, 19, 28, 16, 18, 30, 15, 16, 31, 13, 15, 34, 26, 24, 33, 25, 26, 35, 27, 25, 37, 29, 28, 38, 30, 29, 39, 31, 30, 40, 32, 31, 43, 33, 34, 42, 35, 33, 44, 36, 35, 45, 37, 36, 46, 38, 37, 47, 39, 38, 48, 40, 39, 49, 41, 40, 56, 22, 5, 61, 24, 60, 61, 43, 34, 61, 63, 62, 65, 55, 54, 65, 61, 60, 68, 66, 73, 68, 70, 67, 73, 75, 74, 76, 79, 78, 79, 81, 78, 81, 74, 75, 71, 84, 70, 83, 90, 89, 81, 91, 90, 82, 92, 91, 95, 91, 92, 94, 90, 91, 96, 89, 90, 97, 88, 89, 101, 99, 108, 104, 102, 125, 103, 105, 102, 105, 112, 102, 115, 104, 125, 100, 115, 99, 107, 116, 122, 109, 119, 116, 116, 118, 121, 116, 120, 122, 124, 122, 120, 112, 125, 102, 127, 125, 126, 127, 99, 115, 99, 110, 107, 105, 129, 113, 134, 132, 2415, 129, 133, 134, 133, 135, 132, 133, 137, 136, 131, 124, 120, 141, 139, 692, 140, 142, 139, 143, 144, 142, 145, 146, 144, 147, 148, 146, 152, 150, 153, 155, 153, 150, 158, 156, 170, 157, 159, 156, 160, 145, 159, 161, 147, 160, 163, 157, 158, 162, 161, 157, 164, 149, 161, 167, 162, 163, 166, 164, 162, 168, 165, 164, 170, 169, 175, 156, 171, 169, 159, 143, 171, 172, 171, 143, 173, 169, 171, 174, 175, 169, 178, 173, 172, 177, 696, 174, 1207, 177, 178, 184, 180, 182, 183, 179, 180, 185, 186, 179, 150, 188, 189, 184, 189, 188, 188, 183, 184, 191, 185, 183, 192, 187, 185, 151, 191, 188, 194, 192, 191, 195, 193, 192, 168, 195, 194, 166, 196, 195, 152, 194, 151, 152, 197, 165, 200, 198, 231, 199, 201, 198, 202, 203, 201, 204, 205, 203, 207, 101, 208, 209, 208, 210, 211, 210, 212, 213, 212, 214, 215, 214, 220, 210, 216, 217, 212, 217, 218, 214, 218, 219, 220, 219, 225, 217, 221, 222, 218, 222, 223, 219, 223, 224, 225, 224, 230, 222, 226, 227, 223, 227, 228, 224, 228, 229, 230, 229, 242, 231, 103, 200, 200, 104, 234, 232, 204, 233, 233, 202, 235, 199, 234, 241, 235, 199, 241, 207, 114, 100, 234, 114, 236, 215, 237, 213, 213, 239, 211, 211, 240, 209, 209, 236, 207, 238, 233, 237, 237, 235, 239, 239, 241, 240, 240, 234, 236, 226, 124, 138, 243, 229, 2416, 246, 244, 248, 248, 247, 253, 216, 124, 221, 106, 130, 105, 136, 249, 251, 251, 250, 253, 252, 136, 251, 253, 252, 251, 249, 106, 231, 256, 246, 257, 257, 248, 258, 205, 257, 203, 203, 258, 201, 201, 250, 198, 198, 249, 231, 259, 13, 260, 261, 260, 262, 263, 262, 264, 265, 264, 266, 267, 266, 268, 269, 268, 270, 271, 270, 272, 273, 272, 537, 274, 11, 259, 275, 259, 261, 276, 261, 263, 277, 263, 265, 278, 265, 267, 279, 267, 269, 280, 269, 271, 281, 271, 273, 32, 256, 205, 215, 266, 238, 238, 264, 232, 232, 262, 206, 206, 260, 205, 260, 32, 205, 274, 9, 10, 278, 283, 277, 277, 285, 276, 276, 286, 275, 275, 282, 274, 272, 230, 537, 287, 281, 544, 268, 220, 270, 270, 225, 272, 284, 279, 288, 288, 280, 287, 291, 289, 292, 293, 292, 294, 295, 294, 296, 297, 296, 298, 299, 298, 300, 301, 300, 302, 303, 302, 304, 305, 304, 306, 307, 306, 308, 309, 308, 310, 311, 310, 312, 313, 312, 314, 315, 314, 316, 317, 316, 369, 320, 318, 1204, 323, 321, 325, 325, 326, 328, 328, 327, 330, 330, 329, 332, 332, 331, 334, 334, 333, 336, 336, 335, 338, 338, 337, 340, 340, 339, 342, 342, 341, 343, 343, 319, 320, 64, 344, 63, 348, 346, 350, 350, 349, 352, 352, 351, 354, 354, 353, 356, 356, 355, 358, 358, 357, 360, 360, 359, 361, 362, 363, 365, 365, 364, 367, 367, 366, 54, 54, 368, 65, 65, 345, 64, 319, 289, 318, 345, 317, 344, 347, 293, 346, 346, 295, 349, 349, 297, 351, 351, 299, 353, 353, 301, 355, 355, 303, 357, 357, 305, 359, 359, 307, 363, 363, 309, 364, 364, 311, 366, 366, 313, 368, 368, 315, 345, 322, 316, 321, 321, 314, 324, 324, 312, 326, 326, 308, 327, 327, 306, 329, 329, 304, 331, 331, 302, 333, 333, 300, 335, 335, 298, 337, 337, 296, 339, 339, 294, 341, 341, 292, 319, 370, 361, 371, 371, 362, 372, 372, 365, 374, 365, 51, 373, 4, 378, 59, 59, 379, 381, 381, 380, 383, 383, 382, 385, 385, 384, 387, 387, 386, 389, 389, 388, 390, 390, 376, 377, 381, 57, 59, 377, 370, 390, 390, 371, 389, 389, 372, 387, 387, 374, 385, 385, 373, 383, 383, 52, 381, 391, 360, 370, 392, 350, 393, 393, 352, 394, 394, 354, 395, 395, 356, 375, 375, 358, 391, 397, 1, 2, 398, 394, 399, 399, 395, 400, 400, 375, 401, 401, 376, 402, 402, 388, 403, 403, 386, 404, 404, 384, 405, 405, 382, 406, 406, 380, 407, 407, 379, 408, 408, 378, 409, 409, 1, 396, 9, 397, 2, 396, 411, 409, 398, 412, 693, 409, 414, 408, 407, 415, 406, 406, 416, 405, 405, 417, 404, 404, 418, 403, 403, 419, 402, 402, 420, 401, 401, 421, 400, 400, 422, 399, 399, 413, 398, 425, 423, 426, 427, 426, 428, 429, 428, 430, 431, 430, 432, 433, 432, 434, 435, 434, 436, 437, 436, 438, 439, 438, 440, 441, 440, 442, 443, 442, 444, 445, 444, 446, 447, 446, 448, 449, 448, 450, 451, 450, 452, 453, 452, 454, 455, 454, 456, 93, 456, 457, 92, 457, 458, 95, 458, 548, 461, 459, 462, 463, 462, 464, 465, 464, 466, 467, 466, 468, 469, 468, 470, 471, 470, 472, 473, 472, 474, 475, 474, 476, 477, 476, 478, 479, 478, 480, 481, 480, 482, 483, 482, 484, 485, 484, 486, 487, 486, 488, 489, 488, 490, 76, 490, 80, 493, 491, 494, 495, 494, 496, 497, 496, 498, 499, 498, 500, 501, 500, 502, 503, 502, 504, 505, 504, 506, 507, 506, 508, 509, 508, 510, 511, 510, 512, 513, 512, 514, 515, 514, 516, 517, 516, 518, 519, 518, 520, 521, 520, 549, 524, 413, 525, 525, 422, 526, 526, 421, 527, 527, 420, 528, 528, 419, 529, 529, 418, 530, 531, 417, 532, 532, 416, 533, 533, 415, 534, 534, 414, 535, 535, 411, 536, 536, 410, 522, 286, 410, 282, 255, 50, 1734, 538, 230, 539, 539, 242, 540, 541, 242, 542, 543, 537, 538, 546, 281, 547, 547, 273, 543, 523, 287, 522, 541, 458, 540, 540, 457, 539, 539, 456, 538, 538, 454, 543, 543, 452, 547, 547, 450, 546, 546, 448, 545, 545, 444, 536, 536, 442, 535, 535, 440, 534, 534, 438, 533, 533, 436, 532, 532, 434, 531, 531, 432, 530, 530, 428, 529, 529, 426, 528, 527, 423, 526, 462, 424, 425, 464, 425, 427, 466, 427, 429, 468, 429, 431, 470, 431, 433, 472, 433, 435, 474, 435, 437, 476, 437, 439, 478, 439, 441, 480, 441, 443, 482, 443, 445, 484, 445, 447, 486, 447, 449, 488, 449, 451, 490, 451, 453, 80, 453, 455, 79, 455, 93, 494, 460, 461, 496, 461, 463, 498, 463, 465, 500, 465, 467, 502, 467, 469, 504, 469, 471, 506, 471, 473, 508, 473, 475, 510, 475, 477, 512, 477, 479, 514, 479, 481, 516, 481, 483, 518, 483, 485, 520, 485, 487, 549, 487, 489, 73, 489, 76, 551, 492, 493, 552, 493, 495, 553, 495, 497, 554, 497, 499, 555, 499, 501, 556, 501, 503, 557, 503, 505, 558, 505, 507, 559, 507, 509, 560, 509, 511, 561, 511, 513, 562, 513, 515, 563, 515, 517, 564, 517, 519, 565, 519, 521, 567, 550, 551, 568, 551, 552, 569, 552, 553, 570, 553, 554, 571, 554, 555, 572, 555, 556, 573, 556, 557, 574, 557, 558, 575, 558, 559, 576, 559, 560, 577, 560, 561, 578, 561, 562, 579, 562, 563, 580, 563, 564, 581, 564, 565, 582, 565, 583, 521, 73, 586, 583, 521, 584, 588, 566, 567, 589, 567, 568, 590, 568, 569, 591, 569, 570, 592, 570, 571, 593, 571, 572, 594, 572, 573, 595, 573, 574, 596, 574, 575, 597, 575, 576, 598, 576, 577, 599, 577, 578, 600, 578, 579, 601, 579, 580, 602, 580, 581, 603, 581, 582, 605, 587, 588, 606, 588, 589, 607, 589, 590, 608, 590, 591, 609, 591, 592, 610, 592, 593, 611, 593, 594, 612, 594, 595, 613, 595, 596, 614, 596, 597, 615, 597, 598, 616, 598, 599, 617, 599, 600, 618, 600, 601, 619, 601, 602, 621, 604, 605, 622, 605, 606, 623, 606, 607, 624, 607, 608, 625, 608, 609, 626, 609, 610, 627, 610, 611, 628, 611, 612, 629, 612, 613, 630, 613, 614, 631, 614, 615, 632, 615, 616, 633, 616, 617, 634, 617, 618, 635, 618, 619, 144, 619, 142, 638, 636, 639, 640, 639, 641, 642, 641, 643, 644, 643, 645, 646, 645, 647, 648, 647, 649, 650, 649, 651, 652, 651, 653, 654, 653, 655, 656, 655, 657, 658, 657, 659, 660, 659, 661, 662, 661, 663, 664, 663, 148, 666, 637, 638, 667, 638, 640, 668, 640, 642, 669, 642, 644, 670, 644, 646, 671, 646, 648, 672, 648, 650, 673, 650, 652, 674, 652, 654, 675, 654, 656, 676, 656, 658, 677, 658, 660, 678, 660, 662, 154, 662, 664, 680, 665, 666, 681, 666, 667, 682, 667, 668, 683, 668, 669, 684, 669, 670, 685, 670, 671, 686, 671, 672, 687, 672, 673, 688, 673, 674, 689, 674, 675, 690, 675, 676, 635, 661, 634, 634, 659, 633, 633, 657, 632, 632, 655, 631, 631, 653, 630, 630, 651, 629, 629, 649, 628, 628, 647, 627, 627, 645, 626, 626, 643, 625, 625, 641, 624, 624, 639, 623, 602, 691, 619, 691, 139, 619, 258, 253, 250, 693, 393, 398, 165, 148, 149, 148, 635, 146, 153, 664, 197, 141, 178, 172, 696, 176, 174, 699, 697, 706, 702, 700, 723, 701, 703, 700, 703, 710, 700, 713, 702, 723, 698, 713, 697, 705, 714, 720, 707, 717, 714, 714, 716, 719, 714, 718, 720, 722, 720, 718, 710, 723, 700, 725, 723, 724, 725, 697, 713, 697, 708, 705, 699, 720, 721, 703, 727, 711, 731, 729, 716, 727, 732, 2417, 730, 733, 729, 732, 735, 736, 729, 722, 718, 704, 728, 703, 702, 170, 701, 721, 167, 699, 699, 163, 698, 698, 158, 712, 175, 701, 170, 196, 722, 193, 193, 733, 187, 187, 734, 186, 695, 735, 176, 176, 704, 175, 678, 155, 2418, 690, 677, 737, 737, 678, 2418, 739, 685, 740, 740, 686, 741, 741, 687, 742, 742, 688, 743, 743, 689, 738, 746, 744, 1938, 1939, 749, 750, 750, 748, 751, 751, 746, 1938, 754, 752, 755, 756, 755, 757, 758, 757, 759, 760, 759, 761, 762, 761, 791, 764, 753, 754, 765, 754, 756, 766, 756, 758, 767, 758, 760, 768, 760, 762, 770, 763, 764, 771, 764, 765, 772, 765, 766, 773, 766, 767, 775, 769, 770, 776, 770, 771, 777, 771, 772, 778, 772, 773, 780, 774, 775, 781, 775, 776, 782, 776, 777, 783, 777, 778, 785, 779, 780, 786, 780, 781, 788, 781, 782, 790, 782, 783, 791, 621, 762, 794, 792, 814, 797, 795, 1200, 801, 793, 2419, 803, 801, 2419, 801, 804, 792, 802, 805, 801, 809, 796, 817, 812, 796, 797, 797, 813, 812, 815, 813, 840, 816, 812, 815, 818, 811, 816, 819, 817, 818, 820, 809, 819, 821, 810, 820, 822, 807, 808, 823, 806, 807, 806, 825, 805, 805, 826, 804, 827, 822, 821, 829, 823, 822, 830, 824, 823, 824, 832, 825, 825, 833, 826, 826, 834, 814, 836, 820, 819, 836, 818, 837, 837, 816, 843, 816, 838, 843, 815, 839, 838, 839, 814, 841, 838, 842, 868, 844, 838, 868, 845, 843, 844, 846, 837, 845, 847, 836, 846, 848, 835, 847, 848, 827, 828, 852, 845, 844, 853, 845, 851, 854, 846, 853, 855, 847, 854, 856, 848, 855, 856, 829, 849, 857, 830, 829, 858, 831, 830, 831, 860, 832, 832, 862, 833, 833, 863, 834, 834, 864, 850, 842, 864, 865, 868, 867, 881, 869, 853, 1044, 870, 854, 869, 871, 855, 870, 872, 856, 871, 862, 874, 863, 863, 877, 864, 864, 878, 865, 866, 878, 879, 867, 879, 886, 880, 852, 882, 882, 881, 883, 881, 885, 884, 873, 859, 858, 887, 860, 859, 888, 861, 860, 889, 862, 861, 891, 870, 893, 895, 891, 892, 891, 896, 871, 896, 872, 871, 897, 873, 872, 898, 887, 873, 899, 888, 887, 901, 889, 888, 889, 903, 890, 890, 904, 875, 875, 905, 874, 874, 906, 876, 876, 907, 877, 878, 907, 908, 879, 908, 1035, 910, 894, 895, 909, 896, 894, 911, 897, 896, 912, 898, 897, 913, 899, 898, 914, 900, 899, 915, 901, 900, 919, 917, 927, 922, 923, 921, 924, 925, 923, 927, 910, 2126, 927, 911, 909, 920, 911, 917, 920, 913, 912, 921, 914, 913, 923, 915, 914, 925, 916, 915, 931, 929, 935, 933, 931, 1046, 932, 930, 931, 936, 919, 1045, 935, 918, 919, 929, 922, 918, 930, 937, 929, 934, 938, 930, 941, 932, 933, 941, 942, 940, 945, 942, 943, 944, 946, 942, 951, 948, 955, 950, 948, 951, 952, 951, 953, 946, 950, 951, 954, 951, 955, 956, 955, 926, 957, 926, 924, 937, 924, 922, 955, 959, 926, 926, 960, 925, 959, 962, 960, 958, 963, 962, 963, 961, 962, 928, 966, 916, 966, 970, 969, 973, 971, 968, 975, 972, 973, 977, 974, 975, 916, 978, 901, 969, 979, 978, 970, 981, 979, 984, 982, 2176, 983, 977, 982, 985, 976, 983, 986, 974, 976, 991, 989, 994, 988, 972, 974, 992, 971, 972, 987, 988, 986, 996, 994, 988, 980, 997, 981, 994, 997, 993, 990, 998, 989, 989, 1000, 997, 1000, 1001, 1003, 999, 1001, 998, 981, 1000, 1004, 1004, 1003, 1009, 978, 1005, 1007, 981, 1005, 979, 902, 1006, 903, 1007, 1008, 1006, 1005, 1009, 1008, 903, 1010, 904, 1006, 1011, 1010, 1008, 1012, 1011, 1012, 1013, 1028, 1002, 1019, 1001, 1001, 1018, 1003, 1018, 1013, 1014, 1012, 1003, 1014, 1010, 1023, 1031, 1026, 1020, 1024, 1027, 1024, 1038, 1023, 1028, 1029, 1030, 1029, 1037, 1032, 1023, 1030, 906, 1031, 1032, 907, 1032, 1033, 908, 1033, 1034, 1035, 1034, 1190, 1034, 1036, 1041, 1033, 1030, 1036, 1036, 1037, 1040, 1039, 1038, 1042, 1041, 1040, 2420, 1043, 1042, 1202, 1044, 851, 880, 1045, 927, 2126, 1046, 935, 936, 1049, 1047, 1051, 1051, 1050, 1053, 1053, 1052, 1056, 1054, 1051, 1055, 1055, 1053, 1057, 1057, 1056, 1059, 1059, 1058, 2421, 1056, 1060, 1058, 1048, 883, 1047, 1061, 883, 1048, 1065, 1063, 1067, 1067, 1066, 1073, 1069, 1054, 1055, 1070, 1055, 1057, 1071, 1057, 1059, 1072, 1059, 2421, 1075, 1073, 1066, 1074, 1076, 2270, 1068, 1074, 2270, 1069, 1073, 1074, 1070, 1067, 1073, 1071, 1065, 1067, 1076, 1077, 1203, 1079, 1077, 1075, 1066, 1080, 1075, 1080, 1081, 1079, 1079, 1083, 1078, 1083, 1084, 1078, 1086, 1080, 1063, 1088, 1081, 1082, 1087, 1083, 1081, 1089, 1085, 1083, 1092, 1087, 1088, 1087, 1093, 1089, 1093, 1090, 1089, 1086, 1088, 1082, 1097, 1088, 1095, 1099, 1092, 1097, 1098, 1091, 1092, 1100, 1093, 1091, 1103, 1098, 1099, 1102, 1100, 1098, 1104, 1101, 1100, 1108, 1106, 1118, 1102, 1108, 1104, 1110, 1109, 1102, 1111, 1107, 1109, 1112, 1106, 1107, 1113, 1114, 1106, 1104, 1117, 1105, 1093, 1119, 1094, 1101, 1120, 1119, 1105, 1121, 1120, 1121, 1122, 1124, 1122, 1123, 1126, 1126, 1124, 1122, 1124, 1127, 1133, 1120, 1124, 1133, 1084, 1128, 1205, 1085, 1129, 1128, 1128, 1130, 1205, 1120, 1132, 1119, 1090, 1132, 1129, 1133, 1134, 1132, 1115, 1139, 1116, 1143, 1141, 1148, 1113, 1140, 1115, 1147, 1148, 1140, 1150, 1148, 1149, 1096, 1153, 1154, 1154, 1152, 1156, 1154, 1155, 1110, 1111, 1155, 1157, 1112, 1157, 1159, 1147, 1112, 1159, 1147, 1158, 1149, 1159, 1160, 1158, 1155, 1160, 1157, 1156, 1161, 1155, 1158, 1163, 1150, 1151, 1164, 1193, 1156, 1165, 1162, 1160, 1166, 1163, 1161, 1167, 1166, 1162, 1168, 1167, 1172, 1171, 1173, 1174, 1173, 1175, 1176, 1175, 1177, 1146, 1177, 1145, 1173, 1178, 1179, 1175, 1179, 1180, 1177, 1180, 1181, 1179, 1182, 1183, 1180, 1183, 1184, 1181, 1184, 1185, 1145, 1185, 1186, 1144, 1186, 1188, 1189, 1034, 1041, 1164, 1035, 1190, 1138, 879, 1035, 1191, 1041, 2420, 1169, 1182, 1178, 1164, 1196, 1195, 942, 952, 940, 958, 949, 964, 917, 922, 920, 978, 902, 901, 1031, 904, 1010, 842, 841, 850, 1200, 814, 797, 796, 798, 795, 799, 802, 803, 852, 868, 881, 835, 821, 820, 1201, 1188, 1123, 1199, 1134, 1182, 1182, 1127, 1183, 1183, 1125, 1184, 1184, 1126, 1185, 1185, 1123, 1186, 1131, 1202, 1130, 325, 1016, 323, 338, 1042, 336, 336, 1038, 334, 334, 1024, 332, 332, 1021, 330, 330, 1022, 328, 328, 1015, 325, 1077, 342, 343, 1204, 1077, 320, 208, 123, 216, 108, 123, 101, 84, 89, 85, 86, 85, 87, 1206, 636, 2422, 1141, 1140, 1148, 1208, 178, 694, 190, 182, 2423, 1211, 1209, 1212, 1213, 1212, 1214, 1217, 1215, 1214, 1218, 1214, 1212, 1219, 1212, 1209, 1220, 1219, 1221, 1222, 1221, 1223, 1225, 1224, 1226, 1229, 1228, 1231, 1222, 1229, 1220, 1217, 1220, 1229, 1216, 1229, 1231, 1235, 1233, 1228, 1237, 1228, 1227, 1238, 1227, 1226, 1240, 1226, 1224, 1241, 1224, 1223, 1243, 1232, 1234, 1244, 1234, 1235, 1245, 1235, 1236, 1247, 1237, 1238, 1248, 1238, 1239, 1249, 1239, 1240, 1250, 1240, 1241, 42, 1242, 1243, 44, 1243, 1244, 45, 1244, 1245, 46, 1245, 1246, 47, 1246, 1247, 48, 1247, 1248, 49, 1248, 1249, 50, 1249, 1250, 1257, 1215, 1230, 1242, 1262, 1232, 62, 1242, 43, 1264, 62, 63, 1262, 1256, 1257, 1264, 1262, 1263, 1268, 1266, 1269, 1271, 1268, 1284, 1274, 1273, 2424, 1279, 1278, 1280, 1281, 1278, 1282, 1285, 2424, 1273, 1285, 1284, 1286, 1282, 1292, 1293, 1281, 1293, 1294, 1295, 1294, 1296, 94, 1296, 1294, 96, 1294, 1293, 97, 1293, 1292, 98, 1292, 1289, 1299, 1297, 1305, 1302, 1300, 1303, 1304, 1303, 1310, 1311, 1303, 1324, 1313, 1300, 1301, 1313, 1305, 1312, 1316, 1320, 1315, 1317, 1315, 1319, 1319, 1318, 1329, 1318, 1320, 1321, 1323, 1321, 1320, 1325, 1303, 1300, 1312, 1325, 1300, 1327, 1312, 1305, 1327, 1306, 1307, 1328, 1311, 1333, 1332, 1329, 1330, 1328, 1331, 1332, 1334, 1330, 1335, 1328, 1334, 1449, 1335, 1321, 1322, 1338, 1336, 1339, 1340, 1339, 1341, 1342, 1341, 1343, 1344, 1343, 1345, 1346, 1345, 1857, 1349, 1347, 1350, 1352, 1350, 1347, 1355, 1353, 1356, 1357, 1356, 1358, 1344, 1358, 1342, 1346, 1357, 1344, 1361, 1354, 1355, 1362, 1355, 1359, 1363, 1359, 1346, 1365, 1360, 1361, 1366, 1361, 1362, 1348, 1362, 1363, 1356, 1367, 1368, 1358, 1368, 1369, 1342, 1369, 1340, 1371, 1340, 1369, 1372, 1369, 1368, 1373, 1368, 1367, 1375, 1370, 1371, 1378, 1376, 1384, 1378, 1379, 1377, 1382, 1380, 1378, 1383, 1378, 1384, 1385, 1384, 1888, 1349, 1386, 1387, 1388, 1387, 1386, 1389, 1381, 1382, 1390, 1382, 1383, 1391, 1383, 1385, 1392, 1387, 1389, 1393, 1389, 1390, 1394, 1390, 1391, 1365, 1392, 1393, 1364, 1393, 1394, 1366, 1349, 1392, 1347, 1363, 1886, 1397, 1395, 1398, 1399, 1398, 1400, 1401, 1400, 1402, 1403, 1402, 1455, 1299, 1404, 1298, 1405, 1406, 1404, 1407, 1408, 1406, 1409, 1410, 1408, 1411, 1412, 1410, 1404, 1414, 1419, 1406, 1415, 1414, 1408, 1416, 1415, 1410, 1417, 1416, 1419, 1418, 1447, 1414, 1420, 1418, 1415, 1421, 1420, 1416, 1422, 1421, 1425, 1423, 1439, 1424, 1446, 1423, 1420, 1427, 1426, 1421, 1428, 1427, 1304, 1396, 1302, 1302, 1429, 1301, 1403, 1430, 1401, 1401, 1432, 1399, 1396, 1433, 1429, 1399, 1433, 1397, 1434, 1299, 1313, 1301, 1434, 1313, 1435, 1411, 1436, 1436, 1409, 1437, 1437, 1407, 1438, 1438, 1405, 1434, 1431, 1436, 1430, 1430, 1437, 1432, 1432, 1438, 1433, 1433, 1434, 1429, 1425, 1335, 1322, 1442, 1440, 1444, 1444, 1443, 1446, 1446, 1445, 1423, 1323, 1425, 1322, 1449, 1310, 1328, 1449, 1450, 1451, 1451, 1445, 1456, 1335, 1450, 1334, 1423, 1450, 1439, 1449, 1395, 1304, 1441, 1452, 1440, 1440, 1454, 1443, 1453, 1402, 1452, 1452, 1400, 1454, 1454, 1398, 1456, 1456, 1395, 1451, 1459, 1457, 1485, 1458, 1460, 1457, 1461, 1462, 1460, 1463, 1464, 1462, 1465, 1466, 1464, 1467, 1468, 1466, 1469, 1470, 1468, 1471, 1472, 1470, 1475, 1458, 1459, 1474, 1461, 1458, 1476, 1463, 1461, 1477, 1465, 1463, 1478, 1467, 1465, 1479, 1469, 1467, 1480, 1471, 1469, 1481, 1473, 1471, 1484, 1455, 1453, 1466, 1435, 1464, 1464, 1431, 1462, 1462, 1403, 1460, 1460, 1455, 1457, 1485, 1455, 1483, 1486, 1475, 1611, 1487, 1478, 1488, 1488, 1477, 1489, 1489, 1476, 1490, 1490, 1474, 1486, 1417, 1472, 1422, 1481, 1491, 1482, 1413, 1468, 1412, 1412, 1470, 1417, 1479, 1493, 1480, 1480, 1492, 1481, 290, 1494, 289, 1495, 1496, 1494, 1497, 1498, 1496, 1499, 1500, 1498, 1501, 1502, 1500, 1503, 1504, 1502, 1505, 1506, 1504, 1507, 1508, 1506, 1509, 1510, 1508, 1511, 1512, 1510, 1513, 1514, 1512, 1515, 1569, 1514, 1517, 1519, 1516, 1520, 369, 1519, 1522, 1204, 318, 322, 1523, 1524, 1528, 1526, 1530, 1530, 1529, 1532, 1532, 1531, 1534, 1534, 1533, 1536, 1536, 1535, 1538, 1538, 1537, 1540, 1540, 1539, 1542, 1542, 1541, 1544, 1544, 1543, 1545, 1545, 1521, 1522, 1546, 63, 344, 347, 1547, 1549, 1549, 1548, 1551, 1551, 1550, 1553, 1553, 1552, 1555, 1555, 1554, 1557, 1557, 1556, 1559, 1559, 1558, 1561, 1561, 1562, 1564, 1564, 1563, 1565, 1565, 1254, 1568, 1566, 1265, 1567, 1567, 1264, 1546, 1494, 318, 289, 1520, 344, 317, 1495, 1549, 1497, 1497, 1551, 1499, 1499, 1553, 1501, 1501, 1555, 1503, 1503, 1557, 1505, 1505, 1559, 1507, 1507, 1561, 1509, 1509, 1564, 1511, 1511, 1565, 1513, 1513, 1568, 1515, 1518, 1567, 1517, 1517, 1546, 1520, 369, 1524, 1519, 1519, 1525, 1516, 1569, 1530, 1514, 1512, 1532, 1510, 1510, 1534, 1508, 1508, 1536, 1506, 1506, 1538, 1504, 1504, 1540, 1502, 1502, 1542, 1500, 1500, 1544, 1498, 1498, 1545, 1496, 1496, 1522, 1494, 1556, 1570, 1558, 1558, 1572, 1560, 1560, 1573, 1562, 1563, 1574, 1253, 2425, 1579, 1580, 1580, 1578, 1582, 1582, 1581, 1584, 1584, 1583, 1586, 1586, 1585, 1588, 1588, 1587, 1590, 1590, 1589, 1591, 1591, 1575, 1576, 1252, 1579, 1748, 1592, 1589, 1571, 1571, 1587, 1570, 1570, 1585, 1572, 1572, 1583, 1573, 1573, 1581, 1574, 1574, 1578, 1252, 1554, 1571, 1556, 348, 1593, 1547, 1547, 1594, 1548, 1548, 1595, 1550, 1550, 1577, 1552, 1552, 1592, 1554, 1598, 1596, 2425, 1593, 1599, 1594, 1594, 1601, 1595, 1595, 1602, 1577, 1577, 1603, 1576, 1576, 1604, 1591, 1591, 1605, 1590, 1590, 1606, 1588, 1588, 1607, 1586, 1586, 1608, 1584, 1584, 1609, 1582, 1582, 1610, 1580, 1580, 1598, 2425, 1486, 1596, 1597, 1612, 1610, 1614, 1613, 693, 412, 1614, 1609, 1615, 1615, 1607, 1616, 1616, 1606, 1617, 1617, 1605, 1618, 1618, 1604, 1619, 1619, 1603, 1620, 1620, 1602, 1621, 1621, 1601, 1622, 1622, 1599, 1623, 1623, 1600, 1613, 424, 1624, 423, 1625, 1626, 1624, 1627, 1628, 1626, 1629, 1630, 1628, 1631, 1632, 1630, 1633, 1634, 1632, 1635, 1636, 1634, 1637, 1638, 1636, 1639, 1640, 1638, 1641, 1642, 1640, 1643, 1644, 1642, 1645, 1646, 1644, 1647, 1648, 1646, 1649, 1650, 1648, 1651, 1652, 1650, 1653, 1654, 1652, 1657, 1656, 2426, 1295, 1658, 1656, 1296, 548, 1658, 460, 1659, 459, 1660, 1661, 1659, 1662, 1663, 1661, 1664, 1665, 1663, 1666, 1667, 1665, 1668, 1669, 1667, 1670, 1671, 1669, 1672, 1673, 1671, 1674, 1675, 1673, 1676, 1677, 1675, 1678, 1679, 1677, 1680, 1681, 1679, 1682, 1683, 1681, 1684, 1685, 1683, 1686, 1687, 1685, 1688, 1689, 1687, 492, 1690, 491, 1691, 1692, 1690, 1693, 1694, 1692, 1695, 1696, 1694, 1697, 1698, 1696, 1699, 1700, 1698, 1701, 1702, 1700, 1703, 1704, 1702, 1705, 1706, 1704, 1707, 1708, 1706, 1709, 1710, 1708, 1711, 1712, 1710, 1713, 1714, 1712, 1715, 1716, 1714, 1717, 1718, 1716, 412, 1722, 1613, 1613, 1723, 1623, 1623, 1724, 1622, 1622, 1725, 1621, 1621, 1726, 1620, 1620, 1727, 1619, 1619, 1729, 1618, 1618, 1730, 1617, 1617, 1731, 1616, 1616, 1732, 1615, 1615, 1733, 1614, 1614, 1721, 1612, 1489, 1486, 1612, 1736, 1734, 50, 1739, 1737, 1741, 1741, 1740, 2427, 1740, 542, 2427, 1473, 1743, 1472, 1491, 1747, 1482, 1482, 1744, 1473, 1493, 1721, 1492, 548, 1740, 1658, 1658, 1737, 1656, 1656, 1738, 2426, 1654, 1744, 1652, 1652, 1747, 1650, 1650, 1745, 1648, 1648, 1746, 1646, 1644, 1733, 1642, 1642, 1732, 1640, 1640, 1731, 1638, 1638, 1730, 1636, 1636, 1729, 1634, 1634, 1728, 1632, 1632, 1727, 1630, 1628, 1726, 1626, 1626, 1725, 1624, 1624, 1723, 423, 459, 1625, 424, 1659, 1627, 1625, 1661, 1629, 1627, 1663, 1631, 1629, 1665, 1633, 1631, 1667, 1635, 1633, 1669, 1637, 1635, 1671, 1639, 1637, 1673, 1641, 1639, 1675, 1643, 1641, 1677, 1645, 1643, 1679, 1647, 1645, 1681, 1649, 1647, 1683, 1651, 1649, 1685, 1653, 1651, 1687, 1655, 1653, 1279, 1295, 1657, 491, 1660, 460, 1690, 1662, 1660, 1692, 1664, 1662, 1694, 1666, 1664, 1696, 1668, 1666, 1698, 1670, 1668, 1700, 1672, 1670, 1702, 1674, 1672, 1704, 1676, 1674, 1706, 1678, 1676, 1708, 1680, 1678, 1710, 1682, 1680, 1712, 1684, 1682, 1714, 1686, 1684, 1716, 1688, 1686, 1718, 1274, 1688, 550, 1691, 492, 1749, 1693, 1691, 1750, 1695, 1693, 1751, 1697, 1695, 1752, 1699, 1697, 1753, 1701, 1699, 1754, 1703, 1701, 1755, 1705, 1703, 1756, 1707, 1705, 1757, 1709, 1707, 1758, 1711, 1709, 1759, 1713, 1711, 1760, 1715, 1713, 1761, 1717, 1715, 1762, 1719, 1717, 566, 1749, 550, 1764, 1750, 1749, 1765, 1751, 1750, 1766, 1752, 1751, 1767, 1753, 1752, 1768, 1754, 1753, 1769, 1755, 1754, 1770, 1756, 1755, 1771, 1757, 1756, 1772, 1758, 1757, 1773, 1759, 1758, 1774, 1760, 1759, 1775, 1761, 1760, 1776, 1762, 1761, 1777, 1763, 1762, 1778, 1779, 1763, 1718, 1781, 1266, 1763, 1782, 1719, 587, 1764, 566, 1784, 1765, 1764, 1785, 1766, 1765, 1786, 1767, 1766, 1787, 1768, 1767, 1788, 1769, 1768, 1789, 1770, 1769, 1790, 1771, 1770, 1791, 1772, 1771, 1792, 1773, 1772, 1793, 1774, 1773, 1794, 1775, 1774, 1795, 1776, 1775, 1796, 1777, 1776, 1797, 1778, 1777, 1798, 1780, 1778, 604, 1784, 587, 1800, 1785, 1784, 1801, 1786, 1785, 1802, 1787, 1786, 1803, 1788, 1787, 1804, 1789, 1788, 1805, 1790, 1789, 1806, 1791, 1790, 1807, 1792, 1791, 1808, 1793, 1792, 1809, 1794, 1793, 1810, 1795, 1794, 1811, 1796, 1795, 1812, 1797, 1796, 1813, 1798, 1797, 620, 1800, 604, 1815, 1801, 1800, 1816, 1802, 1801, 1817, 1803, 1802, 1818, 1804, 1803, 1819, 1805, 1804, 1820, 1806, 1805, 1821, 1807, 1806, 1822, 1808, 1807, 1823, 1809, 1808, 1824, 1810, 1809, 1825, 1811, 1810, 1826, 1812, 1811, 1827, 1813, 1812, 1828, 1814, 1813, 1829, 1341, 1814, 1832, 1830, 2406, 1831, 1833, 1830, 1834, 1835, 1833, 1836, 1837, 1835, 1838, 1839, 1837, 1840, 1841, 1839, 1842, 1843, 1841, 1844, 1845, 1843, 1846, 1847, 1845, 1848, 1849, 1847, 1850, 1851, 1849, 1852, 1853, 1851, 1854, 1855, 1853, 1856, 1857, 1855, 1860, 1831, 1832, 1859, 1834, 1831, 1861, 1836, 1834, 1862, 1838, 1836, 1863, 1840, 1838, 1864, 1842, 1840, 1865, 1844, 1842, 1866, 1846, 1844, 1867, 1848, 1846, 1868, 1850, 1848, 1869, 1852, 1850, 1870, 1854, 1852, 1871, 1856, 1854, 1872, 1858, 1856, 1874, 1859, 1860, 1873, 1861, 1859, 1875, 1862, 1861, 1876, 1863, 1862, 1877, 1864, 1863, 1878, 1865, 1864, 1879, 1866, 1865, 1880, 1867, 1866, 1881, 1868, 1867, 1882, 1869, 1868, 1883, 1870, 1869, 1855, 1828, 1853, 1853, 1827, 1851, 1851, 1826, 1849, 1849, 1825, 1847, 1847, 1824, 1845, 1845, 1823, 1843, 1843, 1822, 1841, 1841, 1821, 1839, 1839, 1820, 1837, 1837, 1819, 1835, 1835, 1818, 1833, 1833, 1817, 1830, 1799, 1814, 1885, 1336, 1814, 1339, 1443, 1456, 1445, 392, 1600, 1593, 1858, 1346, 1857, 1855, 1345, 1829, 1352, 1886, 1858, 1887, 1370, 1374, 1888, 1376, 1929, 1891, 1889, 1897, 1894, 1892, 1895, 1896, 1895, 1902, 1903, 1895, 1913, 1905, 1892, 1893, 1905, 1897, 1904, 1900, 1906, 1907, 1901, 1907, 1909, 1909, 1908, 1918, 1908, 1906, 1910, 1912, 1910, 1906, 1914, 1895, 1892, 1904, 1914, 1892, 1916, 1904, 1897, 1916, 1898, 1899, 1889, 1912, 1906, 1917, 1903, 1923, 1924, 1918, 1919, 1917, 1921, 1922, 1925, 1919, 1927, 1917, 1926, 1928, 1927, 1910, 1911, 1928, 1902, 1917, 1354, 1894, 1353, 1394, 1890, 1364, 1364, 1891, 1360, 1360, 1905, 1354, 1896, 1353, 1894, 1912, 1391, 1911, 1911, 1385, 1927, 1927, 1888, 1925, 1926, 1373, 1928, 1928, 1367, 1896, 1352, 1930, 1351, 1870, 1931, 1871, 1871, 1930, 1872, 1878, 1933, 1879, 1879, 1935, 1880, 1880, 1936, 1881, 1881, 1937, 1882, 1882, 1932, 1883, 1934, 1938, 744, 1875, 750, 1876, 1876, 751, 1877, 1877, 1938, 1878, 1942, 1940, 1997, 1941, 752, 1940, 1943, 755, 752, 1944, 757, 755, 1945, 759, 757, 1946, 761, 759, 1947, 791, 761, 1950, 1941, 1942, 1949, 1943, 1941, 1951, 1944, 1943, 1952, 1945, 1944, 1953, 1946, 1945, 1954, 1947, 1946, 1955, 1948, 1947, 1958, 1949, 1950, 1957, 1951, 1949, 1959, 1952, 1951, 1960, 1953, 1952, 1961, 1954, 1953, 1962, 1955, 1954, 1965, 1957, 1958, 1964, 1959, 1957, 1966, 1960, 1959, 1967, 1961, 1960, 1968, 1962, 1961, 1969, 1963, 1962, 1972, 1964, 1965, 1971, 1966, 1964, 1973, 1967, 1966, 1974, 1968, 1967, 1975, 1969, 1968, 1976, 1970, 1969, 1979, 1971, 1972, 1978, 1973, 1971, 1980, 1974, 1973, 1981, 1975, 1974, 1984, 1976, 1975, 1983, 1977, 1976, 1988, 1986, 2428, 1987, 784, 1986, 1990, 1987, 1988, 1989, 779, 1987, 1992, 1989, 1990, 1991, 774, 1989, 1994, 1991, 1992, 1993, 769, 1991, 1996, 1993, 1994, 1995, 763, 1993, 1997, 1995, 1996, 1940, 753, 1995, 620, 1948, 1815, 2000, 1998, 2009, 2003, 2001, 2395, 2009, 2007, 2000, 2011, 2007, 2008, 2012, 2009, 2031, 2013, 2008, 2012, 2004, 2016, 2003, 2020, 2002, 2003, 1998, 2019, 2396, 2019, 2021, 2396, 2020, 2022, 2019, 2016, 2023, 2020, 2017, 2024, 2016, 2018, 2025, 2017, 2015, 2026, 2018, 2029, 2015, 2014, 2030, 2014, 2013, 2030, 2012, 2032, 2032, 2031, 2033, 2036, 2027, 2028, 2037, 2028, 2029, 2038, 2029, 2030, 2038, 2032, 2039, 2039, 2033, 2040, 2040, 1998, 2048, 2042, 2025, 2026, 2025, 2043, 2024, 2024, 2044, 2023, 2022, 2044, 2045, 2022, 2046, 2021, 2021, 2047, 1998, 2046, 2049, 2071, 2044, 2049, 2045, 2043, 2050, 2044, 2041, 2051, 2043, 2042, 2052, 2041, 2034, 2053, 2042, 2055, 2034, 2035, 2058, 2050, 2051, 2052, 2058, 2051, 2053, 2059, 2052, 2054, 2060, 2053, 2055, 2061, 2054, 2063, 2055, 2036, 2064, 2036, 2037, 2065, 2037, 2038, 2065, 2039, 2066, 2067, 2040, 2068, 2068, 2048, 2069, 2069, 2056, 2082, 2056, 2070, 2082, 2071, 2073, 2074, 2060, 1044, 2059, 2061, 869, 2060, 2062, 2075, 2061, 2063, 2076, 2062, 2079, 2069, 2080, 2081, 2082, 2083, 2083, 2070, 2108, 2070, 2084, 2108, 2072, 2085, 2084, 2058, 2086, 2057, 2057, 2087, 2073, 2074, 2088, 2089, 2090, 2064, 2065, 2091, 2065, 2066, 2092, 2066, 2067, 2093, 2067, 2068, 2076, 893, 2075, 2095, 892, 2094, 2095, 2076, 2096, 2097, 2076, 2077, 2098, 2077, 2078, 2099, 2078, 2090, 2100, 2090, 2091, 2102, 2091, 2092, 2102, 2093, 2103, 2103, 2079, 2104, 2104, 2080, 2105, 2105, 2081, 2106, 2106, 2083, 2234, 2083, 2107, 2234, 2108, 2109, 2107, 2110, 895, 2095, 2111, 2095, 2096, 2112, 2096, 2097, 2113, 2097, 2098, 2114, 2098, 2099, 2115, 2099, 2100, 2116, 2100, 2101, 2119, 2117, 2127, 2123, 2121, 2124, 2125, 2124, 2128, 2110, 2126, 910, 2127, 2110, 2111, 2112, 2127, 2111, 2121, 2112, 2113, 2124, 2113, 2114, 2128, 2114, 2115, 2129, 2115, 2116, 2132, 2130, 2135, 2133, 1046, 2131, 2134, 2131, 2132, 2130, 1045, 2118, 2135, 2118, 2119, 2136, 2119, 2120, 2137, 2135, 2136, 2138, 2132, 2137, 2139, 933, 2133, 943, 2139, 2141, 2140, 943, 2141, 2142, 2141, 2148, 2429, 2143, 2153, 2145, 2143, 2429, 2148, 2146, 2144, 2142, 2144, 2145, 2146, 2143, 2144, 2149, 2125, 2143, 2150, 2123, 2125, 2151, 2120, 2123, 2153, 2125, 2152, 2152, 2128, 2155, 2154, 2155, 2157, 2158, 2157, 2159, 2160, 2157, 2156, 2156, 2116, 2161, 2162, 2164, 2166, 2168, 2163, 2165, 2170, 2167, 2168, 2172, 2169, 2170, 2164, 2101, 2173, 2166, 2173, 2175, 2174, 2175, 2193, 2177, 2176, 2430, 2172, 2178, 2171, 2181, 2179, 2172, 2182, 2172, 2170, 2185, 2183, 2194, 2186, 2170, 2168, 2187, 2168, 2165, 2190, 2431, 2189, 2188, 2189, 2183, 2192, 2202, 2196, 2194, 2192, 2196, 2195, 2194, 2197, 2197, 2196, 2199, 2197, 2198, 2215, 2200, 2197, 2215, 2196, 2201, 2199, 2199, 2203, 2198, 2175, 2204, 2207, 2205, 2175, 2207, 2204, 2103, 2206, 2207, 2206, 2208, 2205, 2208, 2211, 2206, 2104, 2209, 2208, 2209, 2210, 2211, 2210, 2227, 2214, 2212, 2222, 2216, 2215, 2217, 2217, 2198, 2218, 2219, 2214, 2222, 2203, 2214, 2198, 2210, 2220, 2229, 2212, 2221, 2222, 2223, 2224, 2221, 2210, 2228, 2226, 2229, 2230, 2228, 2220, 2231, 2229, 2105, 2232, 2220, 2106, 2233, 2232, 2234, 2235, 2233, 2107, 2236, 2235, 2233, 2237, 2238, 2232, 2238, 2231, 2231, 2239, 2230, 2225, 2240, 2224, 2238, 2242, 2239, 2241, 2243, 2240, 2059, 880, 2058, 2118, 2126, 2117, 2131, 936, 2130, 1048, 2245, 2247, 2247, 2246, 2249, 2249, 2248, 2255, 1049, 2250, 2245, 2245, 2251, 2246, 2246, 2252, 2248, 2248, 2253, 2254, 2255, 2254, 2257, 2086, 2247, 2087, 1061, 2247, 2086, 2260, 2258, 2262, 2262, 2261, 2267, 1068, 2250, 1054, 2263, 2251, 2250, 2264, 2252, 2251, 2265, 2253, 2252, 2269, 2267, 2261, 2268, 2270, 1076, 2263, 2270, 2269, 2264, 2269, 2261, 2265, 2261, 2258, 2266, 2258, 2259, 2268, 1203, 2403, 2272, 2268, 2403, 2262, 2268, 2273, 2274, 2271, 2275, 2275, 2272, 2276, 2277, 2272, 2321, 2274, 2262, 2273, 2280, 2274, 2275, 2281, 2275, 2276, 2282, 2276, 2277, 2284, 2279, 2280, 2284, 2281, 2285, 2286, 2281, 2282, 2288, 2274, 2279, 2283, 2288, 2279, 2291, 2289, 2283, 2292, 2283, 2284, 2293, 2284, 2285, 2295, 2290, 2291, 2296, 2291, 2292, 2297, 2292, 2293, 2300, 2298, 2306, 2301, 2296, 2299, 2303, 2295, 2301, 2304, 2301, 2300, 2305, 2300, 2306, 2307, 2306, 2308, 2299, 2297, 2310, 2293, 2286, 2311, 2297, 2311, 2312, 2310, 2312, 2313, 2298, 2314, 2315, 2308, 2317, 2316, 2318, 2315, 2314, 2318, 2319, 2327, 2313, 2319, 2314, 2277, 2320, 2322, 2282, 2322, 2324, 2323, 2320, 2401, 2319, 2311, 2325, 2286, 2324, 2325, 2327, 2325, 2326, 2332, 2309, 2410, 2335, 2333, 2409, 2339, 2307, 2332, 2340, 2332, 2333, 2334, 2340, 2333, 2343, 2342, 2345, 2345, 2344, 2357, 2344, 2302, 2351, 2302, 2347, 2351, 2303, 2348, 2347, 2305, 2348, 2304, 2348, 2349, 2350, 2347, 2350, 2359, 2352, 2347, 2359, 2353, 2351, 2352, 2355, 2341, 2432, 2331, 2356, 2382, 2357, 2353, 2362, 2352, 2358, 2360, 2353, 2360, 2361, 2362, 2361, 2433, 2364, 2366, 2363, 2367, 2368, 2366, 2369, 2370, 2368, 2371, 2337, 2370, 2363, 2373, 2372, 2366, 2374, 2373, 2368, 2375, 2374, 2372, 2376, 2398, 2373, 2377, 2376, 2374, 2378, 2377, 2375, 2379, 2378, 2337, 2380, 2379, 2236, 2237, 2235, 2331, 2236, 2109, 2085, 2109, 2084, 2383, 2242, 2237, 2392, 2390, 2393, 2383, 2387, 2388, 2148, 2139, 2147, 2153, 2158, 2429, 2119, 2122, 2120, 2204, 2101, 2102, 2105, 2209, 2104, 2046, 2056, 2047, 1999, 2002, 1998, 2004, 2395, 2006, 2015, 2010, 2011, 2050, 2073, 2049, 2034, 2026, 2027, 2381, 2316, 2380, 2323, 2393, 2326, 2399, 2376, 2400, 2400, 2377, 2318, 2318, 2378, 2317, 2317, 2379, 2316, 2244, 2401, 2243, 2402, 323, 1016, 2243, 1535, 2240, 2240, 1533, 2224, 2224, 1531, 2221, 2221, 1529, 2219, 2219, 1526, 2218, 2218, 1527, 2217, 2272, 1543, 1541, 1203, 1521, 2403, 1298, 1419, 1448, 1314, 1298, 1448, 1283, 1291, 1292, 1284, 2405, 1287, 1963, 2407, 2406, 2410, 2333, 2332, 1380, 2411, 1379, 1381, 2412, 1380, 603, 582, 2434, 2435, 2434, 582, 583, 2435, 582, 2436, 691, 603, 2437, 603, 2434, 2438, 2434, 2435, 2439, 2435, 583, 2440, 2439, 583, 584, 2440, 583, 2441, 691, 2436, 2442, 2436, 2437, 2443, 2437, 2438, 2444, 2438, 2445, 2439, 2445, 2438, 2446, 2439, 2440, 2447, 2440, 584, 2448, 2447, 584, 2447, 2448, 2449, 2446, 2447, 2449, 2445, 2449, 2444, 69, 584, 585, 66, 585, 586, 73, 66, 586, 69, 86, 2450, 2448, 69, 2450, 2451, 2448, 2450, 2452, 2451, 2450, 87, 2450, 86, 2453, 2451, 2452, 88, 2452, 87, 2453, 98, 2454, 2455, 2454, 2456, 2453, 2457, 2451, 2444, 2451, 2457, 2451, 2444, 2449, 2448, 2451, 2449, 2458, 692, 2441, 2459, 2441, 2442, 2460, 2442, 2443, 2457, 2443, 2444, 2461, 2455, 2462, 2457, 2463, 2460, 2459, 2463, 2464, 2465, 2464, 2466, 2459, 2468, 2467, 2458, 2467, 2469, 141, 2469, 2470, 694, 2470, 2471, 2472, 2474, 2473, 2475, 2473, 2476, 2477, 2476, 2478, 2479, 2478, 2480, 2477, 2482, 2481, 2483, 2485, 2484, 2456, 2484, 2486, 2455, 2486, 2462, 2487, 2489, 2488, 150, 2491, 2490, 2492, 2490, 2493, 2494, 2493, 2495, 2496, 2495, 2497, 2498, 2497, 2499, 2500, 2499, 2501, 2502, 2504, 2503, 2505, 2503, 2506, 2507, 2505, 2506, 2508, 2506, 2509, 2510, 2506, 2503, 2511, 2504, 2512, 2513, 2512, 2514, 2515, 2514, 2516, 2517, 2516, 2518, 2519, 2518, 2520, 2521, 2520, 2488, 2522, 2488, 2489, 2472, 2489, 2523, 2524, 2503, 2504, 2525, 742, 743, 2500, 743, 2526, 2498, 2526, 2527, 2496, 2527, 2528, 2494, 2528, 2529, 2492, 2529, 155, 150, 2492, 155, 2530, 738, 690, 2526, 743, 738, 2527, 738, 2530, 2528, 2530, 2531, 2529, 2531, 2418, 155, 2529, 2418, 737, 2418, 2531, 2532, 2508, 2533, 745, 2533, 744, 690, 2531, 2530, 2461, 2535, 2534, 2463, 2534, 2536, 2464, 2536, 2537, 2466, 2537, 2538, 2481, 2540, 2539, 2484, 2542, 2541, 2486, 2541, 2543, 2462, 2543, 2535, 2467, 2545, 2544, 2469, 2544, 2546, 2470, 2546, 2547, 2471, 2547, 2548, 2549, 2548, 2550, 2473, 2552, 2551, 2476, 2551, 2553, 2478, 2553, 2554, 2468, 2555, 2545, 2543, 2557, 2556, 2541, 2558, 2557, 2559, 2560, 2558, 2538, 2561, 2560, 2537, 2562, 2561, 2536, 2563, 2562, 2534, 2564, 2563, 2535, 2556, 2564, 2545, 2566, 2565, 2555, 2567, 2566, 2568, 2569, 2567, 2570, 2571, 2569, 2550, 2572, 2571, 2548, 2573, 2572, 2547, 2574, 2573, 2546, 2575, 2574, 2544, 2565, 2575, 2576, 2563, 2564, 2576, 2562, 2563, 2576, 2561, 2562, 2576, 2560, 2561, 2576, 2558, 2560, 2576, 2557, 2558, 2576, 2556, 2557, 2576, 2564, 2556, 2577, 2575, 2565, 2577, 2574, 2575, 2577, 2573, 2574, 2577, 2572, 2573, 2577, 2571, 2572, 2577, 2569, 2571, 2577, 2567, 2569, 2577, 2566, 2567, 2577, 2565, 2566, 2489, 2578, 2523, 2523, 2578, 2474, 2549, 694, 2471, 1780, 1799, 2579, 2579, 2580, 1780, 2580, 1779, 1780, 1885, 2581, 1799, 2581, 2579, 1799, 2582, 2580, 2579, 2583, 1779, 2580, 2584, 2585, 1779, 2585, 1782, 1779, 1336, 2581, 1885, 2586, 2582, 2581, 2587, 2583, 2582, 2588, 2589, 2583, 2589, 2584, 2583, 2589, 2585, 2584, 2590, 1782, 2585, 2591, 2592, 1782, 2592, 2591, 2593, 2591, 2590, 2593, 2590, 2594, 2593, 2592, 1783, 1782, 1270, 1781, 1783, 1269, 1266, 1781, 1288, 1270, 2595, 1270, 2592, 2595, 2592, 2596, 2595, 2596, 2597, 2595, 2597, 1288, 2595, 2596, 2598, 2597, 2598, 2405, 2597, 1289, 2454, 98, 2599, 2456, 2454, 2600, 2596, 2601, 2596, 2594, 2601, 2594, 2596, 2593, 2596, 2592, 2593, 1337, 2586, 1336, 2602, 2587, 2586, 2603, 2588, 2587, 2604, 2594, 2588, 2601, 2605, 2600, 2606, 2604, 2607, 2604, 2608, 2607, 2603, 2609, 2608, 2610, 2612, 2611, 2603, 2613, 2612, 2602, 2614, 2613, 1337, 2615, 2614, 2616, 2618, 2617, 2472, 2619, 2618, 2475, 2620, 2619, 2477, 2621, 2620, 2622, 2624, 2623, 2477, 2625, 2624, 2483, 2627, 2626, 2456, 2628, 2627, 1388, 2630, 2629, 1386, 2631, 2630, 1350, 2632, 2631, 2633, 2634, 2632, 2635, 2636, 2634, 2637, 2638, 2636, 2639, 2640, 2638, 2641, 2642, 2640, 2643, 2644, 2642, 1936, 1935, 2644, 1935, 2509, 2644, 2509, 2642, 2644, 2524, 2638, 2640, 2511, 2636, 2638, 2513, 2634, 2636, 2515, 2632, 2634, 2517, 2631, 2632, 2519, 2630, 2631, 2521, 2629, 2630, 2522, 2616, 2629, 2510, 2640, 2642, 1936, 2643, 1937, 2643, 2645, 1937, 2641, 2646, 2645, 2639, 2647, 2646, 2637, 2648, 2647, 2635, 1351, 2648, 2633, 1350, 1351, 1932, 2649, 1884, 1937, 2645, 1932, 2645, 2649, 1932, 2646, 2650, 2649, 2647, 1930, 2650, 2648, 1351, 1930, 1930, 1931, 2650, 1935, 2533, 2508, 1933, 744, 2533, 1931, 2649, 2650, 2605, 2652, 2651, 2606, 2653, 2652, 2607, 2654, 2653, 2608, 2655, 2654, 2609, 2656, 2655, 2624, 2658, 2657, 2626, 2660, 2659, 2661, 2651, 2662, 2611, 2664, 2663, 2612, 2665, 2664, 2613, 2666, 2665, 2614, 2667, 2666, 2615, 2668, 2667, 2617, 2670, 2669, 2618, 2671, 2670, 2619, 2672, 2671, 2673, 2663, 2674, 2675, 2677, 2676, 2678, 2676, 2679, 2655, 2679, 2680, 2654, 2680, 2681, 2653, 2681, 2682, 2652, 2682, 2683, 2651, 2683, 2684, 2662, 2684, 2677, 2674, 2686, 2685, 2687, 2685, 2688, 2689, 2688, 2690, 2668, 2690, 2691, 2667, 2691, 2692, 2666, 2692, 2693, 2665, 2693, 2694, 2664, 2694, 2695, 2663, 2695, 2686, 2683, 2696, 2684, 2682, 2696, 2683, 2681, 2696, 2682, 2680, 2696, 2681, 2679, 2696, 2680, 2676, 2696, 2679, 2677, 2696, 2676, 2684, 2696, 2677, 2695, 2697, 2686, 2694, 2697, 2695, 2693, 2697, 2694, 2692, 2697, 2693, 2691, 2697, 2692, 2690, 2697, 2691, 2688, 2697, 2690, 2685, 2697, 2688, 2686, 2697, 2685, 1388, 2616, 2412, 2412, 2616, 2617, 2412, 2698, 2411, 2699, 2701, 2700, 603, 2437, 2436, 2434, 2438, 2437, 2435, 2439, 2438, 691, 2441, 692, 2436, 2442, 2441, 2437, 2443, 2442, 2438, 2444, 2443, 2439, 2446, 2445, 2440, 2447, 2446, 2449, 2445, 2446, 584, 69, 2448, 585, 66, 69, 2450, 87, 2452, 2452, 88, 2453, 98, 2453, 88, 2454, 2455, 2453, 2457, 2453, 2455, 692, 2458, 141, 2441, 2459, 2458, 2442, 2460, 2459, 2443, 2457, 2460, 2455, 2461, 2457, 2463, 2457, 2461, 2463, 2459, 2460, 2464, 2465, 2459, 2468, 2459, 2465, 2467, 2458, 2459, 2469, 141, 2458, 2470, 694, 141, 2474, 2472, 2523, 2473, 2475, 2472, 2476, 2477, 2475, 2478, 2479, 2477, 2482, 2477, 2479, 2481, 2702, 2477, 2484, 2456, 2483, 2486, 2455, 2456, 2489, 2487, 2703, 2491, 150, 189, 2490, 2492, 150, 2493, 2494, 2492, 2495, 2496, 2494, 2497, 2498, 2496, 2499, 2500, 2498, 2501, 2525, 2500, 2503, 2505, 2502, 2506, 2508, 2507, 2506, 2510, 2509, 2504, 2511, 2524, 2512, 2513, 2511, 2514, 2515, 2513, 2516, 2517, 2515, 2518, 2519, 2517, 2520, 2521, 2519, 2488, 2522, 2521, 2489, 2472, 2522, 2503, 2524, 2510, 743, 2500, 2525, 2526, 2498, 2500, 2527, 2496, 2498, 2528, 2494, 2496, 2529, 2492, 2494, 738, 2527, 2526, 2530, 2528, 2527, 2531, 2529, 2528, 2508, 2532, 2507, 2533, 745, 2532, 2531, 690, 737, 2535, 2461, 2462, 2534, 2463, 2461, 2536, 2464, 2463, 2537, 2466, 2464, 2540, 2481, 2482, 2542, 2484, 2485, 2541, 2486, 2484, 2543, 2462, 2486, 2545, 2467, 2468, 2544, 2469, 2467, 2546, 2470, 2469, 2547, 2471, 2470, 2548, 2549, 2471, 2552, 2473, 2474, 2551, 2476, 2473, 2553, 2478, 2476, 2554, 2480, 2478, 2557, 2543, 2541, 2558, 2541, 2542, 2704, 2539, 2540, 2561, 2538, 2537, 2562, 2537, 2536, 2563, 2536, 2534, 2564, 2534, 2535, 2556, 2535, 2543, 2566, 2545, 2555, 2705, 2554, 2553, 2569, 2568, 2570, 2571, 2570, 2550, 2572, 2550, 2548, 2573, 2548, 2547, 2574, 2547, 2546, 2575, 2546, 2544, 2565, 2544, 2545, 2578, 2489, 2703, 694, 2549, 1208, 2579, 2581, 2582, 2580, 2582, 2583, 1779, 2583, 2584, 2581, 1336, 2586, 2582, 2586, 2587, 2583, 2587, 2588, 2589, 2588, 2594, 2585, 2589, 2590, 1782, 2590, 2591, 2594, 2590, 2589, 1783, 2592, 1270, 1781, 1270, 1269, 1288, 2597, 2405, 1290, 2599, 1289, 2454, 1289, 2599, 2456, 2599, 2706, 2596, 2600, 2598, 2586, 1337, 2602, 2587, 2602, 2603, 2588, 2603, 2604, 2594, 2604, 2601, 2605, 2601, 2606, 2604, 2606, 2601, 2608, 2604, 2603, 2609, 2603, 2610, 2612, 2610, 2603, 2613, 2603, 2602, 2614, 2602, 1337, 2615, 1337, 1887, 2618, 2616, 2472, 2619, 2472, 2475, 2620, 2475, 2477, 2621, 2477, 2622, 2624, 2622, 2477, 2625, 2477, 2702, 2627, 2483, 2456, 2628, 2456, 2706, 2630, 1388, 1386, 2631, 1386, 1350, 2632, 1350, 2633, 2634, 2633, 2635, 2636, 2635, 2637, 2638, 2637, 2639, 2640, 2639, 2641, 2642, 2641, 2643, 2644, 2643, 1936, 2509, 1935, 2508, 2642, 2509, 2510, 2638, 2524, 2511, 2636, 2511, 2513, 2634, 2513, 2515, 2632, 2515, 2517, 2631, 2517, 2519, 2630, 2519, 2521, 2629, 2521, 2522, 2616, 2522, 2472, 2640, 2510, 2524, 2645, 2643, 2641, 2646, 2641, 2639, 2647, 2639, 2637, 2648, 2637, 2635, 1351, 2635, 2633, 2649, 2645, 2646, 2650, 2646, 2647, 1930, 2647, 2648, 2533, 1935, 1933, 744, 1933, 1934, 2649, 1931, 1884, 2652, 2605, 2606, 2653, 2606, 2607, 2654, 2607, 2608, 2655, 2608, 2609, 2657, 2623, 2624, 2658, 2624, 2625, 2660, 2626, 2627, 2651, 2661, 2605, 2664, 2611, 2612, 2665, 2612, 2613, 2666, 2613, 2614, 2667, 2614, 2615, 2669, 2698, 2617, 2670, 2617, 2618, 2671, 2618, 2619, 2672, 2619, 2620, 2663, 2673, 2611, 2677, 2675, 2662, 2676, 2678, 2675, 2679, 2655, 2656, 2680, 2654, 2655, 2681, 2653, 2654, 2682, 2652, 2653, 2683, 2651, 2652, 2684, 2662, 2651, 2686, 2674, 2663, 2685, 2687, 2674, 2688, 2689, 2687, 2690, 2668, 2689, 2691, 2667, 2668, 2692, 2666, 2667, 2693, 2665, 2666, 2694, 2664, 2665, 2695, 2663, 2664, 2616, 1388, 2629, 2698, 2412, 2617, 2707, 2709, 2708, 2710, 2708, 2711, 2712, 2711, 2713, 2710, 2715, 2714, 2707, 2714, 2716, 2717, 2716, 2718, 2719, 2711, 2708, 2720, 2708, 2709, 2721, 112, 113, 2722, 2718, 2716, 2714, 2722, 2716, 2723, 2714, 2715, 2709, 126, 2720, 2724, 111, 2725, 2726, 2723, 2715, 2727, 2725, 2722, 2728, 2722, 2723, 2729, 2730, 2415, 2730, 2732, 2731, 2733, 2732, 2734, 2735, 2734, 2736, 2737, 2736, 2738, 2717, 126, 2709, 2718, 127, 2717, 2725, 128, 2718, 2739, 113, 129, 2719, 2721, 2740, 2713, 2742, 2741, 2743, 2742, 2744, 2740, 2742, 2719, 2745, 2744, 2746, 2747, 2744, 2740, 2739, 2740, 2721, 134, 2730, 2748, 129, 2748, 2739, 2748, 2731, 2749, 2739, 2749, 2747, 2733, 2749, 2731, 2733, 2735, 2749, 2746, 2747, 2749, 2749, 2735, 2737, 2737, 2746, 2749, 2738, 2745, 2737, 2750, 2715, 2712, 2720, 126, 112, 2743, 2713, 2741, 2751, 2753, 2752, 2754, 2752, 2755, 2756, 2755, 2757, 2754, 2759, 2758, 2751, 2758, 2760, 2761, 2760, 2762, 2763, 2755, 2752, 2764, 2752, 2753, 2765, 710, 711, 2766, 2762, 2760, 2758, 2766, 2760, 2767, 2758, 2759, 2753, 724, 2764, 2768, 709, 2769, 2770, 2767, 2759, 2771, 2769, 2766, 2772, 2766, 2767, 715, 2774, 2773, 2774, 2771, 2775, 2776, 2771, 2772, 2777, 2772, 2770, 2778, 2770, 2779, 2761, 724, 2753, 2762, 725, 2761, 2769, 726, 2762, 2780, 711, 727, 2763, 2765, 2781, 2757, 2783, 2782, 2784, 2783, 2785, 2781, 2783, 2763, 2786, 2785, 2787, 2788, 2785, 2781, 2780, 2781, 2765, 2789, 2774, 2790, 727, 2791, 2780, 2790, 2775, 2792, 2780, 2793, 2788, 2776, 2792, 2775, 2776, 2777, 2792, 2787, 2788, 2793, 2792, 2777, 2778, 2794, 2787, 2793, 2795, 2786, 2794, 2796, 2759, 2756, 2764, 724, 710, 2784, 2757, 2782, 2797, 2799, 2798, 2800, 2801, 2799, 2802, 2803, 2801, 2804, 2806, 2805, 2802, 2807, 2806, 2800, 2808, 2807, 2809, 2799, 2801, 2810, 2798, 2799, 2811, 1311, 1324, 2812, 2807, 2808, 2813, 2807, 2814, 2806, 2813, 2805, 1325, 2798, 2811, 2815, 2812, 1309, 2816, 2805, 2813, 2817, 2814, 2812, 2818, 2813, 2814, 2819, 1329, 2820, 2819, 2822, 2821, 2822, 2823, 2821, 2824, 2825, 2816, 2826, 2827, 2825, 1326, 2798, 1325, 1327, 2797, 1326, 1309, 2808, 1327, 2828, 1333, 1311, 2811, 2829, 2828, 2801, 2830, 2809, 2830, 2831, 2809, 2831, 2810, 2809, 2832, 2833, 2831, 2833, 2829, 2831, 2834, 2828, 2829, 1329, 2835, 2820, 1331, 2836, 2835, 2820, 2837, 2822, 2835, 2834, 2837, 2837, 2838, 2822, 2839, 2838, 2837, 2834, 2833, 2837, 2839, 2837, 2840, 2841, 2837, 2833, 2832, 2840, 2841, 2825, 2804, 2805, 1325, 2811, 1324, 2827, 2803, 2804, 2842, 2844, 2843, 2845, 2846, 2844, 2847, 2848, 2846, 2849, 2851, 2850, 2847, 2852, 2851, 2845, 2853, 2852, 2854, 2844, 2846, 2855, 2843, 2844, 2856, 1903, 1913, 2857, 2852, 2853, 2858, 2852, 2859, 2851, 2858, 2850, 1914, 2843, 2856, 1909, 2857, 1901, 2860, 2850, 2858, 2861, 2859, 2857, 2862, 2858, 2859, 2861, 1918, 2863, 2861, 2864, 2862, 2864, 2860, 2862, 2865, 2866, 2860, 2867, 2868, 2866, 1915, 2843, 1914, 1916, 2842, 1915, 1901, 2853, 1916, 2869, 1923, 1903, 2856, 2870, 2869, 2846, 2871, 2854, 2871, 2872, 2854, 2872, 2855, 2854, 2873, 2874, 2872, 2874, 2870, 2872, 2875, 2869, 2870, 1920, 2877, 2876, 1921, 2878, 2877, 2876, 2880, 2879, 2877, 2875, 2880, 2880, 2881, 2879, 2882, 2881, 2880, 2875, 2874, 2880, 2882, 2880, 2883, 2884, 2880, 2874, 2873, 2883, 2884, 2866, 2849, 2850, 1914, 2856, 1913, 2885, 2848, 2886, 2709, 2707, 2717, 2708, 2710, 2707, 2711, 2712, 2710, 2715, 2710, 2712, 2714, 2707, 2710, 2716, 2717, 2707, 2711, 2719, 2742, 2708, 2720, 2719, 112, 2721, 2720, 2718, 2722, 2725, 2722, 2714, 2723, 111, 2724, 117, 2723, 2726, 2728, 2725, 2727, 2724, 2722, 2728, 2727, 2730, 2729, 2887, 2732, 2730, 2887, 2732, 2733, 2731, 2734, 2735, 2733, 2736, 2737, 2735, 126, 2717, 127, 127, 2718, 128, 128, 2725, 111, 113, 2739, 2721, 2721, 2719, 2720, 2742, 2713, 2711, 2742, 2743, 2741, 2742, 2740, 2744, 2744, 2745, 2743, 2744, 2747, 2746, 2740, 2739, 2747, 2730, 134, 2415, 2748, 129, 134, 2731, 2748, 2730, 2749, 2739, 2748, 2746, 2737, 2745, 2745, 2738, 2743, 2715, 2750, 2726, 2712, 2743, 2750, 2713, 2743, 2712, 2753, 2751, 2761, 2752, 2754, 2751, 2755, 2756, 2754, 2759, 2754, 2756, 2758, 2751, 2754, 2760, 2761, 2751, 2755, 2763, 2783, 2752, 2764, 2763, 710, 2765, 2764, 2762, 2766, 2769, 2766, 2758, 2767, 709, 2768, 715, 2767, 2770, 2772, 2769, 2771, 2768, 2766, 2772, 2771, 2774, 715, 2768, 2771, 2774, 2768, 2771, 2776, 2775, 2772, 2777, 2776, 2770, 2778, 2777, 724, 2761, 725, 725, 2762, 726, 726, 2769, 709, 711, 2780, 2765, 2765, 2763, 2764, 2783, 2757, 2755, 2783, 2784, 2782, 2783, 2781, 2785, 2785, 2786, 2784, 2785, 2788, 2787, 2781, 2780, 2788, 2774, 2789, 2773, 2791, 727, 2417, 2775, 2790, 2774, 2793, 2780, 2791, 2787, 2794, 2786, 2786, 2795, 2784, 2759, 2796, 2888, 2756, 2784, 2796, 2757, 2784, 2756, 2799, 2797, 2800, 2801, 2800, 2802, 2803, 2802, 2804, 2806, 2804, 2802, 2807, 2802, 2800, 2808, 2800, 2797, 2799, 2809, 2810, 2798, 2810, 2811, 1311, 2811, 2828, 2807, 2812, 2814, 2807, 2813, 2806, 2812, 2815, 2817, 2805, 2816, 2825, 2814, 2817, 2818, 2889, 2821, 2823, 1329, 2819, 1319, 2822, 2819, 2820, 2823, 2822, 2838, 2825, 2824, 2826, 2890, 2839, 2840, 2798, 1326, 2797, 2797, 1327, 2808, 2808, 1309, 2812, 1333, 2828, 2836, 2829, 2811, 2810, 2830, 2801, 2803, 2831, 2830, 2832, 2810, 2831, 2829, 2833, 2832, 2841, 2829, 2833, 2834, 2828, 2834, 2836, 2835, 1329, 1331, 2836, 1331, 1333, 2837, 2820, 2835, 2834, 2835, 2836, 2837, 2841, 2840, 2840, 2832, 2890, 2804, 2825, 2827, 2830, 2827, 2832, 2803, 2827, 2830, 2844, 2842, 2845, 2846, 2845, 2847, 2848, 2847, 2886, 2851, 2849, 2847, 2852, 2847, 2845, 2853, 2845, 2842, 2844, 2854, 2855, 2843, 2855, 2856, 1903, 2856, 2869, 2852, 2857, 2859, 2852, 2858, 2851, 2857, 1909, 2861, 2850, 2860, 2866, 2859, 2861, 2862, 2858, 2862, 2860, 1918, 2861, 1909, 2864, 2861, 2863, 2860, 2864, 2865, 2866, 2865, 2867, 2891, 2882, 2883, 2843, 1915, 2842, 2842, 1916, 2853, 2853, 1901, 2857, 1923, 2869, 2878, 2870, 2856, 2855, 2871, 2846, 2848, 2872, 2871, 2873, 2855, 2872, 2870, 2874, 2873, 2884, 2870, 2874, 2875, 2869, 2875, 2878, 2877, 1920, 1921, 2878, 1921, 1923, 2880, 2876, 2877, 2875, 2877, 2878, 2880, 2884, 2883, 2883, 2873, 2891, 2849, 2866, 2868, 2871, 2885, 2873, 2848, 2885, 2871, 2892, 2894, 2893, 2894, 799, 2895, 2893, 799, 803, 2419, 2893, 803, 793, 2893, 2419, 794, 2892, 793, 1200, 2896, 794, 2897, 798, 2894, 944, 2899, 2898, 947, 2898, 2900, 950, 2902, 2901, 2903, 950, 2901, 953, 2904, 952, 954, 2904, 953, 957, 2905, 956, 937, 2906, 957, 938, 2906, 937, 2905, 938, 939, 2907, 2905, 939, 2907, 940, 2904, 2908, 949, 2903, 2908, 963, 964, 965, 963, 2908, 973, 2903, 975, 975, 2901, 977, 2901, 982, 977, 2909, 2910, 2176, 2902, 2176, 982, 2904, 940, 952, 2907, 956, 2905, 968, 2908, 973, 2897, 1200, 795, 2911, 2913, 2912, 2006, 2913, 2005, 2913, 2010, 2005, 2914, 2007, 2010, 2915, 2007, 2914, 2911, 2000, 2915, 2911, 2001, 1999, 2395, 2916, 2006, 945, 2917, 2899, 2140, 2918, 2917, 2142, 2919, 2918, 2429, 2919, 2145, 2920, 2146, 2147, 2921, 2146, 2920, 2922, 2150, 2923, 2922, 2136, 2151, 2922, 2137, 2136, 2922, 2138, 2137, 2923, 2921, 2138, 2138, 2920, 2139, 2158, 2924, 2429, 2159, 2925, 2158, 2159, 2160, 2925, 2925, 2169, 2924, 2924, 2171, 2919, 2918, 2171, 2178, 2910, 2926, 2176, 2926, 2430, 2176, 2139, 2920, 2147, 2149, 2923, 2150, 2160, 2167, 2925, 2911, 2395, 2001, 2897, 2892, 2896, 2894, 2892, 2897, 2893, 2894, 2895, 799, 2894, 798, 799, 2893, 2895, 2893, 793, 2892, 2892, 794, 2896, 798, 2897, 795, 2899, 944, 945, 2898, 947, 944, 2900, 950, 947, 950, 2903, 949, 2904, 954, 2907, 2905, 957, 2906, 938, 2905, 2906, 940, 2907, 939, 949, 2908, 964, 2903, 973, 2908, 2901, 975, 2903, 982, 2901, 2902, 2176, 2902, 2909, 956, 2907, 954, 2908, 968, 965, 1200, 2897, 2896, 2914, 2911, 2915, 2913, 2911, 2914, 2912, 2913, 2916, 2913, 2006, 2916, 2010, 2913, 2914, 2007, 2915, 2000, 2000, 2911, 1999, 2916, 2395, 2912, 2917, 945, 2140, 2918, 2140, 2142, 2919, 2142, 2145, 2919, 2429, 2924, 2146, 2921, 2149, 2150, 2922, 2151, 2138, 2922, 2923, 2920, 2138, 2921, 2924, 2158, 2925, 2169, 2925, 2167, 2171, 2924, 2169, 2171, 2918, 2919, 2430, 2926, 2927, 2923, 2149, 2921, 2167, 2160, 2163, 2395, 2911, 2912, 2928, 2421, 1058, 2929, 1058, 1060, 2930, 2931, 2928, 2932, 2928, 2929, 2933, 2934, 2930, 2935, 2930, 2932, 2936, 2937, 2933, 2936, 2935, 2938, 2939, 2940, 2936, 2939, 2938, 2941, 2942, 1060, 1062, 2943, 2929, 2942, 2944, 2932, 2943, 2945, 2935, 2944, 2946, 2938, 2945, 2947, 2941, 2946, 2948, 2939, 2941, 2949, 2950, 2939, 2951, 2948, 2947, 2952, 2949, 2948, 2953, 2954, 2949, 2955, 2952, 2951, 2956, 2953, 2952, 2957, 2953, 2958, 2958, 2959, 2957, 2956, 2959, 2958, 2955, 2959, 2956, 884, 2942, 1062, 2960, 2943, 2942, 2961, 2943, 2962, 2963, 2960, 2964, 1135, 2960, 884, 2965, 2962, 2963, 2966, 2944, 2961, 2967, 2969, 2968, 2970, 2945, 2966, 2971, 2972, 2967, 2973, 2946, 2970, 2974, 2975, 2971, 2976, 2977, 2974, 2978, 2979, 2976, 2980, 2947, 2973, 2981, 2951, 2980, 2982, 2974, 2971, 2976, 2984, 2983, 2983, 2978, 2976, 2982, 2967, 2985, 2986, 2967, 2968, 2987, 2968, 2988, 2989, 2988, 2990, 1096, 2989, 2990, 2991, 2992, 2959, 2992, 2994, 2993, 2983, 2995, 2994, 2984, 2996, 2995, 2982, 2997, 2996, 2985, 2998, 2997, 2986, 2999, 2998, 2959, 2992, 2993, 2989, 2999, 2987, 1064, 2989, 1086, 2997, 3001, 3000, 2996, 3000, 3002, 2995, 3002, 3003, 2998, 3004, 3001, 3005, 3004, 2999, 1064, 3006, 3005, 2995, 3007, 2994, 2993, 3007, 3008, 2421, 3009, 1072, 2950, 3011, 3010, 2940, 3010, 3012, 2937, 3012, 3013, 3014, 2931, 2934, 3006, 1072, 3009, 3013, 2934, 2937, 3004, 3009, 3014, 3001, 3014, 3013, 3000, 3013, 3012, 3002, 3012, 3010, 3011, 3016, 3015, 3016, 3017, 3015, 2959, 3017, 2957, 3002, 3011, 3003, 3003, 3015, 3007, 3017, 3007, 3015, 2959, 3008, 3017, 2959, 2993, 3008, 2959, 2955, 3018, 2959, 3019, 2991, 3020, 2254, 2253, 3021, 2257, 2254, 3022, 3021, 3020, 3023, 3024, 3021, 3025, 3023, 3022, 3026, 3027, 3023, 3028, 3026, 3025, 3026, 3030, 3029, 3031, 3032, 3028, 3032, 3033, 3030, 3024, 2256, 2257, 3027, 3034, 3024, 3029, 3035, 3027, 3030, 3036, 3029, 3033, 3037, 3030, 3038, 3039, 3033, 3040, 3033, 3041, 3042, 3041, 3031, 3043, 3044, 3038, 3045, 3038, 3040, 3046, 3040, 3042, 3047, 3048, 3043, 3049, 3043, 3045, 3046, 3049, 3045, 3050, 3049, 3051, 3050, 3047, 3049, 3050, 3052, 3047, 3053, 2256, 3034, 3054, 3034, 3035, 3036, 3054, 3035, 3054, 3055, 3053, 3055, 2088, 3053, 3056, 3057, 3054, 3037, 3056, 3036, 3058, 3059, 3056, 3039, 3058, 3037, 3060, 3061, 3058, 3044, 3060, 3039, 3062, 3063, 3060, 3064, 3065, 3062, 3066, 3068, 3067, 3048, 3062, 3044, 3052, 3064, 3048, 3069, 3071, 3070, 3070, 3072, 3069, 3073, 3068, 3074, 3071, 3076, 3075, 3076, 3077, 3075, 3078, 3079, 3077, 3080, 3081, 3079, 2278, 3081, 3082, 3073, 3083, 3050, 3072, 3085, 3084, 3069, 3084, 3086, 3087, 3086, 3088, 3076, 3088, 3089, 3078, 3089, 3090, 3080, 3090, 3091, 3073, 3050, 3085, 3092, 3080, 3091, 3092, 2278, 3082, 3090, 3094, 3093, 3089, 3095, 3094, 3088, 3096, 3095, 3091, 3093, 3097, 3098, 3091, 3097, 2259, 3092, 3098, 3096, 3084, 3099, 3084, 3100, 3099, 3020, 2266, 3101, 3042, 3103, 3102, 3031, 3104, 3103, 3028, 3105, 3104, 3101, 3022, 3020, 2259, 3101, 2266, 3106, 3025, 3022, 3098, 3106, 3101, 3097, 3105, 3106, 3093, 3104, 3105, 3094, 3103, 3104, 3042, 3107, 3046, 3051, 3107, 3108, 3108, 3050, 3051, 3103, 3096, 3102, 3102, 3099, 3107, 3100, 3107, 3099, 3100, 3050, 3108, 3085, 3050, 3100, 3052, 3050, 3109, 3110, 3050, 3083, 2421, 2928, 2931, 1058, 2929, 2928, 2931, 2930, 2934, 2928, 2932, 2930, 2934, 2933, 2937, 2930, 2935, 2933, 2937, 2936, 2940, 2935, 2936, 2933, 2940, 2939, 2950, 2938, 2939, 2936, 1060, 2942, 2929, 2929, 2943, 2932, 2932, 2944, 2935, 2935, 2945, 2938, 2938, 2946, 2941, 2941, 2947, 2948, 2939, 2948, 2949, 2950, 2949, 2954, 2948, 2951, 2952, 2949, 2952, 2953, 2954, 2953, 3016, 2952, 2955, 2956, 2953, 2956, 2958, 2953, 2957, 3016, 2942, 884, 2960, 2943, 2960, 2962, 2943, 2961, 2944, 2960, 2963, 2962, 2960, 1135, 2964, 2962, 2965, 2961, 2944, 2966, 2945, 2969, 2967, 2972, 2945, 2970, 2946, 2972, 2971, 2975, 2946, 2973, 2947, 2975, 2974, 2977, 2977, 2976, 2979, 2979, 2978, 3111, 2947, 2980, 2951, 2951, 2981, 2955, 2974, 2982, 2984, 2984, 2976, 2974, 2978, 2983, 2992, 2967, 2982, 2971, 2967, 2986, 2985, 2968, 2987, 2986, 2988, 2989, 2987, 2989, 1096, 1086, 2994, 2992, 2983, 2995, 2983, 2984, 2996, 2984, 2982, 2997, 2982, 2985, 2998, 2985, 2986, 2999, 2986, 2987, 2999, 2989, 3005, 2989, 1064, 3005, 3001, 2997, 2998, 3000, 2996, 2997, 3002, 2995, 2996, 3004, 2998, 2999, 3004, 3005, 3006, 3006, 1064, 1065, 3007, 2995, 3003, 3007, 2993, 2994, 3009, 2421, 2931, 3011, 2950, 2954, 3010, 2940, 2950, 3012, 2937, 2940, 2931, 3014, 3009, 1072, 3006, 1065, 2934, 3013, 3014, 3009, 3004, 3006, 3014, 3001, 3004, 3013, 3000, 3001, 3012, 3002, 3000, 3016, 3011, 2954, 3017, 3016, 2957, 3011, 3002, 3010, 3015, 3003, 3011, 3007, 3017, 3008, 2254, 3020, 3021, 2257, 3021, 3024, 3021, 3022, 3023, 3024, 3023, 3027, 3023, 3025, 3026, 3027, 3026, 3029, 3026, 3028, 3032, 3030, 3026, 3032, 3032, 3031, 3041, 3033, 3032, 3041, 2256, 3024, 3034, 3034, 3027, 3035, 3035, 3029, 3036, 3036, 3030, 3037, 3037, 3033, 3039, 3039, 3038, 3044, 3033, 3040, 3038, 3041, 3042, 3040, 3044, 3043, 3048, 3038, 3045, 3043, 3040, 3046, 3045, 3048, 3047, 3052, 3043, 3049, 3047, 3049, 3046, 3051, 2256, 3053, 2088, 3034, 3054, 3053, 3054, 3036, 3056, 3055, 3054, 3057, 2088, 3055, 2328, 3057, 3056, 3059, 3056, 3037, 3058, 3059, 3058, 3061, 3058, 3039, 3060, 3061, 3060, 3063, 3060, 3044, 3062, 3063, 3062, 3065, 3070, 3067, 3068, 3068, 3066, 3074, 3062, 3048, 3064, 3064, 3052, 3109, 3071, 3069, 3087, 3072, 3070, 3068, 3068, 3073, 3072, 3076, 3071, 3087, 3077, 3076, 3078, 3079, 3078, 3080, 3081, 3080, 3082, 3081, 2278, 2287, 3085, 3072, 3073, 3084, 3069, 3072, 3086, 3087, 3069, 3088, 3076, 3087, 3089, 3078, 3076, 3090, 3080, 3078, 3080, 3092, 3082, 2278, 3092, 2260, 3094, 3090, 3089, 3095, 3089, 3088, 3096, 3088, 3086, 3093, 3091, 3090, 3091, 3098, 3092, 3092, 2259, 2260, 3084, 3096, 3086, 3100, 3084, 3085, 2266, 3020, 2253, 3103, 3042, 3031, 3104, 3031, 3028, 3105, 3028, 3025, 3022, 3101, 3106, 3101, 2259, 3098, 3025, 3106, 3105, 3106, 3098, 3097, 3105, 3097, 3093, 3104, 3093, 3094, 3103, 3094, 3095, 3107, 3042, 3102, 3107, 3051, 3046, 3096, 3103, 3095, 3099, 3102, 3096, 3107, 3100, 3108, 3112, 2700, 3113, 2699, 2700, 3112, 2701, 2699, 3112, 3114, 2701, 3112, 3115, 2701, 3114, 3116, 3115, 3114, 3117, 3115, 3116, 3118, 3117, 3116, 3119, 3121, 3120, 3122, 3119, 3120, 3123, 3122, 3120, 3124, 3122, 3123, 3112, 3113, 3125, 3112, 3125, 3126, 3114, 3112, 3126, 3114, 3126, 3127, 3114, 3127, 3128, 3116, 3114, 3128, 3116, 3128, 3129, 3118, 3116, 3129, 3118, 3129, 3130, 3131, 3118, 3130, 3132, 3134, 3133, 3135, 3125, 3136, 3126, 3125, 3135, 3137, 3126, 3135, 3127, 3126, 3137, 3138, 3127, 3137, 3128, 3127, 3138, 3139, 3128, 3138, 3129, 3128, 3139, 3140, 3129, 3139, 3130, 3129, 3140, 3141, 3134, 3142, 3133, 3134, 3141, 3143, 3136, 3144, 3135, 3136, 3143, 3145, 3135, 3143, 3137, 3135, 3145, 3138, 3137, 3145, 3146, 3138, 3145, 3139, 3138, 3146, 3147, 3139, 3146, 3140, 3139, 3147, 3148, 3142, 3149, 3141, 3142, 3148, 3150, 3144, 3151, 3143, 3144, 3150, 3152, 3143, 3150, 3145, 3143, 3152, 3153, 3145, 3152, 3146, 3145, 3153, 3154, 3146, 3153, 3147, 3146, 3154, 3155, 3149, 3154, 3148, 3149, 3155, 3156, 3151, 3157, 3150, 3151, 3156, 3158, 3150, 3156, 3152, 3150, 3158, 3159, 3152, 3158, 3153, 3152, 3159, 3160, 3153, 3159, 3154, 3153, 3160, 3161, 3154, 3160, 3155, 3154, 3161, 3162, 3157, 3163, 3156, 3157, 3162, 3164, 3156, 3162, 3158, 3156, 3164, 3165, 3158, 3164, 3159, 3158, 3165, 3166, 3159, 3165, 3160, 3159, 3166, 3167, 3160, 3166, 3161, 3160, 3167, 3168, 3163, 3169, 3162, 3163, 3168, 3170, 3162, 3168, 3164, 3162, 3170, 3171, 3164, 3170, 3165, 3164, 3171, 3172, 3165, 3171, 3166, 3165, 3172, 3173, 3166, 3172, 3167, 3166, 3173, 3174, 3169, 3175, 3168, 3169, 3174, 3176, 3168, 3174, 3170, 3168, 3176, 3177, 3170, 3176, 3171, 3170, 3177, 3178, 3171, 3177, 3172, 3171, 3178, 3179, 3172, 3178, 3173, 3172, 3179, 3174, 3175, 3180, 3174, 3180, 3181, 3176, 3174, 3181, 3176, 3181, 3182, 3176, 3182, 3183, 3177, 3176, 3183, 3177, 3183, 3184, 3178, 3177, 3184, 3178, 3184, 3185, 3179, 3178, 3185, 3179, 3185, 3186, 2700, 1965, 3113, 3151, 1950, 3157, 3144, 1950, 3151, 3136, 1950, 3144, 3136, 1958, 1950, 3125, 1958, 3136, 3113, 1965, 3125, 3157, 1942, 1997, 3175, 1990, 3180, 3175, 1992, 1990, 3175, 1994, 1992, 3169, 1994, 3175, 3163, 1994, 3169, 3163, 1996, 1994, 3157, 1997, 3163, 2428, 3180, 1988, 1988, 3180, 1990, 3187, 1972, 2700, 2428, 3188, 3180, 3115, 2700, 2701, 3119, 3182, 3181, 3115, 3187, 2700, 3117, 3187, 3115, 3119, 3188, 3189, 3119, 3180, 3188, 3119, 3181, 3180, 3185, 3184, 3190, 3182, 3184, 3183, 3122, 3182, 3119, 3124, 3182, 3122, 3190, 3182, 3124, 3190, 3184, 3182, 3185, 3190, 3191, 3185, 3191, 3192, 3193, 3194, 3167, 3192, 3186, 3185, 3193, 3186, 3192, 3193, 3179, 3186, 3193, 3173, 3179, 3193, 3167, 3173, 3167, 3194, 3161, 3125, 1965, 1958, 3157, 1950, 1942, 3163, 1997, 1996, 1972, 3187, 1979, 1965, 2700, 1972]
        point3f[] points = [(-0.12792398, -0.20519403, 0.15313898), (-0.13358898, -0.20567603, 0.12214598), (-0.14008799, -0.18712203, 0.13691199), (-0.11759599, -0.22299103, 0.14996198), (-0.11933099, -0.22594702, 0.11424397), (-0.10148198, -0.24143903, 0.12059997), (-0.11242899, -0.22200803, 0.16930398), (-0.08891599, -0.24641302, 0.14616698), (-0.12104499, -0.20191503, 0.17533799), (-0.137009, -0.17719403, 0.15592998), (-0.130555, -0.16943203, 0.17761798), (-0.12459599, -0.16597503, 0.19005698), (-0.11692499, -0.19685203, 0.18756099), (-0.114695, -0.16097103, 0.20902498), (-0.107274994, -0.19126703, 0.20334798), (-0.090519994, -0.18430401, 0.22528198), (-0.086192995, -0.21302201, 0.22016399), (-0.100030996, -0.21766102, 0.20033999), (-0.08545199, -0.22754002, 0.20981799), (-0.08310499, -0.23834002, 0.19414498), (-0.086845994, -0.24656801, 0.17412698), (-0.107935995, -0.22148503, 0.18205899), (-0.085031986, -0.252934, 0.13034098), (-0.07546399, -0.26036504, 0.17280397), (-0.06280099, -0.276055, 0.14616098), (-0.07021698, -0.26757002, 0.19733498), (-0.06454699, -0.27443403, 0.17340897), (-0.07419299, -0.25768104, 0.21045098), (-0.07648199, -0.24543001, 0.22638398), (-0.07728899, -0.22218901, 0.23685898), (-0.07900299, -0.20755301, 0.23746498), (-0.08484, -0.18039201, 0.23459998), (-0.104308, -0.15363203, 0.23155798), (-0.050347984, -0.28724602, 0.17398497), (-0.046049986, -0.292175, 0.14792296), (-0.05349499, -0.28163004, 0.20461898), (-0.05710699, -0.27081403, 0.22115497), (-0.058266994, -0.25457302, 0.23895998), (-0.06203199, -0.22690001, 0.25042596), (-0.062607996, -0.20351101, 0.25041696), (-0.069085, -0.17942001, 0.24908598), (-0.088704, -0.14869201, 0.24864599), (-0.001248986, -0.28771302, 0.17747597), (-0.0012489844, -0.293872, 0.15072997), (-0.0012489877, -0.28212404, 0.20735598), (-0.0012489894, -0.27034602, 0.22497497), (-0.0012489915, -0.25234404, 0.24028799), (-0.001248994, -0.22516501, 0.25416797), (-0.0012489964, -0.19589302, 0.25535098), (-0.0012489983, -0.16741002, 0.250904), (-0.001249001, -0.12858902, 0.24635099), (-0.092175975, -0.272557, 0.036094975), (-0.10499199, -0.256943, 0.054209974), (-0.08337699, -0.279737, 0.07732598), (-0.068742976, -0.296312, 0.064793974), (-0.06909399, -0.28441, 0.10018798), (-0.08819599, -0.271, 0.08903797), (-0.10713699, -0.24937901, 0.08115897), (-0.106586985, -0.24296603, 0.09595597), (-0.12798698, -0.23839404, 0.08612897), (-0.05515398, -0.297361, 0.11120098), (-0.042430982, -0.305644, 0.12053897), (-0.001248982, -0.308763, 0.12383997), (-0.0012489809, -0.317037, 0.11049097), (-0.04288198, -0.31537, 0.10845997), (-0.052688982, -0.306812, 0.09566197), (-0.12699504, 0.36249596, 0.24795403), (-0.10939704, 0.36656797, 0.26015902), (-0.115674034, 0.34526497, 0.26833504), (-0.11437004, 0.39010996, 0.26123402), (-0.08903304, 0.37288797, 0.26594803), (-0.10905204, 0.34502497, 0.27621502), (-0.122177035, 0.32652798, 0.27893904), (-0.14272803, 0.32356098, 0.24297503), (-0.122168034, 0.30147198, 0.28065702), (-0.13012503, 0.28057596, 0.27796602), (-0.14609203, 0.25777698, 0.25399604), (-0.12762403, 0.26232898, 0.28128102), (-0.13080803, 0.24011196, 0.27527103), (-0.12715903, 0.18592295, 0.26537004), (-0.13736303, 0.18349098, 0.24881001), (-0.08996303, 0.25902498, 0.28459802), (-0.08887603, 0.18838798, 0.27808604), (-0.07972304, 0.32735896, 0.28186902), (-0.07567704, 0.34803197, 0.27834702), (-0.07743904, 0.37892497, 0.26854602), (-0.09101904, 0.39345896, 0.26624304), (-0.07211605, 0.39490998, 0.26679504), (-0.056448042, 0.39173296, 0.27011704), (-0.059883036, 0.32659498, 0.28653303), (-0.062300034, 0.25599796, 0.29082704), (-0.061561026, 0.19130297, 0.28398603), (-0.064494014, 0.09801497, 0.25644), (-0.10704401, 0.09650797, 0.23967202), (-0.0012490274, 0.19798297, 0.28740102), (-0.0012490193, 0.10331598, 0.262959), (-0.0012490322, 0.25702697, 0.29251704), (-0.001249037, 0.32399598, 0.28699803), (-0.0012490415, 0.39318296, 0.27096203), (-0.15608302, -0.110641055, 0.463852), (-0.15011102, -0.10514205, 0.435419), (-0.14628701, -0.09678704, 0.436432), (-0.15002601, -0.14447007, 0.453151), (-0.14299701, -0.13491605, 0.42658), (-0.14131501, -0.12237904, 0.429787), (-0.13408001, -0.15015505, 0.454024), (-0.13098602, -0.14017606, 0.42661), (-0.15430401, -0.09942506, 0.475337), (-0.15645102, -0.09934405, 0.466392), (-0.15530401, -0.09732706, 0.490152), (-0.15258801, -0.11001506, 0.485861), (-0.14806502, -0.11149606, 0.493102), (-0.15025601, -0.15551107, 0.476864), (-0.13525002, -0.15898006, 0.473625), (-0.14337802, -0.11446504, 0.430241), (-0.15811402, -0.117236055, 0.460315), (-0.12837201, -0.09535005, 0.49271), (-0.13254501, -0.11064705, 0.499033), (-0.11589102, -0.12544906, 0.492518), (-0.13254501, -0.11064705, 0.499033), (-0.11258201, -0.10586804, 0.468627), (-0.11149901, -0.100491054, 0.489725), (-0.13225701, -0.094842054, 0.472803), (-0.13093902, -0.09403104, 0.439472), (-0.11719002, -0.09963705, 0.431432), (-0.15074301, -0.12723006, 0.45536), (-0.15296501, -0.13805807, 0.478667), (-0.15770102, -0.12515005, 0.482504), (-0.15640901, -0.118315056, 0.484855), (-0.12439301, -0.15270206, 0.47504), (-0.121226005, -0.14132006, 0.4478), (-0.10666701, -0.11868104, 0.464006), (-0.10666701, -0.11868104, 0.464006), (-0.111879006, -0.13255405, 0.452361), (-0.11435601, -0.14080906, 0.478047), (-0.11264901, -0.116136044, 0.427077), (-0.11170301, -0.122906044, 0.428398), (-0.12279601, -0.13680406, 0.429097), (-0.11264901, -0.116136044, 0.427077), (-0.15671106, 0.596382, 0.24201004), (-0.14624906, 0.61998, 0.28165007), (-0.11918906, 0.60378, 0.27004007), (-0.17185706, 0.60864, 0.24537104), (-0.15932406, 0.632749, 0.29934305), (-0.17702205, 0.623981, 0.24312605), (-0.17173105, 0.647322, 0.29624406), (-0.17885906, 0.638532, 0.23525004), (-0.17558905, 0.664088, 0.29347405), (-0.17289805, 0.655538, 0.22639404), (-0.17241006, 0.682204, 0.28834605), (-0.10711807, 0.706536, 0.23354906), (-0.121217065, 0.724043, 0.27698305), (-0.14334506, 0.722784, 0.27672207), (-0.14098206, 0.703191, 0.23341306), (-0.14065506, 0.695924, 0.21450906), (-0.11525806, 0.698462, 0.21461406), (-0.16410907, 0.65637296, 0.35535806), (-0.16607706, 0.6735829, 0.35834306), (-0.16778207, 0.67117095, 0.40196005), (-0.16858307, 0.653153, 0.33166707), (-0.17067505, 0.672273, 0.33173206), (-0.16982105, 0.678244, 0.33065706), (-0.15888707, 0.68994594, 0.36241707), (-0.16231008, 0.6851829, 0.40316707), (-0.15943006, 0.697137, 0.32633305), (-0.15475605, 0.701932, 0.28480607), (-0.15077907, 0.7068709, 0.36250705), (-0.15154308, 0.70024997, 0.40467405), (-0.14788808, 0.716717, 0.32658306), (-0.15611807, 0.6467819, 0.35701206), (-0.16596007, 0.65798694, 0.40158206), (-0.15589206, 0.640834, 0.32982805), (-0.13941406, 0.62868, 0.30667806), (-0.13630407, 0.642644, 0.33687407), (-0.14039107, 0.65041995, 0.36338606), (-0.15531006, 0.64919496, 0.39658806), (-0.14297806, 0.65293896, 0.39480105), (-0.12841406, 0.65196, 0.33900005), (-0.123436056, 0.639974, 0.31107107), (-0.13184206, 0.6682639, 0.36691305), (-0.121841066, 0.664606, 0.33924207), (-0.12841406, 0.65196, 0.33900005), (-0.11446006, 0.655993, 0.30704305), (-0.120941065, 0.685461, 0.33603105), (-0.111502066, 0.678804, 0.29088005), (-0.13036308, 0.68271697, 0.36718106), (-0.13477607, 0.66649497, 0.39760005), (-0.13597508, 0.6834539, 0.40181607), (-0.11092107, 0.705593, 0.28738505), (-0.10249106, 0.693563, 0.24867806), (-0.10172006, 0.667537, 0.26524505), (-0.12301607, 0.712112, 0.32555705), (-0.13146107, 0.6990209, 0.36604905), (-0.13682407, 0.69247395, 0.40080205), (-0.13415207, 0.718573, 0.32698807), (-0.13747807, 0.71043897, 0.37044907), (-0.14361107, 0.70414495, 0.40397105), (-0.14626107, 0.69943, 0.24109507), (-0.128898, -0.14496705, 0.345153), (-0.141779, -0.13880004, 0.349241), (-0.142029, -0.13021204, 0.387352), (-0.129437, -0.14861305, 0.322307), (-0.144594, -0.14316905, 0.322586), (-0.131033, -0.14946404, 0.27324), (-0.14476, -0.14450404, 0.275914), (-0.136399, -0.15052503, 0.24539699), (-0.153422, -0.14677803, 0.24818999), (-0.14574102, -0.099826045, 0.390732), (-0.14155902, -0.090599045, 0.395156), (-0.15140101, -0.09554304, 0.357251), (-0.14747801, -0.08584904, 0.358476), (-0.154083, -0.097057045, 0.331028), (-0.15283102, -0.082088046, 0.328154), (-0.159235, -0.096603036, 0.284449), (-0.15636, -0.073920034, 0.287291), (-0.166986, -0.08608804, 0.2587), (-0.13408801, -0.08697405, 0.396382), (-0.13986301, -0.076018035, 0.35749), (-0.14086701, -0.067048036, 0.328906), (-0.14826402, -0.06380904, 0.284299), (-0.160824, -0.06900604, 0.258343), (-0.12567002, -0.08816204, 0.390881), (-0.12518801, -0.07837304, 0.356448), (-0.124988005, -0.069373034, 0.327118), (-0.12705702, -0.058328036, 0.285931), (-0.151267, -0.059388034, 0.257795), (-0.112243004, -0.102771044, 0.384655), (-0.110809006, -0.090380035, 0.351857), (-0.10974701, -0.08500104, 0.326467), (-0.10897501, -0.07765903, 0.270681), (-0.11182201, -0.05485803, 0.24784), (-0.131936, -0.13385604, 0.387148), (-0.162815, -0.13119704, 0.25548), (-0.15819, -0.13194504, 0.276571), (-0.14845902, -0.11972005, 0.388362), (-0.158791, -0.12830704, 0.327581), (-0.14892901, -0.10981705, 0.39068), (-0.162303, -0.112605035, 0.27618), (-0.172626, -0.110415034, 0.24864197), (-0.158332, -0.11581104, 0.33161), (-0.153658, -0.11251404, 0.3638), (-0.153067, -0.12637505, 0.358834), (-0.09930301, -0.07815303, 0.250777), (-0.095958, -0.09724203, 0.24993698), (-0.10974701, -0.08500104, 0.326467), (-0.10897501, -0.07765903, 0.270681), (-0.10574001, -0.10025103, 0.264041), (-0.110809006, -0.090380035, 0.351857), (-0.101766005, -0.10140504, 0.325041), (-0.11651701, -0.13281104, 0.384157), (-0.11023701, -0.12881604, 0.339218), (-0.107214004, -0.11414904, 0.389526), (-0.112243004, -0.102771044, 0.384655), (-0.102726005, -0.10539104, 0.350652), (-0.10574001, -0.10025103, 0.264041), (-0.095958, -0.09724203, 0.24993698), (-0.097678, -0.13531101, 0.24972498), (-0.103958, -0.13983305, 0.274831), (-0.10709601, -0.13248704, 0.316899), (-0.149347, -0.16333704, 0.19399399), (-0.142317, -0.15866102, 0.21638398), (-0.167364, -0.15677403, 0.19798398), (-0.159566, -0.15234903, 0.22160399), (-0.182778, -0.13586803, 0.19297497), (-0.16944, -0.13705103, 0.23090199), (-0.184603, -0.11045903, 0.19931097), (-0.178932, -0.10992204, 0.23031297), (-0.180843, -0.07844103, 0.19835599), (-0.174283, -0.08012104, 0.23350099), (-0.172478, -0.06204003, 0.20163499), (-0.169373, -0.065064035, 0.228359), (-0.162512, -0.05155103, 0.204468), (-0.154905, -0.055327028, 0.224768), (-0.134235, -0.03855503, 0.201457), (-0.154567, -0.16902803, 0.17717898), (-0.168883, -0.16448203, 0.17329298), (-0.185728, -0.14499404, 0.16882098), (-0.190281, -0.11576003, 0.17079698), (-0.185933, -0.08538003, 0.17083298), (-0.180973, -0.06627703, 0.17679198), (-0.174022, -0.05275103, 0.18036698), (-0.145192, -0.032678027, 0.178525), (-0.160816, -0.17605104, 0.15036298), (-0.19115, -0.12028403, 0.14458898), (-0.187694, -0.08370003, 0.15160298), (-0.18432, -0.15026303, 0.14625597), (-0.176473, -0.16606003, 0.15012297), (-0.179661, -0.05124803, 0.15498199), (-0.187794, -0.06810703, 0.15485398), (-0.0012489603, -0.33737797, -0.32648903), (-0.001248964, -0.29614797, -0.31222302), (-0.0066329637, -0.29988196, -0.31048304), (-0.012644961, -0.33526498, -0.32426503), (-0.027971964, -0.30416998, -0.30141804), (-0.02456896, -0.33813596, -0.31909603), (-0.04803296, -0.30763397, -0.27928802), (-0.047549963, -0.34192997, -0.29351702), (-0.054565966, -0.31208697, -0.25720602), (-0.05477796, -0.35156098, -0.27544603), (-0.061074965, -0.31660596, -0.23508203), (-0.06430896, -0.35780498, -0.25009403), (-0.07400997, -0.32412398, -0.19064602), (-0.072785966, -0.37293696, -0.21522003), (-0.07993897, -0.328293, -0.14305504), (-0.07825896, -0.381597, -0.16707003), (-0.07983097, -0.342612, -0.08063703), (-0.07245296, -0.386467, -0.11143104), (-0.07453097, -0.349087, -0.042228032), (-0.06288597, -0.395947, -0.074539036), (-0.06618197, -0.355099, -0.026305035), (-0.058237966, -0.399338, -0.064376034), (-0.057161976, -0.358051, -0.0118680345), (-0.049684968, -0.40461, -0.053581037), (-0.041687973, -0.367515, 0.012726966), (-0.039130967, -0.408648, -0.042087037), (-0.030764973, -0.379478, 0.018911965), (-0.029070968, -0.414414, -0.028878037), (-0.0012489726, -0.374922, 0.022025967), (-0.0012489571, -0.37003598, -0.34167904), (-0.017401958, -0.37055996, -0.33881202), (-0.024857953, -0.41285297, -0.36347604), (-0.032337964, -0.448812, -0.06830404), (-0.0012489635, -0.44466, -0.06504304), (-0.0012489596, -0.475707, -0.10128505), (-0.040168963, -0.438426, -0.075049035), (-0.03042996, -0.474807, -0.09894204), (-0.050332963, -0.434053, -0.088479035), (-0.062171962, -0.43209, -0.10481204), (-0.04845196, -0.472345, -0.10609204), (-0.073865965, -0.427964, -0.13448805), (-0.064312965, -0.466531, -0.12597005), (-0.08285696, -0.41609898, -0.18670703), (-0.07943595, -0.462347, -0.16386305), (-0.07655596, -0.40087697, -0.23057503), (-0.08614196, -0.45398396, -0.20446505), (-0.06607196, -0.39136496, -0.26792002), (-0.08067995, -0.43786496, -0.24416904), (-0.06204096, -0.38360196, -0.29122102), (-0.07619695, -0.43722597, -0.27788603), (-0.05120196, -0.37388298, -0.31152904), (-0.07095195, -0.42666498, -0.30998102), (-0.029628957, -0.37085897, -0.33123502), (-0.05207895, -0.41774997, -0.34747103), (-0.03931495, -0.41577497, -0.35680404), (-0.001248976, -0.351192, 0.05885597), (-0.03292998, -0.352286, 0.06025997), (-0.027636968, -0.25371996, -0.28792304), (-0.0012489676, -0.25494596, -0.29903403), (-0.0012489728, -0.19453996, -0.28469503), (-0.04767297, -0.25724798, -0.26575503), (-0.033124972, -0.19792198, -0.27823702), (-0.05676397, -0.26315498, -0.24237102), (-0.054977972, -0.20514096, -0.25914702), (-0.06629397, -0.26939896, -0.21701802), (-0.067797974, -0.22277199, -0.23406601), (-0.07907897, -0.27552396, -0.17239103), (-0.08186097, -0.22825499, -0.20233901), (-0.08228997, -0.29033, -0.12352202), (-0.092759974, -0.24140699, -0.16032502), (-0.09159398, -0.308062, -0.06276604), (-0.098119974, -0.25879, -0.11233403), (-0.104691975, -0.268792, -0.07407603), (-0.10372598, -0.282517, -0.04305003), (-0.08619798, -0.319898, -0.027209032), (-0.07319498, -0.324593, -0.0036200318), (-0.102334976, -0.285842, -0.01362003), (-0.06106198, -0.329851, 0.02392297), (-0.083145976, -0.291059, 0.01982397), (-0.04472698, -0.343517, 0.047053967), (-0.0012489675, -0.413575, -0.029594036), (-0.11462498, -0.248014, -0.10842903), (-0.11345598, -0.259611, -0.06333403), (-0.11426198, -0.265515, -0.034755025), (-0.11426398, -0.25817, 0.020163972), (-0.11414098, -0.265511, -0.0072400286), (-0.09529598, -0.20347199, -0.19572401), (-0.11177098, -0.217091, -0.15723701), (-0.10738098, -0.222008, -0.15583302), (-0.14870699, -0.22660503, 0.08596097), (-0.15564299, -0.23464702, 0.06628097), (-0.15453498, -0.23668201, 0.03249997), (-0.13016598, -0.24976501, 0.05764397), (-0.16249299, -0.24328901, -0.0052270284), (-0.12643199, -0.251653, 0.030793972), (-0.16085298, -0.24636002, -0.032707028), (-0.13747798, -0.256627, -0.006367028), (-0.15241599, -0.23803002, -0.07071203), (-0.14153199, -0.256207, -0.03472503), (-0.13190597, -0.230855, -0.11649203), (-0.13492398, -0.252342, -0.06219703), (-0.122350976, -0.236177, -0.11494203), (-0.103299975, -0.226456, -0.15759802), (-0.0012489755, -0.16126896, -0.281658), (-0.029612975, -0.16193797, -0.276531), (-0.055023976, -0.16990297, -0.260522), (-0.087160975, -0.18852398, -0.22018701), (-0.16068399, -0.19556104, 0.11700898), (-0.15792699, -0.17975503, 0.13573499), (-0.03472398, -0.15202397, -0.272125), (-0.052669976, -0.15630098, -0.264363), (-0.082673974, -0.17097798, -0.23140101), (-0.105618976, -0.182962, -0.20060201), (-0.120633975, -0.195755, -0.16801101), (-0.14526099, -0.203948, -0.123322025), (-0.16446699, -0.21175002, -0.08363602), (-0.17937298, -0.21904902, -0.039684027), (-0.18536799, -0.21985601, 0.005244973), (-0.18043098, -0.21231902, 0.038135976), (-0.17925298, -0.21031201, 0.061944973), (-0.16536598, -0.20162703, 0.09286698), (-0.18872, -0.14323802, 0.10394098), (-0.19945098, -0.15824501, 0.055923976), (-0.0012489795, -0.10876898, -0.28155), (-0.02919798, -0.110832974, -0.276644), (-0.20234099, -0.16254902, 0.029261976), (-0.20509699, -0.16341701, 0.008435977), (-0.19941498, -0.15396301, -0.04483402), (-0.18131198, -0.14479502, -0.08355402), (-0.16148998, -0.137322, -0.13053802), (-0.13684799, -0.13454, -0.17810601), (-0.100723974, -0.118992984, -0.22847502), (-0.06477598, -0.11309299, -0.254879), (-0.04205498, -0.10943798, -0.27002), (-0.0012489924, 0.058116022, -0.274179), (-0.0012489983, 0.13667503, -0.272488), (-0.026539998, 0.13838702, -0.265242), (-0.04557399, 0.05747302, -0.252677), (-0.046669, 0.13623501, -0.251344), (-0.07390999, 0.059353016, -0.232826), (-0.068914, 0.12809801, -0.23571998), (-0.11147499, 0.053882007, -0.189869), (-0.100331, 0.125482, -0.20456299), (-0.138771, 0.038683005, -0.155249), (-0.130268, 0.135267, -0.17870499), (-0.158486, 0.028615, -0.119164005), (-0.172164, 0.123803996, -0.123829), (-0.187836, 0.025789991, -0.060054004), (-0.198633, 0.088728994, -0.055963), (-0.195258, 0.027597986, -0.030983007), (-0.2091, 0.08874598, -0.023594001), (-0.198901, 0.024067985, -0.0069930064), (-0.214704, 0.09224998, 0.0029919988), (-0.201824, 0.025067983, 0.015644992), (-0.21686701, 0.08823598, 0.029349998), (-0.196845, 0.02247798, 0.048201997), (-0.21574402, 0.08752998, 0.061243996), (-0.180675, 0.02024298, 0.08238199), (-0.21072102, 0.08693498, 0.099334), (-0.174791, 0.024286978, 0.10020699), (-0.19852701, 0.09054297, 0.135498), (-0.16170801, 0.025677973, 0.140514), (-0.17383702, 0.08785197, 0.178022), (-0.14617002, 0.023084974, 0.16817), (-0.14755201, 0.090085976, 0.20686302), (-0.13203202, 0.027144974, 0.191144), (-0.12160201, 0.08880797, 0.22136602), (-0.115843005, 0.028395971, 0.203654), (-0.09190602, 0.029970972, 0.228677), (-0.067262016, 0.029924974, 0.235639), (-0.0012490038, 0.20959303, -0.27313998), (-0.0012490075, 0.25968102, -0.27437598), (-0.030532008, 0.26164204, -0.26683298), (-0.025070004, 0.20843004, -0.26560098), (-0.043961007, 0.26131502, -0.25850996), (-0.043193005, 0.21559203, -0.25627196), (-0.07097301, 0.27215004, -0.24971998), (-0.062477004, 0.21259801, -0.24652898), (-0.10211301, 0.26763302, -0.23464698), (-0.08692401, 0.20182702, -0.23176399), (-0.12099601, 0.27972803, -0.21000597), (-0.11140101, 0.203872, -0.20568198), (-0.13306102, 0.31685302, -0.18972597), (-0.15404202, 0.237482, -0.15840998), (-0.18159701, 0.326054, -0.14206299), (-0.21306302, 0.19170098, -0.072395995), (-0.23212501, 0.29196298, -0.06920298), (-0.23289801, 0.17270498, -0.025995994), (-0.25052902, 0.27513996, -0.028471988), (-0.24091302, 0.17073098, -0.0007169956), (-0.26593503, 0.25803196, 0.02246301), (-0.24402002, 0.16821298, 0.035144005), (-0.26895204, 0.25752196, 0.09135101), (-0.24926801, 0.17192599, 0.078770004), (-0.26017302, 0.25304097, 0.143517), (-0.23908001, 0.17026497, 0.130631), (-0.23789702, 0.25023594, 0.187525), (-0.22077002, 0.18011697, 0.179706), (-0.20784304, 0.25606093, 0.21989802), (-0.19594103, 0.18489598, 0.211672), (-0.18498403, 0.25635797, 0.23496002), (-0.17234303, 0.18495297, 0.227919), (-0.0012490113, 0.30985704, -0.27635098), (-0.0012490147, 0.35915804, -0.28138196), (-0.022252016, 0.36483702, -0.27673298), (-0.02515101, 0.31426203, -0.26973897), (-0.044680014, 0.36673304, -0.26917896), (-0.04735501, 0.32382104, -0.26421398), (-0.08212701, 0.37698203, -0.26090598), (-0.08652402, 0.33371404, -0.25324497), (-0.115391016, 0.38417703, -0.25417498), (-0.12099601, 0.33816904, -0.23771097), (-0.14330302, 0.39446104, -0.24148197), (-0.13021001, 0.34910804, -0.21934697), (-0.16648902, 0.41769803, -0.22054897), (-0.15022701, 0.37480304, -0.18782596), (-0.18235703, 0.41791502, -0.17785099), (-0.17485902, 0.362509, -0.15427598), (-0.19617403, 0.402437, -0.13794799), (-0.19858602, 0.35419497, -0.12739098), (-0.21400402, 0.39475098, -0.09055397), (-0.23049504, 0.34991297, -0.06698098), (-0.22782902, 0.40637797, -0.046798974), (-0.24566303, 0.34308198, -0.026229981), (-0.23899104, 0.40797096, 0.0035440251), (-0.26719704, 0.33932698, 0.05363102), (-0.24564204, 0.39314896, 0.10966803), (-0.25821102, 0.34306797, 0.13656601), (-0.22964904, 0.39010796, 0.14901301), (-0.23667003, 0.34055993, 0.17940001), (-0.20721704, 0.39422694, 0.17719202), (-0.21418703, 0.33113295, 0.20992601), (-0.17636004, 0.39506096, 0.19421302), (-0.197423, -0.084480025, 0.105869986), (-0.191396, -0.08512203, 0.13471198), (-0.0012489834, -0.055616975, -0.281261), (-0.036239985, -0.056537982, -0.274905), (-0.046686985, -0.059892982, -0.26737), (-0.064359985, -0.061986983, -0.254993), (-0.09344798, -0.06321499, -0.233682), (-0.117852986, -0.06513199, -0.21022), (-0.15687798, -0.073559, -0.147906), (-0.16931799, -0.075371005, -0.12159102), (-0.18571198, -0.082903005, -0.06638701), (-0.19194299, -0.08588502, -0.035584014), (-0.197297, -0.08766802, -0.0033180162), (-0.200559, -0.088266015, 0.029574983), (-0.204407, -0.090542026, 0.06425299), (-0.120629005, -0.035510026, 0.212559), (-0.10803901, -0.013981027, 0.209095), (-0.09201001, -0.016895028, 0.229462), (-0.06961801, -0.018919026, 0.240885), (-0.0012490083, -0.029308021, 0.243079), (-0.0012490047, -0.07894802, 0.244715), (-0.130746, -0.018250026, 0.191429), (-0.161943, -0.036928024, 0.148535), (-0.175309, -0.042488024, 0.08857099), (-0.158849, -0.023566024, 0.145878), (-0.141998, -0.019973027, 0.170519), (-0.0012490128, 0.02764198, 0.244949), (-0.18512703, 0.32344896, 0.22639701), (-0.0012490167, 0.38613904, -0.28458598), (-0.022317016, 0.38849804, -0.27870098), (-0.043360017, 0.39328003, -0.27148998), (-0.08452401, 0.39662504, -0.26399997), (-0.114871025, 0.40415204, -0.26071998), (-0.15581402, 0.42252204, -0.24690697), (-0.17642003, 0.44449002, -0.21917097), (-0.18714803, 0.44636202, -0.17080297), (-0.19154203, 0.457961, -0.10366297), (-0.19692603, 0.456188, -0.07144497), (-0.20457703, 0.45851198, -0.045516968), (-0.21699002, 0.45602798, -0.0055279694), (-0.22173603, 0.45724398, 0.044187028), (-0.20514104, 0.46275097, 0.08483503), (-0.18590905, 0.454107, 0.12101203), (-0.17052205, 0.450118, 0.14847504), (-0.0012490205, 0.43736404, -0.28771198), (-0.02036602, 0.43852103, -0.28175798), (-0.040205024, 0.44333103, -0.27529296), (-0.06950602, 0.44809702, -0.27323198), (-0.12812804, 0.47720602, -0.25471896), (-0.16867703, 0.48765004, -0.21863995), (-0.18112303, 0.48517603, -0.17869897), (-0.18358202, 0.490411, -0.12782797), (-0.18844803, 0.493013, -0.08642996), (-0.19551603, 0.491592, -0.065088965), (-0.20651603, 0.47770697, -0.036922965), (-0.21614704, 0.47211796, -0.006222968), (-0.21791404, 0.48047996, 0.04309203), (-0.20227504, 0.49355796, 0.08249704), (-0.17655504, 0.496175, 0.11861604), (-0.16313605, 0.495121, 0.13753805), (-0.15296204, 0.493518, 0.14292005), (-0.14968304, 0.454007, 0.16031304), (-0.14195104, 0.40277097, 0.20357403), (-0.14404805, 0.38864496, 0.21060503), (-0.14056404, 0.36215398, 0.22883902), (-0.0012490249, 0.49729103, -0.28998297), (-0.023022026, 0.500785, -0.28628096), (-0.037320025, 0.504024, -0.28190598), (-0.06940003, 0.5099, -0.27611598), (-0.12796003, 0.515347, -0.25563493), (-0.17144004, 0.520642, -0.21362597), (-0.18551902, 0.534844, -0.16749197), (-0.19067003, 0.53519, -0.12115796), (-0.19608603, 0.528586, -0.08638296), (-0.20154002, 0.513185, -0.060298964), (-0.21131803, 0.49934098, -0.032955963), (-0.22339505, 0.49845496, -0.0032229663), (-0.22261405, 0.517785, 0.058809035), (-0.20076305, 0.531742, 0.10827104), (-0.17875305, 0.534214, 0.14667803), (-0.16562304, 0.535363, 0.16108005), (-0.15249205, 0.536513, 0.17548205), (-0.001249031, 0.587303, -0.30208093), (-0.011818032, 0.594139, -0.30002093), (-0.035676032, 0.597987, -0.29469994), (-0.06341903, 0.598892, -0.28748393), (-0.09638603, 0.6008, -0.27510595), (-0.13907602, 0.601153, -0.24836394), (-0.17597602, 0.596031, -0.19883497), (-0.19827205, 0.578307, -0.13172497), (-0.20102005, 0.572615, -0.10358196), (-0.20164305, 0.570229, -0.08822595), (-0.20842105, 0.562804, -0.04761696), (-0.21700704, 0.556448, -0.012573961), (-0.22080204, 0.553517, 0.016786039), (-0.21760204, 0.548512, 0.06541604), (-0.19863304, 0.555998, 0.12911902), (-0.18488304, 0.577435, 0.19032402), (-0.0012490354, 0.651514, -0.31518993), (-0.009289036, 0.65396, -0.31004295), (-0.035451036, 0.657826, -0.29467195), (-0.058388036, 0.657454, -0.29071993), (-0.09019804, 0.662761, -0.28182793), (-0.12468104, 0.659081, -0.26103693), (-0.14935805, 0.650157, -0.23022494), (-0.17839704, 0.63464, -0.17390695), (-0.19148204, 0.6182, -0.11920196), (-0.19387804, 0.612662, -0.07402995), (-0.19593604, 0.612093, -0.041881956), (-0.20430905, 0.59636, -0.012347957), (-0.21203105, 0.590429, 0.037766043), (-0.21273805, 0.585258, 0.08019304), (-0.19968605, 0.586578, 0.13948403), (-0.18854606, 0.602457, 0.19088204), (-0.0012490412, 0.707409, -0.27866194), (-0.001249043, 0.725486, -0.26778194), (-0.051147044, 0.727377, -0.26542494), (-0.06105504, 0.702013, -0.28509593), (-0.08191504, 0.72855, -0.24941994), (-0.08853804, 0.707815, -0.27188995), (-0.097447045, 0.72632, -0.22810595), (-0.10975804, 0.698903, -0.25184593), (-0.112139046, 0.720536, -0.20289195), (-0.13561304, 0.689358, -0.22564694), (-0.12129004, 0.715173, -0.17420495), (-0.14458005, 0.684117, -0.18837593), (-0.14065404, 0.705258, -0.12109195), (-0.15637404, 0.676508, -0.12575693), (-0.15664405, 0.693888, -0.060010947), (-0.17193705, 0.663313, -0.07223095), (-0.16699904, 0.685126, -0.027811948), (-0.18454204, 0.652629, -0.035561953), (-0.17647004, 0.670814, 0.002699051), (-0.19257204, 0.641127, -0.0053079524), (-0.18414506, 0.661515, 0.05555205), (-0.20289305, 0.630985, 0.05410805), (-0.18063205, 0.66075, 0.10485305), (-0.20328605, 0.630053, 0.097208045), (-0.16882005, 0.66481, 0.15687107), (-0.19311406, 0.635795, 0.15750805), (-0.15875205, 0.669239, 0.19792005), (-0.17961206, 0.642878, 0.19871704), (-0.15286607, 0.675335, 0.22131506), (-0.0012490458, 0.754278, -0.25234094), (-0.047696047, 0.76125, -0.25035095), (-0.06944604, 0.755425, -0.23104094), (-0.080145046, 0.753325, -0.21278694), (-0.09151504, 0.748686, -0.18765195), (-0.09804605, 0.746283, -0.15999694), (-0.111041054, 0.737314, -0.11582194), (-0.13452904, 0.724987, -0.06407994), (-0.14573306, 0.712357, -0.025227943), (-0.15110105, 0.7031, 0.017584054), (-0.15609805, 0.691295, 0.06648705), (-0.16103207, 0.682318, 0.107321054), (-0.15255406, 0.683067, 0.15383106), (-0.14526506, 0.689269, 0.18498106), (-0.0012490473, 0.75729, -0.22333995), (-0.03456505, 0.757277, -0.21286593), (-0.043805048, 0.756001, -0.20050794), (-0.05110005, 0.755094, -0.18230894), (-0.058677047, 0.751407, -0.16456693), (-0.059584048, 0.750135, -0.14704295), (-0.06737705, 0.744934, -0.11056493), (-0.083772056, 0.73535, -0.06093094), (-0.098575056, 0.727452, -0.02231994), (-0.116378054, 0.717707, 0.019550057), (-0.11869906, 0.709582, 0.05377406), (-0.12616307, 0.690241, 0.11474505), (-0.15330504, 0.561085, 0.20514305), (-0.14057006, 0.581307, 0.23745404), (-0.0012489766, -0.14774898, -0.279887), (-0.11339306, 0.615958, 0.28266805), (-0.13477607, 0.66649497, 0.39760005), (-0.13184206, 0.6682639, 0.36691305), (-0.17844507, 0.68073595, 0.47204006), (-0.17247207, 0.68679893, 0.44360706), (-0.16864708, 0.69600695, 0.44462207), (-0.17238708, 0.64345497, 0.46134007), (-0.16535908, 0.65398395, 0.43477106), (-0.16367708, 0.66780096, 0.43797705), (-0.15644208, 0.6371899, 0.46221405), (-0.15334707, 0.64818794, 0.43479905), (-0.17666507, 0.69309795, 0.48352605), (-0.17881107, 0.69318897, 0.47457907), (-0.17766607, 0.6954119, 0.49834007), (-0.17495008, 0.6814259, 0.49404907), (-0.17042507, 0.67979497, 0.50129205), (-0.17261808, 0.63128793, 0.48505306), (-0.15761107, 0.62746495, 0.48181406), (-0.16573907, 0.67652196, 0.43843007), (-0.18047407, 0.67346996, 0.46850505), (-0.15073408, 0.69759095, 0.50089806), (-0.15490508, 0.6807299, 0.5072241), (-0.13825308, 0.6644179, 0.50070804), (-0.15490508, 0.6807299, 0.5072241), (-0.13494207, 0.6859989, 0.47681504), (-0.13386108, 0.6919249, 0.49791506), (-0.15461807, 0.69814897, 0.48099107), (-0.15330008, 0.6990429, 0.44766107), (-0.13955007, 0.69286597, 0.43961906), (-0.17310308, 0.6624559, 0.46355006), (-0.17532407, 0.65052193, 0.48685607), (-0.18006207, 0.66474897, 0.49069107), (-0.17877008, 0.67228097, 0.49304605), (-0.14675407, 0.63438296, 0.48322907), (-0.14358707, 0.64692795, 0.45598805), (-0.12902808, 0.67187595, 0.47219607), (-0.13424107, 0.6565889, 0.46055105), (-0.13671607, 0.64748996, 0.48623607), (-0.13424107, 0.6565889, 0.46055105), (-0.13501008, 0.6746829, 0.43526605), (-0.13406508, 0.66722095, 0.43658605), (-0.14515507, 0.6519029, 0.43728706), (-0.13406508, 0.66722095, 0.43658605), (-0.13024905, 0.685131, 0.14892706), (-0.106833056, 0.711004, 0.04834706), (-0.04664205, 0.736575, -0.13207394), (-0.04540405, 0.733173, -0.111173935), (-0.051913053, 0.730043, -0.069855936), (-0.06896205, 0.726926, -0.02371094), (-0.08722105, 0.719677, 0.012041059), (-0.0012490504, 0.739863, -0.12554394), (-0.04664205, 0.736575, -0.13207394), (-0.059584048, 0.750135, -0.14704295), (-0.001249047, 0.740271, -0.20371795), (-0.058677047, 0.751407, -0.16456693), (-0.05110005, 0.755094, -0.18230894), (-0.0012490479, 0.741362, -0.18334694), (-0.0012490492, 0.743522, -0.15845594), (-0.0012490555, 0.780392, -0.07843393), (-0.0096080545, 0.778475, -0.07864993), (-0.010319052, 0.785221, -0.15821593), (-0.0012490525, 0.787301, -0.15800293), (-0.011026048, 0.781049, -0.23308893), (-0.0012490489, 0.783302, -0.23318993), (-0.011734045, 0.755574, -0.28158495), (-0.0012490448, 0.757763, -0.28261593), (-0.012443041, 0.71951, -0.30889395), (-0.0012490408, 0.720882, -0.31108195), (-0.013150038, 0.683087, -0.31580094), (-0.015730053, 0.773239, -0.07924093), (-0.016956052, 0.779535, -0.15880193), (-0.018183049, 0.774891, -0.23281692), (-0.019411044, 0.749595, -0.27876893), (-0.020638041, 0.715764, -0.30291593), (-0.021866037, 0.6814, -0.30893195), (-0.017971054, 0.766086, -0.08004993), (-0.019389052, 0.771768, -0.15960293), (-0.020806048, 0.766481, -0.23244394), (-0.022223044, 0.74143, -0.27492195), (-0.02364104, 0.710645, -0.29474795), (-0.015734054, 0.758934, -0.080856934), (-0.01696205, 0.763998, -0.16040094), (-0.018190047, 0.758069, -0.23207094), (-0.019417042, 0.73326, -0.27107295), (-0.02064404, 0.705525, -0.28658095), (-0.009618053, 0.753694, -0.081448935), (-0.01032605, 0.758311, -0.16098695), (-0.011035047, 0.75191, -0.23179694), (-0.011746042, 0.727278, -0.26825494), (-0.012455041, 0.701777, -0.28059894), (-0.0012580532, 0.751773, -0.08166593), (-0.0012600501, 0.756224, -0.16120294), (-0.0012600465, 0.749652, -0.23169693), (-0.0012600465, 0.749652, -0.23169693), (-0.001249043, 0.725486, -0.26778194), (-0.001249043, 0.725486, -0.26778194), (-0.0012630407, 0.700403, -0.27840695), (-0.0012490377, 0.683704, -0.31831694), (-0.09849994, -0.591361, -0.29199007), (-0.09644594, -0.589939, -0.29760006), (-0.09980194, -0.58556, -0.30658507), (-0.09340394, -0.602995, -0.31747007), (-0.09138194, -0.603046, -0.32308006), (-0.10163794, -0.588414, -0.31830806), (-0.08518694, -0.608908, -0.31381506), (-0.07783094, -0.613435, -0.30148306), (-0.08357194, -0.611836, -0.31649607), (-0.09177894, -0.604435, -0.28988105), (-0.08318594, -0.61183, -0.29045206), (-0.08561394, -0.61036, -0.29501605), (-0.09614294, -0.589941, -0.28601807), (-0.09374694, -0.598662, -0.28286007), (-0.08834094, -0.607399, -0.28083405), (-0.08082894, -0.610466, -0.28448007), (-0.07413094, -0.614932, -0.29537305), (-0.07990494, -0.60762, -0.32338005), (-0.07692794, -0.616294, -0.31151706), (-0.08620594, -0.594502, -0.32983106), (-0.09189094, -0.585757, -0.32898206), (-0.09701094, -0.579853, -0.31936505), (-0.09771894, -0.575517, -0.29628205), (-0.094252944, -0.581399, -0.33354807), (-0.08666894, -0.593079, -0.34001005), (-0.08506594, -0.600306, -0.32828104), (-0.08252794, -0.601788, -0.33958507), (-0.07492094, -0.613518, -0.33158907), (-0.07236294, -0.622182, -0.31538406), (-0.07107594, -0.625092, -0.29937407), (-0.07060594, -0.6179, -0.28779706), (-0.08155494, -0.611861, -0.27732006), (-0.08893294, -0.603075, -0.27367505), (-0.09444794, -0.592863, -0.27423805), (-0.09628894, -0.584211, -0.28314605), (-0.06549594, -0.626637, -0.29740706), (-0.06442494, -0.628141, -0.30885306), (-0.06692194, -0.622288, -0.28162307), (-0.07764794, -0.616256, -0.27402806), (-0.08687494, -0.600229, -0.26483405), (-0.09095894, -0.591521, -0.26525307), (-0.094284944, -0.574167, -0.27142906), (-0.09198195, -0.565555, -0.27845705), (-0.06769294, -0.623709, -0.31931007), (-0.06927194, -0.617956, -0.33103105), (-0.07786494, -0.60337096, -0.34345406), (-0.09099494, -0.582893, -0.33755305), (-0.09790594, -0.57049, -0.32063806), (-0.10102494, -0.574038, -0.32119206), (-0.09906094, -0.572597, -0.29642105), (-0.09636594, -0.564062, -0.32224905), (-0.084685944, -0.59454596, -0.34556106), (-0.07666794, -0.58753896, -0.35203406), (-0.06697194, -0.5964329, -0.34964907), (-0.055457942, -0.612502, -0.33836007), (-0.049918942, -0.622707, -0.32334206), (-0.05298094, -0.628407, -0.30774507), (-0.05586394, -0.629748, -0.29356506), (-0.096291944, -0.565464, -0.29332805), (-0.04590094, -0.5868409, -0.35629007), (-0.05946394, -0.57213795, -0.36202407), (-0.03661594, -0.608634, -0.33803007), (-0.034169942, -0.62449, -0.32181606), (-0.03448194, -0.633142, -0.30594507), (-0.04641294, -0.63716, -0.28830707), (-0.05384194, -0.634088, -0.27019706), (-0.069579944, -0.629409, -0.25585306), (-0.08111794, -0.610432, -0.23676306), (-0.08406295, -0.601694, -0.23422606), (-0.09103095, -0.581416, -0.23205605), (-0.093190946, -0.568394, -0.23662505), (-0.09215695, -0.552622, -0.25825107), (-0.08974295, -0.544021, -0.28114605), (-0.09175095, -0.542564, -0.29005206), (-0.09234695, -0.539674, -0.31322205), (-0.08735495, -0.544108, -0.33588707), (-0.08873994, -0.57286197, -0.34316906), (-0.0012379391, -0.620953, -0.32010105), (-0.020127939, -0.637782, -0.30596706), (-0.03260894, -0.647564, -0.28404105), (-0.04527294, -0.647256, -0.25777906), (-0.058362942, -0.649824, -0.22722706), (-0.095492944, -0.549644, -0.23832405), (-0.09402795, -0.562646, -0.22659305), (-0.09397495, -0.543908, -0.25264707), (-0.09524695, -0.530967, -0.26583907), (-0.09379595, -0.528121, -0.28016007), (-0.092175946, -0.52386, -0.29589307), (-0.0012929408, -0.5734819, -0.36217907), (-0.075513944, -0.5559539, -0.35639206), (-0.023294942, -0.55570495, -0.37302807), (-0.041559946, -0.54666895, -0.37624106), (-0.07107094, -0.5301129, -0.36610806), (-0.07572195, -0.51707494, -0.34491205), (-0.08995695, -0.523924, -0.31883907), (-0.06230894, -0.648252, -0.21606006), (-0.06702494, -0.638046, -0.19486307), (-0.08074295, -0.60611, -0.19485506), (-0.09114995, -0.575624, -0.21472605), (-0.020068936, -0.663663, -0.28278404), (-0.001178937, -0.672655, -0.27851906), (-0.0012159382, -0.64107, -0.30430207), (-0.020688936, -0.679503, -0.26544407), (-0.0011699367, -0.679891, -0.27107605), (-0.033102937, -0.673429, -0.25510806), (-0.04006694, -0.671845, -0.24275306), (-0.05358694, -0.665738, -0.22097206), (-0.05757494, -0.65986, -0.20834306), (-0.056642946, -0.654147, -0.18658605), (-0.061861943, -0.652547, -0.17696705), (-0.08057295, -0.611831, -0.18327007), (-0.09453395, -0.571227, -0.19338405), (-0.09911995, -0.556735, -0.20251805), (-0.10271795, -0.537964, -0.22027504), (-0.10177295, -0.523606, -0.24190505), (-0.09826795, -0.519393, -0.26183707), (-0.095129944, -0.516586, -0.27889907), (-0.019149937, -0.708309, -0.24353206), (-0.0011409358, -0.705772, -0.24789806), (-0.03128794, -0.702244, -0.23607107), (-0.040689938, -0.696241, -0.22686806), (-0.05063894, -0.687389, -0.21192107), (-0.05312294, -0.680129, -0.19920506), (-0.05581494, -0.675752, -0.18502507), (-0.05661494, -0.674255, -0.17639907), (-0.030946935, -0.720945, -0.22875907), (-0.034266938, -0.728062, -0.22615805), (-0.020898934, -0.729848, -0.23060806), (-0.041816935, -0.714965, -0.21969606), (-0.051553935, -0.708953, -0.20762306), (-0.046888936, -0.724872, -0.21435507), (-0.051163938, -0.701759, -0.19463006), (-0.053779937, -0.720399, -0.20205806), (-0.05648394, -0.704519, -0.18500707), (-0.056960937, -0.718898, -0.18353206), (-0.018677935, -0.721234, -0.23622206), (-0.05855194, -0.6886, -0.17512307), (-0.03197193, -0.741088, -0.22299805), (-0.028367933, -0.752671, -0.21829206), (-0.022776933, -0.757107, -0.21773906), (-0.020969933, -0.767229, -0.20882908), (-0.0010759333, -0.764674, -0.20603406), (-0.029403932, -0.761255, -0.20966107), (-0.021816934, -0.745632, -0.22490606), (-0.0010999339, -0.744594, -0.22625406), (-0.046026938, -0.736448, -0.21133706), (-0.04239093, -0.746559, -0.20663306), (-0.035173934, -0.759696, -0.19434506), (-0.018135933, -0.770176, -0.19409208), (-0.0010729338, -0.764738, -0.19417606), (-0.015459935, -0.764449, -0.17507106), (-0.001072935, -0.759008, -0.17825106), (-0.013370936, -0.760186, -0.16623005), (-0.0010729356, -0.756126, -0.16813706), (-0.028885935, -0.762718, -0.17062406), (-0.025334936, -0.758488, -0.16158606), (-0.054531936, -0.733337, -0.16738206), (-0.049632937, -0.731973, -0.15826206), (-0.038502935, -0.748094, -0.15714106), (-0.040511936, -0.75236, -0.16739605), (-0.030687936, -0.7641, -0.18234806), (-0.041245937, -0.756654, -0.17616107), (-0.049266938, -0.744968, -0.17987105), (-0.051511936, -0.739131, -0.16997506), (-0.052073937, -0.734824, -0.19314606), (-0.049797937, -0.733466, -0.20163606), (-0.057240937, -0.720298, -0.16625606), (-0.059598938, -0.721721, -0.17222907), (-0.06213894, -0.707271, -0.17251407), (-0.05716294, -0.687208, -0.15911406), (-0.05988994, -0.704429, -0.16507806), (-0.05629794, -0.704508, -0.15750407), (-0.05502494, -0.71893, -0.15881906), (-0.05494394, -0.697343, -0.15449107), (-0.05517294, -0.680061, -0.16326806), (-0.05330094, -0.681515, -0.15295306), (-0.05100894, -0.688761, -0.14838506), (-0.05627894, -0.67284, -0.16481707), (-0.054340944, -0.671462, -0.15450506), (-0.034107946, -0.671925, -0.13957305), (-0.029193942, -0.693624, -0.13613506), (-0.04007794, -0.699098, -0.14439906), (-0.02679194, -0.70807, -0.13444106), (-0.03626594, -0.713577, -0.14256705), (-0.02140894, -0.724002, -0.13387606), (-0.033519935, -0.730924, -0.14509806), (-0.061662946, -0.651128, -0.16397706), (-0.058224943, -0.648311, -0.15352306), (-0.042186946, -0.660181, -0.14328906), (-0.048839945, -0.64422, -0.14539906), (-0.017825937, -0.747097, -0.14644006), (-0.012625938, -0.738601, -0.13873306), (-0.0010819383, -0.735985, -0.14050306), (-0.0010939398, -0.720069, -0.13235606), (-0.012480942, -0.702623, -0.13159306), (-0.0011069411, -0.704276, -0.13208605), (-0.017598942, -0.683807, -0.13361906), (-0.024037946, -0.634703, -0.12999906), (-0.0011729465, -0.630847, -0.13254106), (-0.0011599453, -0.646717, -0.13507406), (-0.023011943, -0.669289, -0.13418406), (-0.029835945, -0.65474, -0.13488406), (-0.018327944, -0.652119, -0.13377906), (-0.0011449439, -0.663993, -0.13653105), (-0.0011229424, -0.68703, -0.13223305), (-0.035604946, -0.637324, -0.13110806), (-0.023817947, -0.607396, -0.12572806), (-0.001197949, -0.600682, -0.12808307), (-0.045425948, -0.612617, -0.12780206), (-0.030875953, -0.561163, -0.11641105), (-0.0012339526, -0.558923, -0.11953505), (-0.05370495, -0.567831, -0.12150005), (-0.055574946, -0.613862, -0.14323406), (-0.06506295, -0.61648, -0.14994806), (-0.08989895, -0.572737, -0.16692504), (-0.073399946, -0.614879, -0.16811506), (-0.078516945, -0.572992, -0.14988905), (-0.06509895, -0.570465, -0.13852805), (-0.10233795, -0.545147, -0.18117905), (-0.092426956, -0.533863, -0.16147305), (-0.07344396, -0.521321, -0.14521904), (-0.071736954, -0.502663, -0.14368404), (-0.062904954, -0.518671, -0.13408004), (-0.027469957, -0.512286, -0.11047105), (-0.0012699562, -0.515717, -0.111125045), (-0.0012339526, -0.558923, -0.11953505), (-0.047068954, -0.50611, -0.115286045), (-0.027469957, -0.512286, -0.11047105), (-0.071736954, -0.502663, -0.14368404), (-0.06510995, -0.489838, -0.13437404), (-0.047068954, -0.50611, -0.115286045), (-0.10046595, -0.513516, -0.17824204), (-0.079815954, -0.478007, -0.15898904), (-0.077012956, -0.508267, -0.14992605), (-0.08791596, -0.499412, -0.16984105), (-0.097855955, -0.48339796, -0.21273105), (-0.077012956, -0.508267, -0.14992605), (-0.08791596, -0.499412, -0.16984105), (-0.103458956, -0.49477196, -0.21756604), (-0.103116944, -0.526441, -0.19866504), (-0.10532995, -0.507653, -0.23074104), (-0.10193795, -0.504919, -0.26513502), (-0.09728895, -0.503565, -0.28346902), (-0.09498395, -0.515126, -0.29476607), (-0.09472395, -0.49069396, -0.26157603), (-0.097855955, -0.48339796, -0.21273105), (-0.086906955, -0.46925497, -0.20306204), (-0.09363896, -0.47484896, -0.25428802), (-0.09363896, -0.47484896, -0.25428802), (-0.09312895, -0.49357298, -0.27877003), (-0.08542696, -0.46642497, -0.24771404), (-0.091527954, -0.47921896, -0.27717704), (-0.0012629398, -0.599337, -0.34054106), (-0.0011149347, -0.730197, -0.23356406), (-0.0010869333, -0.756135, -0.21881007), (-0.021742942, -0.52697194, -0.39748707), (-0.0013429428, -0.52737796, -0.39728907), (-0.001366944, -0.50576496, -0.40761304), (-0.043598942, -0.52504593, -0.39527905), (-0.023326945, -0.5096579, -0.40639403), (-0.049534943, -0.5234339, -0.39295506), (-0.031917945, -0.50804394, -0.40723002), (-0.0013849454, -0.48566896, -0.41044402), (-0.022621946, -0.48525596, -0.40781802), (-0.041982945, -0.50922495, -0.40819904), (-0.035732944, -0.48778397, -0.40765503), (-0.055357944, -0.50749594, -0.40369004), (-0.042787943, -0.48909497, -0.40975603), (-0.056627944, -0.5204359, -0.39364704), (-0.0013309424, -0.5388829, -0.38851407), (-0.058103945, -0.5304229, -0.38078806), (-0.064246945, -0.46268398, -0.37576804), (-0.075544946, -0.46814498, -0.37974602), (-0.07264895, -0.46969497, -0.39533904), (-0.055367947, -0.46141896, -0.37781602), (-0.055215947, -0.46573797, -0.39514503), (-0.001397947, -0.46835098, -0.40489602), (-0.03557595, -0.46908897, -0.40479004), (-0.043079946, -0.47180298, -0.40260503), (-0.04882895, -0.47166997, -0.40316102), (-0.061746947, -0.47425896, -0.40440202), (-0.04802295, -0.46448797, -0.39445302), (-0.040486947, -0.46035796, -0.39663902), (-0.05053695, -0.45580998, -0.38168904), (-0.0014079486, -0.45393196, -0.39199302), (-0.03796295, -0.42872897, -0.37042102), (-0.05930195, -0.43542397, -0.36091104), (-0.06021295, -0.44979796, -0.36966503), (-0.06459495, -0.45978397, -0.37148502), (-0.085842945, -0.45061398, -0.35911003), (-0.08154695, -0.46799698, -0.36296904), (-0.08188195, -0.44067296, -0.35294902), (-0.06864796, -0.42799696, -0.33725104), (-0.08323496, -0.43343896, -0.33722302), (-0.08408495, -0.47371897, -0.36752403), (-0.099138945, -0.45749897, -0.35747102), (-0.09494695, -0.47346398, -0.35992402), (-0.09812195, -0.44459996, -0.35018402), (-0.09621896, -0.43885896, -0.33846304), (-0.11834495, -0.46282998, -0.35498804), (-0.11254795, -0.47877496, -0.35870802), (-0.113087945, -0.45433596, -0.34727702), (-0.109742954, -0.44721198, -0.33542103), (-0.09362595, -0.48930296, -0.36265403), (-0.08445195, -0.50248593, -0.35592702), (-0.09973395, -0.48915797, -0.35892102), (-0.12381395, -0.48287797, -0.36268702), (-0.10710095, -0.49187696, -0.35814402), (-0.13420495, -0.46824196, -0.35650504), (-0.12936096, -0.45967796, -0.34451002), (-0.14061694, -0.48968697, -0.37009603), (-0.12116995, -0.49874797, -0.36381003), (-0.14533195, -0.47229198, -0.36189404), (-0.14099196, -0.46518797, -0.34561703), (-0.19635196, -0.47111297, -0.37263304), (-0.17305994, -0.48026597, -0.37610403), (-0.16265996, -0.47188997, -0.36214703), (-0.15992394, -0.48635396, -0.37919804), (-0.13926993, -0.50411195, -0.37277204), (-0.16721293, -0.49768698, -0.38129404), (-0.17409994, -0.49174896, -0.38340002), (-0.19664495, -0.48261398, -0.38708302), (-0.21178095, -0.464967, -0.36110902), (-0.21854293, -0.470601, -0.38200602), (-0.22979295, -0.463137, -0.36866003), (-0.16096796, -0.46325096, -0.34755403), (-0.18665795, -0.46554497, -0.35145304), (-0.121629946, -0.45412996, -0.33364803), (-0.14337295, -0.45934796, -0.33431202), (-0.15896295, -0.45898598, -0.33724204), (-0.19133395, -0.45970297, -0.33171904), (-0.22954096, -0.46885, -0.34261203), (-0.17000796, -0.46160597, -0.31371903), (-0.19399296, -0.47973496, -0.29430303), (-0.21582195, -0.472047, -0.32101804), (-0.17283195, -0.47591698, -0.28794503), (-0.08767596, -0.45054296, -0.31011802), (-0.10191896, -0.45310298, -0.31296703), (-0.075213954, -0.46521497, -0.29299602), (-0.09226195, -0.47060096, -0.29753003), (-0.11636896, -0.45854697, -0.31434903), (-0.14576195, -0.46075198, -0.30995604), (-0.14553995, -0.47943997, -0.28671902), (-0.08445195, -0.50248593, -0.35592702), (-0.08254695, -0.509713, -0.33261803), (-0.086315945, -0.505322, -0.33731902), (-0.08612095, -0.503846, -0.32427204), (-0.22753195, -0.471799, -0.36409202), (-0.21788993, -0.479225, -0.37611404), (-0.22188295, -0.476235, -0.36353403), (-0.21636696, -0.477836, -0.36151704), (-0.20328094, -0.482447, -0.36314103), (-0.21636696, -0.477836, -0.36151704), (-0.20506096, -0.478096, -0.35900104), (-0.20328094, -0.482447, -0.36314103), (-0.19771394, -0.48689, -0.37704504), (-0.21424194, -0.479305, -0.36853504), (-0.19840494, -0.48687, -0.36988404), (-0.18605395, -0.48715296, -0.36288604), (-0.098004945, -0.49785298, -0.33414602), (-0.12752894, -0.511556, -0.33115405), (-0.098004945, -0.49785298, -0.33414602), (-0.10809695, -0.49904397, -0.34957102), (-0.14630094, -0.51396894, -0.36187106), (-0.13326193, -0.51573795, -0.34763107), (-0.16557895, -0.5034989, -0.36956802), (-0.18100294, -0.49016497, -0.37109601), (-0.18082593, -0.49447596, -0.37396902), (-0.16589195, -0.49912596, -0.36528504), (-0.14686294, -0.5024499, -0.35330802), (-0.13635693, -0.50127196, -0.34216702), (-0.16474994, -0.48911998, -0.35939902), (-0.085796945, -0.49954098, -0.31127903), (-0.12715293, -0.501481, -0.33262804), (-0.15115695, -0.49084798, -0.35085303), (-0.13615896, -0.48688397, -0.34076402), (-0.12707095, -0.47989398, -0.32829702), (-0.12707095, -0.47989398, -0.32829702), (-0.13615896, -0.48688397, -0.34076402), (-0.14124596, -0.47956496, -0.33114803), (-0.15115695, -0.49084798, -0.35085303), (-0.15647796, -0.47921497, -0.33836803), (-0.16474994, -0.48911998, -0.35939902), (-0.17897496, -0.48011297, -0.34492204), (-0.18605395, -0.48715296, -0.36288604), (-0.19274196, -0.47979596, -0.35200003), (-0.14629695, -0.47655398, -0.32293603), (-0.16632995, -0.47467297, -0.32487804), (-0.18573596, -0.47564298, -0.33397904), (-0.19939296, -0.476747, -0.34252203), (-0.14650695, -0.48084596, -0.30706802), (-0.16819195, -0.47745198, -0.30627102), (-0.19027795, -0.47841796, -0.31711003), (-0.20502895, -0.475191, -0.32861602), (-0.21632096, -0.473521, -0.34564704), (-0.22188295, -0.476235, -0.36353403), (-0.22151996, -0.473405, -0.35189602), (-0.08532695, -0.49234897, -0.29970104), (-0.09128595, -0.503714, -0.30024603), (-0.09226195, -0.47060096, -0.29753003), (-0.12507795, -0.500051, -0.32372302), (-0.12752894, -0.511556, -0.33115405), (-0.12715293, -0.501481, -0.33262804), (-0.12379495, -0.511639, -0.32504606), (-0.12281795, -0.49437696, -0.31629303), (-0.12707095, -0.47989398, -0.32829702), (-0.12507795, -0.500051, -0.32372302), (-0.12281795, -0.49437696, -0.31629303), (-0.09910094, -0.59136, -0.31521007), (-0.22753195, -0.471799, -0.36409202), (-0.084237956, -0.46788496, -0.27508104), (-0.0014319515, -0.42233297, -0.37727603), (-0.0012489528, -0.41116396, -0.36898103), (-0.07733296, -0.44358796, -0.31061804), (-0.02064404, 0.705525, -0.28658095), (-0.11446006, 0.655993, 0.30704305), (-0.10441406, 0.646914, 0.27654105), (0.134511, -0.177194, 0.15592998), (0.13759002, -0.187122, 0.13691199), (0.13109101, -0.205676, 0.122145995), (0.12542601, -0.205194, 0.15313898), (0.11683302, -0.225947, 0.114243984), (0.11509801, -0.222991, 0.14996198), (0.09898402, -0.241439, 0.120599985), (0.08641802, -0.24641302, 0.14616698), (0.10993101, -0.222008, 0.16930398), (0.11854701, -0.201915, 0.17533799), (0.128057, -0.169432, 0.17761798), (0.11442701, -0.196852, 0.18756099), (0.12209801, -0.165975, 0.19005698), (0.10477701, -0.191267, 0.20334798), (0.112197, -0.160971, 0.20902498), (0.08802201, -0.18430401, 0.22528198), (0.09753301, -0.21766101, 0.20033999), (0.08369501, -0.21302201, 0.22016399), (0.082954004, -0.22754002, 0.20981799), (0.080607004, -0.23834002, 0.19414498), (0.10543801, -0.221485, 0.18205999), (0.082534015, -0.252934, 0.13034098), (0.08434801, -0.24656801, 0.17412698), (0.060303014, -0.276055, 0.14616098), (0.07296602, -0.26036504, 0.17280397), (0.062049016, -0.27443403, 0.17340897), (0.06771901, -0.26757002, 0.19733498), (0.07169501, -0.25768104, 0.21045098), (0.073984005, -0.24543001, 0.22638398), (0.07479101, -0.22218901, 0.23685898), (0.076505005, -0.20755301, 0.23746498), (0.082342, -0.18039201, 0.23459998), (0.10181, -0.153632, 0.23155798), (0.043552015, -0.292175, 0.14792296), (0.047850017, -0.28724602, 0.17398497), (0.05099701, -0.28163004, 0.20461898), (0.05460901, -0.27081403, 0.22115497), (0.055769008, -0.25457302, 0.23895998), (0.059534006, -0.22690001, 0.25042596), (0.060110003, -0.20351101, 0.25041696), (0.066587, -0.17942001, 0.24908598), (0.086206, -0.14869201, 0.24864599), (0.08087902, -0.279737, 0.07732598), (0.10249402, -0.256943, 0.05420998), (0.08967802, -0.272557, 0.036094982), (0.06624502, -0.296312, 0.064793974), (0.08087902, -0.279737, 0.07732598), (0.06624502, -0.296312, 0.064793974), (0.06659602, -0.28441, 0.10018798), (0.085698016, -0.271, 0.089037985), (0.104639016, -0.24937898, 0.08115899), (0.104089014, -0.242966, 0.09595598), (0.12548901, -0.238394, 0.08612899), (0.052656017, -0.297361, 0.11120098), (0.03993302, -0.305644, 0.12053897), (0.040384017, -0.31537, 0.10845997), (0.05019102, -0.306812, 0.09566197), (0.14022997, 0.32356098, 0.24297503), (0.113175966, 0.34526497, 0.26833504), (0.10689896, 0.36656797, 0.26015902), (0.12449696, 0.36249596, 0.24795403), (0.111871965, 0.39010996, 0.26123402), (0.106553964, 0.34502497, 0.27621502), (0.11967896, 0.32652798, 0.27893904), (0.11966997, 0.30147198, 0.28065702), (0.14359397, 0.25777698, 0.25399604), (0.12762697, 0.28057596, 0.27796602), (0.14359397, 0.25777698, 0.25399604), (0.12512597, 0.26232898, 0.28128102), (0.12830997, 0.24011199, 0.27527103), (0.13486497, 0.183491, 0.24881001), (0.124660976, 0.18592298, 0.26537004), (0.08637797, 0.18838798, 0.27808604), (0.08746497, 0.25902498, 0.28459802), (0.07722496, 0.32735896, 0.28186902), (0.08653496, 0.37288797, 0.26594803), (0.07722496, 0.32735896, 0.28186902), (0.07317896, 0.34803197, 0.27834702), (0.074940965, 0.37892497, 0.26854602), (0.08852096, 0.39345896, 0.26624304), (0.05394996, 0.39173296, 0.27011704), (0.06961796, 0.39490998, 0.26679504), (0.074940965, 0.37892497, 0.26854602), (0.057384964, 0.32659498, 0.28653303), (0.059801966, 0.25599796, 0.29082704), (0.059062973, 0.19130297, 0.28398603), (0.10454599, 0.09650798, 0.23967202), (0.061995983, 0.09801499, 0.25644), (0.15395299, -0.09934402, 0.466392), (0.14378898, -0.09678703, 0.436432), (0.14761299, -0.10514203, 0.435419), (0.14824499, -0.12723003, 0.45536), (0.13881698, -0.12237903, 0.429787), (0.14049898, -0.13491602, 0.42658), (0.14752798, -0.14447004, 0.453151), (0.12848799, -0.14017603, 0.42661), (0.15358499, -0.110641025, 0.463852), (0.15180598, -0.09942503, 0.475337), (0.15008998, -0.11001503, 0.485861), (0.15280598, -0.09732703, 0.490152), (0.14556699, -0.11149604, 0.493102), (0.13158199, -0.15015502, 0.454024), (0.13275199, -0.15898003, 0.473625), (0.15561599, -0.117236026, 0.460315), (0.14087999, -0.11446503, 0.430241), (0.12975898, -0.09484204, 0.472803), (0.12587398, -0.095350035, 0.49271), (0.15280598, -0.09732703, 0.490152), (0.14556699, -0.11149604, 0.493102), (0.10900099, -0.10049104, 0.489725), (0.13004698, -0.11064704, 0.499033), (0.12975898, -0.09484204, 0.472803), (0.11008398, -0.10586803, 0.468627), (0.11469199, -0.09963703, 0.431432), (0.12844099, -0.09403103, 0.439472), (0.14775799, -0.15551104, 0.476864), (0.15046698, -0.13805804, 0.478667), (0.15520298, -0.12515002, 0.482504), (0.15391098, -0.118315026, 0.484855), (0.11872799, -0.14132003, 0.4478), (0.11339299, -0.12544903, 0.492518), (0.10416899, -0.11868103, 0.464006), (0.111857995, -0.14080903, 0.478047), (0.10938099, -0.13255402, 0.452361), (0.12189499, -0.15270203, 0.47504), (0.10920499, -0.12290603, 0.428398), (0.110149994, -0.11613603, 0.427077), (0.13807194, 0.581307, 0.23745404), (0.11669094, 0.60378, 0.27004007), (0.14375094, 0.61998, 0.28165007), (0.15421294, 0.596382, 0.24201004), (0.15682594, 0.632749, 0.29934305), (0.16935894, 0.60864, 0.24537106), (0.16923293, 0.647322, 0.29624406), (0.17452393, 0.623981, 0.24312608), (0.17309093, 0.664088, 0.29347405), (0.17636093, 0.638532, 0.23525007), (0.16991194, 0.682204, 0.28834605), (0.13848394, 0.703191, 0.23341306), (0.14084694, 0.722784, 0.27672207), (0.11871893, 0.724043, 0.27698305), (0.104619935, 0.706536, 0.23354906), (0.11275994, 0.698462, 0.21461406), (0.13815694, 0.695924, 0.21450906), (0.16346192, 0.65798694, 0.40158206), (0.16528392, 0.67117095, 0.40196005), (0.16357894, 0.6735829, 0.35834306), (0.16161095, 0.65637296, 0.35535806), (0.16817693, 0.672273, 0.33173206), (0.16608495, 0.653153, 0.33166707), (0.16732293, 0.678244, 0.33065706), (0.15981093, 0.6851829, 0.40316707), (0.15638892, 0.68994594, 0.36241707), (0.15693194, 0.697137, 0.32633305), (0.15225793, 0.701932, 0.28480607), (0.14904493, 0.70024997, 0.40467405), (0.14828092, 0.7068709, 0.36250705), (0.14538993, 0.716717, 0.32658306), (0.15281194, 0.64919496, 0.39658806), (0.15361995, 0.6467819, 0.35701206), (0.15339394, 0.640834, 0.32982805), (0.13691594, 0.62868, 0.30667806), (0.13380595, 0.642644, 0.33687407), (0.13789295, 0.65041995, 0.36338606), (0.14047994, 0.65293896, 0.39480105), (0.12093794, 0.639974, 0.31107107), (0.12591594, 0.65196, 0.33900005), (0.13789295, 0.65041995, 0.36338606), (0.12591594, 0.65196, 0.33900005), (0.11934293, 0.664606, 0.33924207), (0.12093794, 0.639974, 0.31107107), (0.11196194, 0.655993, 0.30704305), (0.10900393, 0.678804, 0.29088005), (0.11844293, 0.685461, 0.33603105), (0.12786493, 0.68271697, 0.36718106), (0.12934394, 0.6682639, 0.36691305), (0.13347693, 0.6834539, 0.40181607), (0.09999294, 0.693563, 0.24867806), (0.108422935, 0.705593, 0.28738505), (0.09922194, 0.667537, 0.26524505), (0.12051793, 0.712112, 0.32555705), (0.12896292, 0.6990209, 0.36604905), (0.13432592, 0.69247395, 0.40080205), (0.13165392, 0.718573, 0.32698807), (0.13497992, 0.71043897, 0.37044907), (0.14111292, 0.70414495, 0.40397105), (0.129438, -0.13385601, 0.387148), (0.139531, -0.13021201, 0.387352), (0.139281, -0.13880001, 0.349241), (0.1264, -0.14496702, 0.345153), (0.142096, -0.14316902, 0.322586), (0.126939, -0.14861302, 0.322307), (0.142262, -0.14450401, 0.275914), (0.128535, -0.14946401, 0.27324), (0.150924, -0.146778, 0.24818999), (0.13906099, -0.09059903, 0.395156), (0.14324299, -0.09982603, 0.390732), (0.14497998, -0.085849024, 0.358476), (0.14890298, -0.09554301, 0.357251), (0.15033299, -0.082088016, 0.328154), (0.151585, -0.097057015, 0.331028), (0.153862, -0.073920004, 0.287291), (0.156737, -0.096603006, 0.284449), (0.158326, -0.06900601, 0.258343), (0.164488, -0.08608801, 0.2587), (0.13736498, -0.07601802, 0.35749), (0.13836898, -0.06704802, 0.328906), (0.14576599, -0.063809015, 0.284299), (0.148769, -0.05938801, 0.257795), (0.12268999, -0.07837302, 0.356448), (0.13158998, -0.08697403, 0.396382), (0.122489996, -0.06937302, 0.327118), (0.12455899, -0.058328014, 0.285931), (0.10932399, -0.054858014, 0.24784), (0.10831099, -0.09038002, 0.351857), (0.12268999, -0.07837302, 0.356448), (0.12317199, -0.08816203, 0.390881), (0.10724899, -0.08500102, 0.326467), (0.10647699, -0.07765902, 0.270681), (0.09680499, -0.078153014, 0.250777), (0.14596099, -0.11972003, 0.388362), (0.155692, -0.13194501, 0.276571), (0.160317, -0.131197, 0.25548), (0.156293, -0.12830701, 0.327581), (0.150569, -0.12637502, 0.358834), (0.14643098, -0.10981703, 0.39068), (0.170128, -0.110415004, 0.24864198), (0.159805, -0.112605006, 0.27618), (0.155834, -0.11581101, 0.33161), (0.15116, -0.11251401, 0.3638), (0.109744996, -0.10277103, 0.384655), (0.103241995, -0.10025101, 0.264041), (0.09346, -0.09724201, 0.24993698), (0.09680499, -0.078153014, 0.250777), (0.09926799, -0.101405025, 0.325041), (0.10647699, -0.07765902, 0.270681), (0.10022799, -0.105391026, 0.350652), (0.10724899, -0.08500102, 0.326467), (0.12317199, -0.08816203, 0.390881), (0.12844099, -0.09403103, 0.439472), (0.12029799, -0.13680403, 0.429097), (0.104715995, -0.11414903, 0.389526), (0.11401899, -0.13281101, 0.384157), (0.10146, -0.13983302, 0.274831), (0.09518, -0.13531101, 0.24972498), (0.10459799, -0.13248701, 0.316899), (0.133901, -0.150525, 0.24539699), (0.107738994, -0.12881601, 0.339218), (0.139819, -0.158661, 0.21638398), (0.146849, -0.163337, 0.19399399), (0.12209801, -0.165975, 0.19005698), (0.157068, -0.152349, 0.22160399), (0.164866, -0.156774, 0.19798398), (0.166942, -0.137051, 0.23090199), (0.18028, -0.135868, 0.192975), (0.176434, -0.10992201, 0.230313), (0.182105, -0.110459, 0.199311), (0.171785, -0.08012101, 0.23350102), (0.178345, -0.078441, 0.19835602), (0.166875, -0.065064006, 0.228359), (0.16998, -0.06204001, 0.201635), (0.152407, -0.055327006, 0.224768), (0.160014, -0.051551007, 0.204468), (0.11813099, -0.03551001, 0.212559), (0.131737, -0.038555007, 0.201457), (0.152069, -0.169028, 0.17717898), (0.128057, -0.169432, 0.17761798), (0.166385, -0.164482, 0.17329298), (0.18323, -0.144994, 0.168821), (0.187783, -0.11576, 0.170797), (0.183435, -0.08538, 0.170833), (0.178475, -0.066277, 0.17679201), (0.171524, -0.052751005, 0.18036701), (0.142694, -0.032678004, 0.178525), (0.10181, -0.153632, 0.23155798), (0.086206, -0.14869201, 0.24864599), (0.112197, -0.160971, 0.20902498), (0.158318, -0.176051, 0.15036298), (0.185196, -0.0837, 0.15160301), (0.188652, -0.120284, 0.144589), (0.181822, -0.150263, 0.146256), (0.173975, -0.16606, 0.150123), (0.159445, -0.036928, 0.148535), (0.177163, -0.051248, 0.15498202), (0.185296, -0.068107, 0.15485401), (0.010147039, -0.33526498, -0.32426503), (0.0041350364, -0.29988196, -0.31048304), (0.02207104, -0.33813596, -0.31909603), (0.025474036, -0.30416998, -0.30141804), (0.045052037, -0.34192997, -0.29351702), (0.045535035, -0.30763397, -0.27928802), (0.05228004, -0.35156098, -0.27544603), (0.052068032, -0.31208697, -0.25720602), (0.061811037, -0.35780498, -0.25009403), (0.058577035, -0.31660596, -0.23508203), (0.07028804, -0.37293696, -0.21522003), (0.07151203, -0.32412398, -0.19064602), (0.075761035, -0.381597, -0.16707003), (0.07744103, -0.328293, -0.14305504), (0.069955036, -0.386467, -0.11143104), (0.07733303, -0.342612, -0.08063703), (0.060388032, -0.395947, -0.074539036), (0.07203303, -0.349087, -0.042228024), (0.055740032, -0.399338, -0.064376034), (0.06368403, -0.355099, -0.02630503), (0.047187034, -0.40461, -0.05358103), (0.054665025, -0.358051, -0.011868029), (0.036633033, -0.408648, -0.042087037), (0.039190028, -0.367515, 0.01272697), (0.054665025, -0.358051, -0.011868029), (0.026573032, -0.414414, -0.028878033), (0.028267028, -0.379478, 0.018911969), (0.022360047, -0.41285297, -0.36347604), (0.014904043, -0.37055996, -0.33881202), (0.02793204, -0.474807, -0.09894204), (0.029840037, -0.448812, -0.06830404), (0.037671037, -0.438426, -0.075049035), (0.04595404, -0.472345, -0.10609204), (0.02793204, -0.474807, -0.09894204), (0.037671037, -0.438426, -0.075049035), (0.061815042, -0.466531, -0.12597005), (0.047835037, -0.434053, -0.088479035), (0.07693805, -0.462347, -0.16386305), (0.059674036, -0.43209, -0.10481204), (0.08364405, -0.45398396, -0.20446505), (0.07136804, -0.427964, -0.13448805), (0.07818204, -0.43786496, -0.24416904), (0.080359034, -0.41609898, -0.18670703), (0.07369904, -0.43722597, -0.27788603), (0.07405804, -0.40087697, -0.23057503), (0.06845404, -0.42666498, -0.30998102), (0.063574046, -0.39136496, -0.26792002), (0.049581047, -0.41774997, -0.34747103), (0.05954304, -0.38360196, -0.29122102), (0.036817048, -0.41577497, -0.35680404), (0.04870404, -0.37388298, -0.31152904), (0.027131043, -0.37085897, -0.33123502), (0.030432025, -0.352286, 0.06025997), (0.030627027, -0.19792198, -0.27823702), (0.052480027, -0.20514096, -0.25914702), (0.025139032, -0.25371996, -0.28792304), (0.06530003, -0.22277199, -0.23406601), (0.04517503, -0.25724798, -0.26575503), (0.07936403, -0.22825499, -0.20233901), (0.054266028, -0.26315498, -0.24237102), (0.090262026, -0.24140699, -0.16032502), (0.06379603, -0.26939896, -0.21701802), (0.095622025, -0.25879, -0.11233401), (0.07658103, -0.27552396, -0.17239103), (0.10219402, -0.268792, -0.07407601), (0.07979203, -0.29033, -0.12352202), (0.10122802, -0.282517, -0.04305002), (0.089096025, -0.308062, -0.06276602), (0.09983702, -0.285842, -0.013620021), (0.08064802, -0.291059, 0.019823978), (0.08370002, -0.319898, -0.027209025), (0.070697024, -0.324593, -0.0036200255), (0.058564022, -0.329851, 0.023922974), (0.042229023, -0.343517, 0.04705397), (0.058564022, -0.329851, 0.023922974), (0.036633033, -0.408648, -0.042087037), (0.110958025, -0.259611, -0.06333402), (0.11212702, -0.24801397, -0.108429015), (0.11176402, -0.265515, -0.034755018), (0.111643024, -0.265511, -0.007240019), (0.11176602, -0.25817, 0.020163983), (0.10488302, -0.22200797, -0.15583302), (0.109273024, -0.21709096, -0.15723701), (0.092798024, -0.20347199, -0.19572401), (0.12766801, -0.24976498, 0.05764398), (0.12548901, -0.238394, 0.08612899), (0.14620902, -0.226605, 0.085960984), (0.123934016, -0.251653, 0.030793983), (0.15314502, -0.23464699, 0.06628098), (0.13498001, -0.256627, -0.006367016), (0.15203701, -0.23668198, 0.032499984), (0.13903402, -0.256207, -0.034725014), (0.15999502, -0.24328898, -0.0052270144), (0.13242601, -0.252342, -0.062197015), (0.15835501, -0.24635999, -0.032707013), (0.11985302, -0.23617697, -0.114942014), (0.14991802, -0.23802999, -0.070712015), (0.12940803, -0.23085497, -0.11649202), (0.10080202, -0.22645597, -0.15759802), (0.027115025, -0.16193797, -0.276531), (0.052526027, -0.16990297, -0.260522), (0.084663026, -0.18852398, -0.22018701), (0.13759002, -0.187122, 0.13691199), (0.15542902, -0.179755, 0.13573499), (0.15818602, -0.195561, 0.11700899), (0.050172023, -0.15630098, -0.264363), (0.032226022, -0.15202397, -0.272125), (0.080176026, -0.17097798, -0.23140101), (0.10312102, -0.18296197, -0.20060201), (0.118136026, -0.19575498, -0.16801101), (0.14276302, -0.20394798, -0.12332201), (0.16196902, -0.21174999, -0.08363601), (0.17687501, -0.21904899, -0.039684013), (0.18287002, -0.21985598, 0.005244989), (0.17793301, -0.21231899, 0.03813599), (0.17675501, -0.21031198, 0.061944988), (0.16286801, -0.201627, 0.092866994), (0.134511, -0.177194, 0.15592998), (0.186222, -0.143238, 0.10394099), (0.02670002, -0.110832974, -0.276644), (0.19695301, -0.15824498, 0.05592399), (0.19984302, -0.16254899, 0.029261995), (0.20259902, -0.16341698, 0.008435995), (0.19691701, -0.15396298, -0.044834007), (0.17881401, -0.14479499, -0.08355401), (0.15899202, -0.13732196, -0.13053802), (0.13435002, -0.13453998, -0.17810601), (0.098226026, -0.11899297, -0.22847502), (0.062278017, -0.113092974, -0.254879), (0.03955802, -0.10943798, -0.27002), (0.04307601, 0.057473026, -0.252677), (0.024042001, 0.13838702, -0.265242), (0.071412005, 0.059353024, -0.232826), (0.044171, 0.13623501, -0.251344), (0.108977005, 0.05388202, -0.189869), (0.066416, 0.12809801, -0.23571998), (0.136273, 0.038683027, -0.155249), (0.097833, 0.12548201, -0.20456299), (0.155988, 0.028615022, -0.11916399), (0.12777, 0.13526703, -0.17870499), (0.185338, 0.02579002, -0.06005399), (0.169666, 0.123804025, -0.123828985), (0.19276, 0.027598016, -0.030982988), (0.196135, 0.088729024, -0.055962984), (0.196403, 0.024068015, -0.006992989), (0.206602, 0.08874601, -0.023593983), (0.199326, 0.025068013, 0.01564501), (0.212206, 0.09225001, 0.0029920174), (0.194347, 0.02247801, 0.04820201), (0.21436898, 0.08823601, 0.029350016), (0.178177, 0.020243006, 0.08238201), (0.21324599, 0.08753001, 0.06124402), (0.172293, 0.024287004, 0.10020701), (0.20822299, 0.086935006, 0.09933402), (0.15920998, 0.025677998, 0.140514), (0.19602899, 0.090543, 0.13549803), (0.14367199, 0.023084996, 0.16817), (0.17133899, 0.087852, 0.17802203), (0.12953399, 0.027144993, 0.191144), (0.14505398, 0.09008599, 0.20686302), (0.11334399, 0.02839599, 0.203654), (0.11910398, 0.088807985, 0.22136602), (0.08940799, 0.029970987, 0.228677), (0.11910398, 0.088807985, 0.22136602), (0.064763986, 0.029924985, 0.235639), (0.022571996, 0.20843004, -0.26560098), (0.028033992, 0.26164204, -0.26683298), (0.040694997, 0.21559203, -0.25627196), (0.04146299, 0.26131502, -0.25850996), (0.059978995, 0.21259801, -0.24652898), (0.06847499, 0.27215004, -0.24971998), (0.08442599, 0.20182702, -0.23176399), (0.09961499, 0.26763302, -0.23464698), (0.10890299, 0.20387203, -0.20568198), (0.11849798, 0.27972803, -0.21000597), (0.15154399, 0.23748203, -0.15840998), (0.13056299, 0.31685302, -0.18972597), (0.21056499, 0.19170101, -0.07239598), (0.17909898, 0.326054, -0.14206296), (0.23039998, 0.17270501, -0.025995975), (0.22962698, 0.29196304, -0.06920297), (0.23841499, 0.17073101, -0.00071697467), (0.24803099, 0.27514002, -0.028471965), (0.24152198, 0.16821301, 0.035144027), (0.26343697, 0.25803202, 0.022463033), (0.24676998, 0.17192602, 0.07877002), (0.26645398, 0.25752202, 0.09135104), (0.23658198, 0.170265, 0.13063103), (0.25767496, 0.25304103, 0.14351703), (0.21827199, 0.180117, 0.17970604), (0.23539896, 0.250236, 0.18752503), (0.19344297, 0.184896, 0.21167202), (0.20534497, 0.256061, 0.21989805), (0.16984497, 0.184953, 0.22791901), (0.18248597, 0.25635797, 0.23496005), (0.13486497, 0.183491, 0.24881001), (0.02265299, 0.31426203, -0.26973897), (0.019753985, 0.36483702, -0.27673298), (0.044856988, 0.32382104, -0.26421398), (0.042181984, 0.36673304, -0.26917896), (0.08402599, 0.33371404, -0.25324497), (0.07962898, 0.37698203, -0.26090598), (0.11849798, 0.33816904, -0.23771097), (0.11289398, 0.38417703, -0.25417498), (0.12771198, 0.34910804, -0.21934697), (0.14080499, 0.39446104, -0.24148197), (0.14772898, 0.37480304, -0.18782596), (0.16399099, 0.41769803, -0.22054897), (0.17236099, 0.362509, -0.15427595), (0.17985897, 0.41791502, -0.17785096), (0.19608799, 0.354195, -0.12739095), (0.19367597, 0.402437, -0.13794796), (0.22799698, 0.34991303, -0.066980965), (0.21150596, 0.39475104, -0.090553954), (0.24316497, 0.34308204, -0.026229959), (0.22533096, 0.40637803, -0.046798952), (0.26469898, 0.33932704, 0.05363104), (0.23649298, 0.40797102, 0.0035440458), (0.25571296, 0.34306803, 0.13656604), (0.24314398, 0.39314902, 0.109668046), (0.23417197, 0.34056, 0.17940004), (0.22715098, 0.39010802, 0.14901304), (0.21168897, 0.331133, 0.20992604), (0.20471896, 0.394227, 0.17719205), (0.18262897, 0.32344896, 0.22639704), (0.17386195, 0.39506096, 0.19421305), (0.188898, -0.085122, 0.13471201), (0.194925, -0.084479995, 0.10587), (0.033742014, -0.056537975, -0.274905), (0.044189014, -0.059892975, -0.26737), (0.061862014, -0.061986975, -0.254993), (0.09095001, -0.06321497, -0.233682), (0.115355015, -0.06513198, -0.21022), (0.15438001, -0.07355897, -0.147906), (0.16682002, -0.075370975, -0.121591), (0.18321401, -0.082902975, -0.066387), (0.18944502, -0.08588499, -0.035584), (0.194799, -0.08766799, -0.003317999), (0.198061, -0.088265985, 0.029575001), (0.201909, -0.090541996, 0.064253), (-0.0012490047, -0.07894802, 0.244715), (0.09346, -0.09724201, 0.24993698), (0.09518, -0.13531101, 0.24972498), (0.08951199, -0.016895013, 0.229462), (0.10554099, -0.01398101, 0.209095), (0.11813099, -0.03551001, 0.212559), (0.06711999, -0.018919015, 0.240885), (0.10932399, -0.054858014, 0.24784), (-0.0012490047, -0.07894802, 0.244715), (0.10554099, -0.01398101, 0.209095), (0.128248, -0.018250007, 0.191429), (0.156351, -0.023566002, 0.145878), (0.172811, -0.042487994, 0.08857201), (0.1395, -0.019973004, 0.170519), (0.104639016, -0.24937898, 0.08115899), (0.019818984, 0.38849804, -0.27870098), (0.040861983, 0.39328003, -0.27148998), (0.08202598, 0.39662504, -0.26399997), (0.11237298, 0.40415204, -0.26071998), (0.15331599, 0.42252204, -0.24690697), (0.17392197, 0.44449002, -0.21917094), (0.18464997, 0.44636202, -0.17080294), (0.18904397, 0.457961, -0.10366295), (0.19442797, 0.456188, -0.07144496), (0.20207897, 0.45851204, -0.045516953), (0.21449196, 0.45602804, -0.005527951), (0.21923797, 0.45724404, 0.04418705), (0.20264296, 0.46275103, 0.084835045), (0.18341096, 0.454107, 0.12101205), (0.16802396, 0.450118, 0.14847505), (0.017867979, 0.43852103, -0.28175798), (0.03770698, 0.44333103, -0.27529296), (0.06700798, 0.44809702, -0.27323198), (0.12562998, 0.47720602, -0.25471896), (0.16617897, 0.48765004, -0.21863995), (0.17862497, 0.48517603, -0.17869894), (0.18108398, 0.490411, -0.12782794), (0.18594997, 0.493013, -0.086429946), (0.19301797, 0.491592, -0.06508895), (0.20401797, 0.47770703, -0.03692295), (0.21364897, 0.47211802, -0.006221949), (0.21541595, 0.48048002, 0.043092053), (0.19977696, 0.49355802, 0.08249705), (0.17405696, 0.496175, 0.11861605), (0.16063796, 0.495121, 0.13753805), (0.14718495, 0.454007, 0.16031304), (0.15046395, 0.493518, 0.14292005), (0.13806595, 0.36215398, 0.22883902), (0.13945295, 0.40277097, 0.20357403), (0.14154996, 0.38864496, 0.21060503), (0.020523975, 0.500785, -0.28628096), (0.034821972, 0.504024, -0.28190598), (0.06690197, 0.5099, -0.27611598), (0.12546197, 0.515347, -0.25563493), (0.16894197, 0.520642, -0.21362595), (0.18302096, 0.534844, -0.16749194), (0.18817197, 0.53519, -0.121157944), (0.19358797, 0.528586, -0.08638295), (0.19904198, 0.513185, -0.06029895), (0.20881997, 0.49934104, -0.03295595), (0.22089696, 0.49845502, -0.003222947), (0.22011596, 0.517785, 0.058809057), (0.19826496, 0.531742, 0.108271055), (0.17625496, 0.534214, 0.14667906), (0.16312495, 0.535363, 0.16108005), (0.14999396, 0.536513, 0.17548205), (0.0093199685, 0.594139, -0.30002093), (0.033177968, 0.597987, -0.29469994), (0.060921967, 0.598892, -0.28748393), (0.09388797, 0.6008, -0.27510595), (0.13657796, 0.601153, -0.24836394), (0.17347798, 0.596031, -0.19883494), (0.19577396, 0.578307, -0.13172494), (0.19852196, 0.572615, -0.10358194), (0.19914496, 0.570229, -0.08822594), (0.20592296, 0.562804, -0.047616944), (0.21450895, 0.556448, -0.012573943), (0.21830395, 0.553517, 0.016786058), (0.21510395, 0.548512, 0.06541605), (0.19613495, 0.555998, 0.12911905), (0.18238495, 0.577435, 0.19032405), (0.006790964, 0.65396, -0.31004295), (0.032952964, 0.657826, -0.29467195), (0.055889964, 0.657454, -0.29071993), (0.087699965, 0.662761, -0.28182793), (0.122182965, 0.659081, -0.26103693), (0.14685996, 0.650157, -0.23022494), (0.17589895, 0.63464, -0.17390692), (0.18898396, 0.6182, -0.11920194), (0.19137995, 0.612662, -0.07402994), (0.19343795, 0.612093, -0.04188194), (0.20181096, 0.59636, -0.012347939), (0.20953296, 0.590429, 0.037766058), (0.21023996, 0.585258, 0.08019306), (0.19718796, 0.586578, 0.13948406), (0.18604794, 0.602457, 0.19088207), (0.05855696, 0.702013, -0.28509593), (0.048648953, 0.727377, -0.26542494), (-0.001249043, 0.725486, -0.26778194), (0.08603995, 0.707815, -0.27188995), (0.07941695, 0.72855, -0.24941994), (0.10725996, 0.698903, -0.25184593), (0.094948955, 0.72632, -0.22810595), (0.13311495, 0.689358, -0.22564694), (0.109640956, 0.720536, -0.20289195), (0.14208196, 0.684117, -0.18837593), (0.11879195, 0.715173, -0.17420495), (0.15387596, 0.676508, -0.12575693), (0.13815695, 0.705258, -0.12109193), (0.16943896, 0.663313, -0.072230935), (0.15414596, 0.693888, -0.060010932), (0.18204395, 0.652629, -0.035561938), (0.16450095, 0.685126, -0.027811933), (0.19007395, 0.641127, -0.0053079356), (0.17397195, 0.670814, 0.0026990664), (0.20039496, 0.630985, 0.054108065), (0.18164694, 0.661515, 0.055552065), (0.20078796, 0.630053, 0.09720806), (0.17813393, 0.66075, 0.104853064), (0.19061594, 0.635795, 0.15750808), (0.16632193, 0.66481, 0.15687107), (0.17711394, 0.642878, 0.19871707), (0.15625393, 0.669239, 0.19792005), (0.17039993, 0.655538, 0.22639406), (0.15036795, 0.675335, 0.22131506), (0.045197956, 0.76125, -0.25035095), (-0.0012490458, 0.754278, -0.25234094), (0.06694795, 0.755425, -0.23104094), (0.077646956, 0.753325, -0.21278694), (0.08901695, 0.748686, -0.18765195), (0.095547944, 0.746283, -0.15999694), (0.10854295, 0.737314, -0.11582193), (0.13203095, 0.724987, -0.064079925), (0.14323494, 0.712357, -0.025227932), (0.14860295, 0.7031, 0.017584067), (0.15359995, 0.691295, 0.06648707), (0.15853395, 0.682318, 0.10732107), (0.15005594, 0.683067, 0.15383106), (0.14276694, 0.689269, 0.18498106), (0.032066952, 0.757277, -0.21286593), (-0.0012490473, 0.75729, -0.22333995), (0.04130695, 0.756001, -0.20050794), (0.04860195, 0.755094, -0.18230894), (0.05617895, 0.751407, -0.16456693), (0.05708595, 0.750135, -0.14704295), (0.06487895, 0.744934, -0.11056493), (0.08127395, 0.73535, -0.060930934), (0.09607695, 0.727452, -0.022319933), (0.11387995, 0.717707, 0.019550068), (0.11620094, 0.709582, 0.053774066), (0.12366494, 0.690241, 0.114745066), (0.15080695, 0.561085, 0.20514305), (0.14376295, 0.69943, 0.24109507), (0.11089494, 0.615958, 0.28266805), (0.13227792, 0.66649497, 0.39760005), (0.17631292, 0.69318897, 0.47457907), (0.16614893, 0.69600695, 0.44462207), (0.16997392, 0.68679893, 0.44360706), (0.17060493, 0.6624559, 0.46355006), (0.16117893, 0.66780096, 0.43797705), (0.16286093, 0.65398395, 0.43477106), (0.16988893, 0.64345497, 0.46134007), (0.15084893, 0.64818794, 0.43479905), (0.17594692, 0.68073595, 0.47204006), (0.17416693, 0.69309795, 0.48352605), (0.17245193, 0.6814259, 0.49404907), (0.17516792, 0.6954119, 0.49834007), (0.16792692, 0.67979497, 0.50129205), (0.15394393, 0.6371899, 0.46221405), (0.15511292, 0.62746495, 0.48181406), (0.17797592, 0.67346996, 0.46850505), (0.16324092, 0.67652196, 0.43843007), (0.15211992, 0.69814897, 0.48099107), (0.14823593, 0.69759095, 0.50089806), (0.13136293, 0.6919249, 0.49791506), (0.15240693, 0.6807299, 0.5072241), (0.13244392, 0.6859989, 0.47681504), (0.13705193, 0.69286597, 0.43961906), (0.15080193, 0.6990429, 0.44766107), (0.17011993, 0.63128793, 0.48505306), (0.17282593, 0.65052193, 0.48685607), (0.17756392, 0.66474897, 0.49069107), (0.17627193, 0.67228097, 0.49304605), (0.14108893, 0.64692795, 0.45598805), (0.13575493, 0.6644179, 0.50070804), (0.12652993, 0.67187595, 0.47219607), (0.13575493, 0.6644179, 0.50070804), (0.13421793, 0.64748996, 0.48623607), (0.13174292, 0.6565889, 0.46055105), (0.14425592, 0.63438296, 0.48322907), (0.13174292, 0.6565889, 0.46055105), (0.13156693, 0.66722095, 0.43658605), (0.13156693, 0.66722095, 0.43658605), (0.13251193, 0.6746829, 0.43526605), (0.14265692, 0.6519029, 0.43728706), (0.14047994, 0.65293896, 0.39480105), (0.12220194, 0.689628, 0.18257606), (0.12775093, 0.685131, 0.14892706), (0.10433495, 0.711004, 0.048347067), (0.04290595, 0.733173, -0.111173935), (0.044143952, 0.736575, -0.13207394), (0.049414948, 0.730043, -0.069855936), (0.06646395, 0.726926, -0.023710933), (0.08472295, 0.719677, 0.012041067), (-0.0012490498, 0.743764, -0.14369394), (-0.001249047, 0.740271, -0.20371795), (-0.0012490575, 0.775984, -0.023723934), (0.006402943, 0.774221, -0.023921933), (0.0017659399, 0.778715, 0.029442068), (0.0071099447, 0.778475, -0.07864993), (0.007820948, 0.785221, -0.15821593), (0.008527951, 0.781049, -0.23308893), (0.009235955, 0.755574, -0.28158495), (0.009944959, 0.71951, -0.30889395), (0.010651962, 0.683087, -0.31580094), (0.012003943, 0.769405, -0.024462933), (0.0068489406, 0.772372, 0.029646067), (0.013231945, 0.773239, -0.07924093), (0.014457948, 0.779535, -0.15880193), (0.015684951, 0.774891, -0.23281692), (0.016912956, 0.749595, -0.27876893), (0.018139958, 0.715764, -0.30291593), (0.019367963, 0.6814, -0.30893195), (0.014055943, 0.762824, -0.025201933), (0.008710941, 0.763711, 0.029921068), (0.015472946, 0.766086, -0.08004993), (0.016890949, 0.771768, -0.15960293), (0.018307952, 0.766481, -0.23244394), (0.019724956, 0.74143, -0.27492195), (0.02114296, 0.710645, -0.29474795), (0.0120089445, 0.756245, -0.025941934), (0.006853942, 0.755045, 0.030198066), (0.013235946, 0.758934, -0.080856934), (0.01446395, 0.763998, -0.16040094), (0.015691953, 0.758069, -0.23207094), (0.016918957, 0.73326, -0.27107295), (0.018146958, 0.705525, -0.28658095), (0.0064109447, 0.751427, -0.026482934), (0.0017729421, 0.748702, 0.030401066), (0.0071199466, 0.753694, -0.081448935), (0.00782795, 0.758311, -0.16098695), (0.0085369535, 0.75191, -0.23179694), (0.009247957, 0.727278, -0.26825494), (0.009956959, 0.701777, -0.28059894), (-0.0012400554, 0.74966, -0.026681935), (-0.0051690578, 0.746374, 0.030474065), (-0.0012580532, 0.751773, -0.08166593), (-0.0012600501, 0.756224, -0.16120294), (-0.0012600465, 0.749652, -0.23169693), (-0.001249043, 0.725486, -0.26778194), (-0.0012600465, 0.749652, -0.23169693), (-0.0012630407, 0.700403, -0.27840695), (-0.0012400554, 0.74966, -0.026681935), (-0.008892056, 0.751419, -0.026484935), (-0.012112058, 0.748691, 0.030401066), (-0.014497056, 0.756232, -0.025942935), (-0.017199058, 0.755028, 0.030200066), (-0.016554056, 0.762809, -0.025203932), (-0.01906506, 0.76369, 0.029922066), (-0.014511057, 0.76939, -0.024464933), (-0.01721106, 0.772355, 0.029646067), (-0.008916058, 0.774213, -0.023922933), (-0.01213406, 0.778704, 0.029442068), (-0.00517606, 0.781036, 0.02936907), (0.09522106, -0.575517, -0.29628205), (0.09730406, -0.58556, -0.30658507), (0.09394806, -0.589939, -0.29760006), (0.09660306, -0.59136, -0.31521007), (0.09914006, -0.588414, -0.31830806), (0.08888406, -0.603046, -0.32308006), (0.08107406, -0.611836, -0.31649607), (0.07533306, -0.613435, -0.30148306), (0.08268906, -0.608908, -0.31381506), (0.09034606, -0.601523, -0.29289407), (0.08928106, -0.604435, -0.28988105), (0.09600206, -0.591361, -0.29199007), (0.08311606, -0.61036, -0.29501605), (0.08068806, -0.61183, -0.29045206), (0.091249056, -0.598662, -0.28286007), (0.08584306, -0.607399, -0.28083405), (0.07833106, -0.610466, -0.28448007), (0.07163306, -0.614932, -0.29537305), (0.08256806, -0.600306, -0.32828104), (0.07740706, -0.60762, -0.32338005), (0.074430056, -0.616294, -0.31151706), (0.08939306, -0.585757, -0.32898206), (0.08370806, -0.594502, -0.32983106), (0.09852706, -0.574038, -0.32119206), (0.09175506, -0.581399, -0.33354807), (0.08417106, -0.593079, -0.34001005), (0.08003106, -0.601788, -0.33958507), (0.07242306, -0.613518, -0.33158907), (0.06986506, -0.622182, -0.31538406), (0.06857806, -0.625092, -0.29937407), (0.06810806, -0.6179, -0.28779706), (0.07905706, -0.611861, -0.27732006), (0.08643506, -0.603075, -0.27367505), (0.09364506, -0.589941, -0.28601807), (0.09195006, -0.592863, -0.27423805), (0.09379106, -0.584211, -0.28314605), (0.061927058, -0.628141, -0.30885306), (0.06299806, -0.626637, -0.29740706), (0.06442406, -0.622288, -0.28162307), (0.07515006, -0.616256, -0.27402806), (0.08437706, -0.600229, -0.26483405), (0.08846106, -0.591521, -0.26525307), (0.091787055, -0.574167, -0.27142906), (0.06677506, -0.617956, -0.33103105), (0.06519506, -0.623709, -0.31931007), (0.07536706, -0.60337096, -0.34345406), (0.08218806, -0.59454596, -0.34556106), (0.08849706, -0.582893, -0.33755305), (0.09540806, -0.57049, -0.32063806), (0.096563056, -0.572597, -0.29642105), (0.08948405, -0.565555, -0.27845705), (0.08624206, -0.57286197, -0.34316906), (0.07417006, -0.58753896, -0.35203406), (0.06447406, -0.5964329, -0.34964907), (0.05296006, -0.612502, -0.33836007), (0.04742106, -0.622707, -0.32334206), (0.05048406, -0.628407, -0.30774507), (0.05336606, -0.629748, -0.29356506), (0.093794055, -0.565464, -0.29332805), (0.05696606, -0.57213795, -0.36202407), (0.04340306, -0.5868409, -0.35629007), (0.03411806, -0.608634, -0.33803007), (0.03167206, -0.62449, -0.32181606), (0.03198406, -0.633142, -0.30594507), (0.04391506, -0.63716, -0.28830707), (0.05134406, -0.634088, -0.27019706), (0.06708206, -0.629409, -0.25585306), (0.07862006, -0.610432, -0.23676306), (0.08156505, -0.601694, -0.23422606), (0.08853305, -0.581416, -0.23205605), (0.09069305, -0.568394, -0.23662505), (0.08965905, -0.552622, -0.25825107), (0.08925305, -0.542564, -0.29005206), (0.09386806, -0.564062, -0.32224905), (0.089849055, -0.539674, -0.31322205), (0.07301606, -0.5559539, -0.35639206), (0.084857054, -0.544108, -0.33588707), (0.017630061, -0.637782, -0.30596706), (0.030111061, -0.647564, -0.28404105), (0.04277506, -0.647256, -0.25777906), (0.05586506, -0.649824, -0.22722706), (0.091530055, -0.562646, -0.22659305), (0.09299605, -0.549644, -0.23832405), (0.09147705, -0.543908, -0.25264707), (0.087245055, -0.544021, -0.28114605), (0.09274905, -0.530967, -0.26583907), (0.08967805, -0.52386, -0.29589307), (0.08745905, -0.523924, -0.31883907), (0.020797057, -0.55570495, -0.37302807), (0.039062057, -0.54666895, -0.37624106), (0.06857306, -0.5301129, -0.36610806), (0.07322405, -0.51707494, -0.34491205), (0.05981106, -0.648252, -0.21606006), (0.06452706, -0.638046, -0.19486307), (0.07824505, -0.60611, -0.19485506), (0.08865205, -0.575624, -0.21472605), (0.017571064, -0.663663, -0.28278404), (0.018191064, -0.679503, -0.26544407), (0.030605061, -0.673429, -0.25510806), (0.03756906, -0.671845, -0.24275306), (0.05108906, -0.665738, -0.22097206), (0.05507706, -0.65986, -0.20834306), (0.054145057, -0.654147, -0.18658605), (0.059364054, -0.652547, -0.17696705), (0.07807505, -0.611831, -0.18327007), (0.09203605, -0.571227, -0.19338405), (0.09662205, -0.556735, -0.20251805), (0.100220054, -0.537964, -0.22027504), (0.09927505, -0.523606, -0.24190505), (0.092632055, -0.516586, -0.27889907), (0.09129805, -0.528121, -0.28016007), (0.09248605, -0.515126, -0.29476607), (0.016652063, -0.708309, -0.24353206), (0.028790064, -0.702244, -0.23607107), (0.038192064, -0.696241, -0.22686806), (0.04814106, -0.687389, -0.21192107), (0.05062506, -0.680129, -0.19920506), (0.05331706, -0.675752, -0.18502507), (0.05411706, -0.674255, -0.17639907), (0.016180065, -0.721234, -0.23622206), (0.018401066, -0.729848, -0.23060806), (0.031769063, -0.728062, -0.22615805), (0.044391062, -0.724872, -0.21435507), (0.049056064, -0.708953, -0.20762306), (0.039319064, -0.714965, -0.21969606), (0.051282063, -0.720399, -0.20205806), (0.048666064, -0.701759, -0.19463006), (0.054463062, -0.718898, -0.18353206), (-0.0011239352, -0.720128, -0.23785506), (0.028449066, -0.720945, -0.22875907), (0.05398606, -0.704519, -0.18500707), (0.05605406, -0.6886, -0.17512307), (0.019319067, -0.745632, -0.22490606), (0.020279067, -0.757107, -0.21773906), (0.025870066, -0.752671, -0.21829206), (0.018472066, -0.767229, -0.20882908), (0.026906068, -0.761255, -0.20966107), (0.029474065, -0.741088, -0.22299805), (0.043529063, -0.736448, -0.21133706), (0.03989307, -0.746559, -0.20663306), (0.032676067, -0.759696, -0.19434506), (0.015638066, -0.770176, -0.19409208), (0.010873064, -0.760186, -0.16623005), (0.012962066, -0.764449, -0.17507106), (0.022837065, -0.758488, -0.16158606), (0.04901406, -0.739131, -0.16997506), (0.03801406, -0.75236, -0.16739605), (0.036005065, -0.748094, -0.15714106), (0.038748063, -0.756654, -0.17616107), (0.028190065, -0.7641, -0.18234806), (0.026388066, -0.762718, -0.17062406), (0.046769064, -0.744968, -0.17987105), (0.049576063, -0.734824, -0.19314606), (0.047300063, -0.733466, -0.20163606), (0.057101063, -0.721721, -0.17222907), (0.052034065, -0.733337, -0.16738206), (0.054743063, -0.720298, -0.16625606), (0.05964106, -0.707271, -0.17251407), (0.05466506, -0.687208, -0.15911406), (0.05739206, -0.704429, -0.16507806), (0.05252706, -0.71893, -0.15881906), (0.05380006, -0.704508, -0.15750407), (0.05244606, -0.697343, -0.15449107), (0.05267506, -0.680061, -0.16326806), (0.050803058, -0.681515, -0.15295306), (0.048511058, -0.688761, -0.14838506), (0.05378106, -0.67284, -0.16481707), (0.031610057, -0.671925, -0.13957305), (0.051843055, -0.671462, -0.15450506), (0.037580058, -0.699098, -0.14439906), (0.026696058, -0.693624, -0.13613506), (0.033768058, -0.713577, -0.14256705), (0.02429406, -0.70807, -0.13444106), (0.03102206, -0.730924, -0.14509806), (0.01891106, -0.724002, -0.13387606), (0.059165057, -0.651128, -0.16397706), (0.039689057, -0.660181, -0.14328906), (0.055727057, -0.648311, -0.15352306), (-0.0010769373, -0.744674, -0.14906906), (0.010128061, -0.738601, -0.13873306), (0.015328063, -0.747097, -0.14644006), (0.010128061, -0.738601, -0.13873306), (0.009983059, -0.702623, -0.13159306), (0.009983059, -0.702623, -0.13159306), (0.0151010575, -0.683807, -0.13361906), (0.015830057, -0.652119, -0.13377906), (-0.0011599453, -0.646717, -0.13507406), (-0.0011729465, -0.630847, -0.13254106), (0.020514056, -0.669289, -0.13418406), (0.027338056, -0.65474, -0.13488406), (-0.0011449439, -0.663993, -0.13653105), (0.0151010575, -0.683807, -0.13361906), (-0.0011229424, -0.68703, -0.13223305), (0.020514056, -0.669289, -0.13418406), (0.027338056, -0.65474, -0.13488406), (0.046342056, -0.64422, -0.14539906), (0.021540053, -0.634703, -0.12999906), (-0.001197949, -0.600682, -0.12808307), (0.033107053, -0.637324, -0.13110806), (0.021320052, -0.607396, -0.12572806), (0.051207047, -0.567831, -0.12150005), (0.04292805, -0.612617, -0.12780206), (-0.0012339526, -0.558923, -0.11953505), (0.053077053, -0.613862, -0.14323406), (0.046342056, -0.64422, -0.14539906), (0.06260105, -0.570465, -0.13852805), (0.07090205, -0.614879, -0.16811506), (0.053077053, -0.613862, -0.14323406), (0.087401055, -0.572737, -0.16692504), (0.06256505, -0.61648, -0.14994806), (0.07601905, -0.572992, -0.14988905), (0.09984005, -0.545147, -0.18117905), (0.089929044, -0.533863, -0.16147305), (0.06260105, -0.570465, -0.13852805), (0.074515045, -0.508267, -0.14992605), (0.070946045, -0.521321, -0.14521904), (0.060407046, -0.518671, -0.13408004), (0.028378047, -0.561163, -0.11641105), (-0.0012699562, -0.515717, -0.111125045), (0.024972042, -0.512286, -0.11047105), (0.044571046, -0.50611, -0.115286045), (0.06261204, -0.489838, -0.13437404), (0.100619055, -0.526441, -0.19866504), (0.07731804, -0.478007, -0.15898904), (0.06923904, -0.502663, -0.14368404), (0.085418046, -0.499412, -0.16984105), (0.08440904, -0.46925497, -0.20306204), (0.095358044, -0.48339796, -0.21273105), (0.074515045, -0.508267, -0.14992605), (0.070946045, -0.521321, -0.14521904), (0.085418046, -0.499412, -0.16984105), (0.09796804, -0.513516, -0.17824204), (0.095358044, -0.48339796, -0.21273105), (0.100961044, -0.49477196, -0.21756604), (0.10283204, -0.507653, -0.23074104), (0.09944005, -0.504919, -0.26513502), (0.09577005, -0.519393, -0.26183707), (0.094791055, -0.503565, -0.28346902), (0.088788055, -0.503714, -0.30024603), (0.09063105, -0.49357298, -0.27877003), (0.09222605, -0.49069396, -0.26157603), (0.091141045, -0.47484896, -0.25428802), (0.082929045, -0.46642497, -0.24771404), (0.091141045, -0.47484896, -0.25428802), (0.08903004, -0.47921896, -0.27717704), (0.081740044, -0.46788496, -0.27508104), (0.08903004, -0.47921896, -0.27717704), (0.020829055, -0.5096579, -0.40639403), (0.029421056, -0.50804394, -0.40723002), (0.019245058, -0.52697194, -0.39748707), (0.039485056, -0.50922495, -0.40819904), (0.041101057, -0.52504593, -0.39527905), (0.020124054, -0.48525596, -0.40781802), (0.033235054, -0.48778397, -0.40765503), (0.040291056, -0.48909497, -0.40975603), (0.051870055, -0.48882496, -0.40945202), (0.052860055, -0.50749594, -0.40369004), (0.047037058, -0.5234339, -0.39295506), (0.055606056, -0.5304229, -0.38078806), (0.054130055, -0.5204359, -0.39364704), (0.05271805, -0.46573797, -0.39514503), (0.07015105, -0.46969497, -0.39533904), (0.07304705, -0.46814498, -0.37974602), (0.04552505, -0.46448797, -0.39445302), (0.061749052, -0.46268398, -0.37576804), (0.033078052, -0.46908897, -0.40479004), (0.040582053, -0.47180298, -0.40260503), (0.04633105, -0.47166997, -0.40316102), (0.05924905, -0.47425896, -0.40440202), (0.052870054, -0.46141896, -0.37781602), (0.048039053, -0.45580998, -0.38168904), (0.037989054, -0.46035796, -0.39663902), (-0.0014039478, -0.45960298, -0.39801702), (0.057715047, -0.44979796, -0.36966503), (0.05680405, -0.43542397, -0.36091104), (0.062097054, -0.45978397, -0.37148502), (0.07904905, -0.46799698, -0.36296904), (0.083345056, -0.45061398, -0.35911003), (0.07938405, -0.44067296, -0.35294902), (0.08073705, -0.43343896, -0.33722302), (0.081587054, -0.47371897, -0.36752403), (0.092449054, -0.47346398, -0.35992402), (0.09664105, -0.45749897, -0.35747102), (0.09562405, -0.44459996, -0.35018402), (0.09372105, -0.43885896, -0.33846304), (0.11005005, -0.47877496, -0.35870802), (0.11584705, -0.46282998, -0.35498804), (0.110590056, -0.45433596, -0.34727702), (0.10724504, -0.44721198, -0.33542103), (0.081954055, -0.50248593, -0.35592702), (0.09112805, -0.48930296, -0.36265403), (0.09723605, -0.48915797, -0.35892102), (0.10460305, -0.49187696, -0.35814402), (0.12131605, -0.48287797, -0.36268702), (0.13170704, -0.46824196, -0.35650504), (0.12686305, -0.45967796, -0.34451002), (0.11867205, -0.49874797, -0.36381003), (0.13811906, -0.48968697, -0.37009603), (0.14283404, -0.47229198, -0.36189404), (0.13849504, -0.46518797, -0.34561703), (0.18416004, -0.46554497, -0.35145304), (0.16016205, -0.47188997, -0.36214703), (0.17056206, -0.48026597, -0.37610403), (0.15742606, -0.48635396, -0.37919804), (0.13677207, -0.50411195, -0.37277204), (0.16471606, -0.49768698, -0.38129404), (0.17160206, -0.49174896, -0.38340002), (0.19414707, -0.48261398, -0.38708302), (0.19385405, -0.47111297, -0.37263304), (0.21604507, -0.47060093, -0.38200602), (0.20928304, -0.46496695, -0.36110902), (0.22729504, -0.46313694, -0.36866003), (0.15847005, -0.46325096, -0.34755403), (0.11913205, -0.45412996, -0.33364803), (0.14087504, -0.45934796, -0.33431202), (0.15646504, -0.45898598, -0.33724204), (0.16751005, -0.46160597, -0.31371903), (0.18883604, -0.45970297, -0.33171904), (0.22704305, -0.46884993, -0.34261203), (0.21332504, -0.47204694, -0.32101804), (0.19149505, -0.47973496, -0.29430303), (0.14326404, -0.46075198, -0.30995604), (0.07483505, -0.44358796, -0.31061804), (0.06615005, -0.42799696, -0.33725104), (0.08517805, -0.45054296, -0.31011802), (0.08976405, -0.47060096, -0.29753003), (0.09942105, -0.45310298, -0.31296703), (0.113871045, -0.45854697, -0.31434903), (0.14304204, -0.47943997, -0.28671902), (0.17033404, -0.47591698, -0.28794503), (0.081954055, -0.50248593, -0.35592702), (0.083818056, -0.505322, -0.33731902), (0.08004905, -0.509713, -0.33261803), (0.08362305, -0.503846, -0.32427204), (0.21539205, -0.47922495, -0.37611404), (0.21174406, -0.47930494, -0.36853504), (0.20078306, -0.48244694, -0.36314103), (0.21387005, -0.47783595, -0.36151704), (0.20078306, -0.48244694, -0.36314103), (0.20256305, -0.47809595, -0.35900104), (0.21387005, -0.47783595, -0.36151704), (0.19521606, -0.48688996, -0.37704504), (0.19590706, -0.48686996, -0.36988404), (0.18355606, -0.48715296, -0.36288604), (0.10559905, -0.49904397, -0.34957102), (0.083818056, -0.505322, -0.33731902), (0.13076405, -0.51573795, -0.34763107), (0.095507056, -0.49785298, -0.33414602), (0.095507056, -0.49785298, -0.33414602), (0.16308106, -0.5034989, -0.36956802), (0.17832805, -0.49447596, -0.37396902), (0.19590706, -0.48686996, -0.36988404), (0.17850506, -0.49016497, -0.37109601), (0.14380306, -0.51396894, -0.36187106), (0.14436506, -0.5024499, -0.35330802), (0.13385905, -0.50127196, -0.34216702), (0.17850506, -0.49016497, -0.37109601), (0.16339406, -0.49912596, -0.36528504), (0.12503105, -0.511556, -0.33115405), (0.12503105, -0.511556, -0.33115405), (0.16225205, -0.48911998, -0.35939902), (0.16339406, -0.49912596, -0.36528504), (0.14865907, -0.49084798, -0.35085303), (0.13366105, -0.48688397, -0.34076402), (0.12465505, -0.501481, -0.33262804), (0.13874805, -0.47956496, -0.33114803), (0.13366105, -0.48688397, -0.34076402), (0.12457305, -0.47989398, -0.32829702), (0.15398005, -0.47921497, -0.33836803), (0.14865907, -0.49084798, -0.35085303), (0.17647704, -0.48011297, -0.34492204), (0.16225205, -0.48911998, -0.35939902), (0.19024405, -0.47979596, -0.35200003), (0.18355606, -0.48715296, -0.36288604), (0.14379905, -0.47655398, -0.32293603), (0.16383204, -0.47467297, -0.32487804), (0.18323804, -0.47564298, -0.33397904), (0.19689505, -0.47674698, -0.34252203), (0.16569404, -0.47745198, -0.30627102), (0.18778004, -0.47841796, -0.31711003), (0.20253104, -0.47519094, -0.32861602), (0.21382305, -0.47352093, -0.34564704), (0.21902205, -0.47340494, -0.35189602), (0.21938504, -0.47623494, -0.36353403), (0.083299056, -0.49954098, -0.31127903), (0.08282905, -0.49234897, -0.29970104), (0.08976405, -0.47060096, -0.29753003), (0.12465505, -0.501481, -0.33262804), (0.12258005, -0.500051, -0.32372302), (0.121297054, -0.511639, -0.32504606), (0.12032005, -0.49437696, -0.31629303), (0.12457305, -0.47989398, -0.32829702), (0.14379905, -0.47655398, -0.32293603), (0.12457305, -0.47989398, -0.32829702), (0.12258005, -0.500051, -0.32372302), (0.14401005, -0.48084596, -0.30706802), (0.12032005, -0.49437696, -0.31629303), (0.09090606, -0.602995, -0.31747007), (0.09451306, -0.579853, -0.31936505), (0.22503404, -0.47179893, -0.36409202), (0.14401005, -0.48084596, -0.30706802), (0.14304204, -0.47943997, -0.28671902), (0.17033404, -0.47591698, -0.28794503), (0.07271604, -0.46521497, -0.29299602), (0.024972042, -0.512286, -0.11047105), (0.035465047, -0.42872897, -0.37042102), (0.07317896, 0.34803197, 0.27834702), (0.06961796, 0.39490998, 0.26679504), (-0.0012490412, 0.707409, -0.27866194), (-0.0012630407, 0.700403, -0.27840695), (0.018146958, 0.705525, -0.28658095), (0.21938504, -0.47623494, -0.36353403), (0.22503404, -0.47179893, -0.36409202), (0.11089494, 0.615958, 0.28266805), (0.10191594, 0.646914, 0.27654105), (0.009956959, 0.701777, -0.28059894), (-0.0012630407, 0.700403, -0.27840695), (-0.11589102, -0.12544906, 0.492518), (-0.10574001, -0.10025103, 0.264041), (-0.13671607, 0.64748996, 0.48623607), (-0.12470006, 0.689628, 0.18257606), (-0.09284394, -0.601523, -0.29289407), (-0.091527954, -0.47921896, -0.27717704), (-0.054367945, -0.48882496, -0.40945202), (-0.0012630407, 0.700403, -0.27840695), (-0.10441406, 0.646914, 0.27654105), (0.12762697, 0.28057596, 0.27796602), (0.13109101, -0.205676, 0.122145995), (0.11334399, 0.02839599, 0.203654), (0.09680499, -0.078153014, 0.250777), (-0.0051690578, 0.746374, 0.030474065), (0.047135063, -0.731973, -0.15826206), (0.015328063, -0.747097, -0.14644006), (0.009983059, -0.702623, -0.13159306), (0.16225205, -0.48911998, -0.35939902), (0.12457305, -0.47989398, -0.32829702), (-0.15402204, 0.50712, 0.17734104), (-0.15335205, 0.49324796, 0.17239204), (-0.15336104, 0.541383, 0.20976004), (-0.15190004, 0.513727, 0.20834404), (-0.14929405, 0.49488097, 0.20632005), (-0.14517005, 0.45314097, 0.20036204), (-0.14245304, 0.44250298, 0.20163904), (-0.14084606, 0.553995, 0.24410805), (-0.13959305, 0.523493, 0.24224004), (-0.13173604, 0.49611098, 0.24556005), (-0.12341704, 0.45347896, 0.24364504), (-0.13433404, 0.45327297, 0.23151104), (-0.13803804, 0.43890896, 0.22227904), (-0.13317704, 0.42408898, 0.22136404), (-0.117008045, 0.41780898, 0.24441303), (-0.12526305, 0.43472698, 0.24272604), (-0.096699044, 0.40647697, 0.26038602), (-0.096537046, 0.42557997, 0.25043002), (-0.08019404, 0.41263396, 0.25994304), (-0.057601046, 0.42157897, 0.26663604), (-0.001249044, 0.42690197, 0.26903602), (-0.065223046, 0.45113596, 0.27744102), (-0.0012490465, 0.45676598, 0.27557603), (-0.096652046, 0.44857898, 0.26211902), (-0.11480005, 0.568331, 0.27035207), (-0.10542705, 0.530281, 0.27569607), (-0.10459005, 0.49414197, 0.27293602), (-0.07817705, 0.47819698, 0.28761002), (-0.064433046, 0.46987897, 0.28762603), (-0.08861005, 0.49254897, 0.28499702), (-0.08037705, 0.508146, 0.29341304), (-0.07529305, 0.538227, 0.29462406), (-0.07138905, 0.516041, 0.29456407), (-0.091006055, 0.561707, 0.29202506), (-0.07899405, 0.558495, 0.29762307), (-0.09712106, 0.574444, 0.28814605), (-0.09476506, 0.590098, 0.28987405), (-0.09094506, 0.598395, 0.29088005), (-0.0012490597, 0.628637, 0.27997407), (-0.071642056, 0.595955, 0.29730007), (-0.08130206, 0.599881, 0.29552907), (-0.0012490574, 0.591614, 0.29129606), (-0.06496106, 0.584884, 0.29947206), (-0.0012490537, 0.543018, 0.29382807), (-0.06913606, 0.567533, 0.30022705), (-0.07529305, 0.538227, 0.29462406), (-0.07899405, 0.558495, 0.29762307), (-0.05828005, 0.511409, 0.29918706), (-0.07138905, 0.516041, 0.29456407), (-0.0012490506, 0.502883, 0.28918302), (-0.049607053, 0.49813098, 0.29620603), (-0.05828005, 0.511409, 0.29918706), (-0.055414047, 0.47981298, 0.29439402), (-0.10249106, 0.693563, 0.24867806), (-0.07042107, 0.695145, 0.25133607), (-0.069194056, 0.664628, 0.26846305), (-0.06519007, 0.715163, 0.23324805), (-0.07042107, 0.695145, 0.25133607), (-0.09065907, 0.729612, 0.20907006), (-0.060729064, 0.733381, 0.20836006), (-0.08080307, 0.744917, 0.18191005), (-0.05377006, 0.746238, 0.17911907), (-0.07436606, 0.750687, 0.15154806), (-0.051654063, 0.753622, 0.15002306), (-0.07147006, 0.750358, 0.11523507), (-0.053285062, 0.752063, 0.11452707), (-0.06834806, 0.739376, 0.05423506), (-0.05450806, 0.742625, 0.054863058), (-0.07004305, 0.728951, 0.010118061), (-0.055509057, 0.735328, 0.009188062), (-0.05450806, 0.742625, 0.054863058), (-0.06896205, 0.726926, -0.02371094), (-0.054506052, 0.729848, -0.030383939), (-0.051913053, 0.730043, -0.069855936), (-0.001249052, 0.731277, -0.073768936), (-0.0012490537, 0.732508, -0.03481994), (-0.001249056, 0.737455, 0.007957065), (-0.0012490617, 0.75159, 0.11314607), (-0.053285062, 0.752063, 0.11452707), (-0.0012490632, 0.752407, 0.14556105), (-0.051654063, 0.753622, 0.15002306), (-0.0012490642, 0.747969, 0.17948906), (-0.05377006, 0.746238, 0.17911907), (-0.0012490643, 0.727755, 0.21476206), (-0.060729064, 0.733381, 0.20836006), (-0.0012490639, 0.711325, 0.23486806), (-0.06519007, 0.715163, 0.23324805), (-0.001249063, 0.688249, 0.25294307), (-0.0012490617, 0.66296, 0.26591206), (-0.07088406, 0.636436, 0.28097105), (-0.0012490588, 0.745932, 0.055790067), (-0.07004305, 0.728951, 0.010118061), (-0.08949306, 0.728486, 0.049696058), (-0.10343206, 0.735288, 0.11490606), (-0.10749106, 0.732162, 0.15469506), (-0.11017406, 0.723111, 0.18549906), (-0.11581606, 0.714555, 0.11325205), (-0.12180606, 0.701522, 0.15222307), (-0.04540405, 0.733173, -0.111173935), (-0.001249051, 0.734817, -0.10363393), (-0.08005405, 0.48370898, 0.31331003), (-0.070306055, 0.47780898, 0.31332102), (-0.087452054, 0.49388596, 0.31145602), (-0.08161305, 0.504947, 0.31742504), (-0.07524105, 0.510545, 0.31824103), (-0.06594405, 0.50726, 0.32152003), (-0.07524105, 0.510545, 0.31824103), (-0.05979305, 0.49784398, 0.31940502), (-0.06594405, 0.50726, 0.32152003), (-0.06391205, 0.48485497, 0.31812203), (-0.08915206, 0.569074, 0.31644106), (-0.08063306, 0.566797, 0.32041106), (-0.09348806, 0.578108, 0.31369105), (-0.09181706, 0.589207, 0.31491706), (-0.08910906, 0.595093, 0.31562907), (-0.08130206, 0.599881, 0.29552907), (-0.08226906, 0.596146, 0.31892505), (-0.07542006, 0.593362, 0.32018206), (-0.08226906, 0.596146, 0.31892505), (-0.07068106, 0.58551, 0.32172206), (-0.07364206, 0.573207, 0.32225907), (-0.07364206, 0.573207, 0.32225907), (-0.06328305, 0.48592097, 0.33277303), (-0.059264053, 0.49859196, 0.33402702), (-0.06526405, 0.507778, 0.33608803), (-0.06594405, 0.50726, 0.32152003), (-0.07433305, 0.510981, 0.33289203), (-0.080549054, 0.50552, 0.33209503), (-0.08624505, 0.49473098, 0.32627302), (-0.079028055, 0.48480198, 0.32808203), (-0.06952005, 0.47904897, 0.32809302), (-0.07959306, 0.569008, 0.33500805), (-0.07277406, 0.57526, 0.33680907), (-0.06988606, 0.587262, 0.33628607), (-0.07068106, 0.58551, 0.32172206), (-0.07450706, 0.59492, 0.33478406), (-0.07542006, 0.593362, 0.32018206), (-0.08118806, 0.597636, 0.33355907), (-0.08786006, 0.596609, 0.33034205), (-0.09050306, 0.590869, 0.32964706), (-0.09213306, 0.58004, 0.32845107), (-0.08790206, 0.571229, 0.33113605), (-0.072185054, 0.49592197, 0.34042302), (-0.08159406, 0.58318394, 0.34223607), (-0.10441406, 0.646914, 0.27654105), (0.15152396, 0.50712, 0.17734104), (0.15085396, 0.49324796, 0.17239204), (0.15086296, 0.541383, 0.20976004), (0.14940195, 0.513727, 0.20834404), (0.14679596, 0.49488097, 0.20632005), (0.14267196, 0.45314097, 0.20036204), (0.13995495, 0.44250298, 0.20163904), (0.13834794, 0.553995, 0.24410805), (0.13709496, 0.523493, 0.24224004), (0.12923795, 0.49611098, 0.24556005), (0.13183595, 0.45327297, 0.23151104), (0.13553995, 0.43890896, 0.22227904), (0.13067895, 0.42408898, 0.22136404), (0.11450896, 0.41780898, 0.24441303), (0.12276495, 0.43472698, 0.24272604), (0.12091895, 0.45347896, 0.24364504), (0.094200954, 0.40647697, 0.26038602), (0.094038956, 0.42557997, 0.25043002), (0.07769596, 0.41263396, 0.25994304), (0.055102956, 0.42157897, 0.26663604), (0.055102956, 0.42157897, 0.26663604), (0.062724955, 0.45113596, 0.27744102), (0.094153956, 0.44857898, 0.26211902), (0.112301946, 0.568331, 0.27035207), (0.10292895, 0.530281, 0.27569607), (0.102091946, 0.49414197, 0.27293602), (0.06193495, 0.46987897, 0.28762603), (0.075678945, 0.47819698, 0.28761002), (0.08611195, 0.49254897, 0.28499702), (0.077878945, 0.508146, 0.29341304), (0.068890944, 0.516041, 0.29456407), (0.07279495, 0.538227, 0.29462406), (0.076495945, 0.558495, 0.29762307), (0.08850795, 0.561707, 0.29202506), (0.09462294, 0.574444, 0.28814605), (0.09226694, 0.590098, 0.28987405), (0.08844694, 0.598395, 0.29088005), (0.068385944, 0.636436, 0.28097105), (0.07880394, 0.599881, 0.29552907), (0.06914394, 0.595955, 0.29730007), (0.062462945, 0.584884, 0.29947206), (0.06663794, 0.567533, 0.30022705), (0.076495945, 0.558495, 0.29762307), (0.07279495, 0.538227, 0.29462406), (0.068890944, 0.516041, 0.29456407), (0.05578195, 0.511409, 0.29918706), (0.04710895, 0.49813098, 0.29620603), (0.04710895, 0.49813098, 0.29620603), (0.052915953, 0.47981298, 0.29439402), (0.06193495, 0.46987897, 0.28762603), (0.06669594, 0.664628, 0.26846305), (0.067922935, 0.695145, 0.25133607), (0.062691934, 0.715163, 0.23324805), (0.058230937, 0.733381, 0.20836006), (0.08816093, 0.729612, 0.20907006), (0.051271938, 0.746238, 0.17911907), (0.07830493, 0.744917, 0.18191005), (0.049155936, 0.753622, 0.15002306), (0.07186794, 0.750687, 0.15154806), (0.05078694, 0.752063, 0.11452707), (0.06897194, 0.750358, 0.11523507), (0.05200994, 0.742625, 0.054863065), (0.06584994, 0.739376, 0.054235067), (0.053010944, 0.735328, 0.009188066), (0.067544945, 0.728951, 0.010118066), (0.052007947, 0.729848, -0.030383935), (0.08699494, 0.728486, 0.049696065), (0.10093394, 0.735288, 0.11490607), (0.10499294, 0.732162, 0.15469506), (0.10767594, 0.723111, 0.18549906), (0.113317944, 0.714555, 0.113252066), (0.11930794, 0.701522, 0.15222307), (0.06780795, 0.47780898, 0.31332102), (0.07755595, 0.48370898, 0.31331003), (0.08495395, 0.49388596, 0.31145602), (0.07911495, 0.504947, 0.31742504), (0.07274295, 0.510545, 0.31824103), (0.06344595, 0.50726, 0.32152003), (0.06344595, 0.50726, 0.32152003), (0.057294946, 0.49784398, 0.31940502), (0.057294946, 0.49784398, 0.31940502), (0.061413947, 0.48485497, 0.31812203), (0.052915953, 0.47981298, 0.29439402), (0.061413947, 0.48485497, 0.31812203), (0.07813494, 0.566797, 0.32041106), (0.08665394, 0.569074, 0.31644106), (0.09098994, 0.578108, 0.31369105), (0.08931894, 0.589207, 0.31491706), (0.08661094, 0.595093, 0.31562907), (0.07977094, 0.596146, 0.31892505), (0.07977094, 0.596146, 0.31892505), (0.07292194, 0.593362, 0.32018206), (0.06818294, 0.58551, 0.32172206), (0.07114394, 0.573207, 0.32225907), (0.06663794, 0.567533, 0.30022705), (0.07114394, 0.573207, 0.32225907), (0.057294946, 0.49784398, 0.31940502), (0.056765947, 0.49859196, 0.33402702), (0.060784947, 0.48592097, 0.33277303), (0.06344595, 0.50726, 0.32152003), (0.06276595, 0.507778, 0.33608803), (0.071834944, 0.510981, 0.33289203), (0.07805095, 0.50552, 0.33209503), (0.08374695, 0.49473098, 0.32627302), (0.07652995, 0.48480198, 0.32808203), (0.06702195, 0.47904897, 0.32809302), (0.07027594, 0.57526, 0.33680907), (0.07709494, 0.569008, 0.33500805), (0.06818294, 0.58551, 0.32172206), (0.06738794, 0.587262, 0.33628607), (0.07292194, 0.593362, 0.32018206), (0.07200894, 0.59492, 0.33478406), (0.07868994, 0.597636, 0.33355907), (0.08536194, 0.596609, 0.33034205), (0.08800494, 0.590869, 0.32964706), (0.08963494, 0.58004, 0.32845107), (0.08540394, 0.571229, 0.33113605), (0.06968695, 0.49592197, 0.34042302), (0.07909594, 0.58318394, 0.34223607), (0.08844694, 0.598395, 0.29088005), (0.012700938, 0.75571, 0.11929807), (0.010955939, 0.752039, 0.08647907), (0.014294936, 0.755412, 0.14951606), (-0.0012490506, 0.502883, 0.28918302), (-0.10172006, 0.667537, 0.26524505), (-0.07433305, 0.510981, 0.33289203), (-0.06988606, 0.587262, 0.33628607), (0.062724955, 0.45113596, 0.27744102), (-0.17607501, -0.14602706, 0.512151), (-0.17058101, -0.16453306, 0.50663), (-0.16942002, -0.15842105, 0.495087), (-0.19237702, -0.16294207, 0.534332), (-0.17864601, -0.18012506, 0.525698), (-0.19558601, -0.18112905, 0.558445), (-0.18931401, -0.19512406, 0.551666), (-0.18699601, -0.13814805, 0.541192), (-0.19082202, -0.14511506, 0.559375), (-0.17334202, -0.12949206, 0.517213), (-0.16884701, -0.13639607, 0.494081), (-0.16603701, -0.12324206, 0.501929), (-0.15804102, -0.17288107, 0.507392), (-0.15526602, -0.16786206, 0.492924), (-0.14111501, -0.17530906, 0.49632096), (-0.16724202, -0.11988906, 0.527432), (-0.17603602, -0.12842406, 0.548398), (-0.13736302, -0.114798054, 0.518414), (-0.16091502, -0.11623006, 0.510468), (-0.14554602, -0.15352605, 0.563804), (-0.14026001, -0.115858056, 0.53553), (-0.14481501, -0.13070706, 0.55771), (-0.13254501, -0.11064705, 0.499033), (-0.109743014, -0.13005106, 0.518714), (-0.11159501, -0.13187706, 0.540174), (-0.14026001, -0.115858056, 0.53553), (-0.10951602, -0.14154007, 0.554116), (-0.14481501, -0.13070706, 0.55771), (-0.111548014, -0.16102006, 0.558248), (-0.14554602, -0.15352605, 0.563804), (-0.116564006, -0.17952307, 0.5576), (-0.14859101, -0.17225206, 0.56364), (-0.12716702, -0.17060906, 0.49717698), (-0.14160301, -0.17830506, 0.506385), (-0.18006602, -0.20197205, 0.544487), (-0.16543202, -0.18535706, 0.524981), (-0.16164702, -0.21037605, 0.551937), (-0.15201901, -0.19256106, 0.527195), (-0.12717402, -0.20055406, 0.547931), (-0.12736101, -0.18978307, 0.526117), (-0.13089302, -0.17823206, 0.510012), (-0.10744501, -0.15042706, 0.507961), (-0.107772015, -0.15809806, 0.528965), (-0.14859101, -0.17225206, 0.56364), (-0.19843708, 0.6417409, 0.52034104), (-0.19294207, 0.6213439, 0.5148181), (-0.19178008, 0.62807995, 0.50327605), (-0.21473707, 0.62309694, 0.54252106), (-0.20100707, 0.60416096, 0.5338871), (-0.21794708, 0.6030539, 0.56663406), (-0.21167508, 0.5876299, 0.55985504), (-0.20935808, 0.65042293, 0.5493811), (-0.21318308, 0.64274395, 0.5675641), (-0.19570208, 0.65996194, 0.5254031), (-0.19120808, 0.65235496, 0.50227004), (-0.18839908, 0.66685295, 0.51011807), (-0.18040207, 0.61214393, 0.51558006), (-0.17762607, 0.61767495, 0.50111204), (-0.16347508, 0.6094679, 0.50451005), (-0.18960308, 0.67054695, 0.53562105), (-0.19839707, 0.66113895, 0.55658805), (-0.15972407, 0.6761559, 0.5266021), (-0.18327707, 0.67457795, 0.5186561), (-0.16790807, 0.63347393, 0.57199305), (-0.16262007, 0.6749889, 0.54371905), (-0.16717607, 0.65862393, 0.56589806), (-0.13825308, 0.6644179, 0.50070804), (-0.13210507, 0.6593459, 0.5269021), (-0.13395607, 0.6573349, 0.5483621), (-0.13187808, 0.64668393, 0.56230605), (-0.13390808, 0.62521696, 0.5664381), (-0.13892508, 0.60482496, 0.56578803), (-0.17095107, 0.6128379, 0.57183003), (-0.14952807, 0.61464894, 0.5053651), (-0.16396408, 0.60616696, 0.51457304), (-0.20242608, 0.58008397, 0.55267704), (-0.18779208, 0.59839493, 0.53317106), (-0.18400808, 0.57082295, 0.56012505), (-0.17438108, 0.59045494, 0.53538305), (-0.14953607, 0.5816469, 0.55612105), (-0.14972207, 0.59351695, 0.53430706), (-0.15325308, 0.60624796, 0.5181991), (-0.13671607, 0.64748996, 0.48623607), (-0.12980507, 0.63689095, 0.51615006), (-0.12980507, 0.63689095, 0.51615006), (-0.13013208, 0.62843597, 0.53715503), (-0.13013208, 0.62843597, 0.53715503), (-0.13892508, 0.60482496, 0.56578803), (-0.17095107, 0.6128379, 0.57183003), (-0.17095107, 0.6128379, 0.57183003), (0.16634898, -0.13639604, 0.494081), (0.16692199, -0.15842102, 0.495087), (0.16808298, -0.16453303, 0.50663), (0.17357698, -0.14602703, 0.512151), (0.17614798, -0.18012503, 0.525698), (0.18987899, -0.16294204, 0.534332), (0.18681599, -0.19512403, 0.551666), (0.19308798, -0.18112902, 0.558445), (0.18832399, -0.14511503, 0.559375), (0.18449798, -0.13814802, 0.541192), (0.17084399, -0.12949203, 0.517213), (0.16353899, -0.12324203, 0.501929), (0.16293399, -0.18535703, 0.524981), (0.15554298, -0.17288104, 0.507392), (0.15276799, -0.16786203, 0.492924), (0.15841699, -0.11623003, 0.510468), (0.17353699, -0.12842403, 0.548398), (0.16474399, -0.11988903, 0.527432), (0.13004698, -0.11064704, 0.499033), (0.14231698, -0.13070703, 0.55771), (0.13486499, -0.11479804, 0.518414), (0.13776198, -0.11585804, 0.53553), (0.13486499, -0.11479804, 0.518414), (0.10724498, -0.13005103, 0.518714), (0.13776198, -0.11585804, 0.53553), (0.10909698, -0.13187703, 0.540174), (0.14231698, -0.13070703, 0.55771), (0.10701799, -0.14154004, 0.554116), (0.14304799, -0.15352602, 0.563804), (0.10904998, -0.16102003, 0.558248), (0.14609298, -0.17225203, 0.56364), (0.13861698, -0.17530903, 0.49632096), (0.13910499, -0.17830503, 0.506385), (0.17756799, -0.20197202, 0.544487), (0.14952098, -0.19256103, 0.527195), (0.15914899, -0.21037602, 0.551937), (0.12486199, -0.18978304, 0.526117), (0.12839499, -0.17823203, 0.510012), (0.10494699, -0.15042703, 0.507961), (0.12466899, -0.17060903, 0.49717698), (0.105273984, -0.15809803, 0.528965), (0.10701799, -0.14154004, 0.554116), (0.10904998, -0.16102003, 0.558248), (0.11406599, -0.17952304, 0.5576), (0.12467599, -0.20055403, 0.547931), (0.18870993, 0.65235496, 0.50227004), (0.18928193, 0.62807995, 0.50327605), (0.19044392, 0.6213439, 0.5148181), (0.19593893, 0.6417409, 0.52034104), (0.19850892, 0.60416096, 0.5338871), (0.21223892, 0.62309694, 0.54252106), (0.20917693, 0.5876299, 0.55985504), (0.21544893, 0.6030539, 0.56663406), (0.21068393, 0.64274395, 0.5675641), (0.20685993, 0.65042293, 0.5493811), (0.19320393, 0.65996194, 0.5254031), (0.18590093, 0.66685295, 0.51011807), (0.18529393, 0.59839493, 0.53317106), (0.17790392, 0.61214393, 0.51558006), (0.17512792, 0.61767495, 0.50111204), (0.18077892, 0.67457795, 0.5186561), (0.19589892, 0.66113895, 0.55658805), (0.18710493, 0.67054695, 0.53562105), (0.16467793, 0.65862393, 0.56589806), (0.15722592, 0.6761559, 0.5266021), (0.16012193, 0.6749889, 0.54371905), (0.12960693, 0.6593459, 0.5269021), (0.13145792, 0.6573349, 0.5483621), (0.12937993, 0.64668393, 0.56230605), (0.16540992, 0.63347393, 0.57199305), (0.13140993, 0.62521696, 0.5664381), (0.16845292, 0.6128379, 0.57183003), (0.16097693, 0.6094679, 0.50451005), (0.16146593, 0.60616696, 0.51457304), (0.19992793, 0.58008397, 0.55267704), (0.17188293, 0.59045494, 0.53538305), (0.18150993, 0.57082295, 0.56012505), (0.14722392, 0.59351695, 0.53430706), (0.15075493, 0.60624796, 0.5181991), (0.12960693, 0.6593459, 0.5269021), (0.12730692, 0.63689095, 0.51615006), (0.14702992, 0.61464894, 0.5053651), (0.13145792, 0.6573349, 0.5483621), (0.12763393, 0.62843597, 0.53715503), (0.12937993, 0.64668393, 0.56230605), (0.13140993, 0.62521696, 0.5664381), (0.13642693, 0.60482496, 0.56578803), (0.14703792, 0.5816469, 0.55612105), (0.16845292, 0.6128379, 0.57183003), (0.21544893, 0.6030539, 0.56663406), (-0.13736302, -0.114798054, 0.518414), (-0.16790807, 0.63347393, 0.57199305), (0.17353699, -0.12842403, 0.548398), (0.14609298, -0.17225203, 0.56364), (0.16845292, 0.6128379, 0.57183003), (-0.09776494, -0.601412, -0.30201906), (-0.09653694, -0.605804, -0.30046707), (-0.09443694, -0.605856, -0.30749005), (-0.09345594, -0.60871, -0.30300605), (-0.10006894, -0.597055, -0.30657905), (-0.09861894, -0.601396, -0.30790704), (-0.013926935, -0.75439, -0.15907405), (-0.0010759364, -0.750329, -0.16098106), (-0.021433936, -0.75138, -0.15548205), (-0.034405936, -0.732322, -0.15098506), (-0.021433936, -0.75138, -0.15548205), (-0.03711694, -0.71934, -0.14986005), (-0.027163934, -0.754097, -0.18636006), (-0.030691935, -0.745407, -0.19253007), (-0.034290936, -0.739548, -0.19864206), (-0.029735934, -0.746844, -0.18805106), (-0.03962294, -0.703419, -0.15014806), (-0.013926935, -0.75439, -0.15907405), (-0.0010759364, -0.750329, -0.16098106), (0.09757106, -0.597055, -0.30657905), (0.09612106, -0.601396, -0.30790704), (0.09095806, -0.60871, -0.30300605), (0.09403906, -0.605804, -0.30046707), (0.09526706, -0.601412, -0.30201906), (0.09193906, -0.605856, -0.30749005), (0.011429064, -0.75439, -0.15907405), (0.018936064, -0.75138, -0.15548205), (0.031908065, -0.732322, -0.15098506), (0.024666065, -0.754097, -0.18636006), (0.027238065, -0.746844, -0.18805106), (0.03179306, -0.739548, -0.19864206), (0.028194064, -0.745407, -0.19253007), (0.03461906, -0.71934, -0.14986005), (0.03712506, -0.703419, -0.15014806), (0.011429064, -0.75439, -0.15907405), (0.018936064, -0.75138, -0.15548205), (-0.07534994, -0.5099229, -0.40709603), (-0.07782594, -0.51994497, -0.39860007), (-0.09515394, -0.51235497, -0.41184905), (-0.07864795, -0.49115196, -0.41321504), (-0.09621494, -0.52235395, -0.40327406), (-0.11345494, -0.52054393, -0.41939807), (-0.09429694, -0.49940297, -0.41760603), (-0.11017694, -0.5307009, -0.41040307), (-0.12039894, -0.52899796, -0.42437005), (-0.11438594, -0.51191294, -0.42241406), (-0.118553944, -0.53770494, -0.41551805), (-0.12771694, -0.54180497, -0.42652106), (-0.12437394, -0.52171195, -0.42625606), (-0.12403294, -0.54619294, -0.42034805), (-0.07920094, -0.5256279, -0.38574305), (-0.10026294, -0.52514195, -0.39210406), (-0.11278794, -0.53205097, -0.39904305), (-0.12121094, -0.53763694, -0.40274307), (-0.12561993, -0.54903597, -0.40461805), (-0.12838294, -0.56194896, -0.40917307), (-0.12707195, -0.55909795, -0.42202905), (-0.13063094, -0.5575469, -0.42960507), (-0.13026494, -0.53596795, -0.42820805), (-0.12830395, -0.5705649, -0.41033205), (-0.12712894, -0.57348895, -0.42254207), (-0.13225494, -0.5704839, -0.42853507), (-0.13606894, -0.55600494, -0.43303707), (-0.12549195, -0.58502394, -0.41273907), (-0.12584694, -0.5850219, -0.42379907), (-0.13639294, -0.58189195, -0.43299305), (-0.12954794, -0.5835229, -0.42960307), (-0.12314694, -0.6282619, -0.43448704), (-0.08514695, -0.52548194, -0.36896005), (-0.11955294, -0.5304719, -0.38814905), (-0.10023794, -0.5251349, -0.37764806), (-0.108646944, -0.50624096, -0.37561104), (-0.092115946, -0.50520396, -0.36678904), (-0.12692794, -0.5159059, -0.38315406), (-0.12343594, -0.54046994, -0.39572304), (-0.13664494, -0.5257679, -0.38981405), (-0.12692794, -0.5159059, -0.38315406), (-0.11955294, -0.5304719, -0.38814905), (-0.12620895, -0.55043596, -0.39886507), (-0.13507994, -0.54303193, -0.39541805), (-0.12343594, -0.54046994, -0.39572304), (-0.13057394, -0.56331193, -0.40215304), (-0.14069194, -0.56307596, -0.40165207), (-0.12620895, -0.55043596, -0.39886507), (-0.13912994, -0.57461697, -0.40445107), (-0.13057394, -0.56331193, -0.40215304), (-0.13767594, -0.5905159, -0.40838307), (-0.13190494, -0.57189393, -0.40379405), (-0.13190494, -0.57189393, -0.40379405), (-0.13055694, -0.58631796, -0.40633607), (-0.14878194, -0.53410494, -0.40109307), (-0.14745894, -0.5758969, -0.40791407), (-0.14924894, -0.55998695, -0.40248707), (-0.14136694, -0.51127195, -0.39753804), (-0.13000494, -0.49714097, -0.39215404), (-0.10635695, -0.48612598, -0.37977102), (-0.108646944, -0.50624096, -0.37561104), (-0.09828295, -0.48630998, -0.37324104), (-0.092115946, -0.50520396, -0.36678904), (-0.13767594, -0.5905159, -0.40838307), (-0.14178094, -0.59472996, -0.41150606), (-0.14668193, -0.59031296, -0.41883406), (-0.15086395, -0.57146096, -0.41650906), (-0.15512794, -0.55266196, -0.41468605), (-0.15182494, -0.5282629, -0.41295505), (-0.14177294, -0.50979495, -0.40771103), (-0.12896794, -0.49428198, -0.40219304), (-0.10231195, -0.47761396, -0.38953304), (-0.14354093, -0.50975996, -0.41943502), (-0.12768994, -0.49284598, -0.41504803), (-0.15071894, -0.52829295, -0.42440006), (-0.15693094, -0.5540999, -0.42640707), (-0.103938945, -0.47758397, -0.40272304), (-0.09093895, -0.47498697, -0.38701904), (-0.08675495, -0.47220296, -0.39959604), (-0.15438694, -0.57427394, -0.42504206), (-0.14862494, -0.59168994, -0.42857605), (-0.07907195, -0.47957996, -0.40606204), (-0.14012994, -0.5285419, -0.42918205), (-0.14904495, -0.55281395, -0.43287605), (-0.13129795, -0.51152194, -0.42695206), (-0.11983294, -0.49881196, -0.42297804), (-0.098546945, -0.48349598, -0.41516003), (-0.14920294, -0.57150894, -0.43284407), (-0.13750294, -0.5689479, -0.43313006), (-0.14365093, -0.58603096, -0.43364906), (-0.13055694, -0.58631796, -0.40633607), (-0.13055694, -0.58631796, -0.40633607), (0.07615105, -0.49115196, -0.41321504), (0.07285206, -0.5099229, -0.40709603), (0.09179906, -0.49940297, -0.41760603), (0.09265606, -0.51235497, -0.41184905), (0.07532806, -0.51994497, -0.39860007), (0.11188806, -0.51191294, -0.42241406), (0.11095706, -0.52054393, -0.41939807), (0.09371706, -0.52235395, -0.40327406), (0.12187606, -0.52171195, -0.42625606), (0.10767906, -0.5307009, -0.41040307), (0.11605606, -0.53770494, -0.41551805), (0.12776706, -0.53596795, -0.42820805), (0.11790106, -0.52899796, -0.42437005), (0.12153506, -0.54619294, -0.42034805), (0.07670306, -0.5256279, -0.38574305), (0.09776506, -0.52514195, -0.39210406), (0.11029006, -0.53205097, -0.39904305), (0.11871306, -0.53763694, -0.40274307), (0.12457406, -0.55909795, -0.42202905), (0.12312206, -0.54903597, -0.40461805), (0.12813306, -0.5575469, -0.42960507), (0.12522006, -0.54180497, -0.42652106), (0.13357206, -0.55600494, -0.43303707), (0.12463106, -0.57348895, -0.42254207), (0.12588505, -0.56194896, -0.40917307), (0.12975806, -0.5704839, -0.42853507), (0.13500506, -0.5689479, -0.43313006), (0.12334906, -0.5850219, -0.42379907), (0.12580606, -0.5705649, -0.41033205), (0.12705006, -0.5835229, -0.42960307), (0.12064907, -0.6282619, -0.43448704), (0.13389505, -0.58189195, -0.43299305), (0.12299406, -0.58502394, -0.41273907), (0.08264905, -0.52548194, -0.36896005), (0.09774006, -0.5251349, -0.37764806), (0.08961805, -0.50520396, -0.36678904), (0.11705606, -0.5304719, -0.38814905), (0.106149055, -0.50624096, -0.37561104), (0.12093806, -0.54046994, -0.39572304), (0.12443005, -0.5159059, -0.38315406), (0.12371106, -0.55043596, -0.39886507), (0.13414706, -0.5257679, -0.38981405), (0.12807606, -0.56331193, -0.40215304), (0.13258205, -0.54303193, -0.39541805), (0.12940706, -0.57189393, -0.40379405), (0.13819405, -0.56307596, -0.40165207), (0.12805906, -0.58631796, -0.40633607), (0.12940706, -0.57189393, -0.40379405), (0.13663206, -0.57461697, -0.40445107), (0.14675106, -0.55998695, -0.40248707), (0.13819405, -0.56307596, -0.40165207), (0.13258205, -0.54303193, -0.39541805), (0.14496106, -0.5758969, -0.40791407), (0.13928306, -0.59472996, -0.41150606), (0.13517806, -0.5905159, -0.40838307), (0.13414706, -0.5257679, -0.38981405), (0.13886906, -0.51127195, -0.39753804), (0.12443005, -0.5159059, -0.38315406), (0.12750706, -0.49714097, -0.39215404), (0.106149055, -0.50624096, -0.37561104), (0.10385905, -0.48612598, -0.37977102), (0.08961805, -0.50520396, -0.36678904), (0.09578605, -0.48630998, -0.37324104), (0.13517806, -0.5905159, -0.40838307), (0.14836606, -0.57146096, -0.41650906), (0.14418405, -0.59031296, -0.41883406), (0.15263006, -0.55266196, -0.41468605), (0.14628406, -0.53410494, -0.40109307), (0.14932705, -0.5282629, -0.41295505), (0.13927506, -0.50979495, -0.40771103), (0.12647006, -0.49428198, -0.40219304), (0.09981405, -0.47761396, -0.38953304), (0.08844105, -0.47498697, -0.38701904), (0.12519206, -0.49284598, -0.41504803), (0.14104307, -0.50975996, -0.41943502), (0.14822106, -0.52829295, -0.42440006), (0.15443306, -0.5540999, -0.42640707), (0.101441056, -0.47758397, -0.40272304), (0.08425705, -0.47220296, -0.39959604), (0.15188906, -0.57427394, -0.42504206), (0.14612706, -0.59168994, -0.42857605), (0.07657405, -0.47957996, -0.40606204), (0.14654706, -0.55281395, -0.43287605), (0.13763206, -0.5285419, -0.42918205), (0.12880006, -0.51152194, -0.42695206), (0.11733506, -0.49881196, -0.42297804), (0.096049055, -0.48349598, -0.41516003), (0.14670506, -0.57150894, -0.43284407), (0.14115305, -0.58603096, -0.43364906), (0.12805906, -0.58631796, -0.40633607), (0.12805906, -0.58631796, -0.40633607), (-0.13055694, -0.58631796, -0.40633607), (0.014004936, 0.760381, 0.13652205), (0.012199938, 0.762138, 0.08755807), (0.016237935, 0.761057, 0.17940606), (0.011063936, 0.750479, 0.17916206), (0.014633933, 0.762627, 0.21485506), (0.0077489354, 0.746255, 0.19520706), (0.011579931, 0.775197, 0.24480008), (-0.017671065, 0.737172, 0.22220705), (0.011579931, 0.775197, 0.24480008), (0.0077489354, 0.746255, 0.19520706), (-0.019379066, 0.753081, 0.25021905), (0.0015219286, 0.7857, 0.27509806), (-0.01920207, 0.775959, 0.28083506), (0.0088619385, 0.768159, 0.08501007), (0.014365936, 0.772397, 0.12544407), (0.017046934, 0.778284, 0.15414907), (0.022087933, 0.784787, 0.19821608), (0.022218931, 0.789416, 0.23367907), (0.019256927, 0.805354, 0.26091307), (0.0015219286, 0.7857, 0.27509806), (0.0015219286, 0.7857, 0.27509806), (0.017655926, 0.819813, 0.28869507), (0.019256927, 0.805354, 0.26091307), (0.013159934, 0.787364, 0.12260006), (0.007493938, 0.774404, 0.081975065), (0.020906933, 0.79505, 0.15138008), (0.02459293, 0.798935, 0.18376008), (0.023004929, 0.805915, 0.22208807), (0.024845926, 0.82723, 0.26372707), (0.023153923, 0.835605, 0.30227605), (0.024845926, 0.82723, 0.26372707), (0.014371933, 0.799503, 0.12929508), (0.011004937, 0.786615, 0.098730065), (0.020197932, 0.807623, 0.16387908), (0.01774993, 0.823289, 0.19307408), (0.022539925, 0.831922, 0.25117806), (0.026712924, 0.849799, 0.29709405), (0.022539925, 0.831922, 0.25117806), (0.016145933, 0.814077, 0.14883907), (0.0046269363, 0.792325, 0.08730507), (0.009747928, 0.838764, 0.19293408), (0.016303927, 0.839004, 0.23151408), (0.022403924, 0.851682, 0.27411506), (0.029114923, 0.866727, 0.30205908), (0.001319932, 0.82064, 0.13752808), (-0.003517064, 0.799066, 0.08705207), (0.0022229285, 0.839739, 0.18328008), (0.0077099246, 0.855473, 0.24334008), (0.019337922, 0.869679, 0.2879431), (0.02859892, 0.873095, 0.3167991), (-0.027835067, 0.809667, 0.13767707), (-0.024112063, 0.790654, 0.08446207), (-0.017618071, 0.836978, 0.18238607), (-0.024161072, 0.842704, 0.22597007), (-0.008108077, 0.85508, 0.2660501), (0.0059259213, 0.863861, 0.3093541), (-0.036438067, 0.801079, 0.15122108), (-0.026921064, 0.788871, 0.09440906), (-0.04328507, 0.820557, 0.20949207), (-0.035056073, 0.834714, 0.26226807), (-0.016964076, 0.845912, 0.28277406), (0.0026879217, 0.858259, 0.3061851), (-0.04674807, 0.790026, 0.17010908), (-0.032272063, 0.783062, 0.11916207), (-0.046192072, 0.803182, 0.21618907), (-0.038757075, 0.814446, 0.25926706), (-0.023380075, 0.8306, 0.28424305), (0.002694922, 0.853496, 0.3086741), (-0.024750063, 0.762448, 0.11449507), (-0.039090067, 0.767972, 0.16516508), (-0.043701068, 0.774684, 0.19470307), (-0.044573072, 0.80295, 0.24636808), (-0.030343072, 0.79943, 0.27521607), (-0.0077500744, 0.814751, 0.29937607), (0.0014739237, 0.833232, 0.30715606), (-0.0068960604, 0.735193, 0.119573064), (-0.0068960604, 0.735193, 0.119573064), (0.0077489354, 0.746255, 0.19520706), (0.0015219286, 0.7857, 0.27509806), (0.017655926, 0.819813, 0.28869507), (0.023153923, 0.835605, 0.30227605), (0.026712924, 0.849799, 0.29709405), (0.029114923, 0.866727, 0.30205908)]
        texCoord2f[] primvars:st = [(0.7036871, -0.32849765), (0.67166895, -0.328089), (0.68807524, -0.30706692), (0.69950736, -0.34913635), (0.66399276, -0.3549901), (0.6717923, -0.37813163), (0.7191304, -0.34964126), (0.69782346, -0.38647768), (0.72815794, -0.32865977), (0.7106824, -0.30020374), (0.73752314, -0.297345), (0.7536645, -0.29792383), (0.7430383, -0.32680783), (0.77908105, -0.30039734), (0.7641204, -0.32796425), (0.79480445, -0.33426806), (0.77698344, -0.3568596), (0.7523638, -0.35179448), (0.76172864, -0.36725238), (0.74465823, -0.37727818), (0.72417927, -0.38338438), (0.73234165, -0.35113323), (0.68366545, -0.39650524), (0.7244656, -0.40135297), (0.70214087, -0.42658183), (0.74637, -0.40714526), (0.7258484, -0.4187529), (0.7577466, -0.39658812), (0.77309066, -0.3866718), (0.7901449, -0.37111583), (0.7975567, -0.3600479), (0.8080387, -0.33656242), (0.8101091, -0.30410287), (0.7300175, -0.4373294), (0.70925486, -0.45031992), (0.75464404, -0.4252265), (0.76810133, -0.41452104), (0.78502285, -0.40303686), (0.80325115, -0.38473028), (0.8173736, -0.37008464), (0.82835793, -0.35052758), (0.8364163, -0.3173445), (0.7556038, -0.47828996), (0.73429394, -0.4904439), (0.7793445, -0.46421903), (0.79599607, -0.4541505), (0.81453377, -0.44282076), (0.8382916, -0.42833635), (0.8611591, -0.41497952), (0.88390625, -0.4019043), (0.9155625, -0.3836557), (0.5898566, -0.42369527), (0.60546947, -0.40075922), (0.6328309, -0.4269302), (0.62407535, -0.45079488), (0.6583632, -0.4362343), (0.6432406, -0.41528523), (0.63210493, -0.38796687), (0.6471698, -0.38042483), (0.6323981, -0.36342186), (0.67276204, -0.45376253), (0.6857002, -0.46742582), (0.71066123, -0.50454247), (0.69837916, -0.51166725), (0.67339516, -0.4757678), (0.6584753, -0.4643285), (0.6990846, 0.3256185), (0.7208041, 0.33434767), (0.72370505, 0.3105997), (0.71227384, 0.35759473), (0.74129593, 0.34548044), (0.73406905, 0.31014198), (0.7298231, 0.28901565), (0.6931504, 0.2820738), (0.7353163, 0.26471883), (0.7325595, 0.24261567), (0.71149486, 0.21350516), (0.7391913, 0.22574419), (0.7389412, 0.20319296), (0.74816597, 0.14832857), (0.7316527, 0.13911143), (0.77353317, 0.22983211), (0.7847812, 0.15919663), (0.7666601, 0.3001977), (0.76368463, 0.32222426), (0.75225455, 0.354255), (0.73468584, 0.36605188), (0.75328654, 0.37202096), (0.77048576, 0.37158278), (0.7853197, 0.30329433), (0.79940677, 0.23272462), (0.8100398, 0.16811159), (0.81630164, 0.06981085), (0.7703333, 0.055008728), (0.86508316, 0.18774949), (0.87934107, 0.091770865), (0.8549581, 0.24595846), (0.8410667, 0.31127656), (0.8267334, 0.3795711), (1.0239968, -0.17046507), (0.99408877, -0.1726213), (0.9918252, -0.16238445), (1.0278857, -0.20898801), (0.9954866, -0.20923178), (0.9934874, -0.19504677), (1.0307686, -0.2272247), (0.9976154, -0.22355181), (1.0286369, -0.15551609), (1.0216557, -0.15945865), (1.0407746, -0.15035287), (1.044846, -0.15899953), (1.0520489, -0.14777374), (1.0558197, -0.21091567), (1.0533614, -0.22987986), (0.9912061, -0.18609631), (1.023744, -0.17786624), (1.0374718, -0.129122), (1.050135, -0.1299822), (1.0528287, -0.09963345), (1.0534511, -0.12709768), (1.0145178, -0.112382576), (1.0333842, -0.114762194), (1.0204959, -0.13502716), (0.9901262, -0.14459775), (0.98046577, -0.13031802), (1.0224801, -0.19107187), (1.0493243, -0.19137941), (1.048989, -0.17461795), (1.0484877, -0.16643697), (1.0515748, -0.24550843), (1.020606, -0.24013805), (1.0114545, -0.096135385), (1.0241178, -0.27454704), (1.0217313, -0.2548533), (1.0497077, -0.26485977), (0.9955653, -0.2575584), (0.99699295, -0.25081652), (0.9998529, -0.23335652), (0.97475016, -0.11316949), (0.60909903, 0.57422644), (0.64165366, 0.61499333), (0.660135, 0.58492714), (0.59716266, 0.59200937), (0.6408735, 0.6421182), (0.5866962, 0.6061032), (0.6269111, 0.65479124), (0.5720498, 0.616516), (0.61597794, 0.66745853), (0.5553579, 0.63034976), (0.6033391, 0.6804133), (0.5164289, 0.7269872), (0.56280524, 0.7337799), (0.5718166, 0.7158999), (0.53607523, 0.69135314), (0.5205591, 0.6782469), (0.50676316, 0.7034755), (0.6751847, 0.7034458), (0.66743517, 0.71892905), (0.7062139, 0.7492749), (0.65471184, 0.68408334), (0.6448366, 0.6988323), (0.6409057, 0.7028193), (0.6598308, 0.73548985), (0.6964154, 0.76129264), (0.62626886, 0.7172375), (0.58795404, 0.7001522), (0.6476979, 0.7494342), (0.6837209, 0.775641), (0.6144143, 0.7349393), (0.6842793, 0.6954289), (0.7146089, 0.7386521), (0.66365737, 0.6705049), (0.6612196, 0.63748765), (0.68216, 0.66707206), (0.7006942, 0.68938047), (0.7184943, 0.72422904), (0.72469085, 0.71276116), (0.69317824, 0.66498244), (0.6809932, 0.639828), (0.628197, 0.80412227), (0.6015443, 0.8044905), (0.60197574, 0.8186738), (0.5686882, 0.80691296), (0.60279375, 0.78381246), (0.5580633, 0.78086334), (0.6320685, 0.7901994), (0.6499515, 0.8119209), (0.661934, 0.79917574), (0.56333566, 0.7553093), (0.5267232, 0.7481385), (0.5293218, 0.7823413), (0.60085666, 0.7569129), (0.6363815, 0.77493966), (0.66627455, 0.7910843), (0.60786676, 0.7464687), (0.6455384, 0.764811), (0.67653394, 0.7812332), (0.5459407, 0.68682086), (0.9097175, -0.24101178), (0.9103262, -0.22719182), (0.9507454, -0.21315812), (0.88721544, -0.24793889), (0.8821747, -0.23430082), (0.8387972, -0.26157814), (0.8352049, -0.24702828), (0.80854523, -0.2677037), (0.8031104, -0.24936613), (0.9464395, -0.17790188), (0.94847625, -0.16621624), (0.9099073, -0.18154624), (0.9093268, -0.17165999), (0.88225377, -0.18736887), (0.87689096, -0.17483385), (0.832203, -0.19345395), (0.833115, -0.1724116), (0.8027774, -0.1822631), (0.94809246, -0.15720192), (0.9064673, -0.16022076), (0.8768193, -0.15798357), (0.8307597, -0.16074957), (0.80248725, -0.16378272), (0.9424972, -0.14825541), (0.90727943, -0.14605153), (0.8777071, -0.14366812), (0.83532274, -0.14317976), (0.8038862, -0.14999951), (0.9381103, -0.1278569), (0.9073323, -0.12716858), (0.88376004, -0.12401696), (0.8368911, -0.11878774), (0.81301826, -0.10640709), (0.95309824, -0.2242353), (0.80619055, -0.2295642), (0.82980347, -0.22895753), (0.9483124, -0.20023778), (0.8825525, -0.21562092), (0.9483462, -0.18908435), (0.8254216, -0.2095638), (0.7936311, -0.20679061), (0.88508606, -0.20411065), (0.91956115, -0.19632411), (0.916043, -0.2097072), (0.8426419, -0.10579879), (0.85812867, -0.12028749), (0.92621225, -0.31050184), (0.88678986, -0.34404275), (0.86815417, -0.32841954), (0.9430066, -0.29515165), (0.9148086, -0.29635954), (0.95341253, -0.24032842), (0.9135446, -0.26446217), (0.9627515, -0.25996095), (0.9624723, -0.2727629), (0.9330417, -0.28152677), (0.87014717, -0.27143845), (0.8783642, -0.28633848), (0.8404407, -0.30296996), (0.8558765, -0.2870025), (0.8930254, -0.27306622), (0.7478363, -0.27414897), (0.7747872, -0.27253643), (0.7453118, -0.25509462), (0.7728507, -0.2534727), (0.7354109, -0.23000795), (0.77838504, -0.23399572), (0.74032414, -0.20425855), (0.7732731, -0.2049306), (0.7384716, -0.17071742), (0.7754603, -0.17421144), (0.74336064, -0.15145598), (0.77103573, -0.1568509), (0.7488629, -0.13635063), (0.77202034, -0.13763945), (0.75652707, -0.10265847), (0.7273398, -0.27622262), (0.7189594, -0.26335257), (0.71017027, -0.2389367), (0.71003306, -0.20962058), (0.70902216, -0.17823768), (0.71571547, -0.15767582), (0.72056293, -0.1417518), (0.7265494, -0.10392618), (0.6958759, -0.28094932), (0.6826415, -0.21563572), (0.68805724, -0.17751358), (0.68691736, -0.24591331), (0.6933416, -0.2626051), (0.6921493, -0.14171632), (0.6913665, -0.16129117), (0.19952019, -0.6204414), (0.19115981, -0.56496346), (0.19813892, -0.56715447), (0.210491, -0.6138439), (0.22323506, -0.5622907), (0.22391997, -0.61100596), (0.25400546, -0.54941696), (0.25728685, -0.5937019), (0.27865857, -0.5404794), (0.27938437, -0.58927494), (0.30376375, -0.5324521), (0.30747685, -0.57784504), (0.35463297, -0.5192786), (0.34887928, -0.57231116), (0.406326, -0.50812495), (0.40017563, -0.5637266), (0.4759022, -0.5081288), (0.4572865, -0.5573001), (0.51740766, -0.509227), (0.49692035, -0.5622826), (0.5364047, -0.51539105), (0.50837266, -0.56508136), (0.5538626, -0.5194515), (0.522089, -0.5710024), (0.58327633, -0.53055483), (0.537172, -0.57690996), (0.59372914, -0.54481405), (0.553347, -0.5835696), (0.6169169, -0.5644517), (0.20807217, -0.6671729), (0.22412564, -0.6619446), (0.24476507, -0.7225203), (0.5216523, -0.6212316), (0.5479792, -0.6362567), (0.5269686, -0.6738104), (0.5116659, -0.61035025), (0.50378925, -0.6561834), (0.49592912, -0.6054655), (0.47698367, -0.6024485), (0.48725495, -0.64718354), (0.44620845, -0.6006608), (0.46467414, -0.6384053), (0.3936461, -0.59950894), (0.42840016, -0.63714063), (0.34719026, -0.60189444), (0.39234817, -0.6363159), (0.30859083, -0.61713254), (0.35366336, -0.6358889), (0.2860016, -0.62979645), (0.32933804, -0.65651244), (0.26278356, -0.6385792), (0.30645022, -0.67969733), (0.23706348, -0.65423185), (0.27413014, -0.7091455), (0.26006484, -0.7172858), (0.6497462, -0.5413842), (0.6307334, -0.51549786), (0.21347153, -0.49878094), (0.18293796, -0.5113605), (0.17112517, -0.43670171), (0.24660972, -0.488666), (0.20709938, -0.43063757), (0.2754593, -0.4831586), (0.240217, -0.42695293), (0.3067368, -0.47755414), (0.27563345, -0.43464637), (0.35911694, -0.46615857), (0.31468603, -0.4271323), (0.41641307, -0.4672682), (0.36538225, -0.42618862), (0.4867398, -0.46915597), (0.42223436, -0.43088168), (0.46653664, -0.43077248), (0.5031183, -0.43817636), (0.5268885, -0.4759848), (0.5550339, -0.4822373), (0.5354662, -0.43692657), (0.5862575, -0.4882036), (0.5754771, -0.445813), (0.6141168, -0.5041397), (0.57346797, -0.6031298), (0.4269453, -0.41126055), (0.47702157, -0.41724586), (0.50947034, -0.4173488), (0.5686622, -0.40257177), (0.53971124, -0.41296914), (0.31942886, -0.3957228), (0.36739454, -0.39356968), (0.36876595, -0.4004462), (0.6278613, -0.34021866), (0.6060449, -0.3457073), (0.5736332, -0.35564235), (0.60297483, -0.3754905), (0.5349294, -0.36145097), (0.57704884, -0.3866632), (0.50844103, -0.3688298), (0.5372852, -0.3886358), (0.46908563, -0.37338576), (0.50773346, -0.38953996), (0.41805682, -0.38677877), (0.4788249, -0.39507857), (0.4187412, -0.3978054), (0.36705923, -0.406879), (0.16426373, -0.3975896), (0.19497605, -0.39062816), (0.22889319, -0.38847893), (0.28823617, -0.38855928), (0.6587134, -0.30202317), (0.6810342, -0.2882857), (0.19893974, -0.37722936), (0.22057961, -0.37516084), (0.27097654, -0.37372023), (0.31377104, -0.37119636), (0.35387537, -0.3710004), (0.40718427, -0.3577961), (0.45214477, -0.34758654), (0.4983141, -0.33870038), (0.5420882, -0.32894364), (0.57453126, -0.31977272), (0.5978835, -0.315107), (0.6330928, -0.3085953), (0.6403985, -0.243394), (0.58862853, -0.26042035), (0.1529578, -0.3377818), (0.18200281, -0.33341515), (0.56137276, -0.2676345), (0.5400792, -0.2718942), (0.48509225, -0.2753303), (0.4410149, -0.2802258), (0.3889148, -0.2905603), (0.33554384, -0.3064443), (0.27031618, -0.312584), (0.22460122, -0.3228737), (0.1962055, -0.3281062), (0.1143061, -0.15732321), (0.09455113, -0.07484248), (0.12088018, -0.06690419), (0.16524555, -0.1458449), (0.14633705, -0.06329749), (0.2004806, -0.13453859), (0.17619699, -0.06501157), (0.26079905, -0.12349167), (0.22215854, -0.056412157), (0.31088957, -0.12624007), (0.25988647, -0.03623426), (0.3568947, -0.12475488), (0.3337105, -0.030055646), (0.42856395, -0.1087058), (0.41932416, -0.04543515), (0.46139497, -0.09867094), (0.45516968, -0.036359295), (0.48940268, -0.09564811), (0.48305565, -0.026040932), (0.51496774, -0.08883435), (0.5124682, -0.022843672), (0.55310786, -0.08357725), (0.5465428, -0.014846389), (0.59724265, -0.076817185), (0.5871497, -0.0035615219), (0.6180107, -0.068219535), (0.62596595, 0.010314527), (0.66576976, -0.054863524), (0.67762697, 0.021080272), (0.70274097, -0.04760208), (0.7178611, 0.033351857), (0.7323307, -0.03433828), (0.74892515, 0.038972743), (0.75559527, -0.026435418), (0.79389775, -0.011965764), (0.822681, -0.0024962043), (0.0756845, 0.0013324027), (0.06260108, 0.05344031), (0.091836326, 0.06213558), (0.1011011, 0.0057647894), (0.10747186, 0.06516468), (0.11972434, 0.017881816), (0.13218081, 0.08317151), (0.14212787, 0.020007169), (0.16723138, 0.087033845), (0.17361166, 0.01606769), (0.19617783, 0.10419945), (0.20934248, 0.02595235), (0.21474653, 0.1445235), (0.26639938, 0.07324789), (0.2764958, 0.16946065), (0.37873206, 0.053683218), (0.36594307, 0.15684515), (0.43252447, 0.048181105), (0.41026068, 0.15077339), (0.45847753, 0.053136326), (0.4615322, 0.14617538), (0.49378252, 0.05949839), (0.522452, 0.16154017), (0.5338738, 0.07576843), (0.5696822, 0.16990277), (0.5839583, 0.08820621), (0.61337507, 0.17876963), (0.6306204, 0.11143766), (0.65077347, 0.19462387), (0.667537, 0.12528503), (0.67442405, 0.2015414), (0.6941293, 0.13111408), (0.049362205, 0.105459146), (0.036094293, 0.15656969), (0.05482009, 0.1667008), (0.07224405, 0.11514625), (0.07644942, 0.17346737), (0.09174612, 0.13003473), (0.10896537, 0.19274935), (0.12787616, 0.14982617), (0.13835166, 0.2080271), (0.1631102, 0.16295573), (0.16526653, 0.22362843), (0.18264118, 0.17525311), (0.1910359, 0.25077814), (0.21615413, 0.20524448), (0.23378734, 0.25809938), (0.2575254, 0.20319986), (0.2753325, 0.25068477), (0.29237193, 0.20373118), (0.32427377, 0.25418884), (0.3568597, 0.2150166), (0.3662383, 0.27663627), (0.39795142, 0.21815476), (0.41445962, 0.29142052), (0.47300136, 0.2311115), (0.5156553, 0.29841194), (0.5457757, 0.2525886), (0.5560934, 0.30612624), (0.5880127, 0.26138005), (0.5884378, 0.3205145), (0.62310857, 0.26209092), (0.61924154, 0.33700043), (0.63721025, -0.182647), (0.66933167, -0.18023513), (0.14125645, -0.27929237), (0.17620823, -0.27226523), (0.18961333, -0.2721742), (0.21117032, -0.2680882), (0.24683483, -0.25828665), (0.28058922, -0.24914187), (0.3559185, -0.23328438), (0.3857147, -0.22589202), (0.44676787, -0.21499138), (0.4806748, -0.20875359), (0.5160827, -0.20258002), (0.55217826, -0.19626786), (0.59105927, -0.19209075), (0.7739695, -0.09244999), (0.7762756, -0.06561155), (0.8067739, -0.059482504), (0.8364899, -0.04869877), (0.9105824, -0.034414303), (0.9284918, -0.079134755), (0.74451417, -0.08110146), (0.68769115, -0.11752152), (0.6192475, -0.13518491), (0.6837797, -0.103262335), (0.7174788, -0.090422936), (0.89445865, 0.01746513), (0.65382475, 0.2657954), (0.028799227, 0.18444352), (0.048261575, 0.19106781), (0.067347065, 0.20042051), (0.10403835, 0.21349454), (0.12935194, 0.22831254), (0.16482514, 0.253348), (0.193541, 0.27767274), (0.23679556, 0.2883608), (0.2963125, 0.31544274), (0.32752496, 0.3224946), (0.35321772, 0.33170944), (0.39532974, 0.34007138), (0.4457575, 0.35527313), (0.48862198, 0.37646994), (0.5325589, 0.3821384), (0.5658919, 0.38681144), (0.015479382, 0.23703884), (0.03339404, 0.24204154), (0.051216647, 0.2509339), (0.07668467, 0.26191312), (0.1271277, 0.3021681), (0.17617027, 0.3215396), (0.217212, 0.32654592), (0.26455516, 0.34188977), (0.3037199, 0.35406533), (0.3256514, 0.35830697), (0.35823175, 0.35270682), (0.39200172, 0.35583857), (0.44006106, 0.37904713), (0.47938704, 0.40724716), (0.52338344, 0.42443177), (0.546698, 0.43048638), (0.55858815, 0.43152553), (0.58709913, 0.40067416), (0.6455938, 0.36158544), (0.6536919, 0.3464417), (0.67557436, 0.32069764), (0.000093823204, 0.29867786), (0.019596646, 0.30641252), (0.032729212, 0.31223992), (0.061647873, 0.3238697), (0.11859413, 0.33927876), (0.17510167, 0.35392335), (0.21860807, 0.37646627), (0.2630619, 0.3867641), (0.2980363, 0.38918173), (0.3270478, 0.38122025), (0.35812292, 0.37551314), (0.38892, 0.3836061), (0.4437951, 0.42161593), (0.49237916, 0.45507056), (0.5348457, 0.47311008), (0.5540921, 0.47845107), (0.5732514, 0.48319137), (-0.022933474, 0.39295706), (-0.014347819, 0.40200558), (0.0077779153, 0.4095363), (0.034540966, 0.41374657), (0.06760226, 0.41875008), (0.1157601, 0.42381045), (0.17525578, 0.42733586), (0.24516848, 0.42584604), (0.273004, 0.42761782), (0.28800142, 0.42935565), (0.32895133, 0.43302006), (0.36506662, 0.4365423), (0.39418712, 0.4425159), (0.44245008, 0.45404997), (0.50361246, 0.48749357), (0.5548806, 0.53630084), (-0.039738674, 0.4624967), (-0.030867945, 0.46634585), (-0.0022090385, 0.4745005), (0.020332282, 0.47500497), (0.051358715, 0.4805641), (0.090097256, 0.47744238), (0.12830365, 0.4725318), (0.18985114, 0.4681852), (0.24580728, 0.46665025), (0.2891356, 0.4744426), (0.3194083, 0.48298413), (0.35257795, 0.47602823), (0.4025644, 0.48534498), (0.4445788, 0.49493286), (0.50139683, 0.52129304), (0.54446805, 0.56079626), (-0.023476219, 0.56854194), (-0.0097206645, 0.5899362), (0.031870708, 0.5599474), (0.022461895, 0.52463925), (0.06654612, 0.55326456), (0.054775234, 0.52505445), (0.09348583, 0.55354625), (0.08390953, 0.51829517), (0.12316669, 0.5531357), (0.119838156, 0.51106244), (0.1532109, 0.5560839), (0.15614404, 0.5166176), (0.2091561, 0.557819), (0.21687074, 0.526379), (0.2715879, 0.56132925), (0.27266505, 0.5260488), (0.30572796, 0.5606312), (0.312015, 0.5242598), (0.33984512, 0.55560637), (0.34461018, 0.52163947), (0.39277568, 0.5635197), (0.40451375, 0.5298552), (0.43821126, 0.58288157), (0.4450635, 0.54437315), (0.48391956, 0.61253446), (0.4986971, 0.57635254), (0.51945424, 0.6380114), (0.5342525, 0.60503274), (0.53724444, 0.65570825), (0.015908038, 0.62209123), (0.04873315, 0.5935368), (0.074851505, 0.5860946), (0.095531195, 0.5871273), (0.12301955, 0.58957404), (0.15057446, 0.5960577), (0.19676836, 0.5994974), (0.2536044, 0.59449387), (0.29477963, 0.59294736), (0.33754724, 0.5984227), (0.38712245, 0.60508037), (0.42928004, 0.6106966), (0.47140738, 0.63455105), (0.497446, 0.65658695), (0.04260442, 0.6435567), (0.071903035, 0.6249069), (0.0878747, 0.62374705), (0.108047426, 0.6268141), (0.12908073, 0.62926376), (0.14652255, 0.63658375), (0.1847353, 0.6423452), (0.23809253, 0.6430593), (0.28003746, 0.6398601), (0.32573593, 0.63375306), (0.3598147, 0.6400395), (0.42352194, 0.64599866), (0.59109145, 0.5201639), (0.6206923, 0.552887), (0.1615319, -0.3817435), (0.67494786, 0.60003096), (0.7366001, 0.70199144), (0.71797764, 0.67955303), (0.75419384, 0.8134762), (0.72968435, 0.79202193), (0.72251666, 0.79936373), (0.77661407, 0.7759939), (0.74785435, 0.75857246), (0.74000615, 0.7714728), (0.7862374, 0.7608497), (0.75535715, 0.7462716), (0.749006, 0.83147705), (0.7456205, 0.82249063), (0.75378203, 0.8462411), (0.7644616, 0.83900553), (0.7656715, 0.853209), (0.8039813, 0.7853557), (0.8091218, 0.7680459), (0.7338731, 0.77860975), (0.75775117, 0.80558795), (0.732737, 0.8567784), (0.7575246, 0.87845004), (0.709466, 0.88564706), (0.7365915, 0.8743267), (0.7062226, 0.8470782), (0.7172736, 0.86047995), (0.7276281, 0.8382898), (0.7105162, 0.8108252), (0.69393337, 0.8142035), (0.7630752, 0.79138416), (0.7875583, 0.8021408), (0.7781403, 0.82043815), (0.7726435, 0.8304401), (0.8115356, 0.75445837), (0.78158987, 0.7442927), (0.69202757, 0.8553511), (0.67343384, 0.8557617), (0.68475366, 0.8839557), (0.787594, 0.73193777), (0.6775767, 0.82458663), (0.67248654, 0.8300888), (0.7615853, 0.7384107), (0.768716, 0.7199346), (0.45771202, 0.6534355), (0.35098103, 0.65015346), (0.1584042, 0.6586578), (0.17900169, 0.66649926), (0.22115472, 0.67184913), (0.27017698, 0.66757375), (0.3096623, 0.6593226), (-0.30728233, 0.59012824), (-0.3064422, 0.63578063), (-0.28679508, 0.6495593), (0.064226046, 0.6609612), (-0.26930806, 0.6498689), (-0.2504034, 0.6447062), (-0.24637097, 0.5931608), (-0.27246678, 0.5917802), (-0.09526773, 0.7680929), (-0.08700044, 0.77014375), (-0.06995701, 0.6923232), (-0.0791286, 0.69080937), (-0.05800656, 0.6213288), (-0.067666955, 0.6202471), (-0.050379943, 0.57190067), (-0.06086802, 0.5706086), (-0.04196908, 0.53189546), (-0.054881647, 0.52962035), (-0.03543887, 0.49711722), (-0.079185225, 0.7718916), (-0.061290484, 0.69335544), (-0.04885946, 0.62150234), (-0.040515903, 0.57238674), (-0.029746799, 0.53420395), (-0.02425569, 0.49853745), (-0.071871124, 0.773418), (-0.053188495, 0.69407654), (-0.04030273, 0.6210917), (-0.031351272, 0.5723625), (-0.017713252, 0.53704494), (-0.06456404, 0.7749838), (-0.04509667, 0.69485265), (-0.031653762, 0.62071586), (-0.022143153, 0.5726739), (-0.007992973, 0.5428025), (-0.056759592, 0.77683496), (-0.03646981, 0.6960634), (-0.022248436, 0.621097), (-0.012278983, 0.5742739), (0.0015701312, 0.5488321), (-0.048500367, 0.77905786), (-0.027357902, 0.6979), (-0.012417999, 0.62325835), (-0.012144616, 0.62175286), (-0.0018554548, 0.57629186), (-0.0028118698, 0.5786834), (0.011514983, 0.5549369), (-0.04742583, 0.49479112), (0.40704542, -1.0066808), (0.40294126, -1.0031295), (0.40031794, -0.9935993), (0.38151306, -0.99847376), (0.3772777, -0.995316), (0.39036915, -0.987885), (0.37692425, -1.0067879), (0.37902156, -1.021115), (0.3732879, -1.0065278), (0.39890072, -1.0181953), (0.39051548, -1.0254916), (0.38918334, -1.0206414), (0.4117969, -1.0103225), (0.40759546, -1.0190717), (0.40175173, -1.0276061), (0.39357126, -1.0307949), (0.3802523, -1.0278811), (0.36815864, -1.0000054), (0.37052208, -1.0145342), (0.37370658, -0.98525256), (0.3809855, -0.97879523), (0.393034, -0.9803009), (0.41326886, -0.9921086), (0.3807538, -0.9723763), (0.36824843, -0.97776747), (0.37143523, -0.9906806), (0.36285692, -0.98475444), (0.35860276, -0.9987923), (0.36304662, -1.0157678), (0.36997288, -1.029539), (0.3816819, -1.0362082), (0.39875188, -1.0358435), (0.40960854, -1.0296795), (0.4170587, -1.0209113), (0.41726682, -1.0081617), (0.3672749, -1.0343945), (0.35943666, -1.0258194), (0.38157773, -1.0441463), (0.39698395, -1.0420917), (0.41742343, -1.0348631), (0.42382747, -1.0273007), (0.4315605, -1.009536), (0.43242416, -0.9976395), (0.35726497, -1.0149444), (0.3539535, -1.0030037), (0.35739917, -0.9841822), (0.37594098, -0.97039807), (0.39751366, -0.9710277), (0.39527687, -0.9745815), (0.41475037, -0.9895305), (0.39939865, -0.96511024), (0.36310387, -0.97626024), (0.35609052, -0.96766543), (0.3468515, -0.9762301), (0.34008098, -0.9973403), (0.34070325, -1.0165465), (0.35058483, -1.0315309), (0.36195606, -1.0427828), (0.42132372, -0.9865122), (0.32650495, -0.96667266), (0.33957657, -0.9493708), (0.32294303, -0.9978702), (0.3275791, -1.0223823), (0.33519146, -1.0408764), (0.35609275, -1.0537758), (0.3763101, -1.0631806), (0.3998693, -1.0652231), (0.43035883, -1.0625697), (0.43861786, -1.0575702), (0.45443952, -1.043023), (0.45992807, -1.030142), (0.4548967, -1.0028759), (0.443558, -0.979186), (0.43726873, -0.9716121), (0.419793, -0.95291835), (0.39552003, -0.9408544), (0.37480173, -0.95921993), (0.29702014, -1.0273402), (0.32195204, -1.0473632), (0.34550193, -1.0674236), (0.3750789, -1.0825523), (0.4070699, -1.1020713), (0.47162446, -1.0152392), (0.4714729, -1.0329206), (0.4647599, -1.0006897), (0.46354523, -0.9815222), (0.45420533, -0.96787244), (0.44430283, -0.95214593), (0.27917957, -0.9567886), (0.3619931, -0.936585), (0.29779354, -0.9304297), (0.31654674, -0.9180029), (0.3610469, -0.91003937), (0.39793816, -0.9143422), (0.42437094, -0.9358773), (0.41903868, -1.107762), (0.44395366, -1.1144322), (0.46589804, -1.0882933), (0.47168937, -1.050826), (0.3324268, -1.0828027), (0.31538853, -1.0961626), (0.3041977, -1.054906), (0.34025624, -1.1057155), (0.3179902, -1.1062611), (0.35924146, -1.105637), (0.3743948, -1.1111666), (0.40272143, -1.1190027), (0.41798076, -1.122586), (0.43907875, -1.1341473), (0.44957164, -1.139005), (0.47185862, -1.1002518), (0.49125746, -1.0617524), (0.49448717, -1.0447905), (0.49423268, -1.0193374), (0.487536, -0.9942385), (0.4744176, -0.9770086), (0.46268833, -0.9615455), (0.34632334, -1.1407951), (0.32622764, -1.1390607), (0.36283502, -1.1392431), (0.378207, -1.1398453), (0.39927095, -1.1420804), (0.41451642, -1.1450694), (0.42933595, -1.1521069), (0.43741578, -1.1571518), (0.36231282, -1.1580864), (0.3644217, -1.1657976), (0.35108083, -1.1640519), (0.3774085, -1.1589248), (0.39356256, -1.1619635), (0.38108099, -1.1709117), (0.4073705, -1.1648731), (0.39428094, -1.1765071), (0.41427782, -1.1745402), (0.4082577, -1.1875235), (0.3478731, -1.154571), (0.4306856, -1.1695793), (0.36152902, -1.177288), (0.357884, -1.1879333), (0.3533765, -1.1918123), (0.35358867, -1.2049007), (0.33965147, -1.2099044), (0.35936114, -1.1987056), (0.35230258, -1.1795212), (0.33529654, -1.1799322), (0.3784557, -1.1817678), (0.37252268, -1.1908147), (0.36836317, -1.2064353), (0.35686618, -1.2195767), (0.3414036, -1.2231878), (0.35933027, -1.2389671), (0.34280378, -1.241041), (0.36035386, -1.2485467), (0.34348, -1.2520524), (0.37520885, -1.2373399), (0.37717855, -1.246652), (0.40958747, -1.2110316), (0.4151946, -1.2183923), (0.4023531, -1.2390859), (0.3935154, -1.231376), (0.37194246, -1.2271452), (0.3865417, -1.2249364), (0.39495727, -1.212697), (0.4039412, -1.2145908), (0.39376652, -1.1940589), (0.38850775, -1.1870751), (0.41835853, -1.2010412), (0.41404387, -1.1974037), (0.4220021, -1.1858802), (0.44287553, -1.1803509), (0.42845336, -1.1890987), (0.433385, -1.1950771), (0.42333412, -1.2054427), (0.43991432, -1.1918762), (0.4447864, -1.1717451), (0.45141506, -1.1813601), (0.44993126, -1.1909345), (0.44766048, -1.1648109), (0.4565893, -1.1721544), (0.4731728, -1.1938074), (0.46176094, -1.214149), (0.44974142, -1.2077804), (0.45291016, -1.2261406), (0.44148877, -1.2211261), (0.4436245, -1.2398814), (0.42750373, -1.2338017), (0.46101636, -1.1473061), (0.47114182, -1.1538377), (0.47554663, -1.1780902), (0.48245153, -1.1614635), (0.42263427, -1.2553893), (0.43514085, -1.2546381), (0.44212395, -1.2640625), (0.4576966, -1.2536092), (0.4653233, -1.2339568), (0.47080246, -1.2441343), (0.47585234, -1.2167838), (0.5087271, -1.1807314), (0.5234152, -1.1987772), (0.51154083, -1.2066032), (0.48270094, -1.2024204), (0.48911357, -1.1868756), (0.4977168, -1.1951656), (0.50028634, -1.2168964), (0.48371783, -1.2321918), (0.5004143, -1.1721572), (0.53176135, -1.167705), (0.5477454, -1.1849812), (0.51650435, -1.151625), (0.56837916, -1.1394387), (0.5838489, -1.1652169), (0.55071837, -1.1230127), (0.50330675, -1.1387025), (0.49417463, -1.1309537), (0.51001203, -1.0814323), (0.48140842, -1.1149821), (0.52316886, -1.0969682), (0.5359269, -1.1090559), (0.5183901, -1.0509346), (0.5420779, -1.0596445), (0.5689703, -1.0705427), (0.5855966, -1.0611742), (0.5807338, -1.0819838), (0.49233675, -0.6955469), (0.5132322, -0.709991), (0.4970959, -0.75152427), (0.6058917, -1.0964065), (0.6115794, -1.1177828), (0.45105964, -0.67423075), (0.45883885, -0.66151965), (0.4783444, -0.68095297), (0.54282844, -1.0326487), (0.43428516, -0.65180373), (0.44661444, -0.6811476), (0.4281745, -0.67619073), (0.39563176, -0.6680913), (0.5751606, -1.0566349), (0.5635777, -1.0305302), (0.5262012, -0.991534), (0.51833, -1.0265179), (0.5072008, -0.99119407), (0.4823845, -0.9651983), (0.4684138, -0.95017076), (0.45179504, -0.94707614), (0.49558616, -0.9567463), (0.538627, -0.9862395), (0.39832154, -0.6492739), (0.3697629, -0.66773933), (0.51271266, -0.9514763), (0.4791486, -0.94655246), (0.3654778, -0.6575523), (0.36291653, -0.6781526), (0.28882474, -0.99413294), (0.3322758, -1.1650774), (0.33755264, -1.1932673), (0.28385586, -0.8899601), (0.26236427, -0.89474326), (0.2554541, -0.8670131), (0.30722857, -0.88573575), (0.27861243, -0.86706614), (0.31438783, -0.88474745), (0.28655255, -0.8634529), (0.24963312, -0.8422684), (0.26948285, -0.83710134), (0.29680192, -0.86217505), (0.28274292, -0.83770186), (0.31075943, -0.8600094), (0.29034343, -0.83845484), (0.32031745, -0.8798775), (0.2669261, -0.9106172), (0.33237278, -0.89946884), (0.29738268, -0.77597225), (0.30883718, -0.7853107), (0.30830514, -0.80359554), (0.28967535, -0.7776792), (0.2915159, -0.8006132), (0.24388674, -0.8189957), (0.27540952, -0.81377286), (0.28334063, -0.81455255), (0.28870612, -0.8140715), (0.30154613, -0.81637865), (0.28445178, -0.79871106), (0.27607515, -0.79790246), (0.2821559, -0.7765582), (0.23776513, -0.7931497), (0.2618986, -0.7416182), (0.28511328, -0.7369041), (0.28958443, -0.7580496), (0.2968397, -0.76849276), (0.31434953, -0.74424595), (0.31497017, -0.76545745), (0.30888906, -0.7332682), (0.29685584, -0.7079578), (0.3128651, -0.7163398), (0.31706586, -0.7749987), (0.33078334, -0.7448584), (0.32802248, -0.7570258), (0.32784504, -0.7331628), (0.32781443, -0.7223902), (0.3549782, -0.74804634), (0.35092875, -0.7605674), (0.34910434, -0.7371723), (0.3465688, -0.725051), (0.3318305, -0.7658922), (0.33607304, -0.7718269), (0.34078574, -0.766319), (0.3631432, -0.77003896), (0.34858826, -0.77301085), (0.37274426, -0.75681067), (0.36840716, -0.74181664), (0.37847948, -0.78364724), (0.35984161, -0.78712535), (0.38378438, -0.76652), (0.38092333, -0.7485004), (0.4320653, -0.788291), (0.40973827, -0.7905449), (0.40051144, -0.77209604), (0.39727762, -0.79192895), (0.37559822, -0.7970072), (0.40061986, -0.8049221), (0.40861875, -0.8043342), (0.43035305, -0.80464697), (0.4484897, -0.780135), (0.45244372, -0.8000372), (0.46748614, -0.7909741), (0.40045094, -0.75616974), (0.42445365, -0.76713806), (0.36257622, -0.72864825), (0.3856109, -0.73738176), (0.39991307, -0.74573374), (0.43104172, -0.7508607), (0.46667644, -0.7662661), (0.41592398, -0.7299871), (0.44459137, -0.72094995), (0.45720002, -0.7462035), (0.4338172, -0.7081837), (0.33563375, -0.6973332), (0.34986323, -0.70526284), (0.3421166, -0.6805865), (0.35569623, -0.68685365), (0.3670465, -0.7107985), (0.3978704, -0.71678436), (0.41934246, -0.69141614), (0.40026224, -0.89879423), (0.4187883, -0.915016), (0.41961983, -0.9074496), (0.4334634, -0.91431177), (0.46959475, -0.80554074), (0.45248547, -0.80942345), (0.46441746, -0.81516767), (0.4587058, -0.8200167), (0.44198748, -0.82588285), (0.48922014, -0.76727045), (0.4934758, -0.7523654), (0.4997882, -0.7517019), (0.43084788, -0.8145767), (0.45245585, -0.8166377), (0.4330228, -0.82065433), (0.42223224, -0.8311516), (0.4348502, -0.89622235), (0.34333283, -0.8229613), (0.32742536, -0.7941355), (0.34489465, -0.7884913), (0.3741306, -0.8130263), (0.3582086, -0.8160523), (0.39499882, -0.81498563), (0.41513082, -0.8217064), (0.41292518, -0.81626266), (0.3960944, -0.8209755), (0.37481943, -0.8262741), (0.3611065, -0.8317064), (0.39760768, -0.83236706), (0.44856715, -0.9193618), (0.3485025, -0.83582973), (0.3820918, -0.8364916), (0.36661467, -0.84494275), (0.35615018, -0.85807276), (0.45967555, -0.65924686), (0.48193857, -0.66888165), (0.46894065, -0.6742244), (0.4981991, -0.6859993), (0.48105595, -0.6912147), (0.5062693, -0.7042767), (0.48927233, -0.7172835), (0.50651294, -0.7308584), (0.49268463, -0.73544246), (0.4601431, -0.67956144), (0.46814862, -0.6996252), (0.47801927, -0.7215211), (0.48187703, -0.7391323), (0.44015825, -0.6802145), (0.44995293, -0.7002763), (0.46280766, -0.72283924), (0.4680285, -0.7397038), (0.47646672, -0.7578586), (0.4847711, -0.7756755), (0.4778259, -0.7669056), (0.4639044, -0.92628527), (0.45507932, -0.9340922), (0.48752928, -0.9241161), (0.47338918, -0.8831102), (0.46188235, -0.8705443), (0.4775708, -0.87556875), (0.4633309, -0.8782931), (0.4751574, -0.8915916), (0.4906292, -0.8942148), (0.4316467, -0.6487412), (0.4205964, -0.6551095), (0.39078403, -0.9920565), (0.47670624, -0.782451), (0.35311356, -0.6716512), (0.22617137, -0.74756354), (0.2218057, -0.72996783), (0.32214004, -0.6902801), (-0.025933554, 0.5456338), (0.7001693, 0.64094067), (0.7035082, 0.61789626), (0.8989564, -0.600877), (0.88187265, -0.61723167), (0.8554611, -0.62353396), (0.8692962, -0.5940024), (0.8277872, -0.61852807), (0.8485988, -0.58833677), (0.8102231, -0.6002786), (0.81417334, -0.5722468), (0.856871, -0.57033795), (0.8800389, -0.5717825), (0.913835, -0.5788324), (0.8885034, -0.5595243), (0.9203609, -0.56364506), (0.8968383, -0.54020053), (0.9288789, -0.5388607), (0.90482515, -0.5095606), (0.8697236, -0.5391391), (0.87592334, -0.5147281), (0.85978985, -0.523747), (0.8433714, -0.5346118), (0.86162186, -0.55805737), (0.79907894, -0.57998854), (0.82813805, -0.54978865), (0.77942127, -0.5488338), (0.8119328, -0.5412491), (0.7966183, -0.5311036), (0.816777, -0.5194774), (0.8312661, -0.5137377), (0.84726024, -0.50493556), (0.86904883, -0.49698362), (0.88218576, -0.49518138), (0.9083616, -0.4967987), (0.93858194, -0.50869244), (0.7604049, -0.530854), (0.78144765, -0.5188181), (0.80423397, -0.5034037), (0.8199417, -0.4963886), (0.83800894, -0.48654935), (0.8627181, -0.47915104), (0.8821828, -0.47346243), (0.9050856, -0.47251767), (0.93976164, -0.4782438), (-0.2489736, -0.60214835), (-0.23264216, -0.5684255), (-0.21172182, -0.5811349), (-0.23254728, -0.61867106), (0.748883, -0.6091788), (0.72550476, -0.6025914), (0.7522607, -0.5821649), (0.7643338, -0.6063299), (0.78431976, -0.6309851), (0.797532, -0.62138253), (0.8064573, -0.6439823), (0.74245954, -0.5605624), (0.73490965, -0.54247534), (0.72235376, -0.54885954), (0.72678673, -0.56682706), (-0.6152103, -0.03321068), (-0.65570384, -0.019712035), (-0.6600292, 0.0047826744), (-0.6381679, 0.005363253), (-0.66040415, 0.029295238), (-0.66525453, -0.023250591), (-0.65358776, -0.042006265), (-0.6494975, -0.06722567), (-0.60304755, -0.10681263), (0.9746451, 0.2960004), (1.0082179, 0.27582914), (0.9747411, 0.27722064), (0.98293835, 0.25604707), (1.0090493, 0.1987374), (0.98994505, 0.2018958), (0.95044273, 0.19782788), (0.939338, 0.26626307), (0.91640687, 0.32950413), (-0.6822069, 0.007589265), (-0.695511, -0.042367272), (-0.69844097, -0.020281611), (-0.6944866, 0.012260905), (-0.682589, 0.028676571), (0.8822905, 0.38495085), (0.89742815, 0.39145997), (0.90533483, 0.378202), (0.8970293, 0.32390362), (0.9126675, 0.25738588), (0.9232098, 0.19476815), (0.9876001, 0.109811574), (0.942725, 0.10238129), (-0.69139236, -0.46885476), (-0.6597875, -0.47524545), (-0.6609443, -0.48477486), (-0.6877373, -0.5013654), (-0.6571968, -0.5059079), (-0.6556965, -0.5200852), (-0.68993276, -0.5191803), (-0.65464723, -0.5346047), (-0.6930093, -0.47987515), (-0.6992852, -0.4632011), (-0.7157368, -0.4651031), (-0.71025413, -0.45327106), (-0.72427285, -0.45805383), (-0.68855774, -0.5373765), (-0.7116263, -0.5408281), (-0.69232714, -0.48773012), (-0.6567326, -0.4973169), (-0.6856163, -0.4455324), (-0.69046915, -0.6254764), (-0.6942269, -0.6514875), (-0.7085039, -0.64082754), (-0.6895749, -0.61072475), (-0.70554924, -0.6238668), (-0.67056584, -0.6263461), (-0.6754184, -0.60019124), (-0.64422923, -0.5904718), (-0.6456986, -0.6075692), (-0.71775734, -0.5223202), (-0.71560043, -0.50155234), (-0.7181262, -0.4839526), (-0.71871024, -0.47479346), (-0.6760024, -0.5505227), (-0.7076545, -0.59701025), (-0.6782102, -0.5849134), (-0.70250994, -0.5725755), (-0.6754739, -0.56523937), (-0.70719075, -0.5549579), (-0.64913833, -0.56384295), (-0.6455901, -0.5706956), (-0.67204016, 0.24057229), (-0.71650827, 0.2477363), (-0.7177014, 0.28067726), (-0.67155963, 0.2653728), (-0.7314543, 0.30321932), (-0.6703239, 0.28687882), (-0.7271124, 0.3215932), (-0.6686569, 0.3047524), (-0.72532505, 0.3383903), (-0.662015, 0.32198825), (-0.7220162, 0.35674447), (-0.6724013, 0.40869826), (-0.7181728, 0.40687266), (-0.72013956, 0.42818627), (-0.67940223, 0.45642123), (-0.6549699, 0.4385913), (-0.65181744, 0.4060723), (-0.84725267, 0.3259803), (-0.8464369, 0.33961022), (-0.79682714, 0.34309924), (-0.79367995, 0.32591686), (-0.7667361, 0.342821), (-0.766252, 0.32470968), (-0.76578945, 0.34863085), (-0.8464382, 0.35547936), (-0.8011879, 0.36077896), (-0.76279277, 0.3696189), (-0.7214893, 0.3830331), (-0.84529597, 0.3753076), (-0.8006143, 0.37947848), (-0.764328, 0.39113912), (-0.84172916, 0.3125679), (-0.7957857, 0.3135544), (-0.76556873, 0.30790767), (-0.74411976, 0.28571355), (-0.77777356, 0.29099494), (-0.8046466, 0.29857582), (-0.8396901, 0.29994258), (-0.75951004, 0.27141374), (-0.7860458, 0.28180364), (-0.827281, 0.45120782), (-0.80782276, 0.4573534), (-0.7991609, 0.44636646), (-0.79559684, 0.47452056), (-0.7780882, 0.46948177), (-0.7528117, 0.46272942), (-0.7872246, 0.43196946), (-0.8156219, 0.419883), (-0.82103443, 0.43303895), (-0.84529054, 0.40815175), (-0.7036166, 0.4714033), (-0.7361501, 0.44307086), (-0.73803735, 0.48841864), (-0.76747644, 0.41603842), (-0.80875534, 0.40568337), (-0.8425131, 0.3990053), (-0.76604384, 0.40400574), (-0.8088992, 0.3923704), (-0.843303, 0.3845336), (-0.6078883, -0.52862173), (-0.6086949, -0.51733774), (-0.5643696, -0.52033937), (-0.55881315, -0.53331417), (-0.5352053, -0.52009755), (-0.5341138, -0.5346669), (-0.48580852, -0.5202357), (-0.48315606, -0.53598607), (-0.4558452, -0.5143601), (-0.61793196, -0.4726348), (-0.6134487, -0.4830863), (-0.581239, -0.46636498), (-0.5783724, -0.47596923), (-0.5510223, -0.45871612), (-0.5510025, -0.4730229), (-0.5127714, -0.44348782), (-0.5041785, -0.46565697), (-0.4858108, -0.4322013), (-0.48019707, -0.44964665), (-0.5827874, -0.45440507), (-0.55712235, -0.4415861), (-0.5147158, -0.4301566), (-0.49087322, -0.41954607), (-0.588672, -0.4411368), (-0.61982954, -0.4643184), (-0.5636779, -0.4275047), (-0.5269612, -0.41109613), (-0.503358, -0.38059664), (-0.57541364, -0.5927904), (-0.58262855, -0.610126), (-0.60988224, -0.5971322), (-0.57739186, -0.4106383), (-0.5336341, -0.38152185), (-0.5229841, -0.36317965), (-0.6100673, -0.50428534), (-0.48847124, -0.500921), (-0.46632415, -0.4958413), (-0.5420623, -0.50161976), (-0.5760925, -0.50536406), (-0.613245, -0.49403608), (-0.46327755, -0.4712792), (-0.49175057, -0.4804454), (-0.54811895, -0.4907139), (-0.5831558, -0.49302903), (-0.6044996, -0.5783654), (-0.49426, -0.60942876), (-0.47952724, -0.6287914), (-0.49815682, -0.63039315), (-0.5484306, -0.5856166), (-0.51305336, -0.62408334), (-0.5712764, -0.57705694), (-0.5552526, -0.6019053), (-0.6174855, -0.45453098), (-0.6579389, -0.45915073), (-0.6549116, -0.54473484), (-0.6086189, -0.5657726), (-0.6043108, -0.54451764), (-0.48776826, -0.5661993), (-0.46473733, -0.57928693), (-0.5314306, -0.56062144), (-0.45346522, -0.533718), (-0.5559685, -0.5566121), (-0.4205837, -0.52722025), (-0.39627853, -0.52034587), (-0.39194098, -0.5449294), (-0.4268031, -0.5091091), (-0.4016087, -0.50175893), (-0.43928003, -0.4930097), (-0.40144, -0.47546664), (-0.44458228, -0.46482953), (-0.4143474, -0.45412868), (-0.45615715, -0.43803775), (-0.4227178, -0.42425874), (-0.45642287, -0.42196077), (-0.43205985, -0.40927288), (-0.46110114, -0.40598485), (-0.44023305, -0.39816907), (-0.46973523, -0.37007007), (-0.45325628, -0.3726156), (-0.37761945, -0.51511085), (-0.37810004, -0.538955), (-0.37604433, -0.499823), (-0.37583014, -0.47437832), (-0.38538837, -0.4480398), (-0.39432195, -0.42020473), (-0.40607584, -0.40461507), (-0.41459602, -0.39255035), (-0.42967892, -0.36306235), (-0.43534827, -0.5661758), (-0.45043713, -0.58562505), (-0.41227445, -0.5546183), (-0.34830445, -0.5067701), (-0.376252, -0.41167083), (-0.3592673, -0.44298947), (-0.35261098, -0.47204813), (-0.35460076, -0.49026328), (-0.39504352, -0.35911173), (-0.39106828, -0.3821795), (-0.383931, -0.39867604), (0.18732068, -0.61987114), (0.18529132, -0.5701674), (0.1739406, -0.6240831), (0.1607262, -0.577309), (0.13781483, -0.6238756), (0.12841477, -0.5796846), (0.11594375, -0.6302981), (0.10328869, -0.5816743), (0.08690632, -0.63122106), (0.078121714, -0.5841399), (0.04736063, -0.6405563), (0.027981246, -0.5895633), (-0.0033208046, -0.6467949), (-0.022429574, -0.59471977), (-0.058346678, -0.653579), (-0.0857058, -0.6130091), (-0.09488586, -0.66515034), (-0.12298298, -0.62463), (-0.10542189, -0.6695022), (-0.13856219, -0.63504106), (-0.11805279, -0.6769515), (-0.15272981, -0.64454514), (0.6009698, -0.6381573), (0.6437368, -0.60343146), (0.64864445, -0.6333078), (0.5934072, -0.6226131), (0.6321859, -0.59036857), (0.19752699, -0.7336436), (0.1914443, -0.6701801), (0.5519196, -0.6867133), (0.56937784, -0.6585145), (0.5810748, -0.6661656), (-0.085133314, -0.739511), (-0.104373306, -0.74313116), (-0.10814519, -0.70779383), (-0.06013876, -0.7336124), (-0.091918334, -0.7026718), (-0.022404378, -0.72804374), (-0.07304593, -0.69928205), (0.015098109, -0.71796924), (-0.043100942, -0.6938368), (0.05553158, -0.7066134), (0.008588642, -0.6810306), (0.08595198, -0.7193545), (0.05554212, -0.6702923), (0.11842486, -0.72837573), (0.095962495, -0.6711253), (0.16372582, -0.7358471), (0.120979786, -0.67224365), (0.18094149, -0.73608947), (0.14616248, -0.66876745), (0.17653318, -0.6695764), (0.66930926, -0.5671217), (0.13595259, -0.44638568), (0.10455561, -0.45679137), (0.15089387, -0.513323), (0.07484677, -0.47853243), (0.11762194, -0.5180841), (0.037313744, -0.48631224), (0.089692645, -0.52470785), (-0.008602955, -0.5032843), (0.059777968, -0.5317519), (-0.058218148, -0.52675456), (0.00935073, -0.53927493), (-0.09821443, -0.5414084), (-0.042007532, -0.5586571), (-0.12925711, -0.56024045), (-0.10512866, -0.58121103), (-0.1590163, -0.5703549), (-0.19192268, -0.59340936), (-0.13964745, -0.59955853), (-0.16289906, -0.6151223), (0.681937, -0.61608374), (0.67516726, -0.58579826), (-0.18726303, -0.6332992), (-0.13243487, -0.6839833), (-0.11191518, -0.5331134), (-0.068436995, -0.5102488), (-0.14134517, -0.54465544), (-0.17009012, -0.55184144), (-0.19917162, -0.554481), (-0.019748067, -0.4802438), (-0.020860175, -0.47332597), (0.022967305, -0.45825845), (-0.23815066, -0.54592615), (-0.26759997, -0.5493586), (-0.27120093, -0.5272489), (-0.2115526, -0.5443944), (-0.2505374, -0.5218012), (-0.1753066, -0.5304607), (-0.2183943, -0.5166102), (-0.14853473, -0.5200031), (-0.18217555, -0.506401), (-0.12028612, -0.5141822), (-0.15594141, -0.50224423), (-0.065281644, -0.4952302), (-0.11881585, -0.49157855), (-0.06847215, -0.48496035), (-0.016025422, -0.485672), (0.13369168, -0.40382043), (0.10238673, -0.4160772), (0.04879059, -0.43974584), (-0.33255562, -0.52667457), (-0.33321008, -0.5065677), (-0.30969086, -0.50921696), (0.105298035, -0.4000531), (0.1255083, -0.39282), (0.059569415, -0.41928133), (0.020148916, -0.43328387), (-0.016408812, -0.44745922), (-0.06862362, -0.4547809), (-0.11243192, -0.4625291), (-0.15697199, -0.47227103), (-0.19933954, -0.48096266), (-0.23123617, -0.48647693), (-0.2533779, -0.4916869), (-0.28597084, -0.5024738), (-0.3537608, -0.53111404), (-0.3140642, -0.44904774), (0.12476374, -0.3451876), (-0.26346114, -0.44118327), (-0.23703109, -0.4359585), (-0.21693683, -0.43056694), (-0.16725966, -0.4118044), (-0.12648651, -0.39868322), (-0.07627212, -0.38725486), (-0.02249549, -0.38208333), (0.038080037, -0.36263987), (0.082797624, -0.3532085), (0.10985713, -0.3458491), (0.06326818, -0.16743541), (0.067177854, -0.0786794), (0.02684457, -0.17168945), (0.042605646, -0.08608701), (-0.031619985, -0.18636733), (0.016228877, -0.09922965), (-0.07440863, -0.20917213), (-0.02885713, -0.110352635), (-0.115474954, -0.22606625), (-0.07189533, -0.10756571), (-0.18369165, -0.24142194), (-0.14041148, -0.13159902), (-0.21553104, -0.24624707), (-0.20600884, -0.18114994), (-0.24076366, -0.2552054), (-0.24065997, -0.18886465), (-0.26551455, -0.25989994), (-0.26944038, -0.19193175), (-0.29973227, -0.2715382), (-0.29582036, -0.20178775), (-0.33816817, -0.2847141), (-0.32868227, -0.20924602), (-0.35874537, -0.286427), (-0.3677269, -0.21840358), (-0.4024411, -0.29651824), (-0.40676594, -0.22576894), (-0.43284172, -0.30757725), (-0.45348877, -0.24321544), (-0.46004573, -0.31136134), (-0.490739, -0.25648364), (-0.4790606, -0.31735003), (-0.5155372, -0.27319127), (0.98789626, 0.04407291), (1.0102569, 0.103468806), (0.962417, 0.03692377), (0.050853692, -0.00550014), (0.032400727, 0.048716415), (0.028492931, -0.002544792), (0.017003927, 0.044856004), (0.00728882, -0.010020057), (-0.013646655, 0.050356064), (-0.019452138, -0.026271436), (-0.046843573, 0.039136544), (-0.05605672, -0.03238376), (-0.08064998, 0.042612374), (-0.12911795, -0.012699644), (-0.115184404, 0.071285054), (-0.22116499, -0.07742073), (-0.18430619, 0.067345865), (-0.2649361, -0.106126115), (-0.2594451, 0.017290141), (-0.28981552, -0.11349837), (-0.29619527, -0.0082886135), (-0.3234549, -0.12411325), (-0.33998713, -0.036027163), (-0.36699903, -0.12904857), (-0.40212494, -0.052016888), (-0.4172081, -0.14294697), (-0.44893467, -0.06825454), (-0.47049555, -0.14783457), (-0.49306005, -0.083080694), (-0.5104239, -0.15671672), (-0.5356058, -0.089359015), (-0.5364185, -0.16806902), (-0.5614618, -0.09633399), (-0.57216775, -0.18762103), (0.024275376, 0.10421462), (0.014527295, 0.15745454), (-0.00021680913, 0.10915343), (-0.007919633, 0.15406688), (-0.041633654, 0.11115964), (-0.04618691, 0.15672651), (-0.078936964, 0.10813186), (-0.07984333, 0.15797485), (-0.10187701, 0.11214562), (-0.110860564, 0.16289438), (-0.14635688, 0.12365545), (-0.14739011, 0.17661431), (-0.18301123, 0.10504218), (-0.18880242, 0.16409372), (-0.21560754, 0.09077675), (-0.22336432, 0.139379), (-0.27914342, 0.07147743), (-0.26939836, 0.12054039), (-0.3173598, 0.05498384), (-0.3179377, 0.12095405), (-0.39124352, 0.030876424), (-0.3674713, 0.110781185), (-0.46788248, 0.013967788), (-0.46135992, 0.06774009), (-0.5104879, 0.0007065599), (-0.50163037, 0.055718876), (-0.5429779, -0.016123207), (-0.53706795, 0.052867383), (-0.5732442, -0.027603293), (-0.571317, 0.053129863), (-0.35939837, -0.40636066), (-0.3315337, -0.39448303), (0.106558636, -0.28682914), (0.094362445, -0.29211026), (0.07334659, -0.2972747), (0.037658628, -0.30275005), (0.004082876, -0.30823964), (-0.06883637, -0.32346103), (-0.09824756, -0.32838774), (-0.15588383, -0.34317732), (-0.18763626, -0.35120323), (-0.22084694, -0.3598655), (-0.25429252, -0.3693551), (-0.28856954, -0.38254297), (0.95853233, -0.36023718), (0.98784006, -0.46016788), (0.9553412, -0.4796517), (1.0015101, 0.0012408306), (1.023817, 0.014733567), (1.0407226, -0.00012970429), (0.97744554, -0.008639812), (1.0282116, -0.035399716), (-0.49026918, -0.7248948), (-0.47897938, -0.35184646), (-0.4502034, -0.35178587), (-0.39674148, -0.34518006), (-0.33440304, -0.34578058), (-0.4267925, -0.3483671), (-0.26017305, -0.5690013), (0.008299881, 0.18185501), (-0.0132475495, 0.1817614), (-0.052291732, 0.17680106), (-0.081588104, 0.179349), (-0.12454731, 0.18932757), (-0.16079418, 0.2006973), (-0.20572089, 0.18922949), (-0.2735237, 0.18585995), (-0.30550608, 0.17826241), (-0.33358678, 0.17491238), (-0.3756462, 0.16344213), (-0.42604014, 0.15151206), (-0.47392508, 0.14897741), (-0.51522, 0.13353337), (-0.5467559, 0.12230409), (-0.002830562, 0.23372695), (-0.022903312, 0.23387557), (-0.050784938, 0.23277594), (-0.1148174, 0.24706145), (-0.16865136, 0.24189883), (-0.20816551, 0.22863066), (-0.25834748, 0.22186415), (-0.29948872, 0.2156048), (-0.3212392, 0.20989323), (-0.34791628, 0.19098134), (-0.37938637, 0.17870267), (-0.43249345, 0.17500202), (-0.48090658, 0.18008734), (-0.52732235, 0.17557627), (-0.55049515, 0.17021856), (-0.57156795, 0.12495716), (-0.56179535, 0.16651762), (-0.615862, 0.011996799), (-0.6051768, 0.06324563), (-0.60617334, 0.045868095), (-0.020960437, 0.2972236), (-0.035435718, 0.29677898), (-0.06678831, 0.29470867), (-0.12519614, 0.28325805), (-0.18275581, 0.27075303), (-0.23215376, 0.27215645), (-0.27725467, 0.2619925), (-0.31040928, 0.24891545), (-0.33305404, 0.2292632), (-0.3587503, 0.21062818), (-0.39044487, 0.20329323), (-0.45635003, 0.20986123), (-0.51381737, 0.21801752), (-0.55950224, 0.21393645), (-0.5793552, 0.2100648), (-0.59880036, 0.20489377), (-0.034751553, 0.3971812), (-0.058102034, 0.39424986), (-0.0841347, 0.38589668), (-0.11657371, 0.3756459), (-0.16286436, 0.3592468), (-0.21857487, 0.33680758), (-0.28059503, 0.30460474), (-0.30642405, 0.29404038), (-0.32090035, 0.2889053), (-0.35976708, 0.2741134), (-0.3940592, 0.26106536), (-0.42296448, 0.25264007), (-0.47207144, 0.2437395), (-0.54075474, 0.24316123), (-0.6083034, 0.260591), (-0.049383353, 0.4620057), (-0.078484856, 0.45690995), (-0.09893683, 0.44704804), (-0.1298505, 0.43670332), (-0.16396447, 0.41738993), (-0.19695303, 0.3970766), (-0.25136083, 0.3670188), (-0.30052477, 0.3404421), (-0.3430205, 0.32828876), (-0.37443313, 0.32276487), (-0.40127516, 0.30179977), (-0.4505391, 0.2879418), (-0.49298507, 0.27800483), (-0.5549581, 0.27440655), (-0.6109069, 0.28780383), (-0.12272688, 0.4892663), (-0.14912948, 0.5163259), (-0.12759896, 0.5600535), (-0.15212788, 0.47644117), (-0.17683473, 0.49495587), (-0.17545421, 0.45692125), (-0.20093754, 0.48338506), (-0.20500651, 0.43472946), (-0.22730657, 0.46995237), (-0.24073002, 0.42368567), (-0.25559527, 0.4593407), (-0.30095255, 0.40629295), (-0.3075394, 0.43714133), (-0.35157916, 0.38182497), (-0.3662655, 0.41377914), (-0.38647223, 0.36311176), (-0.39736375, 0.3986735), (-0.41495103, 0.346582), (-0.42625263, 0.3792842), (-0.4727747, 0.32740477), (-0.47816098, 0.36286306), (-0.51596844, 0.32219052), (-0.5287303, 0.35942394), (-0.5789868, 0.32478204), (-0.58459765, 0.36412877), (-0.6247536, 0.3316722), (-0.62887394, 0.36954668), (-0.6555993, 0.3438096), (-0.65365106, 0.37684628), (-0.18028344, 0.5377492), (-0.1609289, 0.57716256), (-0.2002946, 0.5204532), (-0.21854869, 0.512497), (-0.24342148, 0.5022697), (-0.27036512, 0.49564612), (-0.31366807, 0.47897103), (-0.36415395, 0.45106488), (-0.40183765, 0.43255538), (-0.44379577, 0.41893208), (-0.49263632, 0.40264773), (-0.5341912, 0.3882694), (-0.58460116, 0.39011574), (-0.6192601, 0.39775264), (-0.2143602, 0.55703735), (-0.19513544, 0.5871709), (-0.22797924, 0.54895157), (-0.24685581, 0.5421694), (-0.26530874, 0.53441846), (-0.28299877, 0.532605), (-0.3199008, 0.5215471), (-0.36966705, 0.5011337), (-0.407651, 0.4812729), (-0.44846356, 0.45622912), (-0.48310113, 0.44625002), (-0.5458666, 0.42244503), (-0.6323345, 0.22734258), (-0.6788703, 0.39918858), (-0.7340272, 0.25380763), (-0.846234, 0.4258978), (-0.9175818, 0.36706582), (-0.8883594, 0.36680844), (-0.88963836, 0.35627958), (-0.9179142, 0.33514377), (-0.8870626, 0.33443055), (-0.88741606, 0.31895658), (-0.9238405, 0.31695163), (-0.88784546, 0.30436373), (-0.9202737, 0.3558619), (-0.9247448, 0.37080142), (-0.94127077, 0.3688224), (-0.93504506, 0.3773572), (-0.9488222, 0.38163722), (-0.92530435, 0.29958105), (-0.951252, 0.29647592), (-0.92058975, 0.3482669), (-0.8854888, 0.34381402), (-0.9158766, 0.3902426), (-0.93312067, 0.3977559), (-0.9275371, 0.40990278), (-0.94795823, 0.40453953), (-0.9101571, 0.41139317), (-0.8785872, 0.39777818), (-0.88662606, 0.3831569), (-0.9545798, 0.31456715), (-0.94734234, 0.33468243), (-0.9459147, 0.3515805), (-0.9450307, 0.36040503), (-0.91257864, 0.2871161), (-0.9383017, 0.43172783), (-0.9069839, 0.42614308), (-0.94945467, 0.23985104), (-0.9434906, 0.2646914), (-0.9122658, 0.2723249), (-0.9477215, 0.28256828), (-0.896519, 0.44156042), (-0.8765515, 0.42388788), (-0.8840935, 0.27601042), (-0.8751806, 0.41627288), (-0.8893391, 0.29435235), (-0.84937954, 0.44152686), (-0.61797655, 0.4199924), (-0.58141863, 0.41338423), (-0.4795574, 0.45943463), (-0.32251942, 0.5451721), (-0.30175707, 0.5463522), (-0.36332023, 0.5339305), (-0.4087715, 0.51112634), (-0.44386706, 0.48665628), (-0.2878077, 0.59105825), (-0.22491996, 0.59400594), (-0.110701375, 0.82258385), (-0.11783844, 0.819473), (-0.13914825, 0.87184423), (-0.10350707, 0.76585454), (-0.08823861, 0.6888684), (-0.07719211, 0.618257), (-0.07125957, 0.5685697), (-0.06791412, 0.5274186), (-0.05927691, 0.49211633), (-0.12440627, 0.81623924), (-0.1459212, 0.86699677), (-0.111252025, 0.7636274), (-0.09673687, 0.6866827), (-0.08596674, 0.6155923), (-0.08082422, 0.5659555), (-0.080560796, 0.52536595), (-0.06967099, 0.48877582), (-0.130532, 0.8131591), (-0.15339392, 0.8614196), (-0.11848915, 0.7615359), (-0.10461557, 0.68444157), (-0.0940052, 0.6125985), (-0.0895262, 0.5630374), (-0.093097895, 0.52360684), (-0.13676718, 0.81027985), (-0.1607787, 0.85605395), (-0.12576233, 0.75957966), (-0.11250593, 0.6822758), (-0.10212112, 0.6096547), (-0.098312065, 0.5605217), (-0.10423781, 0.52717227), (-0.14360207, 0.8075203), (-0.16730568, 0.85094196), (-0.1336227, 0.7577562), (-0.121035986, 0.6803315), (-0.11114213, 0.6072624), (-0.108177185, 0.559398), (-0.11543337, 0.5306726), (-0.15107277, 0.8049382), (-0.17265236, 0.8456899), (-0.14207809, 0.7561764), (-0.13022299, 0.67883176), (-0.121194415, 0.6062898), (-0.11879349, 0.5599839), (-0.1208387, 0.6054097), (-0.12663859, 0.53493226), (-0.06765954, 0.83347744), (-0.0753087, 0.8316288), (-0.09201135, 0.88838446), (-0.08257489, 0.83005685), (-0.10011807, 0.8867753), (-0.08939445, 0.8286746), (-0.10900784, 0.8846563), (-0.09618234, 0.8271891), (-0.117900714, 0.8821649), (-0.10331992, 0.82521445), (-0.12583345, 0.8792274), (-0.13272208, 0.8759289), (0.17663483, -1.0464399), (0.18936118, -1.042292), (0.1904488, -1.0518231), (0.19797924, -1.0376439), (0.19641899, -1.0342046), (0.21052888, -1.0336394), (0.21974166, -1.0412736), (0.22189778, -1.0563864), (0.21671556, -1.0433929), (0.200844, -1.0598093), (0.20278907, -1.0632141), (0.18993884, -1.0571961), (0.21262048, -1.0607287), (0.21382974, -1.0653151), (0.19539641, -1.0675803), (0.20455825, -1.071783), (0.21349202, -1.0714147), (0.22416952, -1.062778), (0.21312545, -1.026493), (0.22054434, -1.0330863), (0.22619192, -1.0468185), (0.19781683, -1.0209752), (0.2079426, -1.0228834), (0.18288986, -1.0231838), (0.19526348, -1.0155143), (0.20933436, -1.0140643), (0.21748443, -1.0172324), (0.2282948, -1.027422), (0.23336068, -1.0443912), (0.23422576, -1.0597779), (0.226671, -1.0707129), (0.21179973, -1.0781319), (0.19929107, -1.0777805), (0.18736072, -1.0622187), (0.1882428, -1.0736045), (0.18151309, -1.0626189), (0.24174583, -1.0515735), (0.23897512, -1.0625724), (0.23110521, -1.077348), (0.2164724, -1.0826428), (0.19489542, -1.0857795), (0.18540852, -1.0821552), (0.16989806, -1.0706166), (0.23441586, -1.0287776), (0.23793346, -1.0409383), (0.2219168, -1.0140556), (0.21296348, -1.009991), (0.19904393, -1.0118995), (0.17910106, -1.0208666), (0.17397508, -1.0448418), (0.16333176, -1.0609189), (0.19537549, -1.0018846), (0.21538274, -0.99877584), (0.22776999, -1.0024934), (0.24399185, -1.0175575), (0.25294912, -1.0346067), (0.25200176, -1.0523326), (0.24797785, -1.0674788), (0.16654712, -1.0454284), (0.22117022, -0.97541624), (0.24131323, -0.9841839), (0.25943112, -1.010645), (0.26732647, -1.0345037), (0.2701724, -1.0541868), (0.2584619, -1.0746697), (0.24523342, -1.0915345), (0.2252404, -1.1037743), (0.19706045, -1.1150967), (0.1875254, -1.1145507), (0.16651651, -1.1100576), (0.15518905, -1.1019349), (0.14630745, -1.0763043), (0.1446412, -1.0401434), (0.17436118, -1.0167195), (0.14936608, -1.0150075), (0.19500819, -0.97693175), (0.16775866, -0.9942308), (0.28485107, -1.0548706), (0.27472827, -1.0823967), (0.25531736, -1.1079999), (0.23602119, -1.1386111), (0.1468045, -1.1099939), (0.13770872, -1.0953131), (0.13681464, -1.0796031), (0.14421739, -1.050272), (0.12845325, -1.0628387), (0.1290596, -1.0281596), (0.13587369, -1.0028372), (0.24929743, -0.94113934), (0.22605337, -0.9384516), (0.18442214, -0.95230174), (0.1531811, -0.9726546), (0.2280431, -1.148745), (0.20927152, -1.165529), (0.17843914, -1.1533258), (0.1557141, -1.1248893), (0.29387316, -1.0911804), (0.29765266, -1.1145629), (0.2804337, -1.1217232), (0.26943016, -1.1327053), (0.24751173, -1.1513581), (0.23546469, -1.1611173), (0.22163421, -1.1806087), (0.21456562, -1.1894834), (0.17943089, -1.1660529), (0.14447549, -1.1439072), (0.13326707, -1.1315717), (0.12023051, -1.1106396), (0.11386533, -1.0862882), (0.11906606, -1.0453664), (0.12951514, -1.0465517), (0.120000646, -1.027312), (0.3086758, -1.1478025), (0.2928424, -1.1526395), (0.27880192, -1.1589133), (0.2603507, -1.1696712), (0.24762245, -1.1789318), (0.23733076, -1.1915694), (0.23199554, -1.1999667), (0.3134921, -1.1609429), (0.31454304, -1.1704322), (0.3020762, -1.1762309), (0.28900847, -1.1867031), (0.27364987, -1.1844641), (0.2874192, -1.1752115), (0.2782772, -1.195581), (0.26186612, -1.1923589), (0.2689626, -1.2115293), (0.329849, -1.1551583), (0.30142802, -1.168762), (0.25885385, -1.2037475), (0.24269922, -1.2072457), (0.31901947, -1.1847246), (0.32194138, -1.1963913), (0.31635842, -1.1942039), (0.32563046, -1.2084749), (0.31871375, -1.2046566), (0.3093246, -1.185299), (0.2952425, -1.1949494), (0.3033298, -1.2009144), (0.31193173, -1.2147771), (0.32648188, -1.2235488), (0.32667583, -1.2528802), (0.32652372, -1.2427508), (0.30977175, -1.2550662), (0.28155094, -1.2327917), (0.29620078, -1.2417856), (0.29115066, -1.249468), (0.3003687, -1.235192), (0.3127459, -1.2332932), (0.3119835, -1.2445047), (0.28871116, -1.2268612), (0.28416842, -1.2105821), (0.28755814, -1.2021142), (0.26716986, -1.223015), (0.2757785, -1.2323084), (0.26485363, -1.2285413), (0.25608006, -1.2174072), (0.23595242, -1.2231942), (0.2516555, -1.2236059), (0.2623762, -1.2352803), (0.24982662, -1.2314208), (0.24290185, -1.2322189), (0.23133232, -1.2162714), (0.22892734, -1.2283027), (0.23391776, -1.2361828), (0.22612575, -1.2116375), (0.21406113, -1.2498841), (0.22108068, -1.2225416), (0.2416731, -1.2510296), (0.23396775, -1.2627696), (0.25557804, -1.259135), (0.24835686, -1.2691857), (0.27380535, -1.2628487), (0.2650533, -1.2767642), (0.2082789, -1.2019848), (0.20609926, -1.2367465), (0.20231734, -1.2121373), (0.4310801, -1.2706012), (0.4477441, -1.2740387), (0.29514155, -1.2750027), (0.2830198, -1.2846467), (0.47869104, -1.2523667), (0.24173771, -1.2832742), (0.22233668, -1.2733355), (-0.11090759, -0.92022943), (-0.12800127, -0.91412973), (-0.12761496, -0.8987547), (0.20853673, -1.2629472), (0.19559778, -1.2508948), (-0.12916334, -0.93041396), (-0.115678504, -0.9523759), (-0.1324676, -0.9527084), (-0.10834385, -0.9381429), (-0.099458516, -0.92350996), (0.19486894, -1.2236996), (-0.10471183, -0.90250516), (-0.12793198, -0.86912876), (-0.09314998, -0.90537745), (-0.10507115, -0.87502456), (-0.076363325, -0.83479387), (-0.08344369, -0.88019854), (-0.12909725, -0.8272384), (-0.06572858, -0.88533545), (-0.075641416, -0.9161776), (-0.056294676, -0.8395779), (0.17833626, -1.1830956), (0.17116487, -1.2138473), (0.13881572, -1.1699972), (0.1747478, -1.2027649), (0.13592064, -1.1900721), (0.116291724, -1.1491128), (0.101378, -1.1688478), (0.1326754, -1.2075961), (-0.038018595, -0.77596915), (-0.0439653, -0.7894061), (-0.059114072, -0.7863251), (-0.09946046, -0.82795316), (-0.13002382, -0.7834736), (-0.10369879, -0.77913195), (-0.083213136, -0.77320164), (-0.055777576, -0.7574181), (0.10294555, -1.1293373), (-0.028057726, -0.7445074), (-0.04553042, -0.770244), (-0.01713367, -0.766136), (0.011208313, -0.73341167), (0.019076562, -0.7504845), (0.07473414, -1.1846309), (0.087297, -1.1923177), (0.067833364, -1.1588477), (0.085964136, -1.1477132), (0.0642516, -1.1066557), (0.07801423, -1.104307), (0.095093735, -1.0944202), (0.10465295, -1.059671), (0.11697309, -1.064629), (0.10799801, -1.0392287), (0.10920374, -1.0187113), (0.09795891, -1.042226), (0.08952914, -1.0600007), (0.07156808, -1.0621979), (0.046318576, -0.73097503), (0.047784273, -0.74181706), (0.08585709, -1.0441556), (0.064923085, -0.7406835), (0.05525124, -0.75086564), (0.23442954, -0.87759125), (0.2254921, -0.8780953), (0.24071011, -0.8998446), (0.21546336, -0.8820025), (0.21726236, -0.9066143), (0.22931829, -0.84714705), (0.21744101, -0.8538743), (0.21091948, -0.8581183), (0.19988215, -0.8617686), (0.20131673, -0.88664895), (0.21016489, -0.90926665), (0.2022222, -0.9297401), (0.20212051, -0.90784425), (0.19380254, -0.8253021), (0.18015423, -0.83619577), (0.17299207, -0.81923634), (0.19898824, -0.8204724), (0.17757729, -0.80447197), (0.21361631, -0.8293204), (0.20698227, -0.8338507), (0.20203696, -0.83606863), (0.1915606, -0.8444418), (0.18562269, -0.80365336), (0.19074269, -0.7978919), (0.2056071, -0.8153489), (0.24018286, -0.8042941), (0.17468998, -0.78456277), (0.16800848, -0.76352936), (0.17436858, -0.7975769), (0.1581197, -0.80087996), (0.14596067, -0.7838156), (0.14327742, -0.77235436), (0.12988952, -0.75986904), (0.16185153, -0.8129265), (0.13942228, -0.8008487), (0.13254596, -0.79068685), (0.12685664, -0.7808952), (0.1198899, -0.7721633), (0.12403513, -0.81502444), (0.11348764, -0.8081857), (0.11227896, -0.7967187), (0.10610699, -0.78595084), (0.14741097, -0.8207421), (0.14521593, -0.8094392), (0.1360158, -0.8137153), (0.1343943, -0.8246841), (0.121482775, -0.8308656), (0.10569828, -0.8284388), (0.09935579, -0.81414896), (0.13697964, -0.84177995), (0.12087243, -0.85092366), (0.10403572, -0.8430454), (0.09365084, -0.82871586), (0.073849164, -0.8727025), (0.094750606, -0.8581826), (0.10193472, -0.87598497), (0.11175214, -0.8683355), (0.1321804, -0.85853934), (0.11827562, -0.8793593), (0.112485975, -0.88392776), (0.101833634, -0.90179914), (0.087345734, -0.8916825), (0.08525684, -0.91248786), (0.07136921, -0.8980028), (0.07095581, -0.91832554), (0.083103, -0.8480658), (0.0959332, -0.80026627), (0.08291768, -0.8247551), (0.07552211, -0.8414101), (0.049676124, -0.8451426), (0.054379843, -0.86995095), (0.051825076, -0.90727276), (0.035140265, -0.8914769), (0.009912986, -0.8683499), (0.062050164, -0.81853694), (0.10555614, -0.74742424), (0.14124097, -0.74634), (0.09302906, -0.75822914), (0.060146324, -0.76355606), (0.087178394, -0.7730071), (0.08199803, -0.78898996), (0.039041612, -0.81152624), (0.02365619, -0.8406405), (0.1491038, -0.95797807), (0.12793551, -0.97516817), (0.13119173, -0.9822554), (0.11359079, -0.99001867), (0.090186745, -0.92004615), (0.092256755, -0.9267817), (0.1036203, -0.9297407), (0.08896801, -0.9334772), (0.044706453, -0.9348984), (0.04277334, -0.929528), (0.052808676, -0.92737395), (0.109010965, -0.9114142), (0.110692345, -0.9217083), (0.11757853, -0.9343753), (0.15030257, -0.8342165), (0.16551383, -0.8167569), (0.15814307, -0.8635019), (0.16782592, -0.8279585), (0.10415108, -0.9745057), (0.1287679, -0.8823981), (0.119129695, -0.8949893), (0.11523187, -0.9145591), (0.122489706, -0.89884067), (0.14304736, -0.8699023), (0.15057817, -0.88102657), (0.16497856, -0.87846327), (0.12747258, -0.93215543), (0.13584736, -0.9487907), (0.06683219, -0.9739302), (0.17465346, -0.8615595), (0.13535526, -0.8973143), (0.13176684, -0.88722), (0.14991875, -0.89331216), (0.16697982, -0.89259833), (0.17781441, -0.8760079), (-0.019546445, -0.94357896), (-0.014946687, -0.95622396), (-0.03133736, -0.95276135), (-0.0042301207, -0.9382583), (0.0022364478, -0.9552445), (0.015819682, -0.93083423), (0.016603837, -0.9523414), (0.029810866, -0.92966974), (0.032961436, -0.94339013), (-0.0213958, -0.9328274), (-0.005237077, -0.919819), (0.014242676, -0.91633314), (0.028873691, -0.91818476), (-0.0140591925, -0.9020882), (0.010621463, -0.8959656), (0.027132163, -0.902564), (0.04296929, -0.9141427), (0.050855596, -0.917343), (0.05812436, -0.9259531), (0.105123, -1.0043255), (0.09688804, -1.0177487), (0.07629076, -1.0324333), (0.05585179, -0.98587024), (0.06325704, -0.9902476), (0.06993806, -0.9809277), (0.065153144, -0.99915946), (0.05395901, -1.0085318), (0.016896583, -0.82306033), (-0.0010419699, -0.82161176), (-0.00256047, -0.79983705), (0.022737134, -0.8097977), (0.0073019406, -0.79223347), (0.20872198, -1.0384778), (0.18798752, -1.0270092), (0.06332675, -0.922119), (-0.030496271, -0.9184396), (-0.044368558, -0.90352833), (-0.020915676, -0.88316506), (0.07778988, -0.7472345), (0.5370321, -0.7181243), (0.19126083, -0.7582987), (0.91553694, 0.34959412), (-0.7003261, 0.027201844), (-0.107254796, 0.54846984), (-0.103605635, 0.5542555), (-0.091746345, 0.5358486), (0.08285033, -0.9297476), (0.07575989, -0.92699444), (-0.79739875, 0.501469), (-0.76398635, 0.49741474), (-0.09586653, 0.54685634), (0.013773, 0.55022824), (1.060119, -0.29110247), (0.85158515, -0.13274233), (0.8133764, 0.73739934), (0.48493388, 0.67433697), (0.39877757, -1.0143224), (0.49245492, -0.93972576), (0.30115724, -0.8365426), (-0.030387368, 0.5693284), (0.53566855, 0.8062826), (-0.6385125, -0.08840198), (-0.3121081, -0.5383279), (1.0229087, 0.050831515), (1.0222807, -0.060030866), (-0.084722, 0.88969195), (0.27413785, -1.2418467), (0.44147614, -1.2841085), (-0.124943316, -0.97005373), (0.12543339, -0.9541678), (0.18178774, -0.8995865), (0.5857641, 0.45573607), (0.5862263, 0.44100922), (0.60242164, 0.500877), (0.6118007, 0.47221908), (0.6179476, 0.4528537), (0.62799084, 0.41031337), (0.6330579, 0.40001377), (0.6323056, 0.52442354), (0.64083296, 0.49180242), (0.6585373, 0.46584395), (0.67865396, 0.42334238), (0.6617108, 0.41898483), (0.6556967, 0.40223506), (0.66116714, 0.3868905), (0.69306475, 0.38601264), (0.68155545, 0.40322033), (0.72401404, 0.3787196), (0.71545506, 0.399375), (0.73933256, 0.38949808), (0.76346624, 0.40331793), (0.8235458, 0.41204232), (0.7544194, 0.43690673), (0.8242597, 0.44135508), (0.715194, 0.4265371), (0.6643565, 0.5470091), (0.6802571, 0.50925064), (0.6965327, 0.47398564), (0.7362057, 0.46647254), (0.75761086, 0.4594183), (0.71693563, 0.47844353), (0.7151113, 0.49916032), (0.7084746, 0.5225746), (0.7172404, 0.5115148), (0.69455904, 0.5435462), (0.7044418, 0.5364469), (0.6887398, 0.55566895), (0.69162786, 0.5708474), (0.6954311, 0.57871026), (-0.7622242, 0.60122395), (-0.77722573, 0.6811692), (-0.769235, 0.6873347), (-0.79966307, 0.61308175), (-0.7902329, 0.6793204), (-0.8466014, 0.6275018), (-0.80703235, 0.6873519), (-0.83434516, 0.6995616), (-0.8160144, 0.69835573), (-0.8642503, 0.691021), (-0.85571617, 0.7023115), (0.8301096, 0.48783225), (0.7876905, 0.48846987), (0.7904501, 0.50442785), (0.77275586, 0.4714364), (-0.6688813, 0.6824012), (-0.6779226, 0.65128785), (-0.7096793, 0.6576317), (0.49270365, 0.7672412), (0.5137063, 0.77553797), (0.4799131, 0.73474234), (0.46734703, 0.7631056), (0.44919717, 0.73772055), (0.43786708, 0.7624555), (0.42028913, 0.73485404), (0.4100884, 0.75540376), (0.38850066, 0.72366196), (0.37964272, 0.73957396), (0.33676097, 0.6974667), (0.3306681, 0.7102814), (-0.44471893, 0.64795935), (-0.4442275, 0.63198996), (-0.48809904, 0.6291026), (-0.4124706, 0.6475337), (-0.40583062, 0.63325256), (-0.36783844, 0.6341862), (-0.36083177, 0.58428335), (-0.39957187, 0.58062255), (-0.4418719, 0.5776295), (-0.5441697, 0.5748367), (-0.5445157, 0.62646383), (-0.57517564, 0.5743567), (-0.5768901, 0.6240572), (-0.6078025, 0.5742896), (-0.60333526, 0.62591106), (-0.6463424, 0.5758591), (-0.63020957, 0.6342771), (-0.670831, 0.5786328), (-0.6559736, 0.64171267), (-0.6986242, 0.5840596), (-0.72585696, 0.5910112), (-0.7370238, 0.6669305), (-0.48888755, 0.5756721), (0.30060387, 0.6768264), (0.34291127, 0.6740076), (0.4034478, 0.6919115), (0.43914837, 0.7018785), (0.46901917, 0.7071756), (0.4116307, 0.6695553), (0.452425, 0.6711273), (-0.32719657, 0.63215035), (-0.330508, 0.5877454), (0.7436194, 0.48940092), (0.75554276, 0.48536104), (0.73415047, 0.49706683), (0.7343345, 0.5123515), (0.73201984, 0.52136004), (-0.88422924, 0.7045826), (-0.87774986, 0.71266866), (0.7737519, 0.503181), (0.7763839, 0.51448905), (0.7643739, 0.49241203), (0.7195749, 0.5492245), (0.7285562, 0.5422799), (0.7150239, 0.55886847), (0.7181123, 0.5698076), (0.721765, 0.5756834), (0.70352083, 0.5834838), (0.730385, 0.58344877), (-0.780374, 0.7039106), (-0.7743823, 0.70576274), (-0.78749865, 0.7041169), (-0.7979706, 0.7073071), (0.73952264, 0.53505087), (0.7598031, 0.50288475), (0.7656135, 0.5114788), (0.7660652, 0.52327675), (0.7649811, 0.5382446), (0.7526334, 0.5282499), (0.7466351, 0.51983196), (0.7424778, 0.5075263), (0.74835867, 0.501186), (0.7545175, 0.49713922), (0.7358641, 0.55078197), (0.7433834, 0.5500735), (0.7565841, 0.5592507), (0.7593, 0.58147097), (0.74940103, 0.5701293), (0.74649453, 0.5852899), (0.7422802, 0.5736028), (0.734952, 0.5735924), (0.7317688, 0.56938225), (0.7278026, 0.56168485), (0.7299657, 0.5546483), (0.7560287, 0.5147084), (0.7430859, 0.5606349), (-0.71867275, 0.6965065), (-0.5971639, 0.17492805), (-0.59045446, 0.16171846), (-0.63366234, 0.205391), (-0.62846833, 0.17652452), (-0.6243646, 0.15687071), (-0.6115983, 0.11527869), (-0.61122054, 0.103794225), (-0.6719512, 0.2100991), (-0.665113, 0.17875089), (-0.6669527, 0.14810683), (-0.64462936, 0.10721809), (-0.6315458, 0.09497536), (-0.62970203, 0.07871639), (-0.65573645, 0.06363993), (-0.6538185, 0.08403202), (-0.660978, 0.10274053), (-0.677943, 0.0438785), (-0.67940146, 0.06584529), (-0.694276, 0.046947207), (-0.7185203, 0.04746912), (0.8808551, 0.41159633), (-0.72520727, 0.07678281), (-0.6920753, 0.0885575), (-0.7117564, 0.21273306), (-0.71254283, 0.17241861), (-0.7049825, 0.13530879), (-0.7373824, 0.0921115), (-0.7308158, 0.10778401), (-0.7250219, 0.12760752), (-0.7376967, 0.14350851), (-0.7449987, 0.15265359), (-0.7479877, 0.17101032), (-0.75467026, 0.18553863), (-0.7428171, 0.19686487), (-0.7385147, 0.21180254), (-0.74346846, 0.22713421), (-0.74742424, 0.23515595), (-0.76810473, 0.53213495), (-0.8093238, 0.5340028), (-0.8140963, 0.5441178), (-0.8253473, 0.55341214), (-0.84425235, 0.55619967), (-0.8568254, 0.5500412), (-0.8756405, 0.5601027), (-0.8959288, 0.5701067), (-0.89697474, 0.5846513), (-0.90383416, 0.59944844), (0.87568754, 0.48851466), (0.88124204, 0.470544), (0.8894191, 0.45948166), (-0.73656374, 0.52270746), (-0.70139366, 0.5094518), (-0.67392313, 0.5095905), (-0.64307815, 0.5137466), (-0.64473706, 0.48036295), (-0.61141723, 0.5219951), (-0.6143106, 0.49466714), (-0.5818797, 0.5249232), (-0.5841143, 0.5026179), (-0.54728115, 0.52376467), (-0.5486727, 0.5060287), (-0.48826778, 0.52215844), (-0.48762882, 0.5078382), (-0.44263944, 0.52282006), (-0.4428345, 0.5066439), (-0.40270668, 0.52677137), (-0.48266625, 0.4841401), (-0.54866856, 0.4717469), (-0.5878316, 0.46528885), (-0.6193306, 0.45757803), (-0.54585993, 0.44851592), (-0.58548874, 0.43176326), (-0.7625898, 0.10213798), (-0.7562217, 0.11295557), (-0.75190514, 0.12603028), (-0.76023126, 0.1369717), (-0.76503485, 0.14436664), (-0.7729121, 0.15126207), (-0.92192936, 0.57886213), (-0.922362, 0.5891648), (0.90093774, 0.4939355), (0.90418786, 0.48084483), (-0.75081927, 0.08207016), (-0.7782567, 0.098475374), (-0.7796029, 0.19391531), (-0.76834077, 0.20123126), (-0.76386756, 0.21254541), (-0.7680223, 0.22476822), (-0.7733976, 0.23194791), (-0.78381383, 0.23788014), (-0.8294873, 0.52435863), (-0.832739, 0.5295058), (-0.8387094, 0.534131), (-0.84963536, 0.53733504), (-0.76843375, 0.17424095), (-0.7954009, 0.19292627), (-0.8002628, 0.110739596), (-0.7920887, 0.12383387), (-0.7832922, 0.11341085), (-0.80683017, 0.12615141), (-0.7883711, 0.13938159), (-0.77713376, 0.13741666), (-0.7719263, 0.13287981), (-0.7645251, 0.124689534), (-0.768944, 0.11611142), (-0.7746392, 0.10910258), (-0.79441273, 0.20683008), (-0.78760606, 0.20285326), (-0.8109382, 0.2145239), (-0.79860747, 0.217521), (-0.80206144, 0.23316966), (-0.7942621, 0.22498508), (-0.7876206, 0.22666721), (-0.7815183, 0.22524188), (-0.7784914, 0.22108537), (-0.77584213, 0.21227399), (-0.77997535, 0.20487553), (-0.7811878, 0.12572289), (-0.7889012, 0.21445979), (-0.8091757, 0.52379817), (-0.2322952, 0.9062735), (-0.2063343, 0.88595927), (-0.25841618, 0.92202693), (-0.8853722, 0.64085007), (-0.69787586, 0.6883949), (-0.89163506, 0.7172423), (-0.7833514, 0.71809465), (0.88927704, 0.4398112), (1.088089, -0.17301121), (1.0908473, -0.19445881), (1.0789775, -0.1934099), (1.11561, -0.1749817), (1.1148447, -0.19586177), (1.1411037, -0.17670047), (1.1423743, -0.18982346), (1.1117696, -0.15190794), (1.1283896, -0.1521259), (1.0861664, -0.15471941), (1.0678073, -0.17538716), (1.0688248, -0.15851223), (1.0930204, -0.21000782), (1.077162, -0.21091154), (1.0823053, -0.22659695), (1.0909135, -0.13723288), (1.1161958, -0.13666385), (1.0695155, -0.119455434), (1.072513, -0.14439385), (1.1605887, -0.12663989), (1.0896741, -0.11005494), (1.1275554, -0.10882849), (1.070631, -0.32313567), (1.0890039, -0.296238), (1.111207, -0.29784203), (1.1182553, -0.32895), (1.1244305, -0.2905038), (1.150807, -0.31232867), (1.1333761, -0.27605486), (1.1646662, -0.28617957), (1.1387427, -0.2611089), (1.1706098, -0.2620533), (1.0802281, -0.2409093), (1.0932386, -0.22707959), (1.1436132, -0.19935073), (1.1157324, -0.20853424), (1.1632704, -0.21165124), (1.1219437, -0.21943593), (1.1400342, -0.24016397), (1.1162437, -0.24000897), (1.0957066, -0.23758918), (1.0829027, -0.2717882), (1.1045177, -0.27104354), (1.1773487, -0.15054116), (0.81837136, 0.8304819), (0.8319781, 0.81085896), (0.8194105, 0.8082587), (0.8473214, 0.8393998), (0.85646003, 0.81767374), (0.8725742, 0.84704), (0.8794348, 0.8342391), (0.832391, 0.85873926), (0.8499634, 0.8712872), (0.8069131, 0.84663564), (0.79802555, 0.8228994), (0.78998774, 0.8403547), (0.8416725, 0.7965752), (0.8262143, 0.7910445), (0.8387977, 0.7778737), (0.8030028, 0.862392), (0.8257756, 0.8710252), (0.77722734, 0.8830012), (0.7866788, 0.855052), (0.8405923, 0.9088246), (0.7926299, 0.88778126), (0.8181004, 0.89707637), (0.7490032, 0.9166191), (0.7741929, 0.92027915), (0.7943841, 0.92051774), (0.80870765, 0.9274636), (0.8258117, 0.93852305), (0.84305286, 0.95155394), (0.858165, 0.9201027), (0.84167117, 0.76399076), (0.8502356, 0.7801556), (0.8848287, 0.8255476), (0.8635329, 0.8054048), (0.9065402, 0.821683), (0.87497807, 0.7972303), (0.9023224, 0.7851036), (0.8798665, 0.77484757), (0.8573418, 0.7706005), (0.7398289, 0.93889403), (0.7718927, 0.94561964), (0.8499377, 0.7334841), (0.79671603, 0.9530532), (0.87659514, 0.7366796), (0.9158512, 0.7628514), (0.9411048, 0.79203516), (0.90527004, 0.87806815), (-0.7380936, -0.4877338), (-0.74454814, -0.5084752), (-0.7566789, -0.5110517), (-0.75999486, -0.48932996), (-0.7793119, -0.5186683), (-0.78785676, -0.4977921), (-0.80515367, -0.52307284), (-0.8086715, -0.5105174), (-0.8126022, -0.4820958), (-0.7960954, -0.4753227), (-0.7633269, -0.4708776), (-0.74262065, -0.47141036), (-0.77630705, -0.53135175), (-0.754387, -0.5274073), (-0.7384285, -0.5253251), (-0.74925065, -0.45945415), (-0.8106461, -0.46029782), (-0.77320194, -0.45759884), (-0.7254535, -0.43991163), (-0.8590231, -0.47593275), (-0.7479916, -0.4353482), (-0.7662722, -0.42978576), (-0.7210587, -0.6380647), (-0.7323304, -0.60928047), (-0.7370667, -0.6495209), (-0.7505249, -0.6204155), (-0.7643945, -0.65180516), (-0.89429086, -0.49645653), (-0.8559788, -0.5011556), (-0.8869926, -0.5157026), (-0.8489108, -0.5206961), (-0.74013615, -0.5418785), (-0.7502294, -0.54453325), (-0.8040577, -0.5339335), (-0.77770317, -0.54574984), (-0.81347775, -0.55096394), (-0.7675433, -0.563584), (-0.7501541, -0.55645853), (-0.73278415, -0.58628297), (-0.7354962, -0.5561441), (-0.75326043, -0.5936689), (-0.76711184, -0.6197362), (-0.7826427, -0.61033535), (-0.7878748, -0.5937751), (-0.78818506, -0.5720092), (-0.9663849, 0.35041228), (-0.9798443, 0.33125335), (-0.9933519, 0.33163205), (-0.9885565, 0.35240343), (-1.0207077, 0.33257413), (-1.021832, 0.3555779), (-1.0503306, 0.341049), (-1.0596647, 0.3670271), (-1.0245541, 0.38387403), (-1.0082359, 0.37540543), (-0.98176557, 0.36911115), (-0.9646368, 0.36714548), (-1.020044, 0.31939375), (-0.99519295, 0.3160464), (-0.9777592, 0.31400982), (-0.9674559, 0.38151807), (-1.0046208, 0.39027515), (-0.98343164, 0.38604978), (-1.0072335, 0.4210494), (-0.96549064, 0.41007715), (-0.9814906, 0.41418374), (-0.9622194, 0.4437583), (-0.9846956, 0.44933942), (-1.0056784, 0.45668036), (-1.0334703, 0.42532676), (-1.0307133, 0.4607907), (-1.0540363, 0.42183188), (-0.9831214, 0.2986518), (-0.994199, 0.29851276), (-1.0500869, 0.328225), (-1.0240469, 0.30590722), (-1.060323, 0.31061178), (-1.0154645, 0.28463233), (-0.9958643, 0.28665534), (-0.97964716, 0.2268617), (-0.97951275, 0.2523847), (-0.97987777, 0.28420743), (-1.0033842, 0.21790762), (-1.0040226, 0.2482486), (-1.0222285, 0.2222346), (-1.0388594, 0.23892117), (-1.0415022, 0.2586765), (-1.0382802, 0.28224236), (-1.0983828, 0.34066582), (-1.0507627, 0.35826913), (1.0956625, -0.32698005), (0.8924705, 0.89525366), (-0.76146626, -0.68392706), (-0.8204577, -0.59212416), (-1.0745271, 0.2672755), (0.3935073, -1.006411), (0.39211878, -1.0101466), (0.3865392, -1.006243), (0.38807496, -1.010615), (0.39329883, -1.0005076), (0.3899155, -1.0024194), (0.36433572, -1.2568213), (0.343929, -1.26133), (0.3785209, -1.2565336), (0.42137015, -1.2323445), (0.41167098, -1.2560508), (0.43256068, -1.2215), (0.37431204, -1.2169728), (0.3788779, -1.2063092), (0.379856, -1.1975844), (0.3789274, -1.2111635), (0.4431973, -1.2084665), (0.4119699, -1.2656842), (0.42001528, -1.2778713), (0.19885443, -1.0459065), (0.20293978, -1.0459315), (0.20870042, -1.0519037), (0.20470056, -1.0529872), (0.20139277, -1.050822), (0.20769684, -1.0474577), (0.32199916, -1.2620075), (0.30480382, -1.2646883), (0.27711627, -1.2583379), (0.30895767, -1.2242354), (0.30321196, -1.2204363), (0.29794458, -1.209597), (0.30170578, -1.2165582), (0.262879, -1.254411), (0.24784748, -1.2487054), (0.42754868, -1.2893445), (0.43590367, -1.2927256), (0.3304554, -0.8559147), (0.33850256, -0.8695821), (0.34969774, -0.84860736), (0.32547092, -0.8344489), (0.35437632, -0.8600005), (0.37213767, -0.8424566), (0.34456548, -0.8367361), (0.37236983, -0.852782), (0.38531023, -0.8438561), (0.36930373, -0.835707), (0.38694096, -0.8536849), (0.39984542, -0.84945947), (0.38423973, -0.8370678), (0.3981142, -0.85684806), (0.3478536, -0.88531905), (0.3597705, -0.87094414), (0.37155905, -0.86086637), (0.3823472, -0.8621309), (0.3917953, -0.86946756), (0.4037348, -0.8760455), (0.40941182, -0.86499), (0.41342202, -0.8582919), (0.3980569, -0.8436303), (0.41102865, -0.88111764), (0.42146304, -0.87394506), (0.42395958, -0.86597335), (0.41631705, -0.8531142), (0.4241101, -0.88923067), (0.4313963, -0.88040596), (0.43695542, -0.86655754), (0.43439302, -0.8739372), (0.4730925, -0.8972202), (0.36766368, -0.8976555), (0.37338525, -0.8686992), (0.37145987, -0.8837461), (0.3927719, -0.878558), (0.3922762, -0.8911437), (0.3898096, -0.8631468), (0.38133213, -0.8677901), (0.40728548, -0.7866515), (0.3900113, -0.77724856), (0.4159485, -0.7715263), (0.38890564, -0.8739515), (0.43000594, -0.7935636), (0.43038312, -0.78127766), (0.3993832, -0.88197464), (0.44923812, -0.81155896), (0.4425812, -0.79034096), (0.4595381, -0.82251406), (0.45565644, -0.80424213), (0.47072917, -0.83967465), (0.4630108, -0.81505066), (0.40636, -0.8870937), (0.41839695, -0.89560044), (0.4179043, -0.8042907), (0.4544964, -0.83044124), (0.44238216, -0.8167656), (0.39435154, -0.79836744), (0.37552023, -0.7945584), (0.34567422, -0.7907715), (0.36185974, -0.7756315), (0.3361069, -0.7883728), (0.34599265, -0.7714965), (0.47562918, -0.8459865), (0.46986783, -0.8491674), (0.45999753, -0.8506902), (0.44624478, -0.835589), (0.43121073, -0.8252939), (0.41051105, -0.8145449), (0.39199358, -0.8069824), (0.37254834, -0.8032943), (0.3386443, -0.8006011), (0.39125803, -0.8169749), (0.37055692, -0.814), (0.40697834, -0.82462806), (0.42733943, -0.8355215), (0.34138227, -0.8104543), (0.32574487, -0.7980222), (0.32262734, -0.80938137), (0.4428441, -0.844522), (0.45248038, -0.8581312), (0.31952363, -0.82036597), (0.40010166, -0.8327123), (0.42136142, -0.8424919), (0.38358736, -0.82721645), (0.36766797, -0.82442045), (0.34141234, -0.822759), (0.43546858, -0.8510565), (0.426955, -0.85956407), (0.44414604, -0.8618344), (0.42076892, -0.8968207), (0.48390844, -0.8444769), (0.17602716, -0.8709985), (0.1800133, -0.89215773), (0.15870371, -0.881893), (0.15676086, -0.89519966), (0.17860852, -0.9068276), (0.1330206, -0.89072984), (0.13151602, -0.898798), (0.15573904, -0.90753996), (0.117627464, -0.8956446), (0.13371332, -0.9105632), (0.1193026, -0.9135141), (0.10395913, -0.904249), (0.118013926, -0.90280914), (0.1066279, -0.916738), (0.17924026, -0.9223041), (0.15420355, -0.9186059), (0.13641028, -0.920305), (0.12493874, -0.9233386), (0.09481515, -0.9259319), (0.11341338, -0.92851794), (0.08993963, -0.92083585), (0.10337236, -0.9101074), (0.086084686, -0.91684085), (0.08471503, -0.9373696), (0.100930706, -0.9351083), (0.08095269, -0.9308296), (0.076705575, -0.9259612), (0.07867381, -0.9470323), (0.094742484, -0.94104296), (0.07389376, -0.94219977), (0.05179741, -0.9803044), (0.06909339, -0.9363861), (0.08792448, -0.9520959), (0.17413788, -0.94074106), (0.15811576, -0.9300763), (0.15936582, -0.9472454), (0.13504569, -0.9320544), (0.14934106, -0.946059), (0.12427388, -0.9311249), (0.13688263, -0.947941), (0.11537392, -0.9330881), (0.12714703, -0.9495078), (0.10396813, -0.9405215), (0.117604055, -0.94286186), (0.09919677, -0.9456251), (0.10643083, -0.95065117), (0.023677086, -0.9208511), (0.02624926, -0.90394074), (0.03325178, -0.907123), (0.04871206, -0.8917398), (0.03922508, -0.89117587), (0.05743827, -0.8627019), (0.041140437, -0.9107378), (0.034190927, -0.9355738), (0.030191993, -0.9276309), (0.07984499, -0.85178864), (0.09675625, -0.85761696), (0.09940171, -0.8373572), (0.11577649, -0.85106057), (0.12519892, -0.82887757), (0.14257422, -0.8395212), (0.14321195, -0.82573414), (0.1510988, -0.8316131), (0.0277083, -0.93545866), (0.05092236, -0.9114387), (0.043250583, -0.93171847), (0.063558936, -0.8951247), (0.07231069, -0.8722283), (0.08326942, -0.8793678), (0.10098413, -0.866535), (0.120345205, -0.8591234), (0.15190496, -0.84545356), (0.16283673, -0.837881), (0.124876514, -0.8691735), (0.104489766, -0.87660986), (0.08958567, -0.88789046), (0.06996855, -0.9033702), (0.15173876, -0.856084), (0.1687992, -0.8477625), (0.057937905, -0.91794807), (0.052557893, -0.93504083), (0.17599905, -0.85609466), (0.07797499, -0.90830463), (0.09895245, -0.894284), (0.115179196, -0.8853774), (0.1307691, -0.87862396), (0.15587921, -0.86747885), (0.066556826, -0.92138493), (0.06122356, -0.93492323), (0.09494851, -0.9565948), (0.01982536, -0.93801594), (0.47361475, -0.8301988), (-0.24426508, 0.91916674), (-0.20100354, 0.89445615), (-0.28170696, 0.94249076), (-0.28746328, 0.9323537), (-0.31167042, 0.9639806), (-0.30435234, 0.9362869), (-0.33336255, 0.99186695), (-0.10927722, 1.0973365), (-0.12191536, 1.1536176), (-0.076416895, 1.1190859), (-0.13595492, 1.1183668), (-0.15331587, 1.1622576), (-0.1651503, 1.1440523), (-0.1944632, 0.89818263), (-0.22760732, 0.92302454), (-0.25041634, 0.9427842), (-0.28569248, 0.973831), (-0.3134437, 0.99934334), (-0.32865116, 1.0286596), (-0.35671794, 1.0174675), (-0.3716945, 1.1402367), (-0.33851197, 1.1272203), (-0.36370957, 1.1105568), (-0.21595976, 0.9336664), (-0.18787414, 0.901221), (-0.23896979, 0.95452005), (-0.26586422, 0.97653997), (-0.29515246, 1.0074912), (-0.31859925, 1.0527343), (-0.32041898, 1.1289269), (-0.34313947, 1.0970819), (-0.21478368, 0.94694716), (-0.19462265, 0.920784), (-0.24262464, 0.9707472), (-0.2618296, 1.0021089), (-0.30538416, 1.0523071), (-0.31405, 1.1186539), (-0.3384395, 1.0783535), (-0.22246633, 0.96972233), (-0.17877285, 0.91976804), (-0.24839258, 1.0145652), (-0.28253457, 1.044982), (-0.31372213, 1.0906985), (-0.30113232, 1.119525), (-0.20309657, 0.9719824), (-0.16974692, 0.9274425), (-0.23581503, 1.0106139), (-0.27319852, 1.0625206), (-0.29694435, 1.1038746), (-0.2930007, 1.1317317), (-0.17528032, 0.98522896), (-0.14603777, 0.93608385), (-0.21765766, 1.0179021), (-0.23205744, 1.0550929), (-0.26183614, 1.0859836), (-0.27575037, 1.1229115), (-0.16785681, 1.0016379), (-0.14548796, 0.94699174), (-0.19830108, 1.0502378), (-0.22899717, 1.0888798), (-0.25079602, 1.1029876), (-0.26988497, 1.123121), (-0.15952419, 1.0244987), (-0.14318825, 0.97401416), (-0.18374732, 1.061443), (-0.21088141, 1.0930043), (-0.23530293, 1.1096568), (-0.26591605, 1.1267952), (-0.11944215, 0.9737819), (-0.13709494, 1.0275109), (-0.14916629, 1.0552613), (-0.19611228, 1.0860035), (-0.20565057, 1.114652), (-0.22958234, 1.1356918), (-0.24937412, 1.1359526), (-0.24717912, 0.8819985), (-0.08784057, 0.98528296), (-0.0794234, 1.0712157), (-0.18797313, 1.1425822), (-0.23393935, 1.1618631), (-0.25780216, 1.1560165), (-0.27317026, 1.152781), (-0.28682676, 1.14435)] (
            interpolation = "vertex"
        )
    }
}
